ISO-10303-21;
HEADER;
FILE_DESCRIPTION(('Open CASCADE Model'),'2;1');
FILE_NAME('Open CASCADE Shape Model','2026-02-24T17:25:25',('Author'),(
    'Open CASCADE'),'Open CASCADE STEP processor 7.9','Open CASCADE 7.9'
  ,'Unknown');
FILE_SCHEMA(('AUTOMOTIVE_DESIGN { 1 0 10303 214 1 1 1 1 }'));
ENDSEC;
DATA;
#1 = APPLICATION_PROTOCOL_DEFINITION('international standard',
  'automotive_design',2000,#2);
#2 = APPLICATION_CONTEXT(
  'core data for automotive mechanical design processes');
#3 = SHAPE_DEFINITION_REPRESENTATION(#4,#10);
#4 = PRODUCT_DEFINITION_SHAPE('','',#5);
#5 = PRODUCT_DEFINITION('design','',#6,#9);
#6 = PRODUCT_DEFINITION_FORMATION('','',#7);
#7 = PRODUCT('SOLID','SOLID','',(#8));
#8 = PRODUCT_CONTEXT('',#2,'mechanical');
#9 = PRODUCT_DEFINITION_CONTEXT('part definition',#2,'design');
#10 = ADVANCED_BREP_SHAPE_REPRESENTATION('',(#11,#15),#8741);
#11 = AXIS2_PLACEMENT_3D('',#12,#13,#14);
#12 = CARTESIAN_POINT('',(0.,0.,0.));
#13 = DIRECTION('',(0.,0.,1.));
#14 = DIRECTION('',(1.,0.,-0.));
#15 = MANIFOLD_SOLID_BREP('',#16);
#16 = CLOSED_SHELL('',(#17,#65,#113,#161,#209,#257,#305,#353,#401,#449,
    #497,#1932,#1968,#1996,#2024,#2044,#2149,#2224,#2244,#2260,#2276,
    #2288,#2316,#2338,#2360,#2376,#2388,#2416,#2434,#2459,#2480,#2508,
    #2526,#2551,#2572,#2600,#2618,#2643,#2664,#2682,#2700,#2718,#2765,
    #2785,#2801,#2817,#2829,#2857,#2879,#2901,#2917,#2942,#2958,#2986,
    #3008,#3030,#3052,#3074,#3090,#3104,#3138,#3160,#3188,#3216,#3244,
    #3272,#3300,#3328,#3350,#3378,#3406,#3434,#3462,#3484,#3506,#3534,
    #3556,#3578,#3600,#3622,#3644,#3666,#3688,#3710,#3732,#3754,#3770,
    #3790,#3914,#3934,#3954,#3974,#3994,#4014,#4030,#4042,#4070,#4092,
    #4114,#4142,#4170,#4198,#4220,#4235,#4347,#4367,#4383,#4399,#4415,
    #4431,#4447,#4463,#4475,#4503,#4525,#4553,#4575,#4603,#4619,#4633,
    #4661,#4683,#4705,#4727,#4749,#4771,#4793,#4815,#4837,#4859,#4881,
    #4897,#4917,#5109,#5133,#5149,#5169,#5189,#5205,#5225,#5245,#5265,
    #5285,#5301,#5317,#5333,#5349,#5365,#5399,#5427,#5455,#5483,#5511,
    #5539,#5561,#5577,#5593,#5627,#5649,#5677,#5705,#5733,#5761,#5789,
    #5817,#5845,#5873,#5901,#5929,#5951,#5979,#6007,#6035,#6063,#6091,
    #6119,#6147,#6169,#6198,#6226,#6248,#6276,#6298,#6320,#6342,#6364,
    #6386,#6408,#6436,#6464,#6486,#6514,#6542,#6558,#6581,#6609,#6631,
    #6653,#6675,#6697,#6719,#6741,#6763,#6785,#6807,#6829,#6845,#6865,
    #6989,#7009,#7029,#7049,#7069,#7089,#7105,#7117,#7145,#7167,#7189,
    #7217,#7245,#7273,#7295,#7310,#7422,#7442,#7458,#7474,#7490,#7506,
    #7522,#7538,#7550,#7578,#7600,#7628,#7650,#7678,#7694,#7708,#8028,
    #8052,#8072,#8092,#8112,#8132,#8152,#8172,#8192,#8212,#8232,#8252,
    #8272,#8288,#8304,#8320,#8336,#8356,#8376,#8396,#8416,#8436,#8456,
    #8476,#8492,#8512,#8532,#8548,#8568,#8588,#8608,#8624,#8644,#8660,
    #8703,#8731));
#17 = ADVANCED_FACE('',(#18),#54,.F.);
#18 = FACE_BOUND('',#19,.F.);
#19 = EDGE_LOOP('',(#20,#29,#39,#46));
#20 = ORIENTED_EDGE('',*,*,#21,.T.);
#21 = EDGE_CURVE('',#22,#24,#26,.T.);
#22 = VERTEX_POINT('',#23);
#23 = CARTESIAN_POINT('',(-17.,-3.81,9.999999999941E-08));
#24 = VERTEX_POINT('',#25);
#25 = CARTESIAN_POINT('',(-17.,-3.81,1.2300001));
#26 = B_SPLINE_CURVE_WITH_KNOTS('',1,(#27,#28),.UNSPECIFIED.,.F.,.F.,(2,
    2),(8.E-02,1.31),.PIECEWISE_BEZIER_KNOTS.);
#27 = CARTESIAN_POINT('',(-17.,-3.81,1.000000000029E-07));
#28 = CARTESIAN_POINT('',(-17.,-3.81,1.2300001));
#29 = ORIENTED_EDGE('',*,*,#30,.F.);
#30 = EDGE_CURVE('',#31,#24,#33,.T.);
#31 = VERTEX_POINT('',#32);
#32 = CARTESIAN_POINT('',(-18.,-3.81,1.2300001));
#33 = ( BOUNDED_CURVE() B_SPLINE_CURVE(2,(#34,#35,#36,#37,#38),
.UNSPECIFIED.,.F.,.F.) B_SPLINE_CURVE_WITH_KNOTS((3,2,3),(3.14159265359,
4.712388980385,6.28318530718),.PIECEWISE_BEZIER_KNOTS.) CURVE() 
GEOMETRIC_REPRESENTATION_ITEM() RATIONAL_B_SPLINE_CURVE((1.,
0.707106781187,1.,0.707106781187,1.)) REPRESENTATION_ITEM('') );
#34 = CARTESIAN_POINT('',(-18.,-3.81,1.2300001));
#35 = CARTESIAN_POINT('',(-18.,-4.31,1.2300001));
#36 = CARTESIAN_POINT('',(-17.5,-4.31,1.2300001));
#37 = CARTESIAN_POINT('',(-17.,-4.31,1.2300001));
#38 = CARTESIAN_POINT('',(-17.,-3.81,1.2300001));
#39 = ORIENTED_EDGE('',*,*,#40,.F.);
#40 = EDGE_CURVE('',#41,#31,#43,.T.);
#41 = VERTEX_POINT('',#42);
#42 = CARTESIAN_POINT('',(-18.,-3.81,9.999999999941E-08));
#43 = B_SPLINE_CURVE_WITH_KNOTS('',1,(#44,#45),.UNSPECIFIED.,.F.,.F.,(2,
    2),(8.E-02,1.31),.PIECEWISE_BEZIER_KNOTS.);
#44 = CARTESIAN_POINT('',(-18.,-3.81,1.000000000029E-07));
#45 = CARTESIAN_POINT('',(-18.,-3.81,1.2300001));
#46 = ORIENTED_EDGE('',*,*,#47,.T.);
#47 = EDGE_CURVE('',#41,#22,#48,.T.);
#48 = ( BOUNDED_CURVE() B_SPLINE_CURVE(2,(#49,#50,#51,#52,#53),
.UNSPECIFIED.,.F.,.F.) B_SPLINE_CURVE_WITH_KNOTS((3,2,3),(3.14159265359,
4.712388980385,6.28318530718),.PIECEWISE_BEZIER_KNOTS.) CURVE() 
GEOMETRIC_REPRESENTATION_ITEM() RATIONAL_B_SPLINE_CURVE((1.,
0.707106781187,1.,0.707106781187,1.)) REPRESENTATION_ITEM('') );
#49 = CARTESIAN_POINT('',(-18.,-3.81,9.999999999941E-08));
#50 = CARTESIAN_POINT('',(-18.,-4.31,9.999999999941E-08));
#51 = CARTESIAN_POINT('',(-17.5,-4.31,9.999999999941E-08));
#52 = CARTESIAN_POINT('',(-17.,-4.31,9.999999999941E-08));
#53 = CARTESIAN_POINT('',(-17.,-3.81,9.999999999941E-08));
#54 = ( BOUNDED_SURFACE() B_SPLINE_SURFACE(2,1,(
    (#55,#56)
    ,(#57,#58)
    ,(#59,#60)
    ,(#61,#62)
,(#63,#64
    )),.UNSPECIFIED.,.F.,.F.,.F.) B_SPLINE_SURFACE_WITH_KNOTS((3,2,3),(2
    ,2),(3.14159265359,4.712388980385,6.28318530718),(8.E-02,1.31),
.PIECEWISE_BEZIER_KNOTS.) GEOMETRIC_REPRESENTATION_ITEM() 
RATIONAL_B_SPLINE_SURFACE((
    (1.,1.)
    ,(0.707106781187,0.707106781187)
    ,(1.,1.)
    ,(0.707106781187,0.707106781187)
,(1.,1.))) REPRESENTATION_ITEM('') SURFACE() );
#55 = CARTESIAN_POINT('',(-18.,-3.81,1.000000000029E-07));
#56 = CARTESIAN_POINT('',(-18.,-3.81,1.2300001));
#57 = CARTESIAN_POINT('',(-18.,-4.31,1.000000000029E-07));
#58 = CARTESIAN_POINT('',(-18.,-4.31,1.2300001));
#59 = CARTESIAN_POINT('',(-17.5,-4.31,1.000000000029E-07));
#60 = CARTESIAN_POINT('',(-17.5,-4.31,1.2300001));
#61 = CARTESIAN_POINT('',(-17.,-4.31,1.000000000029E-07));
#62 = CARTESIAN_POINT('',(-17.,-4.31,1.2300001));
#63 = CARTESIAN_POINT('',(-17.,-3.81,1.000000000029E-07));
#64 = CARTESIAN_POINT('',(-17.,-3.81,1.2300001));
#65 = ADVANCED_FACE('',(#66),#102,.F.);
#66 = FACE_BOUND('',#67,.F.);
#67 = EDGE_LOOP('',(#68,#77,#87,#94));
#68 = ORIENTED_EDGE('',*,*,#69,.T.);
#69 = EDGE_CURVE('',#70,#72,#74,.T.);
#70 = VERTEX_POINT('',#71);
#71 = CARTESIAN_POINT('',(-17.,-1.27,9.999999999941E-08));
#72 = VERTEX_POINT('',#73);
#73 = CARTESIAN_POINT('',(-17.,-1.27,1.2200001));
#74 = B_SPLINE_CURVE_WITH_KNOTS('',1,(#75,#76),.UNSPECIFIED.,.F.,.F.,(2,
    2),(8.E-02,1.3),.PIECEWISE_BEZIER_KNOTS.);
#75 = CARTESIAN_POINT('',(-17.,-1.27,1.000000000029E-07));
#76 = CARTESIAN_POINT('',(-17.,-1.27,1.2200001));
#77 = ORIENTED_EDGE('',*,*,#78,.F.);
#78 = EDGE_CURVE('',#79,#72,#81,.T.);
#79 = VERTEX_POINT('',#80);
#80 = CARTESIAN_POINT('',(-18.,-1.27,1.2200001));
#81 = ( BOUNDED_CURVE() B_SPLINE_CURVE(2,(#82,#83,#84,#85,#86),
.UNSPECIFIED.,.F.,.F.) B_SPLINE_CURVE_WITH_KNOTS((3,2,3),(3.14159265359,
4.712388980385,6.28318530718),.PIECEWISE_BEZIER_KNOTS.) CURVE() 
GEOMETRIC_REPRESENTATION_ITEM() RATIONAL_B_SPLINE_CURVE((1.,
0.707106781187,1.,0.707106781187,1.)) REPRESENTATION_ITEM('') );
#82 = CARTESIAN_POINT('',(-18.,-1.27,1.2200001));
#83 = CARTESIAN_POINT('',(-18.,-1.77,1.2200001));
#84 = CARTESIAN_POINT('',(-17.5,-1.77,1.2200001));
#85 = CARTESIAN_POINT('',(-17.,-1.77,1.2200001));
#86 = CARTESIAN_POINT('',(-17.,-1.27,1.2200001));
#87 = ORIENTED_EDGE('',*,*,#88,.F.);
#88 = EDGE_CURVE('',#89,#79,#91,.T.);
#89 = VERTEX_POINT('',#90);
#90 = CARTESIAN_POINT('',(-18.,-1.27,9.999999999941E-08));
#91 = B_SPLINE_CURVE_WITH_KNOTS('',1,(#92,#93),.UNSPECIFIED.,.F.,.F.,(2,
    2),(8.E-02,1.3),.PIECEWISE_BEZIER_KNOTS.);
#92 = CARTESIAN_POINT('',(-18.,-1.27,1.000000000029E-07));
#93 = CARTESIAN_POINT('',(-18.,-1.27,1.2200001));
#94 = ORIENTED_EDGE('',*,*,#95,.T.);
#95 = EDGE_CURVE('',#89,#70,#96,.T.);
#96 = ( BOUNDED_CURVE() B_SPLINE_CURVE(2,(#97,#98,#99,#100,#101),
.UNSPECIFIED.,.F.,.F.) B_SPLINE_CURVE_WITH_KNOTS((3,2,3),(3.14159265359,
4.712388980385,6.28318530718),.PIECEWISE_BEZIER_KNOTS.) CURVE() 
GEOMETRIC_REPRESENTATION_ITEM() RATIONAL_B_SPLINE_CURVE((1.,
0.707106781187,1.,0.707106781187,1.)) REPRESENTATION_ITEM('') );
#97 = CARTESIAN_POINT('',(-18.,-1.27,9.999999999941E-08));
#98 = CARTESIAN_POINT('',(-18.,-1.77,9.999999999941E-08));
#99 = CARTESIAN_POINT('',(-17.5,-1.77,9.999999999941E-08));
#100 = CARTESIAN_POINT('',(-17.,-1.77,9.999999999941E-08));
#101 = CARTESIAN_POINT('',(-17.,-1.27,9.999999999941E-08));
#102 = ( BOUNDED_SURFACE() B_SPLINE_SURFACE(2,1,(
    (#103,#104)
    ,(#105,#106)
    ,(#107,#108)
    ,(#109,#110)
,(#111,#112
    )),.UNSPECIFIED.,.F.,.F.,.F.) B_SPLINE_SURFACE_WITH_KNOTS((3,2,3),(2
    ,2),(3.14159265359,4.712388980385,6.28318530718),(8.E-02,1.3),
.PIECEWISE_BEZIER_KNOTS.) GEOMETRIC_REPRESENTATION_ITEM() 
RATIONAL_B_SPLINE_SURFACE((
    (1.,1.)
    ,(0.707106781187,0.707106781187)
    ,(1.,1.)
    ,(0.707106781187,0.707106781187)
,(1.,1.))) REPRESENTATION_ITEM('') SURFACE() );
#103 = CARTESIAN_POINT('',(-18.,-1.27,1.000000000029E-07));
#104 = CARTESIAN_POINT('',(-18.,-1.27,1.2200001));
#105 = CARTESIAN_POINT('',(-18.,-1.77,1.000000000029E-07));
#106 = CARTESIAN_POINT('',(-18.,-1.77,1.2200001));
#107 = CARTESIAN_POINT('',(-17.5,-1.77,1.000000000029E-07));
#108 = CARTESIAN_POINT('',(-17.5,-1.77,1.2200001));
#109 = CARTESIAN_POINT('',(-17.,-1.77,1.000000000029E-07));
#110 = CARTESIAN_POINT('',(-17.,-1.77,1.2200001));
#111 = CARTESIAN_POINT('',(-17.,-1.27,1.000000000029E-07));
#112 = CARTESIAN_POINT('',(-17.,-1.27,1.2200001));
#113 = ADVANCED_FACE('',(#114),#150,.F.);
#114 = FACE_BOUND('',#115,.F.);
#115 = EDGE_LOOP('',(#116,#125,#135,#142));
#116 = ORIENTED_EDGE('',*,*,#117,.T.);
#117 = EDGE_CURVE('',#118,#120,#122,.T.);
#118 = VERTEX_POINT('',#119);
#119 = CARTESIAN_POINT('',(-17.,1.27,9.999999999941E-08));
#120 = VERTEX_POINT('',#121);
#121 = CARTESIAN_POINT('',(-17.,1.27,1.2200001));
#122 = B_SPLINE_CURVE_WITH_KNOTS('',1,(#123,#124),.UNSPECIFIED.,.F.,.F.,
  (2,2),(8.E-02,1.3),.PIECEWISE_BEZIER_KNOTS.);
#123 = CARTESIAN_POINT('',(-17.,1.27,1.000000000029E-07));
#124 = CARTESIAN_POINT('',(-17.,1.27,1.2200001));
#125 = ORIENTED_EDGE('',*,*,#126,.F.);
#126 = EDGE_CURVE('',#127,#120,#129,.T.);
#127 = VERTEX_POINT('',#128);
#128 = CARTESIAN_POINT('',(-18.,1.27,1.2200001));
#129 = ( BOUNDED_CURVE() B_SPLINE_CURVE(2,(#130,#131,#132,#133,#134),
.UNSPECIFIED.,.F.,.F.) B_SPLINE_CURVE_WITH_KNOTS((3,2,3),(3.14159265359,
4.712388980385,6.28318530718),.PIECEWISE_BEZIER_KNOTS.) CURVE() 
GEOMETRIC_REPRESENTATION_ITEM() RATIONAL_B_SPLINE_CURVE((1.,
0.707106781187,1.,0.707106781187,1.)) REPRESENTATION_ITEM('') );
#130 = CARTESIAN_POINT('',(-18.,1.27,1.2200001));
#131 = CARTESIAN_POINT('',(-18.,0.77,1.2200001));
#132 = CARTESIAN_POINT('',(-17.5,0.77,1.2200001));
#133 = CARTESIAN_POINT('',(-17.,0.77,1.2200001));
#134 = CARTESIAN_POINT('',(-17.,1.27,1.2200001));
#135 = ORIENTED_EDGE('',*,*,#136,.F.);
#136 = EDGE_CURVE('',#137,#127,#139,.T.);
#137 = VERTEX_POINT('',#138);
#138 = CARTESIAN_POINT('',(-18.,1.27,9.999999999941E-08));
#139 = B_SPLINE_CURVE_WITH_KNOTS('',1,(#140,#141),.UNSPECIFIED.,.F.,.F.,
  (2,2),(8.E-02,1.3),.PIECEWISE_BEZIER_KNOTS.);
#140 = CARTESIAN_POINT('',(-18.,1.27,1.000000000029E-07));
#141 = CARTESIAN_POINT('',(-18.,1.27,1.2200001));
#142 = ORIENTED_EDGE('',*,*,#143,.T.);
#143 = EDGE_CURVE('',#137,#118,#144,.T.);
#144 = ( BOUNDED_CURVE() B_SPLINE_CURVE(2,(#145,#146,#147,#148,#149),
.UNSPECIFIED.,.F.,.F.) B_SPLINE_CURVE_WITH_KNOTS((3,2,3),(3.14159265359,
4.712388980385,6.28318530718),.PIECEWISE_BEZIER_KNOTS.) CURVE() 
GEOMETRIC_REPRESENTATION_ITEM() RATIONAL_B_SPLINE_CURVE((1.,
0.707106781187,1.,0.707106781187,1.)) REPRESENTATION_ITEM('') );
#145 = CARTESIAN_POINT('',(-18.,1.27,9.999999999941E-08));
#146 = CARTESIAN_POINT('',(-18.,0.77,9.999999999941E-08));
#147 = CARTESIAN_POINT('',(-17.5,0.77,9.999999999941E-08));
#148 = CARTESIAN_POINT('',(-17.,0.77,9.999999999941E-08));
#149 = CARTESIAN_POINT('',(-17.,1.27,9.999999999941E-08));
#150 = ( BOUNDED_SURFACE() B_SPLINE_SURFACE(2,1,(
    (#151,#152)
    ,(#153,#154)
    ,(#155,#156)
    ,(#157,#158)
,(#159,#160
    )),.UNSPECIFIED.,.F.,.F.,.F.) B_SPLINE_SURFACE_WITH_KNOTS((3,2,3),(2
    ,2),(3.14159265359,4.712388980385,6.28318530718),(8.E-02,1.3),
.PIECEWISE_BEZIER_KNOTS.) GEOMETRIC_REPRESENTATION_ITEM() 
RATIONAL_B_SPLINE_SURFACE((
    (1.,1.)
    ,(0.707106781187,0.707106781187)
    ,(1.,1.)
    ,(0.707106781187,0.707106781187)
,(1.,1.))) REPRESENTATION_ITEM('') SURFACE() );
#151 = CARTESIAN_POINT('',(-18.,1.27,1.000000000029E-07));
#152 = CARTESIAN_POINT('',(-18.,1.27,1.2200001));
#153 = CARTESIAN_POINT('',(-18.,0.77,1.000000000029E-07));
#154 = CARTESIAN_POINT('',(-18.,0.77,1.2200001));
#155 = CARTESIAN_POINT('',(-17.5,0.77,1.000000000029E-07));
#156 = CARTESIAN_POINT('',(-17.5,0.77,1.2200001));
#157 = CARTESIAN_POINT('',(-17.,0.77,1.000000000029E-07));
#158 = CARTESIAN_POINT('',(-17.,0.77,1.2200001));
#159 = CARTESIAN_POINT('',(-17.,1.27,1.000000000029E-07));
#160 = CARTESIAN_POINT('',(-17.,1.27,1.2200001));
#161 = ADVANCED_FACE('',(#162),#198,.F.);
#162 = FACE_BOUND('',#163,.F.);
#163 = EDGE_LOOP('',(#164,#173,#183,#190));
#164 = ORIENTED_EDGE('',*,*,#165,.T.);
#165 = EDGE_CURVE('',#166,#168,#170,.T.);
#166 = VERTEX_POINT('',#167);
#167 = CARTESIAN_POINT('',(-17.,3.81,9.999999999941E-08));
#168 = VERTEX_POINT('',#169);
#169 = CARTESIAN_POINT('',(-17.,3.81,1.2200001));
#170 = B_SPLINE_CURVE_WITH_KNOTS('',1,(#171,#172),.UNSPECIFIED.,.F.,.F.,
  (2,2),(8.E-02,1.3),.PIECEWISE_BEZIER_KNOTS.);
#171 = CARTESIAN_POINT('',(-17.,3.81,1.000000000029E-07));
#172 = CARTESIAN_POINT('',(-17.,3.81,1.2200001));
#173 = ORIENTED_EDGE('',*,*,#174,.F.);
#174 = EDGE_CURVE('',#175,#168,#177,.T.);
#175 = VERTEX_POINT('',#176);
#176 = CARTESIAN_POINT('',(-18.,3.81,1.2200001));
#177 = ( BOUNDED_CURVE() B_SPLINE_CURVE(2,(#178,#179,#180,#181,#182),
.UNSPECIFIED.,.F.,.F.) B_SPLINE_CURVE_WITH_KNOTS((3,2,3),(3.14159265359,
4.712388980385,6.28318530718),.PIECEWISE_BEZIER_KNOTS.) CURVE() 
GEOMETRIC_REPRESENTATION_ITEM() RATIONAL_B_SPLINE_CURVE((1.,
0.707106781187,1.,0.707106781187,1.)) REPRESENTATION_ITEM('') );
#178 = CARTESIAN_POINT('',(-18.,3.81,1.2200001));
#179 = CARTESIAN_POINT('',(-18.,3.31,1.2200001));
#180 = CARTESIAN_POINT('',(-17.5,3.31,1.2200001));
#181 = CARTESIAN_POINT('',(-17.,3.31,1.2200001));
#182 = CARTESIAN_POINT('',(-17.,3.81,1.2200001));
#183 = ORIENTED_EDGE('',*,*,#184,.F.);
#184 = EDGE_CURVE('',#185,#175,#187,.T.);
#185 = VERTEX_POINT('',#186);
#186 = CARTESIAN_POINT('',(-18.,3.81,9.999999999941E-08));
#187 = B_SPLINE_CURVE_WITH_KNOTS('',1,(#188,#189),.UNSPECIFIED.,.F.,.F.,
  (2,2),(8.E-02,1.3),.PIECEWISE_BEZIER_KNOTS.);
#188 = CARTESIAN_POINT('',(-18.,3.81,1.000000000029E-07));
#189 = CARTESIAN_POINT('',(-18.,3.81,1.2200001));
#190 = ORIENTED_EDGE('',*,*,#191,.T.);
#191 = EDGE_CURVE('',#185,#166,#192,.T.);
#192 = ( BOUNDED_CURVE() B_SPLINE_CURVE(2,(#193,#194,#195,#196,#197),
.UNSPECIFIED.,.F.,.F.) B_SPLINE_CURVE_WITH_KNOTS((3,2,3),(3.14159265359,
4.712388980385,6.28318530718),.PIECEWISE_BEZIER_KNOTS.) CURVE() 
GEOMETRIC_REPRESENTATION_ITEM() RATIONAL_B_SPLINE_CURVE((1.,
0.707106781187,1.,0.707106781187,1.)) REPRESENTATION_ITEM('') );
#193 = CARTESIAN_POINT('',(-18.,3.81,9.999999999941E-08));
#194 = CARTESIAN_POINT('',(-18.,3.31,9.999999999941E-08));
#195 = CARTESIAN_POINT('',(-17.5,3.31,9.999999999941E-08));
#196 = CARTESIAN_POINT('',(-17.,3.31,9.999999999941E-08));
#197 = CARTESIAN_POINT('',(-17.,3.81,9.999999999941E-08));
#198 = ( BOUNDED_SURFACE() B_SPLINE_SURFACE(2,1,(
    (#199,#200)
    ,(#201,#202)
    ,(#203,#204)
    ,(#205,#206)
,(#207,#208
    )),.UNSPECIFIED.,.F.,.F.,.F.) B_SPLINE_SURFACE_WITH_KNOTS((3,2,3),(2
    ,2),(3.14159265359,4.712388980385,6.28318530718),(8.E-02,1.3),
.PIECEWISE_BEZIER_KNOTS.) GEOMETRIC_REPRESENTATION_ITEM() 
RATIONAL_B_SPLINE_SURFACE((
    (1.,1.)
    ,(0.707106781187,0.707106781187)
    ,(1.,1.)
    ,(0.707106781187,0.707106781187)
,(1.,1.))) REPRESENTATION_ITEM('') SURFACE() );
#199 = CARTESIAN_POINT('',(-18.,3.81,1.000000000029E-07));
#200 = CARTESIAN_POINT('',(-18.,3.81,1.2200001));
#201 = CARTESIAN_POINT('',(-18.,3.31,1.000000000029E-07));
#202 = CARTESIAN_POINT('',(-18.,3.31,1.2200001));
#203 = CARTESIAN_POINT('',(-17.5,3.31,1.000000000029E-07));
#204 = CARTESIAN_POINT('',(-17.5,3.31,1.2200001));
#205 = CARTESIAN_POINT('',(-17.,3.31,1.000000000029E-07));
#206 = CARTESIAN_POINT('',(-17.,3.31,1.2200001));
#207 = CARTESIAN_POINT('',(-17.,3.81,1.000000000029E-07));
#208 = CARTESIAN_POINT('',(-17.,3.81,1.2200001));
#209 = ADVANCED_FACE('',(#210),#246,.T.);
#210 = FACE_BOUND('',#211,.T.);
#211 = EDGE_LOOP('',(#212,#224,#231,#241));
#212 = ORIENTED_EDGE('',*,*,#213,.T.);
#213 = EDGE_CURVE('',#214,#216,#218,.T.);
#214 = VERTEX_POINT('',#215);
#215 = CARTESIAN_POINT('',(-16.6,3.81,1.2100001));
#216 = VERTEX_POINT('',#217);
#217 = CARTESIAN_POINT('',(-18.4,3.81,1.2100001));
#218 = ( BOUNDED_CURVE() B_SPLINE_CURVE(2,(#219,#220,#221,#222,#223),
.UNSPECIFIED.,.F.,.F.) B_SPLINE_CURVE_WITH_KNOTS((3,2,3),(0.,
1.570796326795,3.14159265359),.PIECEWISE_BEZIER_KNOTS.) CURVE() 
GEOMETRIC_REPRESENTATION_ITEM() RATIONAL_B_SPLINE_CURVE((1.,
0.707106781187,1.,0.707106781187,1.)) REPRESENTATION_ITEM('') );
#219 = CARTESIAN_POINT('',(-16.6,3.81,1.2100001));
#220 = CARTESIAN_POINT('',(-16.6,4.71,1.2100001));
#221 = CARTESIAN_POINT('',(-17.5,4.71,1.2100001));
#222 = CARTESIAN_POINT('',(-18.4,4.71,1.2100001));
#223 = CARTESIAN_POINT('',(-18.4,3.81,1.2100001));
#224 = ORIENTED_EDGE('',*,*,#225,.T.);
#225 = EDGE_CURVE('',#216,#226,#228,.T.);
#226 = VERTEX_POINT('',#227);
#227 = CARTESIAN_POINT('',(-18.4,3.81,1.2200001));
#228 = B_SPLINE_CURVE_WITH_KNOTS('',1,(#229,#230),.UNSPECIFIED.,.F.,.F.,
  (2,2),(1.21,1.22),.PIECEWISE_BEZIER_KNOTS.);
#229 = CARTESIAN_POINT('',(-18.4,3.81,1.2100001));
#230 = CARTESIAN_POINT('',(-18.4,3.81,1.2200001));
#231 = ORIENTED_EDGE('',*,*,#232,.F.);
#232 = EDGE_CURVE('',#233,#226,#235,.T.);
#233 = VERTEX_POINT('',#234);
#234 = CARTESIAN_POINT('',(-16.6,3.81,1.2200001));
#235 = ( BOUNDED_CURVE() B_SPLINE_CURVE(2,(#236,#237,#238,#239,#240),
.UNSPECIFIED.,.F.,.F.) B_SPLINE_CURVE_WITH_KNOTS((3,2,3),(0.,
1.570796326795,3.14159265359),.PIECEWISE_BEZIER_KNOTS.) CURVE() 
GEOMETRIC_REPRESENTATION_ITEM() RATIONAL_B_SPLINE_CURVE((1.,
0.707106781187,1.,0.707106781187,1.)) REPRESENTATION_ITEM('') );
#236 = CARTESIAN_POINT('',(-16.6,3.81,1.2200001));
#237 = CARTESIAN_POINT('',(-16.6,4.71,1.2200001));
#238 = CARTESIAN_POINT('',(-17.5,4.71,1.2200001));
#239 = CARTESIAN_POINT('',(-18.4,4.71,1.2200001));
#240 = CARTESIAN_POINT('',(-18.4,3.81,1.2200001));
#241 = ORIENTED_EDGE('',*,*,#242,.F.);
#242 = EDGE_CURVE('',#214,#233,#243,.T.);
#243 = B_SPLINE_CURVE_WITH_KNOTS('',1,(#244,#245),.UNSPECIFIED.,.F.,.F.,
  (2,2),(1.21,1.22),.PIECEWISE_BEZIER_KNOTS.);
#244 = CARTESIAN_POINT('',(-16.6,3.81,1.2100001));
#245 = CARTESIAN_POINT('',(-16.6,3.81,1.2200001));
#246 = ( BOUNDED_SURFACE() B_SPLINE_SURFACE(2,1,(
    (#247,#248)
    ,(#249,#250)
    ,(#251,#252)
    ,(#253,#254)
,(#255,#256
    )),.UNSPECIFIED.,.F.,.F.,.F.) B_SPLINE_SURFACE_WITH_KNOTS((3,2,3),(2
    ,2),(0.,1.570796326795,3.14159265359),(1.21,1.22),
.PIECEWISE_BEZIER_KNOTS.) GEOMETRIC_REPRESENTATION_ITEM() 
RATIONAL_B_SPLINE_SURFACE((
    (1.,1.)
    ,(0.707106781187,0.707106781187)
    ,(1.,1.)
    ,(0.707106781187,0.707106781187)
,(1.,1.))) REPRESENTATION_ITEM('') SURFACE() );
#247 = CARTESIAN_POINT('',(-16.6,3.81,1.2100001));
#248 = CARTESIAN_POINT('',(-16.6,3.81,1.2200001));
#249 = CARTESIAN_POINT('',(-16.6,4.71,1.2100001));
#250 = CARTESIAN_POINT('',(-16.6,4.71,1.2200001));
#251 = CARTESIAN_POINT('',(-17.5,4.71,1.2100001));
#252 = CARTESIAN_POINT('',(-17.5,4.71,1.2200001));
#253 = CARTESIAN_POINT('',(-18.4,4.71,1.2100001));
#254 = CARTESIAN_POINT('',(-18.4,4.71,1.2200001));
#255 = CARTESIAN_POINT('',(-18.4,3.81,1.2100001));
#256 = CARTESIAN_POINT('',(-18.4,3.81,1.2200001));
#257 = ADVANCED_FACE('',(#258),#294,.T.);
#258 = FACE_BOUND('',#259,.T.);
#259 = EDGE_LOOP('',(#260,#272,#279,#289));
#260 = ORIENTED_EDGE('',*,*,#261,.T.);
#261 = EDGE_CURVE('',#262,#264,#266,.T.);
#262 = VERTEX_POINT('',#263);
#263 = CARTESIAN_POINT('',(-16.6,3.81,9.999999999941E-08));
#264 = VERTEX_POINT('',#265);
#265 = CARTESIAN_POINT('',(-18.4,3.81,9.999999999941E-08));
#266 = ( BOUNDED_CURVE() B_SPLINE_CURVE(2,(#267,#268,#269,#270,#271),
.UNSPECIFIED.,.F.,.F.) B_SPLINE_CURVE_WITH_KNOTS((3,2,3),(0.,
1.570796326795,3.14159265359),.PIECEWISE_BEZIER_KNOTS.) CURVE() 
GEOMETRIC_REPRESENTATION_ITEM() RATIONAL_B_SPLINE_CURVE((1.,
0.707106781187,1.,0.707106781187,1.)) REPRESENTATION_ITEM('') );
#267 = CARTESIAN_POINT('',(-16.6,3.81,9.999999999941E-08));
#268 = CARTESIAN_POINT('',(-16.6,4.71,9.999999999941E-08));
#269 = CARTESIAN_POINT('',(-17.5,4.71,9.999999999941E-08));
#270 = CARTESIAN_POINT('',(-18.4,4.71,9.999999999941E-08));
#271 = CARTESIAN_POINT('',(-18.4,3.81,9.999999999941E-08));
#272 = ORIENTED_EDGE('',*,*,#273,.T.);
#273 = EDGE_CURVE('',#264,#274,#276,.T.);
#274 = VERTEX_POINT('',#275);
#275 = CARTESIAN_POINT('',(-18.4,3.81,1.00001E-02));
#276 = B_SPLINE_CURVE_WITH_KNOTS('',1,(#277,#278),.UNSPECIFIED.,.F.,.F.,
  (2,2),(0.,1.E-02),.PIECEWISE_BEZIER_KNOTS.);
#277 = CARTESIAN_POINT('',(-18.4,3.81,9.999999999941E-08));
#278 = CARTESIAN_POINT('',(-18.4,3.81,1.00001E-02));
#279 = ORIENTED_EDGE('',*,*,#280,.F.);
#280 = EDGE_CURVE('',#281,#274,#283,.T.);
#281 = VERTEX_POINT('',#282);
#282 = CARTESIAN_POINT('',(-16.6,3.81,1.00001E-02));
#283 = ( BOUNDED_CURVE() B_SPLINE_CURVE(2,(#284,#285,#286,#287,#288),
.UNSPECIFIED.,.F.,.F.) B_SPLINE_CURVE_WITH_KNOTS((3,2,3),(0.,
1.570796326795,3.14159265359),.PIECEWISE_BEZIER_KNOTS.) CURVE() 
GEOMETRIC_REPRESENTATION_ITEM() RATIONAL_B_SPLINE_CURVE((1.,
0.707106781187,1.,0.707106781187,1.)) REPRESENTATION_ITEM('') );
#284 = CARTESIAN_POINT('',(-16.6,3.81,1.00001E-02));
#285 = CARTESIAN_POINT('',(-16.6,4.71,1.00001E-02));
#286 = CARTESIAN_POINT('',(-17.5,4.71,1.00001E-02));
#287 = CARTESIAN_POINT('',(-18.4,4.71,1.00001E-02));
#288 = CARTESIAN_POINT('',(-18.4,3.81,1.00001E-02));
#289 = ORIENTED_EDGE('',*,*,#290,.F.);
#290 = EDGE_CURVE('',#262,#281,#291,.T.);
#291 = B_SPLINE_CURVE_WITH_KNOTS('',1,(#292,#293),.UNSPECIFIED.,.F.,.F.,
  (2,2),(0.,1.E-02),.PIECEWISE_BEZIER_KNOTS.);
#292 = CARTESIAN_POINT('',(-16.6,3.81,9.999999999941E-08));
#293 = CARTESIAN_POINT('',(-16.6,3.81,1.00001E-02));
#294 = ( BOUNDED_SURFACE() B_SPLINE_SURFACE(2,1,(
    (#295,#296)
    ,(#297,#298)
    ,(#299,#300)
    ,(#301,#302)
,(#303,#304
    )),.UNSPECIFIED.,.F.,.F.,.F.) B_SPLINE_SURFACE_WITH_KNOTS((3,2,3),(2
    ,2),(0.,1.570796326795,3.14159265359),(0.,1.E-02),
.PIECEWISE_BEZIER_KNOTS.) GEOMETRIC_REPRESENTATION_ITEM() 
RATIONAL_B_SPLINE_SURFACE((
    (1.,1.)
    ,(0.707106781187,0.707106781187)
    ,(1.,1.)
    ,(0.707106781187,0.707106781187)
,(1.,1.))) REPRESENTATION_ITEM('') SURFACE() );
#295 = CARTESIAN_POINT('',(-16.6,3.81,9.999999999941E-08));
#296 = CARTESIAN_POINT('',(-16.6,3.81,1.00001E-02));
#297 = CARTESIAN_POINT('',(-16.6,4.71,9.999999999941E-08));
#298 = CARTESIAN_POINT('',(-16.6,4.71,1.00001E-02));
#299 = CARTESIAN_POINT('',(-17.5,4.71,9.999999999941E-08));
#300 = CARTESIAN_POINT('',(-17.5,4.71,1.00001E-02));
#301 = CARTESIAN_POINT('',(-18.4,4.71,9.999999999941E-08));
#302 = CARTESIAN_POINT('',(-18.4,4.71,1.00001E-02));
#303 = CARTESIAN_POINT('',(-18.4,3.81,9.999999999941E-08));
#304 = CARTESIAN_POINT('',(-18.4,3.81,1.00001E-02));
#305 = ADVANCED_FACE('',(#306),#342,.T.);
#306 = FACE_BOUND('',#307,.T.);
#307 = EDGE_LOOP('',(#308,#320,#327,#337));
#308 = ORIENTED_EDGE('',*,*,#309,.T.);
#309 = EDGE_CURVE('',#310,#312,#314,.T.);
#310 = VERTEX_POINT('',#311);
#311 = CARTESIAN_POINT('',(-16.6,1.27,1.2100001));
#312 = VERTEX_POINT('',#313);
#313 = CARTESIAN_POINT('',(-18.4,1.27,1.2100001));
#314 = ( BOUNDED_CURVE() B_SPLINE_CURVE(2,(#315,#316,#317,#318,#319),
.UNSPECIFIED.,.F.,.F.) B_SPLINE_CURVE_WITH_KNOTS((3,2,3),(0.,
1.570796326795,3.14159265359),.PIECEWISE_BEZIER_KNOTS.) CURVE() 
GEOMETRIC_REPRESENTATION_ITEM() RATIONAL_B_SPLINE_CURVE((1.,
0.707106781187,1.,0.707106781187,1.)) REPRESENTATION_ITEM('') );
#315 = CARTESIAN_POINT('',(-16.6,1.27,1.2100001));
#316 = CARTESIAN_POINT('',(-16.6,2.17,1.2100001));
#317 = CARTESIAN_POINT('',(-17.5,2.17,1.2100001));
#318 = CARTESIAN_POINT('',(-18.4,2.17,1.2100001));
#319 = CARTESIAN_POINT('',(-18.4,1.27,1.2100001));
#320 = ORIENTED_EDGE('',*,*,#321,.T.);
#321 = EDGE_CURVE('',#312,#322,#324,.T.);
#322 = VERTEX_POINT('',#323);
#323 = CARTESIAN_POINT('',(-18.4,1.27,1.2200001));
#324 = B_SPLINE_CURVE_WITH_KNOTS('',1,(#325,#326),.UNSPECIFIED.,.F.,.F.,
  (2,2),(1.21,1.22),.PIECEWISE_BEZIER_KNOTS.);
#325 = CARTESIAN_POINT('',(-18.4,1.27,1.2100001));
#326 = CARTESIAN_POINT('',(-18.4,1.27,1.2200001));
#327 = ORIENTED_EDGE('',*,*,#328,.F.);
#328 = EDGE_CURVE('',#329,#322,#331,.T.);
#329 = VERTEX_POINT('',#330);
#330 = CARTESIAN_POINT('',(-16.6,1.27,1.2200001));
#331 = ( BOUNDED_CURVE() B_SPLINE_CURVE(2,(#332,#333,#334,#335,#336),
.UNSPECIFIED.,.F.,.F.) B_SPLINE_CURVE_WITH_KNOTS((3,2,3),(0.,
1.570796326795,3.14159265359),.PIECEWISE_BEZIER_KNOTS.) CURVE() 
GEOMETRIC_REPRESENTATION_ITEM() RATIONAL_B_SPLINE_CURVE((1.,
0.707106781187,1.,0.707106781187,1.)) REPRESENTATION_ITEM('') );
#332 = CARTESIAN_POINT('',(-16.6,1.27,1.2200001));
#333 = CARTESIAN_POINT('',(-16.6,2.17,1.2200001));
#334 = CARTESIAN_POINT('',(-17.5,2.17,1.2200001));
#335 = CARTESIAN_POINT('',(-18.4,2.17,1.2200001));
#336 = CARTESIAN_POINT('',(-18.4,1.27,1.2200001));
#337 = ORIENTED_EDGE('',*,*,#338,.F.);
#338 = EDGE_CURVE('',#310,#329,#339,.T.);
#339 = B_SPLINE_CURVE_WITH_KNOTS('',1,(#340,#341),.UNSPECIFIED.,.F.,.F.,
  (2,2),(1.21,1.22),.PIECEWISE_BEZIER_KNOTS.);
#340 = CARTESIAN_POINT('',(-16.6,1.27,1.2100001));
#341 = CARTESIAN_POINT('',(-16.6,1.27,1.2200001));
#342 = ( BOUNDED_SURFACE() B_SPLINE_SURFACE(2,1,(
    (#343,#344)
    ,(#345,#346)
    ,(#347,#348)
    ,(#349,#350)
,(#351,#352
    )),.UNSPECIFIED.,.F.,.F.,.F.) B_SPLINE_SURFACE_WITH_KNOTS((3,2,3),(2
    ,2),(0.,1.570796326795,3.14159265359),(1.21,1.22),
.PIECEWISE_BEZIER_KNOTS.) GEOMETRIC_REPRESENTATION_ITEM() 
RATIONAL_B_SPLINE_SURFACE((
    (1.,1.)
    ,(0.707106781187,0.707106781187)
    ,(1.,1.)
    ,(0.707106781187,0.707106781187)
,(1.,1.))) REPRESENTATION_ITEM('') SURFACE() );
#343 = CARTESIAN_POINT('',(-16.6,1.27,1.2100001));
#344 = CARTESIAN_POINT('',(-16.6,1.27,1.2200001));
#345 = CARTESIAN_POINT('',(-16.6,2.17,1.2100001));
#346 = CARTESIAN_POINT('',(-16.6,2.17,1.2200001));
#347 = CARTESIAN_POINT('',(-17.5,2.17,1.2100001));
#348 = CARTESIAN_POINT('',(-17.5,2.17,1.2200001));
#349 = CARTESIAN_POINT('',(-18.4,2.17,1.2100001));
#350 = CARTESIAN_POINT('',(-18.4,2.17,1.2200001));
#351 = CARTESIAN_POINT('',(-18.4,1.27,1.2100001));
#352 = CARTESIAN_POINT('',(-18.4,1.27,1.2200001));
#353 = ADVANCED_FACE('',(#354),#390,.T.);
#354 = FACE_BOUND('',#355,.T.);
#355 = EDGE_LOOP('',(#356,#368,#375,#385));
#356 = ORIENTED_EDGE('',*,*,#357,.T.);
#357 = EDGE_CURVE('',#358,#360,#362,.T.);
#358 = VERTEX_POINT('',#359);
#359 = CARTESIAN_POINT('',(-16.6,1.27,9.999999999941E-08));
#360 = VERTEX_POINT('',#361);
#361 = CARTESIAN_POINT('',(-18.4,1.27,9.999999999941E-08));
#362 = ( BOUNDED_CURVE() B_SPLINE_CURVE(2,(#363,#364,#365,#366,#367),
.UNSPECIFIED.,.F.,.F.) B_SPLINE_CURVE_WITH_KNOTS((3,2,3),(0.,
1.570796326795,3.14159265359),.PIECEWISE_BEZIER_KNOTS.) CURVE() 
GEOMETRIC_REPRESENTATION_ITEM() RATIONAL_B_SPLINE_CURVE((1.,
0.707106781187,1.,0.707106781187,1.)) REPRESENTATION_ITEM('') );
#363 = CARTESIAN_POINT('',(-16.6,1.27,9.999999999941E-08));
#364 = CARTESIAN_POINT('',(-16.6,2.17,9.999999999941E-08));
#365 = CARTESIAN_POINT('',(-17.5,2.17,9.999999999941E-08));
#366 = CARTESIAN_POINT('',(-18.4,2.17,9.999999999941E-08));
#367 = CARTESIAN_POINT('',(-18.4,1.27,9.999999999941E-08));
#368 = ORIENTED_EDGE('',*,*,#369,.T.);
#369 = EDGE_CURVE('',#360,#370,#372,.T.);
#370 = VERTEX_POINT('',#371);
#371 = CARTESIAN_POINT('',(-18.4,1.27,1.00001E-02));
#372 = B_SPLINE_CURVE_WITH_KNOTS('',1,(#373,#374),.UNSPECIFIED.,.F.,.F.,
  (2,2),(0.,1.E-02),.PIECEWISE_BEZIER_KNOTS.);
#373 = CARTESIAN_POINT('',(-18.4,1.27,9.999999999941E-08));
#374 = CARTESIAN_POINT('',(-18.4,1.27,1.00001E-02));
#375 = ORIENTED_EDGE('',*,*,#376,.F.);
#376 = EDGE_CURVE('',#377,#370,#379,.T.);
#377 = VERTEX_POINT('',#378);
#378 = CARTESIAN_POINT('',(-16.6,1.27,1.00001E-02));
#379 = ( BOUNDED_CURVE() B_SPLINE_CURVE(2,(#380,#381,#382,#383,#384),
.UNSPECIFIED.,.F.,.F.) B_SPLINE_CURVE_WITH_KNOTS((3,2,3),(0.,
1.570796326795,3.14159265359),.PIECEWISE_BEZIER_KNOTS.) CURVE() 
GEOMETRIC_REPRESENTATION_ITEM() RATIONAL_B_SPLINE_CURVE((1.,
0.707106781187,1.,0.707106781187,1.)) REPRESENTATION_ITEM('') );
#380 = CARTESIAN_POINT('',(-16.6,1.27,1.00001E-02));
#381 = CARTESIAN_POINT('',(-16.6,2.17,1.00001E-02));
#382 = CARTESIAN_POINT('',(-17.5,2.17,1.00001E-02));
#383 = CARTESIAN_POINT('',(-18.4,2.17,1.00001E-02));
#384 = CARTESIAN_POINT('',(-18.4,1.27,1.00001E-02));
#385 = ORIENTED_EDGE('',*,*,#386,.F.);
#386 = EDGE_CURVE('',#358,#377,#387,.T.);
#387 = B_SPLINE_CURVE_WITH_KNOTS('',1,(#388,#389),.UNSPECIFIED.,.F.,.F.,
  (2,2),(0.,1.E-02),.PIECEWISE_BEZIER_KNOTS.);
#388 = CARTESIAN_POINT('',(-16.6,1.27,9.999999999941E-08));
#389 = CARTESIAN_POINT('',(-16.6,1.27,1.00001E-02));
#390 = ( BOUNDED_SURFACE() B_SPLINE_SURFACE(2,1,(
    (#391,#392)
    ,(#393,#394)
    ,(#395,#396)
    ,(#397,#398)
,(#399,#400
    )),.UNSPECIFIED.,.F.,.F.,.F.) B_SPLINE_SURFACE_WITH_KNOTS((3,2,3),(2
    ,2),(0.,1.570796326795,3.14159265359),(0.,1.E-02),
.PIECEWISE_BEZIER_KNOTS.) GEOMETRIC_REPRESENTATION_ITEM() 
RATIONAL_B_SPLINE_SURFACE((
    (1.,1.)
    ,(0.707106781187,0.707106781187)
    ,(1.,1.)
    ,(0.707106781187,0.707106781187)
,(1.,1.))) REPRESENTATION_ITEM('') SURFACE() );
#391 = CARTESIAN_POINT('',(-16.6,1.27,9.999999999941E-08));
#392 = CARTESIAN_POINT('',(-16.6,1.27,1.00001E-02));
#393 = CARTESIAN_POINT('',(-16.6,2.17,9.999999999941E-08));
#394 = CARTESIAN_POINT('',(-16.6,2.17,1.00001E-02));
#395 = CARTESIAN_POINT('',(-17.5,2.17,9.999999999941E-08));
#396 = CARTESIAN_POINT('',(-17.5,2.17,1.00001E-02));
#397 = CARTESIAN_POINT('',(-18.4,2.17,9.999999999941E-08));
#398 = CARTESIAN_POINT('',(-18.4,2.17,1.00001E-02));
#399 = CARTESIAN_POINT('',(-18.4,1.27,9.999999999941E-08));
#400 = CARTESIAN_POINT('',(-18.4,1.27,1.00001E-02));
#401 = ADVANCED_FACE('',(#402),#438,.T.);
#402 = FACE_BOUND('',#403,.T.);
#403 = EDGE_LOOP('',(#404,#416,#423,#433));
#404 = ORIENTED_EDGE('',*,*,#405,.T.);
#405 = EDGE_CURVE('',#406,#408,#410,.T.);
#406 = VERTEX_POINT('',#407);
#407 = CARTESIAN_POINT('',(-16.6,-1.27,1.2100001));
#408 = VERTEX_POINT('',#409);
#409 = CARTESIAN_POINT('',(-18.4,-1.27,1.2100001));
#410 = ( BOUNDED_CURVE() B_SPLINE_CURVE(2,(#411,#412,#413,#414,#415),
.UNSPECIFIED.,.F.,.F.) B_SPLINE_CURVE_WITH_KNOTS((3,2,3),(0.,
1.570796326795,3.14159265359),.PIECEWISE_BEZIER_KNOTS.) CURVE() 
GEOMETRIC_REPRESENTATION_ITEM() RATIONAL_B_SPLINE_CURVE((1.,
0.707106781187,1.,0.707106781187,1.)) REPRESENTATION_ITEM('') );
#411 = CARTESIAN_POINT('',(-16.6,-1.27,1.2100001));
#412 = CARTESIAN_POINT('',(-16.6,-0.37,1.2100001));
#413 = CARTESIAN_POINT('',(-17.5,-0.37,1.2100001));
#414 = CARTESIAN_POINT('',(-18.4,-0.37,1.2100001));
#415 = CARTESIAN_POINT('',(-18.4,-1.27,1.2100001));
#416 = ORIENTED_EDGE('',*,*,#417,.T.);
#417 = EDGE_CURVE('',#408,#418,#420,.T.);
#418 = VERTEX_POINT('',#419);
#419 = CARTESIAN_POINT('',(-18.4,-1.27,1.2200001));
#420 = B_SPLINE_CURVE_WITH_KNOTS('',1,(#421,#422),.UNSPECIFIED.,.F.,.F.,
  (2,2),(1.21,1.22),.PIECEWISE_BEZIER_KNOTS.);
#421 = CARTESIAN_POINT('',(-18.4,-1.27,1.2100001));
#422 = CARTESIAN_POINT('',(-18.4,-1.27,1.2200001));
#423 = ORIENTED_EDGE('',*,*,#424,.F.);
#424 = EDGE_CURVE('',#425,#418,#427,.T.);
#425 = VERTEX_POINT('',#426);
#426 = CARTESIAN_POINT('',(-16.6,-1.27,1.2200001));
#427 = ( BOUNDED_CURVE() B_SPLINE_CURVE(2,(#428,#429,#430,#431,#432),
.UNSPECIFIED.,.F.,.F.) B_SPLINE_CURVE_WITH_KNOTS((3,2,3),(0.,
1.570796326795,3.14159265359),.PIECEWISE_BEZIER_KNOTS.) CURVE() 
GEOMETRIC_REPRESENTATION_ITEM() RATIONAL_B_SPLINE_CURVE((1.,
0.707106781187,1.,0.707106781187,1.)) REPRESENTATION_ITEM('') );
#428 = CARTESIAN_POINT('',(-16.6,-1.27,1.2200001));
#429 = CARTESIAN_POINT('',(-16.6,-0.37,1.2200001));
#430 = CARTESIAN_POINT('',(-17.5,-0.37,1.2200001));
#431 = CARTESIAN_POINT('',(-18.4,-0.37,1.2200001));
#432 = CARTESIAN_POINT('',(-18.4,-1.27,1.2200001));
#433 = ORIENTED_EDGE('',*,*,#434,.F.);
#434 = EDGE_CURVE('',#406,#425,#435,.T.);
#435 = B_SPLINE_CURVE_WITH_KNOTS('',1,(#436,#437),.UNSPECIFIED.,.F.,.F.,
  (2,2),(1.21,1.22),.PIECEWISE_BEZIER_KNOTS.);
#436 = CARTESIAN_POINT('',(-16.6,-1.27,1.2100001));
#437 = CARTESIAN_POINT('',(-16.6,-1.27,1.2200001));
#438 = ( BOUNDED_SURFACE() B_SPLINE_SURFACE(2,1,(
    (#439,#440)
    ,(#441,#442)
    ,(#443,#444)
    ,(#445,#446)
,(#447,#448
    )),.UNSPECIFIED.,.F.,.F.,.F.) B_SPLINE_SURFACE_WITH_KNOTS((3,2,3),(2
    ,2),(0.,1.570796326795,3.14159265359),(1.21,1.22),
.PIECEWISE_BEZIER_KNOTS.) GEOMETRIC_REPRESENTATION_ITEM() 
RATIONAL_B_SPLINE_SURFACE((
    (1.,1.)
    ,(0.707106781187,0.707106781187)
    ,(1.,1.)
    ,(0.707106781187,0.707106781187)
,(1.,1.))) REPRESENTATION_ITEM('') SURFACE() );
#439 = CARTESIAN_POINT('',(-16.6,-1.27,1.2100001));
#440 = CARTESIAN_POINT('',(-16.6,-1.27,1.2200001));
#441 = CARTESIAN_POINT('',(-16.6,-0.37,1.2100001));
#442 = CARTESIAN_POINT('',(-16.6,-0.37,1.2200001));
#443 = CARTESIAN_POINT('',(-17.5,-0.37,1.2100001));
#444 = CARTESIAN_POINT('',(-17.5,-0.37,1.2200001));
#445 = CARTESIAN_POINT('',(-18.4,-0.37,1.2100001));
#446 = CARTESIAN_POINT('',(-18.4,-0.37,1.2200001));
#447 = CARTESIAN_POINT('',(-18.4,-1.27,1.2100001));
#448 = CARTESIAN_POINT('',(-18.4,-1.27,1.2200001));
#449 = ADVANCED_FACE('',(#450),#486,.T.);
#450 = FACE_BOUND('',#451,.T.);
#451 = EDGE_LOOP('',(#452,#464,#471,#481));
#452 = ORIENTED_EDGE('',*,*,#453,.T.);
#453 = EDGE_CURVE('',#454,#456,#458,.T.);
#454 = VERTEX_POINT('',#455);
#455 = CARTESIAN_POINT('',(-16.6,-1.27,9.999999999941E-08));
#456 = VERTEX_POINT('',#457);
#457 = CARTESIAN_POINT('',(-18.4,-1.27,9.999999999941E-08));
#458 = ( BOUNDED_CURVE() B_SPLINE_CURVE(2,(#459,#460,#461,#462,#463),
.UNSPECIFIED.,.F.,.F.) B_SPLINE_CURVE_WITH_KNOTS((3,2,3),(0.,
1.570796326795,3.14159265359),.PIECEWISE_BEZIER_KNOTS.) CURVE() 
GEOMETRIC_REPRESENTATION_ITEM() RATIONAL_B_SPLINE_CURVE((1.,
0.707106781187,1.,0.707106781187,1.)) REPRESENTATION_ITEM('') );
#459 = CARTESIAN_POINT('',(-16.6,-1.27,9.999999999941E-08));
#460 = CARTESIAN_POINT('',(-16.6,-0.37,9.999999999941E-08));
#461 = CARTESIAN_POINT('',(-17.5,-0.37,9.999999999941E-08));
#462 = CARTESIAN_POINT('',(-18.4,-0.37,9.999999999941E-08));
#463 = CARTESIAN_POINT('',(-18.4,-1.27,9.999999999941E-08));
#464 = ORIENTED_EDGE('',*,*,#465,.T.);
#465 = EDGE_CURVE('',#456,#466,#468,.T.);
#466 = VERTEX_POINT('',#467);
#467 = CARTESIAN_POINT('',(-18.4,-1.27,1.00001E-02));
#468 = B_SPLINE_CURVE_WITH_KNOTS('',1,(#469,#470),.UNSPECIFIED.,.F.,.F.,
  (2,2),(0.,1.E-02),.PIECEWISE_BEZIER_KNOTS.);
#469 = CARTESIAN_POINT('',(-18.4,-1.27,9.999999999941E-08));
#470 = CARTESIAN_POINT('',(-18.4,-1.27,1.00001E-02));
#471 = ORIENTED_EDGE('',*,*,#472,.F.);
#472 = EDGE_CURVE('',#473,#466,#475,.T.);
#473 = VERTEX_POINT('',#474);
#474 = CARTESIAN_POINT('',(-16.6,-1.27,1.00001E-02));
#475 = ( BOUNDED_CURVE() B_SPLINE_CURVE(2,(#476,#477,#478,#479,#480),
.UNSPECIFIED.,.F.,.F.) B_SPLINE_CURVE_WITH_KNOTS((3,2,3),(0.,
1.570796326795,3.14159265359),.PIECEWISE_BEZIER_KNOTS.) CURVE() 
GEOMETRIC_REPRESENTATION_ITEM() RATIONAL_B_SPLINE_CURVE((1.,
0.707106781187,1.,0.707106781187,1.)) REPRESENTATION_ITEM('') );
#476 = CARTESIAN_POINT('',(-16.6,-1.27,1.00001E-02));
#477 = CARTESIAN_POINT('',(-16.6,-0.37,1.00001E-02));
#478 = CARTESIAN_POINT('',(-17.5,-0.37,1.00001E-02));
#479 = CARTESIAN_POINT('',(-18.4,-0.37,1.00001E-02));
#480 = CARTESIAN_POINT('',(-18.4,-1.27,1.00001E-02));
#481 = ORIENTED_EDGE('',*,*,#482,.F.);
#482 = EDGE_CURVE('',#454,#473,#483,.T.);
#483 = B_SPLINE_CURVE_WITH_KNOTS('',1,(#484,#485),.UNSPECIFIED.,.F.,.F.,
  (2,2),(0.,1.E-02),.PIECEWISE_BEZIER_KNOTS.);
#484 = CARTESIAN_POINT('',(-16.6,-1.27,9.999999999941E-08));
#485 = CARTESIAN_POINT('',(-16.6,-1.27,1.00001E-02));
#486 = ( BOUNDED_SURFACE() B_SPLINE_SURFACE(2,1,(
    (#487,#488)
    ,(#489,#490)
    ,(#491,#492)
    ,(#493,#494)
,(#495,#496
    )),.UNSPECIFIED.,.F.,.F.,.F.) B_SPLINE_SURFACE_WITH_KNOTS((3,2,3),(2
    ,2),(0.,1.570796326795,3.14159265359),(0.,1.E-02),
.PIECEWISE_BEZIER_KNOTS.) GEOMETRIC_REPRESENTATION_ITEM() 
RATIONAL_B_SPLINE_SURFACE((
    (1.,1.)
    ,(0.707106781187,0.707106781187)
    ,(1.,1.)
    ,(0.707106781187,0.707106781187)
,(1.,1.))) REPRESENTATION_ITEM('') SURFACE() );
#487 = CARTESIAN_POINT('',(-16.6,-1.27,9.999999999941E-08));
#488 = CARTESIAN_POINT('',(-16.6,-1.27,1.00001E-02));
#489 = CARTESIAN_POINT('',(-16.6,-0.37,9.999999999941E-08));
#490 = CARTESIAN_POINT('',(-16.6,-0.37,1.00001E-02));
#491 = CARTESIAN_POINT('',(-17.5,-0.37,9.999999999941E-08));
#492 = CARTESIAN_POINT('',(-17.5,-0.37,1.00001E-02));
#493 = CARTESIAN_POINT('',(-18.4,-0.37,9.999999999941E-08));
#494 = CARTESIAN_POINT('',(-18.4,-0.37,1.00001E-02));
#495 = CARTESIAN_POINT('',(-18.4,-1.27,9.999999999941E-08));
#496 = CARTESIAN_POINT('',(-18.4,-1.27,1.00001E-02));
#497 = ADVANCED_FACE('',(#498,#556,#642,#759,#946,#1062,#1121,#1151,
    #1181,#1225,#1349,#1435,#1493,#1579,#1638),#1927,.T.);
#498 = FACE_BOUND('',#499,.T.);
#499 = EDGE_LOOP('',(#500,#509,#516,#523,#530,#537,#544,#551));
#500 = ORIENTED_EDGE('',*,*,#501,.F.);
#501 = EDGE_CURVE('',#502,#504,#506,.T.);
#502 = VERTEX_POINT('',#503);
#503 = CARTESIAN_POINT('',(14.949631427878,-4.49489501968,2.6100001));
#504 = VERTEX_POINT('',#505);
#505 = CARTESIAN_POINT('',(14.902842321641,-4.49489501968,2.6100001));
#506 = B_SPLINE_CURVE_WITH_KNOTS('',1,(#507,#508),.UNSPECIFIED.,.F.,.F.,
  (2,2),(-4.67891062364E-02,-0.),.PIECEWISE_BEZIER_KNOTS.);
#507 = CARTESIAN_POINT('',(14.949631427878,-4.49489501968,2.6100001));
#508 = CARTESIAN_POINT('',(14.902842321641,-4.49489501968,2.6100001));
#509 = ORIENTED_EDGE('',*,*,#510,.F.);
#510 = EDGE_CURVE('',#511,#502,#513,.T.);
#511 = VERTEX_POINT('',#512);
#512 = CARTESIAN_POINT('',(15.078734702486,-4.833856100399,2.6100001));
#513 = B_SPLINE_CURVE_WITH_KNOTS('',1,(#514,#515),.UNSPECIFIED.,.F.,.F.,
  (2,2),(-0.362715135825,0.),.PIECEWISE_BEZIER_KNOTS.);
#514 = CARTESIAN_POINT('',(15.078734702486,-4.833856100399,2.6100001));
#515 = CARTESIAN_POINT('',(14.949631427878,-4.49489501968,2.6100001));
#516 = ORIENTED_EDGE('',*,*,#517,.F.);
#517 = EDGE_CURVE('',#518,#511,#520,.T.);
#518 = VERTEX_POINT('',#519);
#519 = CARTESIAN_POINT('',(15.030385959379,-4.833856100399,2.6100001));
#520 = B_SPLINE_CURVE_WITH_KNOTS('',1,(#521,#522),.UNSPECIFIED.,.F.,.F.,
  (2,2),(-4.834874310678E-02,0.),.PIECEWISE_BEZIER_KNOTS.);
#521 = CARTESIAN_POINT('',(15.030385959379,-4.833856100399,2.6100001));
#522 = CARTESIAN_POINT('',(15.078734702486,-4.833856100399,2.6100001));
#523 = ORIENTED_EDGE('',*,*,#524,.F.);
#524 = EDGE_CURVE('',#525,#518,#527,.T.);
#525 = VERTEX_POINT('',#526);
#526 = CARTESIAN_POINT('',(14.995814008659,-4.741144352862,2.6100001));
#527 = B_SPLINE_CURVE_WITH_KNOTS('',1,(#528,#529),.UNSPECIFIED.,.F.,.F.,
  (2,2),(-9.894790502003E-02,0.),.PIECEWISE_BEZIER_KNOTS.);
#528 = CARTESIAN_POINT('',(14.995814008659,-4.741144352862,2.6100001));
#529 = CARTESIAN_POINT('',(15.030385959379,-4.833856100399,2.6100001));
#530 = ORIENTED_EDGE('',*,*,#531,.F.);
#531 = EDGE_CURVE('',#532,#525,#534,.T.);
#532 = VERTEX_POINT('',#533);
#533 = CARTESIAN_POINT('',(14.854666871518,-4.741144352862,2.6100001));
#534 = B_SPLINE_CURVE_WITH_KNOTS('',1,(#535,#536),.UNSPECIFIED.,.F.,.F.,
  (2,2),(-0.141147137141,0.),.PIECEWISE_BEZIER_KNOTS.);
#535 = CARTESIAN_POINT('',(14.854666871518,-4.741144352862,2.6100001));
#536 = CARTESIAN_POINT('',(14.995814008659,-4.741144352862,2.6100001));
#537 = ORIENTED_EDGE('',*,*,#538,.F.);
#538 = EDGE_CURVE('',#539,#532,#541,.T.);
#539 = VERTEX_POINT('',#540);
#540 = CARTESIAN_POINT('',(14.82208779014,-4.833856100399,2.6100001));
#541 = B_SPLINE_CURVE_WITH_KNOTS('',1,(#542,#543),.UNSPECIFIED.,.F.,.F.,
  (2,2),(-9.826934758461E-02,0.),.PIECEWISE_BEZIER_KNOTS.);
#542 = CARTESIAN_POINT('',(14.82208779014,-4.833856100399,2.6100001));
#543 = CARTESIAN_POINT('',(14.854666871518,-4.741144352862,2.6100001));
#544 = ORIENTED_EDGE('',*,*,#545,.F.);
#545 = EDGE_CURVE('',#546,#539,#548,.T.);
#546 = VERTEX_POINT('',#547);
#547 = CARTESIAN_POINT('',(14.773739047031,-4.833856100399,2.6100001));
#548 = B_SPLINE_CURVE_WITH_KNOTS('',1,(#549,#550),.UNSPECIFIED.,.F.,.F.,
  (2,2),(-4.834874310909E-02,0.),.PIECEWISE_BEZIER_KNOTS.);
#549 = CARTESIAN_POINT('',(14.773739047031,-4.833856100399,2.6100001));
#550 = CARTESIAN_POINT('',(14.82208779014,-4.833856100399,2.6100001));
#551 = ORIENTED_EDGE('',*,*,#552,.F.);
#552 = EDGE_CURVE('',#504,#546,#553,.T.);
#553 = B_SPLINE_CURVE_WITH_KNOTS('',1,(#554,#555),.UNSPECIFIED.,.F.,.F.,
  (2,2),(-0.362715135826,-0.),.PIECEWISE_BEZIER_KNOTS.);
#554 = CARTESIAN_POINT('',(14.902842321641,-4.49489501968,2.6100001));
#555 = CARTESIAN_POINT('',(14.773739047031,-4.833856100399,2.6100001));
#556 = FACE_BOUND('',#557,.T.);
#557 = EDGE_LOOP('',(#558,#567,#574,#581,#588,#595,#602,#609,#616,#623,
    #630,#637));
#558 = ORIENTED_EDGE('',*,*,#559,.F.);
#559 = EDGE_CURVE('',#560,#562,#564,.T.);
#560 = VERTEX_POINT('',#561);
#561 = CARTESIAN_POINT('',(14.414935919411,-4.795211764509,2.6100001));
#562 = VERTEX_POINT('',#563);
#563 = CARTESIAN_POINT('',(14.276388177063,-4.795211764509,2.6100001));
#564 = B_SPLINE_CURVE_WITH_KNOTS('',1,(#565,#566),.UNSPECIFIED.,.F.,.F.,
  (2,2),(-0.138547742348,-0.),.PIECEWISE_BEZIER_KNOTS.);
#565 = CARTESIAN_POINT('',(14.414935919411,-4.795211764509,2.6100001));
#566 = CARTESIAN_POINT('',(14.276388177063,-4.795211764509,2.6100001));
#567 = ORIENTED_EDGE('',*,*,#568,.F.);
#568 = EDGE_CURVE('',#569,#560,#571,.T.);
#569 = VERTEX_POINT('',#570);
#570 = CARTESIAN_POINT('',(14.414935919411,-4.833856100399,2.6100001));
#571 = B_SPLINE_CURVE_WITH_KNOTS('',1,(#572,#573),.UNSPECIFIED.,.F.,.F.,
  (2,2),(-3.864433588965E-02,0.),.PIECEWISE_BEZIER_KNOTS.);
#572 = CARTESIAN_POINT('',(14.414935919411,-4.833856100399,2.6100001));
#573 = CARTESIAN_POINT('',(14.414935919411,-4.795211764509,2.6100001));
#574 = ORIENTED_EDGE('',*,*,#575,.F.);
#575 = EDGE_CURVE('',#576,#569,#578,.T.);
#576 = VERTEX_POINT('',#577);
#577 = CARTESIAN_POINT('',(14.232631698083,-4.833856100399,2.6100001));
#578 = B_SPLINE_CURVE_WITH_KNOTS('',1,(#579,#580),.UNSPECIFIED.,.F.,.F.,
  (2,2),(-0.182304221328,0.),.PIECEWISE_BEZIER_KNOTS.);
#579 = CARTESIAN_POINT('',(14.232631698083,-4.833856100399,2.6100001));
#580 = CARTESIAN_POINT('',(14.414935919411,-4.833856100399,2.6100001));
#581 = ORIENTED_EDGE('',*,*,#582,.F.);
#582 = EDGE_CURVE('',#583,#576,#585,.T.);
#583 = VERTEX_POINT('',#584);
#584 = CARTESIAN_POINT('',(14.232631698083,-4.49489501968,2.6100001));
#585 = B_SPLINE_CURVE_WITH_KNOTS('',1,(#586,#587),.UNSPECIFIED.,.F.,.F.,
  (2,2),(-0.338961080719,-0.),.PIECEWISE_BEZIER_KNOTS.);
#586 = CARTESIAN_POINT('',(14.232631698083,-4.49489501968,2.6100001));
#587 = CARTESIAN_POINT('',(14.232631698083,-4.833856100399,2.6100001));
#588 = ORIENTED_EDGE('',*,*,#589,.F.);
#589 = EDGE_CURVE('',#590,#583,#592,.T.);
#590 = VERTEX_POINT('',#591);
#591 = CARTESIAN_POINT('',(14.407224381531,-4.49489501968,2.6100001));
#592 = B_SPLINE_CURVE_WITH_KNOTS('',1,(#593,#594),.UNSPECIFIED.,.F.,.F.,
  (2,2),(-0.174592683448,-0.),.PIECEWISE_BEZIER_KNOTS.);
#593 = CARTESIAN_POINT('',(14.407224381531,-4.49489501968,2.6100001));
#594 = CARTESIAN_POINT('',(14.232631698083,-4.49489501968,2.6100001));
#595 = ORIENTED_EDGE('',*,*,#596,.F.);
#596 = EDGE_CURVE('',#597,#590,#599,.T.);
#597 = VERTEX_POINT('',#598);
#598 = CARTESIAN_POINT('',(14.407224381531,-4.533885941541,2.6100001));
#599 = B_SPLINE_CURVE_WITH_KNOTS('',1,(#600,#601),.UNSPECIFIED.,.F.,.F.,
  (2,2),(-3.899092186135E-02,0.),.PIECEWISE_BEZIER_KNOTS.);
#600 = CARTESIAN_POINT('',(14.407224381531,-4.533885941541,2.6100001));
#601 = CARTESIAN_POINT('',(14.407224381531,-4.49489501968,2.6100001));
#602 = ORIENTED_EDGE('',*,*,#603,.F.);
#603 = EDGE_CURVE('',#604,#597,#606,.T.);
#604 = VERTEX_POINT('',#605);
#605 = CARTESIAN_POINT('',(14.276388177063,-4.533885941541,2.6100001));
#606 = B_SPLINE_CURVE_WITH_KNOTS('',1,(#607,#608),.UNSPECIFIED.,.F.,.F.,
  (2,2),(-0.130836204469,0.),.PIECEWISE_BEZIER_KNOTS.);
#607 = CARTESIAN_POINT('',(14.276388177063,-4.533885941541,2.6100001));
#608 = CARTESIAN_POINT('',(14.407224381531,-4.533885941541,2.6100001));
#609 = ORIENTED_EDGE('',*,*,#610,.F.);
#610 = EDGE_CURVE('',#611,#604,#613,.T.);
#611 = VERTEX_POINT('',#612);
#612 = CARTESIAN_POINT('',(14.276388177063,-4.642367350811,2.6100001));
#613 = B_SPLINE_CURVE_WITH_KNOTS('',1,(#614,#615),.UNSPECIFIED.,.F.,.F.,
  (2,2),(-0.10848140927,0.),.PIECEWISE_BEZIER_KNOTS.);
#614 = CARTESIAN_POINT('',(14.276388177063,-4.642367350811,2.6100001));
#615 = CARTESIAN_POINT('',(14.276388177063,-4.533885941541,2.6100001));
#616 = ORIENTED_EDGE('',*,*,#617,.F.);
#617 = EDGE_CURVE('',#618,#611,#620,.T.);
#618 = VERTEX_POINT('',#619);
#619 = CARTESIAN_POINT('',(14.397606620805,-4.642367350811,2.6100001));
#620 = B_SPLINE_CURVE_WITH_KNOTS('',1,(#621,#622),.UNSPECIFIED.,.F.,.F.,
  (2,2),(-0.121218443742,-0.),.PIECEWISE_BEZIER_KNOTS.);
#621 = CARTESIAN_POINT('',(14.397606620805,-4.642367350811,2.6100001));
#622 = CARTESIAN_POINT('',(14.276388177063,-4.642367350811,2.6100001));
#623 = ORIENTED_EDGE('',*,*,#624,.F.);
#624 = EDGE_CURVE('',#625,#618,#627,.T.);
#625 = VERTEX_POINT('',#626);
#626 = CARTESIAN_POINT('',(14.397606620805,-4.681184979687,2.6100001));
#627 = B_SPLINE_CURVE_WITH_KNOTS('',1,(#628,#629),.UNSPECIFIED.,.F.,.F.,
  (2,2),(-3.88176288755E-02,0.),.PIECEWISE_BEZIER_KNOTS.);
#628 = CARTESIAN_POINT('',(14.397606620805,-4.681184979687,2.6100001));
#629 = CARTESIAN_POINT('',(14.397606620805,-4.642367350811,2.6100001));
#630 = ORIENTED_EDGE('',*,*,#631,.F.);
#631 = EDGE_CURVE('',#632,#625,#634,.T.);
#632 = VERTEX_POINT('',#633);
#633 = CARTESIAN_POINT('',(14.276388177063,-4.681184979687,2.6100001));
#634 = B_SPLINE_CURVE_WITH_KNOTS('',1,(#635,#636),.UNSPECIFIED.,.F.,.F.,
  (2,2),(-0.121218443742,0.),.PIECEWISE_BEZIER_KNOTS.);
#635 = CARTESIAN_POINT('',(14.276388177063,-4.681184979687,2.6100001));
#636 = CARTESIAN_POINT('',(14.397606620805,-4.681184979687,2.6100001));
#637 = ORIENTED_EDGE('',*,*,#638,.F.);
#638 = EDGE_CURVE('',#562,#632,#639,.T.);
#639 = B_SPLINE_CURVE_WITH_KNOTS('',1,(#640,#641),.UNSPECIFIED.,.F.,.F.,
  (2,2),(-0.114026784822,0.),.PIECEWISE_BEZIER_KNOTS.);
#640 = CARTESIAN_POINT('',(14.276388177063,-4.795211764509,2.6100001));
#641 = CARTESIAN_POINT('',(14.276388177063,-4.681184979687,2.6100001));
#642 = FACE_BOUND('',#643,.T.);
#643 = EDGE_LOOP('',(#644,#653,#660,#667,#676,#685,#692,#701,#710,#717,
    #724,#731,#738,#745,#752));
#644 = ORIENTED_EDGE('',*,*,#645,.F.);
#645 = EDGE_CURVE('',#646,#648,#650,.T.);
#646 = VERTEX_POINT('',#647);
#647 = CARTESIAN_POINT('',(14.142865931309,-4.591765798884,2.6100001));
#648 = VERTEX_POINT('',#649);
#649 = CARTESIAN_POINT('',(14.076754657129,-4.774070020211,2.6100001));
#650 = B_SPLINE_CURVE_WITH_KNOTS('',1,(#651,#652),.UNSPECIFIED.,.F.,.F.,
  (2,2),(-0.193921452366,-0.),.PIECEWISE_BEZIER_KNOTS.);
#651 = CARTESIAN_POINT('',(14.142865931309,-4.591765798884,2.6100001));
#652 = CARTESIAN_POINT('',(14.076754657129,-4.774070020211,2.6100001));
#653 = ORIENTED_EDGE('',*,*,#654,.F.);
#654 = EDGE_CURVE('',#655,#646,#657,.T.);
#655 = VERTEX_POINT('',#656);
#656 = CARTESIAN_POINT('',(14.186882349764,-4.591765798884,2.6100001));
#657 = B_SPLINE_CURVE_WITH_KNOTS('',1,(#658,#659),.UNSPECIFIED.,.F.,.F.,
  (2,2),(-4.401641845579E-02,-0.),.PIECEWISE_BEZIER_KNOTS.);
#658 = CARTESIAN_POINT('',(14.186882349764,-4.591765798884,2.6100001));
#659 = CARTESIAN_POINT('',(14.142865931309,-4.591765798884,2.6100001));
#660 = ORIENTED_EDGE('',*,*,#661,.F.);
#661 = EDGE_CURVE('',#662,#655,#664,.T.);
#662 = VERTEX_POINT('',#663);
#663 = CARTESIAN_POINT('',(14.077014596607,-4.870420920456,2.6100001));
#664 = B_SPLINE_CURVE_WITH_KNOTS('',1,(#665,#666),.UNSPECIFIED.,.F.,.F.,
  (2,2),(-0.299532302034,0.),.PIECEWISE_BEZIER_KNOTS.);
#665 = CARTESIAN_POINT('',(14.077014596607,-4.870420920456,2.6100001));
#666 = CARTESIAN_POINT('',(14.186882349764,-4.591765798884,2.6100001));
#667 = ORIENTED_EDGE('',*,*,#668,.F.);
#668 = EDGE_CURVE('',#669,#662,#671,.T.);
#669 = VERTEX_POINT('',#670);
#670 = CARTESIAN_POINT('',(13.99062804306,-4.947882885223,2.6100001));
#671 = B_SPLINE_CURVE_WITH_KNOTS('',3,(#672,#673,#674,#675),
  .UNSPECIFIED.,.F.,.F.,(4,4),(1.,2.),.PIECEWISE_BEZIER_KNOTS.);
#672 = CARTESIAN_POINT('',(13.99062804306,-4.947882885223,2.6100001));
#673 = CARTESIAN_POINT('',(14.027799388568,-4.947882885223,2.6100001));
#674 = CARTESIAN_POINT('',(14.056566024253,-4.922062230301,2.6100001));
#675 = CARTESIAN_POINT('',(14.077014596607,-4.870420920456,2.6100001));
#676 = ORIENTED_EDGE('',*,*,#677,.F.);
#677 = EDGE_CURVE('',#678,#669,#680,.T.);
#678 = VERTEX_POINT('',#679);
#679 = CARTESIAN_POINT('',(13.963247751264,-4.944417025501,2.6100001));
#680 = B_SPLINE_CURVE_WITH_KNOTS('',3,(#681,#682,#683,#684),
  .UNSPECIFIED.,.F.,.F.,(4,4),(2.,3.),.PIECEWISE_BEZIER_KNOTS.);
#681 = CARTESIAN_POINT('',(13.963247751264,-4.944417025501,2.6100001));
#682 = CARTESIAN_POINT('',(13.970785996157,-4.94666983432,2.6100001));
#683 = CARTESIAN_POINT('',(13.979970524418,-4.947882885223,2.6100001));
#684 = CARTESIAN_POINT('',(13.99062804306,-4.947882885223,2.6100001));
#685 = ORIENTED_EDGE('',*,*,#686,.F.);
#686 = EDGE_CURVE('',#687,#678,#689,.T.);
#687 = VERTEX_POINT('',#688);
#688 = CARTESIAN_POINT('',(13.963247751264,-4.906639154541,2.6100001));
#689 = B_SPLINE_CURVE_WITH_KNOTS('',1,(#690,#691),.UNSPECIFIED.,.F.,.F.,
  (2,2),(-3.777787096036E-02,-0.),.PIECEWISE_BEZIER_KNOTS.);
#690 = CARTESIAN_POINT('',(13.963247751264,-4.906639154541,2.6100001));
#691 = CARTESIAN_POINT('',(13.963247751264,-4.944417025501,2.6100001));
#692 = ORIENTED_EDGE('',*,*,#693,.F.);
#693 = EDGE_CURVE('',#694,#687,#696,.T.);
#694 = VERTEX_POINT('',#695);
#695 = CARTESIAN_POINT('',(13.987335476324,-4.911491358152,2.6100001));
#696 = B_SPLINE_CURVE_WITH_KNOTS('',3,(#697,#698,#699,#700),
  .UNSPECIFIED.,.F.,.F.,(4,4),(4.,5.),.PIECEWISE_BEZIER_KNOTS.);
#697 = CARTESIAN_POINT('',(13.987335476324,-4.911491358152,2.6100001));
#698 = CARTESIAN_POINT('',(13.979537291953,-4.911491358152,2.6100001));
#699 = CARTESIAN_POINT('',(13.971565814594,-4.909931721277,2.6100001));
#700 = CARTESIAN_POINT('',(13.963247751264,-4.906639154541,2.6100001));
#701 = ORIENTED_EDGE('',*,*,#702,.F.);
#702 = EDGE_CURVE('',#703,#694,#705,.T.);
#703 = VERTEX_POINT('',#704);
#704 = CARTESIAN_POINT('',(14.030832015824,-4.877352639899,2.6100001));
#705 = B_SPLINE_CURVE_WITH_KNOTS('',3,(#706,#707,#708,#709),
  .UNSPECIFIED.,.F.,.F.,(4,4),(5.,6.),.PIECEWISE_BEZIER_KNOTS.);
#706 = CARTESIAN_POINT('',(14.030832015824,-4.877352639899,2.6100001));
#707 = CARTESIAN_POINT('',(14.021214255098,-4.900227314057,2.6100001));
#708 = CARTESIAN_POINT('',(14.006744290763,-4.911491358152,2.6100001));
#709 = CARTESIAN_POINT('',(13.987335476324,-4.911491358152,2.6100001));
#710 = ORIENTED_EDGE('',*,*,#711,.F.);
#711 = EDGE_CURVE('',#712,#703,#714,.T.);
#712 = VERTEX_POINT('',#713);
#713 = CARTESIAN_POINT('',(14.049461011825,-4.833336221441,2.6100001));
#714 = B_SPLINE_CURVE_WITH_KNOTS('',1,(#715,#716),.UNSPECIFIED.,.F.,.F.,
  (2,2),(-4.779628213468E-02,-0.),.PIECEWISE_BEZIER_KNOTS.);
#715 = CARTESIAN_POINT('',(14.049461011825,-4.833336221441,2.6100001));
#716 = CARTESIAN_POINT('',(14.030832015824,-4.877352639899,2.6100001));
#717 = ORIENTED_EDGE('',*,*,#718,.F.);
#718 = EDGE_CURVE('',#719,#712,#721,.T.);
#719 = VERTEX_POINT('',#720);
#720 = CARTESIAN_POINT('',(13.954496455468,-4.591765798884,2.6100001));
#721 = B_SPLINE_CURVE_WITH_KNOTS('',1,(#722,#723),.UNSPECIFIED.,.F.,.F.,
  (2,2),(-0.259566053286,0.),.PIECEWISE_BEZIER_KNOTS.);
#722 = CARTESIAN_POINT('',(13.954496455468,-4.591765798884,2.6100001));
#723 = CARTESIAN_POINT('',(14.049461011825,-4.833336221441,2.6100001));
#724 = ORIENTED_EDGE('',*,*,#725,.F.);
#725 = EDGE_CURVE('',#726,#719,#728,.T.);
#726 = VERTEX_POINT('',#727);
#727 = CARTESIAN_POINT('',(14.001978733647,-4.591765798884,2.6100001));
#728 = B_SPLINE_CURVE_WITH_KNOTS('',1,(#729,#730),.UNSPECIFIED.,.F.,.F.,
  (2,2),(-4.748227817866E-02,-0.),.PIECEWISE_BEZIER_KNOTS.);
#729 = CARTESIAN_POINT('',(14.001978733647,-4.591765798884,2.6100001));
#730 = CARTESIAN_POINT('',(13.954496455468,-4.591765798884,2.6100001));
#731 = ORIENTED_EDGE('',*,*,#732,.F.);
#732 = EDGE_CURVE('',#733,#726,#735,.T.);
#733 = VERTEX_POINT('',#734);
#734 = CARTESIAN_POINT('',(14.065230673555,-4.77372343424,2.6100001));
#735 = B_SPLINE_CURVE_WITH_KNOTS('',1,(#736,#737),.UNSPECIFIED.,.F.,.F.,
  (2,2),(-0.192637973844,0.),.PIECEWISE_BEZIER_KNOTS.);
#736 = CARTESIAN_POINT('',(14.065230673555,-4.77372343424,2.6100001));
#737 = CARTESIAN_POINT('',(14.001978733647,-4.591765798884,2.6100001));
#738 = ORIENTED_EDGE('',*,*,#739,.F.);
#739 = EDGE_CURVE('',#740,#733,#742,.T.);
#740 = VERTEX_POINT('',#741);
#741 = CARTESIAN_POINT('',(14.070429463138,-4.793652127636,2.6100001));
#742 = B_SPLINE_CURVE_WITH_KNOTS('',1,(#743,#744),.UNSPECIFIED.,.F.,.F.,
  (2,2),(-2.059563627603E-02,0.),.PIECEWISE_BEZIER_KNOTS.);
#743 = CARTESIAN_POINT('',(14.070429463138,-4.793652127636,2.6100001));
#744 = CARTESIAN_POINT('',(14.065230673555,-4.77372343424,2.6100001));
#745 = ORIENTED_EDGE('',*,*,#746,.F.);
#746 = EDGE_CURVE('',#747,#740,#749,.T.);
#747 = VERTEX_POINT('',#748);
#748 = CARTESIAN_POINT('',(14.071555867546,-4.793652127636,2.6100001));
#749 = B_SPLINE_CURVE_WITH_KNOTS('',1,(#750,#751),.UNSPECIFIED.,.F.,.F.,
  (2,2),(-1.126404408057E-03,-0.),.PIECEWISE_BEZIER_KNOTS.);
#750 = CARTESIAN_POINT('',(14.071555867546,-4.793652127636,2.6100001));
#751 = CARTESIAN_POINT('',(14.070429463138,-4.793652127636,2.6100001));
#752 = ORIENTED_EDGE('',*,*,#753,.F.);
#753 = EDGE_CURVE('',#648,#747,#754,.T.);
#754 = B_SPLINE_CURVE_WITH_KNOTS('',3,(#755,#756,#757,#758),
  .UNSPECIFIED.,.F.,.F.,(4,4),(12.,13.),.PIECEWISE_BEZIER_KNOTS.);
#755 = CARTESIAN_POINT('',(14.076754657129,-4.774070020211,2.6100001));
#756 = CARTESIAN_POINT('',(14.074155262339,-4.782561376528,2.6100001));
#757 = CARTESIAN_POINT('',(14.072422332475,-4.789146509997,2.6100001));
#758 = CARTESIAN_POINT('',(14.071555867546,-4.793652127636,2.6100001));
#759 = FACE_BOUND('',#760,.T.);
#760 = EDGE_LOOP('',(#761,#770,#779,#788,#797,#806,#815,#824,#833,#842,
    #851,#858,#867,#876,#885,#894,#903,#912,#921,#930,#939));
#761 = ORIENTED_EDGE('',*,*,#762,.F.);
#762 = EDGE_CURVE('',#763,#765,#767,.T.);
#763 = VERTEX_POINT('',#764);
#764 = CARTESIAN_POINT('',(13.768899667405,-4.781521618612,2.6100001));
#765 = VERTEX_POINT('',#766);
#766 = CARTESIAN_POINT('',(13.768899667405,-4.825364744082,2.6100001));
#767 = B_SPLINE_CURVE_WITH_KNOTS('',1,(#768,#769),.UNSPECIFIED.,.F.,.F.,
  (2,2),(-4.384312546991E-02,-0.),.PIECEWISE_BEZIER_KNOTS.);
#768 = CARTESIAN_POINT('',(13.768899667405,-4.781521618612,2.6100001));
#769 = CARTESIAN_POINT('',(13.768899667405,-4.825364744082,2.6100001));
#770 = ORIENTED_EDGE('',*,*,#771,.F.);
#771 = EDGE_CURVE('',#772,#763,#774,.T.);
#772 = VERTEX_POINT('',#773);
#773 = CARTESIAN_POINT('',(13.838736740785,-4.804916171728,2.6100001));
#774 = B_SPLINE_CURVE_WITH_KNOTS('',3,(#775,#776,#777,#778),
  .UNSPECIFIED.,.F.,.F.,(4,4),(0.,1.),.PIECEWISE_BEZIER_KNOTS.);
#775 = CARTESIAN_POINT('',(13.838736740785,-4.804916171728,2.6100001));
#776 = CARTESIAN_POINT('',(13.813782550793,-4.804916171728,2.6100001));
#777 = CARTESIAN_POINT('',(13.790561290662,-4.797117987356,2.6100001));
#778 = CARTESIAN_POINT('',(13.768899667405,-4.781521618612,2.6100001));
#779 = ORIENTED_EDGE('',*,*,#780,.F.);
#780 = EDGE_CURVE('',#781,#772,#783,.T.);
#781 = VERTEX_POINT('',#782);
#782 = CARTESIAN_POINT('',(13.888818413754,-4.772163797365,2.6100001));
#783 = B_SPLINE_CURVE_WITH_KNOTS('',3,(#784,#785,#786,#787),
  .UNSPECIFIED.,.F.,.F.,(4,4),(1.,2.),.PIECEWISE_BEZIER_KNOTS.);
#784 = CARTESIAN_POINT('',(13.888818413754,-4.772163797365,2.6100001));
#785 = CARTESIAN_POINT('',(13.888818413754,-4.793998713608,2.6100001));
#786 = CARTESIAN_POINT('',(13.8720956406,-4.804916171728,2.6100001));
#787 = CARTESIAN_POINT('',(13.838736740785,-4.804916171728,2.6100001));
#788 = ORIENTED_EDGE('',*,*,#789,.F.);
#789 = EDGE_CURVE('',#790,#781,#792,.T.);
#790 = VERTEX_POINT('',#791);
#791 = CARTESIAN_POINT('',(13.877900955632,-4.749115830221,2.6100001));
#792 = B_SPLINE_CURVE_WITH_KNOTS('',3,(#793,#794,#795,#796),
  .UNSPECIFIED.,.F.,.F.,(4,4),(2.,3.),.PIECEWISE_BEZIER_KNOTS.);
#793 = CARTESIAN_POINT('',(13.877900955632,-4.749115830221,2.6100001));
#794 = CARTESIAN_POINT('',(13.885179261047,-4.755181084732,2.6100001));
#795 = CARTESIAN_POINT('',(13.888818413754,-4.762805976117,2.6100001));
#796 = CARTESIAN_POINT('',(13.888818413754,-4.772163797365,2.6100001));
#797 = ORIENTED_EDGE('',*,*,#798,.F.);
#798 = EDGE_CURVE('',#799,#790,#801,.T.);
#799 = VERTEX_POINT('',#800);
#800 = CARTESIAN_POINT('',(13.833451304711,-4.727454206963,2.6100001));
#801 = B_SPLINE_CURVE_WITH_KNOTS('',3,(#802,#803,#804,#805),
  .UNSPECIFIED.,.F.,.F.,(4,4),(3.,4.),.PIECEWISE_BEZIER_KNOTS.);
#802 = CARTESIAN_POINT('',(13.833451304711,-4.727454206963,2.6100001));
#803 = CARTESIAN_POINT('',(13.855806099911,-4.735772270294,2.6100001));
#804 = CARTESIAN_POINT('',(13.870622650218,-4.743050575709,2.6100001));
#805 = CARTESIAN_POINT('',(13.877900955632,-4.749115830221,2.6100001));
#806 = ORIENTED_EDGE('',*,*,#807,.F.);
#807 = EDGE_CURVE('',#808,#799,#810,.T.);
#808 = VERTEX_POINT('',#809);
#809 = CARTESIAN_POINT('',(13.781203469415,-4.695395004543,2.6100001));
#810 = B_SPLINE_CURVE_WITH_KNOTS('',3,(#811,#812,#813,#814),
  .UNSPECIFIED.,.F.,.F.,(4,4),(4.,5.),.PIECEWISE_BEZIER_KNOTS.);
#811 = CARTESIAN_POINT('',(13.781203469415,-4.695395004543,2.6100001));
#812 = CARTESIAN_POINT('',(13.789174946774,-4.705965876692,2.6100001));
#813 = CARTESIAN_POINT('',(13.806677538365,-4.716710041829,2.6100001));
#814 = CARTESIAN_POINT('',(13.833451304711,-4.727454206963,2.6100001));
#815 = ORIENTED_EDGE('',*,*,#816,.F.);
#816 = EDGE_CURVE('',#817,#808,#819,.T.);
#817 = VERTEX_POINT('',#818);
#818 = CARTESIAN_POINT('',(13.769159606884,-4.657097254625,2.6100001));
#819 = B_SPLINE_CURVE_WITH_KNOTS('',3,(#820,#821,#822,#823),
  .UNSPECIFIED.,.F.,.F.,(4,4),(5.,6.),.PIECEWISE_BEZIER_KNOTS.);
#820 = CARTESIAN_POINT('',(13.769159606884,-4.657097254625,2.6100001));
#821 = CARTESIAN_POINT('',(13.769159606884,-4.672000451427,2.6100001));
#822 = CARTESIAN_POINT('',(13.773145345564,-4.684824132394,2.6100001));
#823 = CARTESIAN_POINT('',(13.781203469415,-4.695395004543,2.6100001));
#824 = ORIENTED_EDGE('',*,*,#825,.F.);
#825 = EDGE_CURVE('',#826,#817,#828,.T.);
#826 = VERTEX_POINT('',#827);
#827 = CARTESIAN_POINT('',(13.796366605695,-4.605455944782,2.6100001));
#828 = B_SPLINE_CURVE_WITH_KNOTS('',3,(#829,#830,#831,#832),
  .UNSPECIFIED.,.F.,.F.,(4,4),(6.,7.),.PIECEWISE_BEZIER_KNOTS.);
#829 = CARTESIAN_POINT('',(13.796366605695,-4.605455944782,2.6100001));
#830 = CARTESIAN_POINT('',(13.778257488652,-4.618452918735,2.6100001));
#831 = CARTESIAN_POINT('',(13.769159606884,-4.635608924356,2.6100001));
#832 = CARTESIAN_POINT('',(13.769159606884,-4.657097254625,2.6100001));
#833 = ORIENTED_EDGE('',*,*,#834,.F.);
#834 = EDGE_CURVE('',#835,#826,#837,.T.);
#835 = VERTEX_POINT('',#836);
#836 = CARTESIAN_POINT('',(13.863430991297,-4.586220423329,2.6100001));
#837 = B_SPLINE_CURVE_WITH_KNOTS('',3,(#838,#839,#840,#841),
  .UNSPECIFIED.,.F.,.F.,(4,4),(7.,8.),.PIECEWISE_BEZIER_KNOTS.);
#838 = CARTESIAN_POINT('',(13.863430991297,-4.586220423329,2.6100001));
#839 = CARTESIAN_POINT('',(13.836917164431,-4.586220423329,2.6100001));
#840 = CARTESIAN_POINT('',(13.81456236923,-4.592632263813,2.6100001));
#841 = CARTESIAN_POINT('',(13.796366605695,-4.605455944782,2.6100001));
#842 = ORIENTED_EDGE('',*,*,#843,.F.);
#843 = EDGE_CURVE('',#844,#835,#846,.T.);
#844 = VERTEX_POINT('',#845);
#845 = CARTESIAN_POINT('',(13.920790969681,-4.596964588466,2.6100001));
#846 = B_SPLINE_CURVE_WITH_KNOTS('',3,(#847,#848,#849,#850),
  .UNSPECIFIED.,.F.,.F.,(4,4),(8.,9.),.PIECEWISE_BEZIER_KNOTS.);
#847 = CARTESIAN_POINT('',(13.920790969681,-4.596964588466,2.6100001));
#848 = CARTESIAN_POINT('',(13.903115085103,-4.589686283051,2.6100001));
#849 = CARTESIAN_POINT('',(13.884052856637,-4.586220423329,2.6100001));
#850 = CARTESIAN_POINT('',(13.863430991297,-4.586220423329,2.6100001));
#851 = ORIENTED_EDGE('',*,*,#852,.F.);
#852 = EDGE_CURVE('',#853,#844,#855,.T.);
#853 = VERTEX_POINT('',#854);
#854 = CARTESIAN_POINT('',(13.920790969681,-4.638208319146,2.6100001));
#855 = B_SPLINE_CURVE_WITH_KNOTS('',1,(#856,#857),.UNSPECIFIED.,.F.,.F.,
  (2,2),(-4.124373067977E-02,0.),.PIECEWISE_BEZIER_KNOTS.);
#856 = CARTESIAN_POINT('',(13.920790969681,-4.638208319146,2.6100001));
#857 = CARTESIAN_POINT('',(13.920790969681,-4.596964588466,2.6100001));
#858 = ORIENTED_EDGE('',*,*,#859,.F.);
#859 = EDGE_CURVE('',#860,#853,#862,.T.);
#860 = VERTEX_POINT('',#861);
#861 = CARTESIAN_POINT('',(13.859271959632,-4.620705727554,2.6100001));
#862 = B_SPLINE_CURVE_WITH_KNOTS('',3,(#863,#864,#865,#866),
  .UNSPECIFIED.,.F.,.F.,(4,4),(10.,11.),.PIECEWISE_BEZIER_KNOTS.);
#863 = CARTESIAN_POINT('',(13.859271959632,-4.620705727554,2.6100001));
#864 = CARTESIAN_POINT('',(13.882233280284,-4.620705727554,2.6100001));
#865 = CARTESIAN_POINT('',(13.902681852638,-4.62659768908,2.6100001));
#866 = CARTESIAN_POINT('',(13.920790969681,-4.638208319146,2.6100001));
#867 = ORIENTED_EDGE('',*,*,#868,.F.);
#868 = EDGE_CURVE('',#869,#860,#871,.T.);
#869 = VERTEX_POINT('',#870);
#870 = CARTESIAN_POINT('',(13.825826413324,-4.62971696283,2.6100001));
#871 = B_SPLINE_CURVE_WITH_KNOTS('',3,(#872,#873,#874,#875),
  .UNSPECIFIED.,.F.,.F.,(4,4),(11.,12.),.PIECEWISE_BEZIER_KNOTS.);
#872 = CARTESIAN_POINT('',(13.825826413324,-4.62971696283,2.6100001));
#873 = CARTESIAN_POINT('',(13.834404416133,-4.623651708318,2.6100001));
#874 = CARTESIAN_POINT('',(13.845581813734,-4.620705727554,2.6100001));
#875 = CARTESIAN_POINT('',(13.859271959632,-4.620705727554,2.6100001));
#876 = ORIENTED_EDGE('',*,*,#877,.F.);
#877 = EDGE_CURVE('',#878,#869,#880,.T.);
#878 = VERTEX_POINT('',#879);
#879 = CARTESIAN_POINT('',(13.812916085862,-4.653284808932,2.6100001));
#880 = B_SPLINE_CURVE_WITH_KNOTS('',3,(#881,#882,#883,#884),
  .UNSPECIFIED.,.F.,.F.,(4,4),(12.,13.),.PIECEWISE_BEZIER_KNOTS.);
#881 = CARTESIAN_POINT('',(13.812916085862,-4.653284808932,2.6100001));
#882 = CARTESIAN_POINT('',(13.812916085862,-4.643580401715,2.6100001));
#883 = CARTESIAN_POINT('',(13.817248410515,-4.635608924356,2.6100001));
#884 = CARTESIAN_POINT('',(13.825826413324,-4.62971696283,2.6100001));
#885 = ORIENTED_EDGE('',*,*,#886,.F.);
#886 = EDGE_CURVE('',#887,#878,#889,.T.);
#887 = VERTEX_POINT('',#888);
#888 = CARTESIAN_POINT('',(13.822187260616,-4.675812897118,2.6100001));
#889 = B_SPLINE_CURVE_WITH_KNOTS('',3,(#890,#891,#892,#893),
  .UNSPECIFIED.,.F.,.F.,(4,4),(13.,14.),.PIECEWISE_BEZIER_KNOTS.);
#890 = CARTESIAN_POINT('',(13.822187260616,-4.675812897118,2.6100001));
#891 = CARTESIAN_POINT('',(13.816035359611,-4.670440814552,2.6100001));
#892 = CARTESIAN_POINT('',(13.812916085862,-4.662989216151,2.6100001));
#893 = CARTESIAN_POINT('',(13.812916085862,-4.653284808932,2.6100001));
#894 = ORIENTED_EDGE('',*,*,#895,.F.);
#895 = EDGE_CURVE('',#896,#887,#898,.T.);
#896 = VERTEX_POINT('',#897);
#897 = CARTESIAN_POINT('',(13.863430991297,-4.696608055446,2.6100001));
#898 = B_SPLINE_CURVE_WITH_KNOTS('',3,(#899,#900,#901,#902),
  .UNSPECIFIED.,.F.,.F.,(4,4),(14.,15.),.PIECEWISE_BEZIER_KNOTS.);
#899 = CARTESIAN_POINT('',(13.863430991297,-4.696608055446,2.6100001));
#900 = CARTESIAN_POINT('',(13.842115954013,-4.688289992116,2.6100001));
#901 = CARTESIAN_POINT('',(13.828425808115,-4.681358272673,2.6100001));
#902 = CARTESIAN_POINT('',(13.822187260616,-4.675812897118,2.6100001));
#903 = ORIENTED_EDGE('',*,*,#904,.F.);
#904 = EDGE_CURVE('',#905,#896,#907,.T.);
#905 = VERTEX_POINT('',#906);
#906 = CARTESIAN_POINT('',(13.91819157489,-4.727974085921,2.6100001));
#907 = B_SPLINE_CURVE_WITH_KNOTS('',3,(#908,#909,#910,#911),
  .UNSPECIFIED.,.F.,.F.,(4,4),(15.,16.),.PIECEWISE_BEZIER_KNOTS.);
#908 = CARTESIAN_POINT('',(13.91819157489,-4.727974085921,2.6100001));
#909 = CARTESIAN_POINT('',(13.908660460657,-4.717229920786,2.6100001));
#910 = CARTESIAN_POINT('',(13.890464697122,-4.706659048638,2.6100001));
#911 = CARTESIAN_POINT('',(13.863430991297,-4.696608055446,2.6100001));
#912 = ORIENTED_EDGE('',*,*,#913,.F.);
#913 = EDGE_CURVE('',#914,#905,#916,.T.);
#914 = VERTEX_POINT('',#915);
#915 = CARTESIAN_POINT('',(13.932401599746,-4.7680047657,2.6100001));
#916 = B_SPLINE_CURVE_WITH_KNOTS('',3,(#917,#918,#919,#920),
  .UNSPECIFIED.,.F.,.F.,(4,4),(16.,17.),.PIECEWISE_BEZIER_KNOTS.);
#917 = CARTESIAN_POINT('',(13.932401599746,-4.7680047657,2.6100001));
#918 = CARTESIAN_POINT('',(13.932401599746,-4.752061810982,2.6100001));
#919 = CARTESIAN_POINT('',(13.927636042629,-4.738718251055,2.6100001));
#920 = CARTESIAN_POINT('',(13.91819157489,-4.727974085921,2.6100001));
#921 = ORIENTED_EDGE('',*,*,#922,.F.);
#922 = EDGE_CURVE('',#923,#914,#925,.T.);
#923 = VERTEX_POINT('',#924);
#924 = CARTESIAN_POINT('',(13.905107954443,-4.820339247488,2.6100001));
#925 = B_SPLINE_CURVE_WITH_KNOTS('',3,(#926,#927,#928,#929),
  .UNSPECIFIED.,.F.,.F.,(4,4),(17.,18.),.PIECEWISE_BEZIER_KNOTS.);
#926 = CARTESIAN_POINT('',(13.905107954443,-4.820339247488,2.6100001));
#927 = CARTESIAN_POINT('',(13.923303717978,-4.807688859504,2.6100001));
#928 = CARTESIAN_POINT('',(13.932401599746,-4.790186267915,2.6100001));
#929 = CARTESIAN_POINT('',(13.932401599746,-4.7680047657,2.6100001));
#930 = ORIENTED_EDGE('',*,*,#931,.F.);
#931 = EDGE_CURVE('',#932,#923,#934,.T.);
#932 = VERTEX_POINT('',#933);
#933 = CARTESIAN_POINT('',(13.83457770912,-4.839574768939,2.6100001));
#934 = B_SPLINE_CURVE_WITH_KNOTS('',3,(#935,#936,#937,#938),
  .UNSPECIFIED.,.F.,.F.,(4,4),(18.,19.),.PIECEWISE_BEZIER_KNOTS.);
#935 = CARTESIAN_POINT('',(13.83457770912,-4.839574768939,2.6100001));
#936 = CARTESIAN_POINT('',(13.863430991297,-4.839574768939,2.6100001));
#937 = CARTESIAN_POINT('',(13.8869988374,-4.833162928455,2.6100001));
#938 = CARTESIAN_POINT('',(13.905107954443,-4.820339247488,2.6100001));
#939 = ORIENTED_EDGE('',*,*,#940,.F.);
#940 = EDGE_CURVE('',#765,#932,#941,.T.);
#941 = B_SPLINE_CURVE_WITH_KNOTS('',3,(#942,#943,#944,#945),
  .UNSPECIFIED.,.F.,.F.,(4,4),(19.,20.),.PIECEWISE_BEZIER_KNOTS.);
#942 = CARTESIAN_POINT('',(13.768899667405,-4.825364744082,2.6100001));
#943 = CARTESIAN_POINT('',(13.787615309899,-4.83472256533,2.6100001));
#944 = CARTESIAN_POINT('',(13.809450226142,-4.839574768939,2.6100001));
#945 = CARTESIAN_POINT('',(13.83457770912,-4.839574768939,2.6100001));
#946 = FACE_BOUND('',#947,.T.);
#947 = EDGE_LOOP('',(#948,#957,#966,#975,#982,#989,#996,#1003,#1012,
    #1021,#1030,#1039,#1046,#1055));
#948 = ORIENTED_EDGE('',*,*,#949,.F.);
#949 = EDGE_CURVE('',#950,#952,#954,.T.);
#950 = VERTEX_POINT('',#951);
#951 = CARTESIAN_POINT('',(13.540499511787,-4.608748511516,2.6100001));
#952 = VERTEX_POINT('',#953);
#953 = CARTESIAN_POINT('',(13.540499511787,-4.649992242198,2.6100001));
#954 = B_SPLINE_CURVE_WITH_KNOTS('',1,(#955,#956),.UNSPECIFIED.,.F.,.F.,
  (2,2),(-4.12437306821E-02,-0.),.PIECEWISE_BEZIER_KNOTS.);
#955 = CARTESIAN_POINT('',(13.540499511787,-4.608748511516,2.6100001));
#956 = CARTESIAN_POINT('',(13.540499511787,-4.649992242198,2.6100001));
#957 = ORIENTED_EDGE('',*,*,#958,.F.);
#958 = EDGE_CURVE('',#959,#950,#961,.T.);
#959 = VERTEX_POINT('',#960);
#960 = CARTESIAN_POINT('',(13.623853438079,-4.586220423329,2.6100001));
#961 = B_SPLINE_CURVE_WITH_KNOTS('',3,(#962,#963,#964,#965),
  .UNSPECIFIED.,.F.,.F.,(4,4),(0.,1.),.PIECEWISE_BEZIER_KNOTS.);
#962 = CARTESIAN_POINT('',(13.623853438079,-4.586220423329,2.6100001));
#963 = CARTESIAN_POINT('',(13.592314114618,-4.586220423329,2.6100001));
#964 = CARTESIAN_POINT('',(13.564500590356,-4.59367202173,2.6100001));
#965 = CARTESIAN_POINT('',(13.540499511787,-4.608748511516,2.6100001));
#966 = ORIENTED_EDGE('',*,*,#967,.F.);
#967 = EDGE_CURVE('',#968,#959,#970,.T.);
#968 = VERTEX_POINT('',#969);
#969 = CARTESIAN_POINT('',(13.711366396036,-4.678065705939,2.6100001));
#970 = B_SPLINE_CURVE_WITH_KNOTS('',3,(#971,#972,#973,#974),
  .UNSPECIFIED.,.F.,.F.,(4,4),(1.,2.),.PIECEWISE_BEZIER_KNOTS.);
#971 = CARTESIAN_POINT('',(13.711366396036,-4.678065705939,2.6100001));
#972 = CARTESIAN_POINT('',(13.711366396036,-4.616719988875,2.6100001));
#973 = CARTESIAN_POINT('',(13.682166527886,-4.586220423329,2.6100001));
#974 = CARTESIAN_POINT('',(13.623853438079,-4.586220423329,2.6100001));
#975 = ORIENTED_EDGE('',*,*,#976,.F.);
#976 = EDGE_CURVE('',#977,#968,#979,.T.);
#977 = VERTEX_POINT('',#978);
#978 = CARTESIAN_POINT('',(13.711366396036,-4.833856100399,2.6100001));
#979 = B_SPLINE_CURVE_WITH_KNOTS('',1,(#980,#981),.UNSPECIFIED.,.F.,.F.,
  (2,2),(-0.15579039446,8.881784197001E-16),.PIECEWISE_BEZIER_KNOTS.);
#980 = CARTESIAN_POINT('',(13.711366396036,-4.833856100399,2.6100001));
#981 = CARTESIAN_POINT('',(13.711366396036,-4.678065705939,2.6100001));
#982 = ORIENTED_EDGE('',*,*,#983,.F.);
#983 = EDGE_CURVE('',#984,#977,#986,.T.);
#984 = VERTEX_POINT('',#985);
#985 = CARTESIAN_POINT('',(13.668909614453,-4.833856100399,2.6100001));
#986 = B_SPLINE_CURVE_WITH_KNOTS('',1,(#987,#988),.UNSPECIFIED.,.F.,.F.,
  (2,2),(-4.245678158308E-02,0.),.PIECEWISE_BEZIER_KNOTS.);
#987 = CARTESIAN_POINT('',(13.668909614453,-4.833856100399,2.6100001));
#988 = CARTESIAN_POINT('',(13.711366396036,-4.833856100399,2.6100001));
#989 = ORIENTED_EDGE('',*,*,#990,.F.);
#990 = EDGE_CURVE('',#991,#984,#993,.T.);
#991 = VERTEX_POINT('',#992);
#992 = CARTESIAN_POINT('',(13.668909614453,-4.796424815412,2.6100001));
#993 = B_SPLINE_CURVE_WITH_KNOTS('',1,(#994,#995),.UNSPECIFIED.,.F.,.F.,
  (2,2),(-3.743128498634E-02,-0.),.PIECEWISE_BEZIER_KNOTS.);
#994 = CARTESIAN_POINT('',(13.668909614453,-4.796424815412,2.6100001));
#995 = CARTESIAN_POINT('',(13.668909614453,-4.833856100399,2.6100001));
#996 = ORIENTED_EDGE('',*,*,#997,.F.);
#997 = EDGE_CURVE('',#998,#991,#1000,.T.);
#998 = VERTEX_POINT('',#999);
#999 = CARTESIAN_POINT('',(13.667783210043,-4.796424815412,2.6100001));
#1000 = B_SPLINE_CURVE_WITH_KNOTS('',1,(#1001,#1002),.UNSPECIFIED.,.F.,
  .F.,(2,2),(-1.126404409211E-03,0.),.PIECEWISE_BEZIER_KNOTS.);
#1001 = CARTESIAN_POINT('',(13.667783210043,-4.796424815412,2.6100001));
#1002 = CARTESIAN_POINT('',(13.668909614453,-4.796424815412,2.6100001));
#1003 = ORIENTED_EDGE('',*,*,#1004,.F.);
#1004 = EDGE_CURVE('',#1005,#998,#1007,.T.);
#1005 = VERTEX_POINT('',#1006);
#1006 = CARTESIAN_POINT('',(13.593613812013,-4.839574768939,2.6100001));
#1007 = B_SPLINE_CURVE_WITH_KNOTS('',3,(#1008,#1009,#1010,#1011),
  .UNSPECIFIED.,.F.,.F.,(4,4),(6.,7.),.PIECEWISE_BEZIER_KNOTS.);
#1008 = CARTESIAN_POINT('',(13.593613812013,-4.839574768939,2.6100001));
#1009 = CARTESIAN_POINT('',(13.626279539884,-4.839574768939,2.6100001));
#1010 = CARTESIAN_POINT('',(13.65106043689,-4.825191451097,2.6100001));
#1011 = CARTESIAN_POINT('',(13.667783210043,-4.796424815412,2.6100001));
#1012 = ORIENTED_EDGE('',*,*,#1013,.F.);
#1013 = EDGE_CURVE('',#1014,#1005,#1016,.T.);
#1014 = VERTEX_POINT('',#1015);
#1015 = CARTESIAN_POINT('',(13.537640177518,-4.820512540474,2.6100001));
#1016 = B_SPLINE_CURVE_WITH_KNOTS('',3,(#1017,#1018,#1019,#1020),
  .UNSPECIFIED.,.F.,.F.,(4,4),(7.,8.),.PIECEWISE_BEZIER_KNOTS.);
#1017 = CARTESIAN_POINT('',(13.537640177518,-4.820512540474,2.6100001));
#1018 = CARTESIAN_POINT('',(13.551503616402,-4.833162928455,2.6100001));
#1019 = CARTESIAN_POINT('',(13.570132612403,-4.839574768939,2.6100001));
#1020 = CARTESIAN_POINT('',(13.593613812013,-4.839574768939,2.6100001));
#1021 = ORIENTED_EDGE('',*,*,#1022,.F.);
#1022 = EDGE_CURVE('',#1023,#1014,#1025,.T.);
#1023 = VERTEX_POINT('',#1024);
#1024 = CARTESIAN_POINT('',(13.516845019191,-4.769044523615,2.6100001));
#1025 = B_SPLINE_CURVE_WITH_KNOTS('',3,(#1026,#1027,#1028,#1029),
  .UNSPECIFIED.,.F.,.F.,(4,4),(8.,9.),.PIECEWISE_BEZIER_KNOTS.);
#1026 = CARTESIAN_POINT('',(13.516845019191,-4.769044523615,2.6100001));
#1027 = CARTESIAN_POINT('',(13.516845019191,-4.790706146872,2.6100001));
#1028 = CARTESIAN_POINT('',(13.523776738634,-4.807862152493,2.6100001));
#1029 = CARTESIAN_POINT('',(13.537640177518,-4.820512540474,2.6100001));
#1030 = ORIENTED_EDGE('',*,*,#1031,.F.);
#1031 = EDGE_CURVE('',#1032,#1023,#1034,.T.);
#1032 = VERTEX_POINT('',#1033);
#1033 = CARTESIAN_POINT('',(13.597166318226,-4.690022921975,2.6100001));
#1034 = B_SPLINE_CURVE_WITH_KNOTS('',3,(#1035,#1036,#1037,#1038),
  .UNSPECIFIED.,.F.,.F.,(4,4),(9.,10.),.PIECEWISE_BEZIER_KNOTS.);
#1035 = CARTESIAN_POINT('',(13.597166318226,-4.690022921975,2.6100001));
#1036 = CARTESIAN_POINT('',(13.543618785537,-4.697474520376,2.6100001));
#1037 = CARTESIAN_POINT('',(13.516845019191,-4.723815054256,2.6100001));
#1038 = CARTESIAN_POINT('',(13.516845019191,-4.769044523615,2.6100001));
#1039 = ORIENTED_EDGE('',*,*,#1040,.F.);
#1040 = EDGE_CURVE('',#1041,#1032,#1043,.T.);
#1041 = VERTEX_POINT('',#1042);
#1042 = CARTESIAN_POINT('',(13.668909614453,-4.679971928783,2.6100001));
#1043 = B_SPLINE_CURVE_WITH_KNOTS('',1,(#1044,#1045),.UNSPECIFIED.,.F.,
  .F.,(2,2),(-7.244393016341E-02,-0.),.PIECEWISE_BEZIER_KNOTS.);
#1044 = CARTESIAN_POINT('',(13.668909614453,-4.679971928783,2.6100001));
#1045 = CARTESIAN_POINT('',(13.597166318226,-4.690022921975,2.6100001));
#1046 = ORIENTED_EDGE('',*,*,#1047,.F.);
#1047 = EDGE_CURVE('',#1048,#1041,#1050,.T.);
#1048 = VERTEX_POINT('',#1049);
#1049 = CARTESIAN_POINT('',(13.6198676994,-4.620705727554,2.6100001));
#1050 = B_SPLINE_CURVE_WITH_KNOTS('',3,(#1051,#1052,#1053,#1054),
  .UNSPECIFIED.,.F.,.F.,(4,4),(11.,12.),.PIECEWISE_BEZIER_KNOTS.);
#1051 = CARTESIAN_POINT('',(13.6198676994,-4.620705727554,2.6100001));
#1052 = CARTESIAN_POINT('',(13.652533427271,-4.620705727554,2.6100001));
#1053 = CARTESIAN_POINT('',(13.668909614453,-4.640461127965,2.6100001));
#1054 = CARTESIAN_POINT('',(13.668909614453,-4.679971928783,2.6100001));
#1055 = ORIENTED_EDGE('',*,*,#1056,.F.);
#1056 = EDGE_CURVE('',#952,#1048,#1057,.T.);
#1057 = B_SPLINE_CURVE_WITH_KNOTS('',3,(#1058,#1059,#1060,#1061),
  .UNSPECIFIED.,.F.,.F.,(4,4),(12.,13.),.PIECEWISE_BEZIER_KNOTS.);
#1058 = CARTESIAN_POINT('',(13.540499511787,-4.649992242198,2.6100001));
#1059 = CARTESIAN_POINT('',(13.564413943863,-4.630583427759,2.6100001));
#1060 = CARTESIAN_POINT('',(13.590841124236,-4.620705727554,2.6100001));
#1061 = CARTESIAN_POINT('',(13.6198676994,-4.620705727554,2.6100001));
#1062 = FACE_BOUND('',#1063,.T.);
#1063 = EDGE_LOOP('',(#1064,#1075,#1082,#1089,#1096,#1105,#1114));
#1064 = ORIENTED_EDGE('',*,*,#1065,.F.);
#1065 = EDGE_CURVE('',#1066,#1068,#1070,.T.);
#1066 = VERTEX_POINT('',#1067);
#1067 = CARTESIAN_POINT('',(14.147718134917,-4.296127964677,2.6100001));
#1068 = VERTEX_POINT('',#1069);
#1069 = CARTESIAN_POINT('',(14.279334157825,-4.2486456865,2.6100001));
#1070 = B_SPLINE_CURVE_WITH_KNOTS('',3,(#1071,#1072,#1073,#1074),
  .UNSPECIFIED.,.F.,.F.,(4,4),(5.,6.),.PIECEWISE_BEZIER_KNOTS.);
#1071 = CARTESIAN_POINT('',(14.147718134917,-4.296127964677,2.6100001));
#1072 = CARTESIAN_POINT('',(14.2013523141,-4.296127964677,2.6100001));
#1073 = CARTESIAN_POINT('',(14.245282086065,-4.280358302946,2.6100001));
#1074 = CARTESIAN_POINT('',(14.279334157825,-4.2486456865,2.6100001));
#1075 = ORIENTED_EDGE('',*,*,#1076,.F.);
#1076 = EDGE_CURVE('',#1077,#1066,#1079,.T.);
#1077 = VERTEX_POINT('',#1078);
#1078 = CARTESIAN_POINT('',(14.054486508421,-4.296127964677,2.6100001));
#1079 = B_SPLINE_CURVE_WITH_KNOTS('',1,(#1080,#1081),.UNSPECIFIED.,.F.,
  .F.,(2,2),(-9.323162649646E-02,1.7763568394E-15),
  .PIECEWISE_BEZIER_KNOTS.);
#1080 = CARTESIAN_POINT('',(14.054486508421,-4.296127964677,2.6100001));
#1081 = CARTESIAN_POINT('',(14.147718134917,-4.296127964677,2.6100001));
#1082 = ORIENTED_EDGE('',*,*,#1083,.F.);
#1083 = EDGE_CURVE('',#1084,#1077,#1086,.T.);
#1084 = VERTEX_POINT('',#1085);
#1085 = CARTESIAN_POINT('',(14.054486508421,-3.957166883958,2.6100001));
#1086 = B_SPLINE_CURVE_WITH_KNOTS('',1,(#1087,#1088),.UNSPECIFIED.,.F.,
  .F.,(2,2),(-0.338961080719,-0.),.PIECEWISE_BEZIER_KNOTS.);
#1087 = CARTESIAN_POINT('',(14.054486508421,-3.957166883958,2.6100001));
#1088 = CARTESIAN_POINT('',(14.054486508421,-4.296127964677,2.6100001));
#1089 = ORIENTED_EDGE('',*,*,#1090,.F.);
#1090 = EDGE_CURVE('',#1091,#1084,#1093,.T.);
#1091 = VERTEX_POINT('',#1092);
#1092 = CARTESIAN_POINT('',(14.151183994639,-3.957166883958,2.6100001));
#1093 = B_SPLINE_CURVE_WITH_KNOTS('',1,(#1094,#1095),.UNSPECIFIED.,.F.,
  .F.,(2,2),(-9.669748621818E-02,-0.),.PIECEWISE_BEZIER_KNOTS.);
#1094 = CARTESIAN_POINT('',(14.151183994639,-3.957166883958,2.6100001));
#1095 = CARTESIAN_POINT('',(14.054486508421,-3.957166883958,2.6100001));
#1096 = ORIENTED_EDGE('',*,*,#1097,.F.);
#1097 = EDGE_CURVE('',#1098,#1091,#1100,.T.);
#1098 = VERTEX_POINT('',#1099);
#1099 = CARTESIAN_POINT('',(14.279334157825,-4.002049767346,2.6100001));
#1100 = B_SPLINE_CURVE_WITH_KNOTS('',3,(#1101,#1102,#1103,#1104),
  .UNSPECIFIED.,.F.,.F.,(4,4),(2.,3.),.PIECEWISE_BEZIER_KNOTS.);
#1101 = CARTESIAN_POINT('',(14.279334157825,-4.002049767346,2.6100001));
#1102 = CARTESIAN_POINT('',(14.245282086065,-3.972070080758,2.6100001));
#1103 = CARTESIAN_POINT('',(14.202565365003,-3.957166883958,2.6100001));
#1104 = CARTESIAN_POINT('',(14.151183994639,-3.957166883958,2.6100001));
#1105 = ORIENTED_EDGE('',*,*,#1106,.F.);
#1106 = EDGE_CURVE('',#1107,#1098,#1109,.T.);
#1107 = VERTEX_POINT('',#1108);
#1108 = CARTESIAN_POINT('',(14.33045558871,-4.122315099666,2.6100001));
#1109 = B_SPLINE_CURVE_WITH_KNOTS('',3,(#1110,#1111,#1112,#1113),
  .UNSPECIFIED.,.F.,.F.,(4,4),(3.,4.),.PIECEWISE_BEZIER_KNOTS.);
#1110 = CARTESIAN_POINT('',(14.33045558871,-4.122315099666,2.6100001));
#1111 = CARTESIAN_POINT('',(14.33045558871,-4.072060133712,2.6100001));
#1112 = CARTESIAN_POINT('',(14.313386229584,-4.032029453933,2.6100001));
#1113 = CARTESIAN_POINT('',(14.279334157825,-4.002049767346,2.6100001));
#1114 = ORIENTED_EDGE('',*,*,#1115,.F.);
#1115 = EDGE_CURVE('',#1068,#1107,#1116,.T.);
#1116 = B_SPLINE_CURVE_WITH_KNOTS('',3,(#1117,#1118,#1119,#1120),
  .UNSPECIFIED.,.F.,.F.,(4,4),(4.,5.),.PIECEWISE_BEZIER_KNOTS.);
#1117 = CARTESIAN_POINT('',(14.279334157825,-4.2486456865,2.6100001));
#1118 = CARTESIAN_POINT('',(14.313386229584,-4.216933070051,2.6100001));
#1119 = CARTESIAN_POINT('',(14.33045558871,-4.17482287444,2.6100001));
#1120 = CARTESIAN_POINT('',(14.33045558871,-4.122315099666,2.6100001));
#1121 = FACE_BOUND('',#1122,.T.);
#1122 = EDGE_LOOP('',(#1123,#1132,#1139,#1146));
#1123 = ORIENTED_EDGE('',*,*,#1124,.F.);
#1124 = EDGE_CURVE('',#1125,#1127,#1129,.T.);
#1125 = VERTEX_POINT('',#1126);
#1126 = CARTESIAN_POINT('',(12.69,-0.858790135244,2.6100001));
#1127 = VERTEX_POINT('',#1128);
#1128 = CARTESIAN_POINT('',(12.69,4.721209864756,2.6100001));
#1129 = B_SPLINE_CURVE_WITH_KNOTS('',1,(#1130,#1131),.UNSPECIFIED.,.F.,
  .F.,(2,2),(-5.58,0.),.PIECEWISE_BEZIER_KNOTS.);
#1130 = CARTESIAN_POINT('',(12.69,-0.858790135244,2.6100001));
#1131 = CARTESIAN_POINT('',(12.69,4.721209864756,2.6100001));
#1132 = ORIENTED_EDGE('',*,*,#1133,.F.);
#1133 = EDGE_CURVE('',#1134,#1125,#1136,.T.);
#1134 = VERTEX_POINT('',#1135);
#1135 = CARTESIAN_POINT('',(-9.69,-0.858790135244,2.6100001));
#1136 = B_SPLINE_CURVE_WITH_KNOTS('',1,(#1137,#1138),.UNSPECIFIED.,.F.,
  .F.,(2,2),(0.,22.38),.PIECEWISE_BEZIER_KNOTS.);
#1137 = CARTESIAN_POINT('',(-9.69,-0.858790135244,2.6100001));
#1138 = CARTESIAN_POINT('',(12.69,-0.858790135244,2.6100001));
#1139 = ORIENTED_EDGE('',*,*,#1140,.F.);
#1140 = EDGE_CURVE('',#1141,#1134,#1143,.T.);
#1141 = VERTEX_POINT('',#1142);
#1142 = CARTESIAN_POINT('',(-9.69,4.721209864756,2.6100001));
#1143 = B_SPLINE_CURVE_WITH_KNOTS('',1,(#1144,#1145),.UNSPECIFIED.,.F.,
  .F.,(2,2),(0.,5.58),.PIECEWISE_BEZIER_KNOTS.);
#1144 = CARTESIAN_POINT('',(-9.69,4.721209864756,2.6100001));
#1145 = CARTESIAN_POINT('',(-9.69,-0.858790135244,2.6100001));
#1146 = ORIENTED_EDGE('',*,*,#1147,.F.);
#1147 = EDGE_CURVE('',#1127,#1141,#1148,.T.);
#1148 = B_SPLINE_CURVE_WITH_KNOTS('',1,(#1149,#1150),.UNSPECIFIED.,.F.,
  .F.,(2,2),(-22.38,-0.),.PIECEWISE_BEZIER_KNOTS.);
#1149 = CARTESIAN_POINT('',(12.69,4.721209864756,2.6100001));
#1150 = CARTESIAN_POINT('',(-9.69,4.721209864756,2.6100001));
#1151 = FACE_BOUND('',#1152,.T.);
#1152 = EDGE_LOOP('',(#1153,#1162,#1169,#1176));
#1153 = ORIENTED_EDGE('',*,*,#1154,.T.);
#1154 = EDGE_CURVE('',#1155,#1157,#1159,.T.);
#1155 = VERTEX_POINT('',#1156);
#1156 = CARTESIAN_POINT('',(16.5,-5.78,2.6100001));
#1157 = VERTEX_POINT('',#1158);
#1158 = CARTESIAN_POINT('',(16.5,5.78,2.6100001));
#1159 = B_SPLINE_CURVE_WITH_KNOTS('',1,(#1160,#1161),.UNSPECIFIED.,.F.,
  .F.,(2,2),(-11.56,0.),.PIECEWISE_BEZIER_KNOTS.);
#1160 = CARTESIAN_POINT('',(16.5,-5.78,2.6100001));
#1161 = CARTESIAN_POINT('',(16.5,5.78,2.6100001));
#1162 = ORIENTED_EDGE('',*,*,#1163,.T.);
#1163 = EDGE_CURVE('',#1157,#1164,#1166,.T.);
#1164 = VERTEX_POINT('',#1165);
#1165 = CARTESIAN_POINT('',(-13.5,5.78,2.6100001));
#1166 = B_SPLINE_CURVE_WITH_KNOTS('',1,(#1167,#1168),.UNSPECIFIED.,.F.,
  .F.,(2,2),(-30.,-0.),.PIECEWISE_BEZIER_KNOTS.);
#1167 = CARTESIAN_POINT('',(16.5,5.78,2.6100001));
#1168 = CARTESIAN_POINT('',(-13.5,5.78,2.6100001));
#1169 = ORIENTED_EDGE('',*,*,#1170,.T.);
#1170 = EDGE_CURVE('',#1164,#1171,#1173,.T.);
#1171 = VERTEX_POINT('',#1172);
#1172 = CARTESIAN_POINT('',(-13.5,-5.78,2.6100001));
#1173 = B_SPLINE_CURVE_WITH_KNOTS('',1,(#1174,#1175),.UNSPECIFIED.,.F.,
  .F.,(2,2),(0.,11.56),.PIECEWISE_BEZIER_KNOTS.);
#1174 = CARTESIAN_POINT('',(-13.5,5.78,2.6100001));
#1175 = CARTESIAN_POINT('',(-13.5,-5.78,2.6100001));
#1176 = ORIENTED_EDGE('',*,*,#1177,.T.);
#1177 = EDGE_CURVE('',#1171,#1155,#1178,.T.);
#1178 = B_SPLINE_CURVE_WITH_KNOTS('',1,(#1179,#1180),.UNSPECIFIED.,.F.,
  .F.,(2,2),(0.,30.),.PIECEWISE_BEZIER_KNOTS.);
#1179 = CARTESIAN_POINT('',(-13.5,-5.78,2.6100001));
#1180 = CARTESIAN_POINT('',(16.5,-5.78,2.6100001));
#1181 = FACE_BOUND('',#1182,.T.);
#1182 = EDGE_LOOP('',(#1183,#1192,#1199,#1206,#1213,#1220));
#1183 = ORIENTED_EDGE('',*,*,#1184,.F.);
#1184 = EDGE_CURVE('',#1185,#1187,#1189,.T.);
#1185 = VERTEX_POINT('',#1186);
#1186 = CARTESIAN_POINT('',(13.472655307748,-4.257483628788,2.6100001));
#1187 = VERTEX_POINT('',#1188);
#1188 = CARTESIAN_POINT('',(13.337660071612,-4.257483628788,2.6100001));
#1189 = B_SPLINE_CURVE_WITH_KNOTS('',1,(#1190,#1191),.UNSPECIFIED.,.F.,
  .F.,(2,2),(-0.134995236136,-0.),.PIECEWISE_BEZIER_KNOTS.);
#1190 = CARTESIAN_POINT('',(13.472655307748,-4.257483628788,2.6100001));
#1191 = CARTESIAN_POINT('',(13.337660071612,-4.257483628788,2.6100001));
#1192 = ORIENTED_EDGE('',*,*,#1193,.F.);
#1193 = EDGE_CURVE('',#1194,#1185,#1196,.T.);
#1194 = VERTEX_POINT('',#1195);
#1195 = CARTESIAN_POINT('',(13.472655307748,-4.296127964677,2.6100001));
#1196 = B_SPLINE_CURVE_WITH_KNOTS('',1,(#1197,#1198),.UNSPECIFIED.,.F.,
  .F.,(2,2),(-3.864433588964E-02,0.),.PIECEWISE_BEZIER_KNOTS.);
#1197 = CARTESIAN_POINT('',(13.472655307748,-4.296127964677,2.6100001));
#1198 = CARTESIAN_POINT('',(13.472655307748,-4.257483628788,2.6100001));
#1199 = ORIENTED_EDGE('',*,*,#1200,.F.);
#1200 = EDGE_CURVE('',#1201,#1194,#1203,.T.);
#1201 = VERTEX_POINT('',#1202);
#1202 = CARTESIAN_POINT('',(13.293903592634,-4.296127964677,2.6100001));
#1203 = B_SPLINE_CURVE_WITH_KNOTS('',1,(#1204,#1205),.UNSPECIFIED.,.F.,
  .F.,(2,2),(-0.178751715114,0.),.PIECEWISE_BEZIER_KNOTS.);
#1204 = CARTESIAN_POINT('',(13.293903592634,-4.296127964677,2.6100001));
#1205 = CARTESIAN_POINT('',(13.472655307748,-4.296127964677,2.6100001));
#1206 = ORIENTED_EDGE('',*,*,#1207,.F.);
#1207 = EDGE_CURVE('',#1208,#1201,#1210,.T.);
#1208 = VERTEX_POINT('',#1209);
#1209 = CARTESIAN_POINT('',(13.293903592634,-3.957166883958,2.6100001));
#1210 = B_SPLINE_CURVE_WITH_KNOTS('',1,(#1211,#1212),.UNSPECIFIED.,.F.,
  .F.,(2,2),(-0.338961080719,-0.),.PIECEWISE_BEZIER_KNOTS.);
#1211 = CARTESIAN_POINT('',(13.293903592634,-3.957166883958,2.6100001));
#1212 = CARTESIAN_POINT('',(13.293903592634,-4.296127964677,2.6100001));
#1213 = ORIENTED_EDGE('',*,*,#1214,.F.);
#1214 = EDGE_CURVE('',#1215,#1208,#1217,.T.);
#1215 = VERTEX_POINT('',#1216);
#1216 = CARTESIAN_POINT('',(13.337660071612,-3.957166883958,2.6100001));
#1217 = B_SPLINE_CURVE_WITH_KNOTS('',1,(#1218,#1219),.UNSPECIFIED.,.F.,
  .F.,(2,2),(-4.375647897816E-02,-0.),.PIECEWISE_BEZIER_KNOTS.);
#1218 = CARTESIAN_POINT('',(13.337660071612,-3.957166883958,2.6100001));
#1219 = CARTESIAN_POINT('',(13.293903592634,-3.957166883958,2.6100001));
#1220 = ORIENTED_EDGE('',*,*,#1221,.F.);
#1221 = EDGE_CURVE('',#1187,#1215,#1222,.T.);
#1222 = B_SPLINE_CURVE_WITH_KNOTS('',1,(#1223,#1224),.UNSPECIFIED.,.F.,
  .F.,(2,2),(-0.300316744829,0.),.PIECEWISE_BEZIER_KNOTS.);
#1223 = CARTESIAN_POINT('',(13.337660071612,-4.257483628788,2.6100001));
#1224 = CARTESIAN_POINT('',(13.337660071612,-3.957166883958,2.6100001));
#1225 = FACE_BOUND('',#1226,.T.);
#1226 = EDGE_LOOP('',(#1227,#1236,#1245,#1254,#1263,#1272,#1281,#1290,
    #1297,#1306,#1315,#1324,#1333,#1342));
#1227 = ORIENTED_EDGE('',*,*,#1228,.F.);
#1228 = EDGE_CURVE('',#1229,#1231,#1233,.T.);
#1229 = VERTEX_POINT('',#1230);
#1230 = CARTESIAN_POINT('',(13.740306324707,-4.282091232807,2.6100001));
#1231 = VERTEX_POINT('',#1232);
#1232 = CARTESIAN_POINT('',(13.740306324707,-4.240154330181,2.6100001));
#1233 = B_SPLINE_CURVE_WITH_KNOTS('',1,(#1234,#1235),.UNSPECIFIED.,.F.,
  .F.,(2,2),(-4.193690262551E-02,0.),.PIECEWISE_BEZIER_KNOTS.);
#1234 = CARTESIAN_POINT('',(13.740306324707,-4.282091232807,2.6100001));
#1235 = CARTESIAN_POINT('',(13.740306324707,-4.240154330181,2.6100001));
#1236 = ORIENTED_EDGE('',*,*,#1237,.F.);
#1237 = EDGE_CURVE('',#1238,#1229,#1240,.T.);
#1238 = VERTEX_POINT('',#1239);
#1239 = CARTESIAN_POINT('',(13.646468172759,-4.301846633217,2.6100001));
#1240 = B_SPLINE_CURVE_WITH_KNOTS('',3,(#1241,#1242,#1243,#1244),
  .UNSPECIFIED.,.F.,.F.,(4,4),(0.,1.),.PIECEWISE_BEZIER_KNOTS.);
#1241 = CARTESIAN_POINT('',(13.646468172759,-4.301846633217,2.6100001));
#1242 = CARTESIAN_POINT('',(13.684072750732,-4.301846633217,2.6100001));
#1243 = CARTESIAN_POINT('',(13.715352134715,-4.295261499748,2.6100001));
#1244 = CARTESIAN_POINT('',(13.740306324707,-4.282091232807,2.6100001));
#1245 = ORIENTED_EDGE('',*,*,#1246,.F.);
#1246 = EDGE_CURVE('',#1247,#1238,#1249,.T.);
#1247 = VERTEX_POINT('',#1248);
#1248 = CARTESIAN_POINT('',(13.530015286131,-4.255577405941,2.6100001));
#1249 = B_SPLINE_CURVE_WITH_KNOTS('',3,(#1250,#1251,#1252,#1253),
  .UNSPECIFIED.,.F.,.F.,(4,4),(1.,2.),.PIECEWISE_BEZIER_KNOTS.);
#1250 = CARTESIAN_POINT('',(13.530015286131,-4.255577405941,2.6100001));
#1251 = CARTESIAN_POINT('',(13.559041861296,-4.286423557458,2.6100001));
#1252 = CARTESIAN_POINT('',(13.597859490171,-4.301846633217,2.6100001));
#1253 = CARTESIAN_POINT('',(13.646468172759,-4.301846633217,2.6100001));
#1254 = ORIENTED_EDGE('',*,*,#1255,.F.);
#1255 = EDGE_CURVE('',#1256,#1247,#1258,.T.);
#1256 = VERTEX_POINT('',#1257);
#1257 = CARTESIAN_POINT('',(13.486518746632,-4.133059264802,2.6100001));
#1258 = B_SPLINE_CURVE_WITH_KNOTS('',3,(#1259,#1260,#1261,#1262),
  .UNSPECIFIED.,.F.,.F.,(4,4),(2.,3.),.PIECEWISE_BEZIER_KNOTS.);
#1259 = CARTESIAN_POINT('',(13.486518746632,-4.133059264802,2.6100001));
#1260 = CARTESIAN_POINT('',(13.486518746632,-4.183834109716,2.6100001));
#1261 = CARTESIAN_POINT('',(13.500988710967,-4.224731254424,2.6100001));
#1262 = CARTESIAN_POINT('',(13.530015286131,-4.255577405941,2.6100001));
#1263 = ORIENTED_EDGE('',*,*,#1264,.F.);
#1264 = EDGE_CURVE('',#1265,#1256,#1267,.T.);
#1265 = VERTEX_POINT('',#1266);
#1266 = CARTESIAN_POINT('',(13.535474015191,-4.001356595402,2.6100001));
#1267 = B_SPLINE_CURVE_WITH_KNOTS('',3,(#1268,#1269,#1270,#1271),
  .UNSPECIFIED.,.F.,.F.,(4,4),(3.,4.),.PIECEWISE_BEZIER_KNOTS.);
#1268 = CARTESIAN_POINT('',(13.535474015191,-4.001356595402,2.6100001));
#1269 = CARTESIAN_POINT('',(13.502808287321,-4.034628848723,2.6100001));
#1270 = CARTESIAN_POINT('',(13.486518746632,-4.078471974196,2.6100001));
#1271 = CARTESIAN_POINT('',(13.486518746632,-4.133059264802,2.6100001));
#1272 = ORIENTED_EDGE('',*,*,#1273,.F.);
#1273 = EDGE_CURVE('',#1274,#1265,#1276,.T.);
#1274 = VERTEX_POINT('',#1275);
#1275 = CARTESIAN_POINT('',(13.659985025671,-3.951448215418,2.6100001));
#1276 = B_SPLINE_CURVE_WITH_KNOTS('',3,(#1277,#1278,#1279,#1280),
  .UNSPECIFIED.,.F.,.F.,(4,4),(4.,5.),.PIECEWISE_BEZIER_KNOTS.);
#1277 = CARTESIAN_POINT('',(13.659985025671,-3.951448215418,2.6100001));
#1278 = CARTESIAN_POINT('',(13.609643413223,-3.951448215418,2.6100001));
#1279 = CARTESIAN_POINT('',(13.568139743063,-3.968084342079,2.6100001));
#1280 = CARTESIAN_POINT('',(13.535474015191,-4.001356595402,2.6100001));
#1281 = ORIENTED_EDGE('',*,*,#1282,.F.);
#1282 = EDGE_CURVE('',#1283,#1274,#1285,.T.);
#1283 = VERTEX_POINT('',#1284);
#1284 = CARTESIAN_POINT('',(13.740306324707,-3.965311654303,2.6100001));
#1285 = B_SPLINE_CURVE_WITH_KNOTS('',3,(#1286,#1287,#1288,#1289),
  .UNSPECIFIED.,.F.,.F.,(4,4),(5.,6.),.PIECEWISE_BEZIER_KNOTS.);
#1286 = CARTESIAN_POINT('',(13.740306324707,-3.965311654303,2.6100001));
#1287 = CARTESIAN_POINT('',(13.719164580408,-3.956127126041,2.6100001));
#1288 = CARTESIAN_POINT('',(13.692390814063,-3.951448215418,2.6100001));
#1289 = CARTESIAN_POINT('',(13.659985025671,-3.951448215418,2.6100001));
#1290 = ORIENTED_EDGE('',*,*,#1291,.F.);
#1291 = EDGE_CURVE('',#1292,#1283,#1294,.T.);
#1292 = VERTEX_POINT('',#1293);
#1293 = CARTESIAN_POINT('',(13.740306324707,-4.011061002619,2.6100001));
#1294 = B_SPLINE_CURVE_WITH_KNOTS('',1,(#1295,#1296),.UNSPECIFIED.,.F.,
  .F.,(2,2),(-4.574934831664E-02,0.),.PIECEWISE_BEZIER_KNOTS.);
#1295 = CARTESIAN_POINT('',(13.740306324707,-4.011061002619,2.6100001));
#1296 = CARTESIAN_POINT('',(13.740306324707,-3.965311654303,2.6100001));
#1297 = ORIENTED_EDGE('',*,*,#1298,.F.);
#1298 = EDGE_CURVE('',#1299,#1292,#1301,.T.);
#1299 = VERTEX_POINT('',#1300);
#1300 = CARTESIAN_POINT('',(13.660418258136,-3.990959016239,2.6100001));
#1301 = B_SPLINE_CURVE_WITH_KNOTS('',3,(#1302,#1303,#1304,#1305),
  .UNSPECIFIED.,.F.,.F.,(4,4),(7.,8.),.PIECEWISE_BEZIER_KNOTS.);
#1302 = CARTESIAN_POINT('',(13.660418258136,-3.990959016239,2.6100001));
#1303 = CARTESIAN_POINT('',(13.6894448333,-3.990959016239,2.6100001));
#1304 = CARTESIAN_POINT('',(13.71604530666,-3.997544149709,2.6100001));
#1305 = CARTESIAN_POINT('',(13.740306324707,-4.011061002619,2.6100001));
#1306 = ORIENTED_EDGE('',*,*,#1307,.F.);
#1307 = EDGE_CURVE('',#1308,#1299,#1310,.T.);
#1308 = VERTEX_POINT('',#1309);
#1309 = CARTESIAN_POINT('',(13.56805309657,-4.028563594212,2.6100001));
#1310 = B_SPLINE_CURVE_WITH_KNOTS('',3,(#1311,#1312,#1313,#1314),
  .UNSPECIFIED.,.F.,.F.,(4,4),(8.,9.),.PIECEWISE_BEZIER_KNOTS.);
#1311 = CARTESIAN_POINT('',(13.56805309657,-4.028563594212,2.6100001));
#1312 = CARTESIAN_POINT('',(13.591880882152,-4.003436111235,2.6100001));
#1313 = CARTESIAN_POINT('',(13.622640387177,-3.990959016239,2.6100001));
#1314 = CARTESIAN_POINT('',(13.660418258136,-3.990959016239,2.6100001));
#1315 = ORIENTED_EDGE('',*,*,#1316,.F.);
#1316 = EDGE_CURVE('',#1317,#1308,#1319,.T.);
#1317 = VERTEX_POINT('',#1318);
#1318 = CARTESIAN_POINT('',(13.532441387937,-4.13045987001,2.6100001));
#1319 = B_SPLINE_CURVE_WITH_KNOTS('',3,(#1320,#1321,#1322,#1323),
  .UNSPECIFIED.,.F.,.F.,(4,4),(9.,10.),.PIECEWISE_BEZIER_KNOTS.);
#1320 = CARTESIAN_POINT('',(13.532441387937,-4.13045987001,2.6100001));
#1321 = CARTESIAN_POINT('',(13.532441387937,-4.087829795441,2.6100001));
#1322 = CARTESIAN_POINT('',(13.54431195748,-4.053864370176,2.6100001));
#1323 = CARTESIAN_POINT('',(13.56805309657,-4.028563594212,2.6100001));
#1324 = ORIENTED_EDGE('',*,*,#1325,.F.);
#1325 = EDGE_CURVE('',#1326,#1317,#1328,.T.);
#1326 = VERTEX_POINT('',#1327);
#1327 = CARTESIAN_POINT('',(13.565713641258,-4.227157356228,2.6100001));
#1328 = B_SPLINE_CURVE_WITH_KNOTS('',3,(#1329,#1330,#1331,#1332),
  .UNSPECIFIED.,.F.,.F.,(4,4),(10.,11.),.PIECEWISE_BEZIER_KNOTS.);
#1329 = CARTESIAN_POINT('',(13.565713641258,-4.227157356228,2.6100001));
#1330 = CARTESIAN_POINT('',(13.543532139043,-4.203242924152,2.6100001));
#1331 = CARTESIAN_POINT('',(13.532441387937,-4.171010428746,2.6100001));
#1332 = CARTESIAN_POINT('',(13.532441387937,-4.13045987001,2.6100001));
#1333 = ORIENTED_EDGE('',*,*,#1334,.F.);
#1334 = EDGE_CURVE('',#1335,#1326,#1337,.T.);
#1335 = VERTEX_POINT('',#1336);
#1336 = CARTESIAN_POINT('',(13.65279336675,-4.262855711356,2.6100001));
#1337 = B_SPLINE_CURVE_WITH_KNOTS('',3,(#1338,#1339,#1340,#1341),
  .UNSPECIFIED.,.F.,.F.,(4,4),(11.,12.),.PIECEWISE_BEZIER_KNOTS.);
#1338 = CARTESIAN_POINT('',(13.65279336675,-4.262855711356,2.6100001));
#1339 = CARTESIAN_POINT('',(13.616921718637,-4.262855711356,2.6100001));
#1340 = CARTESIAN_POINT('',(13.587895143473,-4.250898495318,2.6100001));
#1341 = CARTESIAN_POINT('',(13.565713641258,-4.227157356228,2.6100001));
#1342 = ORIENTED_EDGE('',*,*,#1343,.F.);
#1343 = EDGE_CURVE('',#1231,#1335,#1344,.T.);
#1344 = B_SPLINE_CURVE_WITH_KNOTS('',3,(#1345,#1346,#1347,#1348),
  .UNSPECIFIED.,.F.,.F.,(4,4),(12.,13.),.PIECEWISE_BEZIER_KNOTS.);
#1345 = CARTESIAN_POINT('',(13.740306324707,-4.240154330181,2.6100001));
#1346 = CARTESIAN_POINT('',(13.715525427701,-4.255230819969,2.6100001));
#1347 = CARTESIAN_POINT('',(13.686325559551,-4.262855711356,2.6100001));
#1348 = CARTESIAN_POINT('',(13.65279336675,-4.262855711356,2.6100001));
#1349 = FACE_BOUND('',#1350,.T.);
#1350 = EDGE_LOOP('',(#1351,#1360,#1367,#1374,#1381,#1388,#1395,#1402,
    #1409,#1416,#1423,#1430));
#1351 = ORIENTED_EDGE('',*,*,#1352,.F.);
#1352 = EDGE_CURVE('',#1353,#1355,#1357,.T.);
#1353 = VERTEX_POINT('',#1354);
#1354 = CARTESIAN_POINT('',(13.990454750073,-4.257483628788,2.6100001));
#1355 = VERTEX_POINT('',#1356);
#1356 = CARTESIAN_POINT('',(13.851907007725,-4.257483628788,2.6100001));
#1357 = B_SPLINE_CURVE_WITH_KNOTS('',1,(#1358,#1359),.UNSPECIFIED.,.F.,
  .F.,(2,2),(-0.138547742348,-0.),.PIECEWISE_BEZIER_KNOTS.);
#1358 = CARTESIAN_POINT('',(13.990454750073,-4.257483628788,2.6100001));
#1359 = CARTESIAN_POINT('',(13.851907007725,-4.257483628788,2.6100001));
#1360 = ORIENTED_EDGE('',*,*,#1361,.F.);
#1361 = EDGE_CURVE('',#1362,#1353,#1364,.T.);
#1362 = VERTEX_POINT('',#1363);
#1363 = CARTESIAN_POINT('',(13.990454750073,-4.296127964677,2.6100001));
#1364 = B_SPLINE_CURVE_WITH_KNOTS('',1,(#1365,#1366),.UNSPECIFIED.,.F.,
  .F.,(2,2),(-3.864433588964E-02,0.),.PIECEWISE_BEZIER_KNOTS.);
#1365 = CARTESIAN_POINT('',(13.990454750073,-4.296127964677,2.6100001));
#1366 = CARTESIAN_POINT('',(13.990454750073,-4.257483628788,2.6100001));
#1367 = ORIENTED_EDGE('',*,*,#1368,.F.);
#1368 = EDGE_CURVE('',#1369,#1362,#1371,.T.);
#1369 = VERTEX_POINT('',#1370);
#1370 = CARTESIAN_POINT('',(13.808150528747,-4.296127964677,2.6100001));
#1371 = B_SPLINE_CURVE_WITH_KNOTS('',1,(#1372,#1373),.UNSPECIFIED.,.F.,
  .F.,(2,2),(-0.182304221327,0.),.PIECEWISE_BEZIER_KNOTS.);
#1372 = CARTESIAN_POINT('',(13.808150528747,-4.296127964677,2.6100001));
#1373 = CARTESIAN_POINT('',(13.990454750073,-4.296127964677,2.6100001));
#1374 = ORIENTED_EDGE('',*,*,#1375,.F.);
#1375 = EDGE_CURVE('',#1376,#1369,#1378,.T.);
#1376 = VERTEX_POINT('',#1377);
#1377 = CARTESIAN_POINT('',(13.808150528747,-3.957166883958,2.6100001));
#1378 = B_SPLINE_CURVE_WITH_KNOTS('',1,(#1379,#1380),.UNSPECIFIED.,.F.,
  .F.,(2,2),(-0.338961080719,-0.),.PIECEWISE_BEZIER_KNOTS.);
#1379 = CARTESIAN_POINT('',(13.808150528747,-3.957166883958,2.6100001));
#1380 = CARTESIAN_POINT('',(13.808150528747,-4.296127964677,2.6100001));
#1381 = ORIENTED_EDGE('',*,*,#1382,.F.);
#1382 = EDGE_CURVE('',#1383,#1376,#1385,.T.);
#1383 = VERTEX_POINT('',#1384);
#1384 = CARTESIAN_POINT('',(13.982743212195,-3.957166883958,2.6100001));
#1385 = B_SPLINE_CURVE_WITH_KNOTS('',1,(#1386,#1387),.UNSPECIFIED.,.F.,
  .F.,(2,2),(-0.174592683448,-0.),.PIECEWISE_BEZIER_KNOTS.);
#1386 = CARTESIAN_POINT('',(13.982743212195,-3.957166883958,2.6100001));
#1387 = CARTESIAN_POINT('',(13.808150528747,-3.957166883958,2.6100001));
#1388 = ORIENTED_EDGE('',*,*,#1389,.F.);
#1389 = EDGE_CURVE('',#1390,#1383,#1392,.T.);
#1390 = VERTEX_POINT('',#1391);
#1391 = CARTESIAN_POINT('',(13.982743212195,-3.99615780582,2.6100001));
#1392 = B_SPLINE_CURVE_WITH_KNOTS('',1,(#1393,#1394),.UNSPECIFIED.,.F.,
  .F.,(2,2),(-3.899092186135E-02,0.),.PIECEWISE_BEZIER_KNOTS.);
#1393 = CARTESIAN_POINT('',(13.982743212195,-3.99615780582,2.6100001));
#1394 = CARTESIAN_POINT('',(13.982743212195,-3.957166883958,2.6100001));
#1395 = ORIENTED_EDGE('',*,*,#1396,.F.);
#1396 = EDGE_CURVE('',#1397,#1390,#1399,.T.);
#1397 = VERTEX_POINT('',#1398);
#1398 = CARTESIAN_POINT('',(13.851907007725,-3.99615780582,2.6100001));
#1399 = B_SPLINE_CURVE_WITH_KNOTS('',1,(#1400,#1401),.UNSPECIFIED.,.F.,
  .F.,(2,2),(-0.13083620447,0.),.PIECEWISE_BEZIER_KNOTS.);
#1400 = CARTESIAN_POINT('',(13.851907007725,-3.99615780582,2.6100001));
#1401 = CARTESIAN_POINT('',(13.982743212195,-3.99615780582,2.6100001));
#1402 = ORIENTED_EDGE('',*,*,#1403,.F.);
#1403 = EDGE_CURVE('',#1404,#1397,#1406,.T.);
#1404 = VERTEX_POINT('',#1405);
#1405 = CARTESIAN_POINT('',(13.851907007725,-4.10463921509,2.6100001));
#1406 = B_SPLINE_CURVE_WITH_KNOTS('',1,(#1407,#1408),.UNSPECIFIED.,.F.,
  .F.,(2,2),(-0.10848140927,0.),.PIECEWISE_BEZIER_KNOTS.);
#1407 = CARTESIAN_POINT('',(13.851907007725,-4.10463921509,2.6100001));
#1408 = CARTESIAN_POINT('',(13.851907007725,-3.99615780582,2.6100001));
#1409 = ORIENTED_EDGE('',*,*,#1410,.F.);
#1410 = EDGE_CURVE('',#1411,#1404,#1413,.T.);
#1411 = VERTEX_POINT('',#1412);
#1412 = CARTESIAN_POINT('',(13.973125451468,-4.10463921509,2.6100001));
#1413 = B_SPLINE_CURVE_WITH_KNOTS('',1,(#1414,#1415),.UNSPECIFIED.,.F.,
  .F.,(2,2),(-0.121218443743,-0.),.PIECEWISE_BEZIER_KNOTS.);
#1414 = CARTESIAN_POINT('',(13.973125451468,-4.10463921509,2.6100001));
#1415 = CARTESIAN_POINT('',(13.851907007725,-4.10463921509,2.6100001));
#1416 = ORIENTED_EDGE('',*,*,#1417,.F.);
#1417 = EDGE_CURVE('',#1418,#1411,#1420,.T.);
#1418 = VERTEX_POINT('',#1419);
#1419 = CARTESIAN_POINT('',(13.973125451468,-4.143456843965,2.6100001));
#1420 = B_SPLINE_CURVE_WITH_KNOTS('',1,(#1421,#1422),.UNSPECIFIED.,.F.,
  .F.,(2,2),(-3.88176288755E-02,0.),.PIECEWISE_BEZIER_KNOTS.);
#1421 = CARTESIAN_POINT('',(13.973125451468,-4.143456843965,2.6100001));
#1422 = CARTESIAN_POINT('',(13.973125451468,-4.10463921509,2.6100001));
#1423 = ORIENTED_EDGE('',*,*,#1424,.F.);
#1424 = EDGE_CURVE('',#1425,#1418,#1427,.T.);
#1425 = VERTEX_POINT('',#1426);
#1426 = CARTESIAN_POINT('',(13.851907007725,-4.143456843965,2.6100001));
#1427 = B_SPLINE_CURVE_WITH_KNOTS('',1,(#1428,#1429),.UNSPECIFIED.,.F.,
  .F.,(2,2),(-0.121218443743,0.),.PIECEWISE_BEZIER_KNOTS.);
#1428 = CARTESIAN_POINT('',(13.851907007725,-4.143456843965,2.6100001));
#1429 = CARTESIAN_POINT('',(13.973125451468,-4.143456843965,2.6100001));
#1430 = ORIENTED_EDGE('',*,*,#1431,.F.);
#1431 = EDGE_CURVE('',#1355,#1425,#1432,.T.);
#1432 = B_SPLINE_CURVE_WITH_KNOTS('',1,(#1433,#1434),.UNSPECIFIED.,.F.,
  .F.,(2,2),(-0.114026784822,0.),.PIECEWISE_BEZIER_KNOTS.);
#1433 = CARTESIAN_POINT('',(13.851907007725,-4.257483628788,2.6100001));
#1434 = CARTESIAN_POINT('',(13.851907007725,-4.143456843965,2.6100001));
#1435 = FACE_BOUND('',#1436,.T.);
#1436 = EDGE_LOOP('',(#1437,#1446,#1453,#1460,#1467,#1474,#1481,#1488));
#1437 = ORIENTED_EDGE('',*,*,#1438,.F.);
#1438 = EDGE_CURVE('',#1439,#1441,#1443,.T.);
#1439 = VERTEX_POINT('',#1440);
#1440 = CARTESIAN_POINT('',(14.52515025854,-3.957166883958,2.6100001));
#1441 = VERTEX_POINT('',#1442);
#1442 = CARTESIAN_POINT('',(14.478361152306,-3.957166883958,2.6100001));
#1443 = B_SPLINE_CURVE_WITH_KNOTS('',1,(#1444,#1445),.UNSPECIFIED.,.F.,
  .F.,(2,2),(-4.678910623409E-02,-0.),.PIECEWISE_BEZIER_KNOTS.);
#1444 = CARTESIAN_POINT('',(14.52515025854,-3.957166883958,2.6100001));
#1445 = CARTESIAN_POINT('',(14.478361152306,-3.957166883958,2.6100001));
#1446 = ORIENTED_EDGE('',*,*,#1447,.F.);
#1447 = EDGE_CURVE('',#1448,#1439,#1450,.T.);
#1448 = VERTEX_POINT('',#1449);
#1449 = CARTESIAN_POINT('',(14.65425353315,-4.296127964677,2.6100001));
#1450 = B_SPLINE_CURVE_WITH_KNOTS('',1,(#1451,#1452),.UNSPECIFIED.,.F.,
  .F.,(2,2),(-0.362715135826,0.),.PIECEWISE_BEZIER_KNOTS.);
#1451 = CARTESIAN_POINT('',(14.65425353315,-4.296127964677,2.6100001));
#1452 = CARTESIAN_POINT('',(14.52515025854,-3.957166883958,2.6100001));
#1453 = ORIENTED_EDGE('',*,*,#1454,.F.);
#1454 = EDGE_CURVE('',#1455,#1448,#1457,.T.);
#1455 = VERTEX_POINT('',#1456);
#1456 = CARTESIAN_POINT('',(14.605904790041,-4.296127964677,2.6100001));
#1457 = B_SPLINE_CURVE_WITH_KNOTS('',1,(#1458,#1459),.UNSPECIFIED.,.F.,
  .F.,(2,2),(-4.834874310909E-02,0.),.PIECEWISE_BEZIER_KNOTS.);
#1458 = CARTESIAN_POINT('',(14.605904790041,-4.296127964677,2.6100001));
#1459 = CARTESIAN_POINT('',(14.65425353315,-4.296127964677,2.6100001));
#1460 = ORIENTED_EDGE('',*,*,#1461,.F.);
#1461 = EDGE_CURVE('',#1462,#1455,#1464,.T.);
#1462 = VERTEX_POINT('',#1463);
#1463 = CARTESIAN_POINT('',(14.571332839324,-4.203416217138,2.6100001));
#1464 = B_SPLINE_CURVE_WITH_KNOTS('',1,(#1465,#1466),.UNSPECIFIED.,.F.,
  .F.,(2,2),(-9.894790502139E-02,0.),.PIECEWISE_BEZIER_KNOTS.);
#1465 = CARTESIAN_POINT('',(14.571332839324,-4.203416217138,2.6100001));
#1466 = CARTESIAN_POINT('',(14.605904790041,-4.296127964677,2.6100001));
#1467 = ORIENTED_EDGE('',*,*,#1468,.F.);
#1468 = EDGE_CURVE('',#1469,#1462,#1471,.T.);
#1469 = VERTEX_POINT('',#1470);
#1470 = CARTESIAN_POINT('',(14.430185702183,-4.203416217138,2.6100001));
#1471 = B_SPLINE_CURVE_WITH_KNOTS('',1,(#1472,#1473),.UNSPECIFIED.,.F.,
  .F.,(2,2),(-0.141147137141,0.),.PIECEWISE_BEZIER_KNOTS.);
#1472 = CARTESIAN_POINT('',(14.430185702183,-4.203416217138,2.6100001));
#1473 = CARTESIAN_POINT('',(14.571332839324,-4.203416217138,2.6100001));
#1474 = ORIENTED_EDGE('',*,*,#1475,.F.);
#1475 = EDGE_CURVE('',#1476,#1469,#1478,.T.);
#1476 = VERTEX_POINT('',#1477);
#1477 = CARTESIAN_POINT('',(14.397606620805,-4.296127964677,2.6100001));
#1478 = B_SPLINE_CURVE_WITH_KNOTS('',1,(#1479,#1480),.UNSPECIFIED.,.F.,
  .F.,(2,2),(-9.826934758679E-02,0.),.PIECEWISE_BEZIER_KNOTS.);
#1479 = CARTESIAN_POINT('',(14.397606620805,-4.296127964677,2.6100001));
#1480 = CARTESIAN_POINT('',(14.430185702183,-4.203416217138,2.6100001));
#1481 = ORIENTED_EDGE('',*,*,#1482,.F.);
#1482 = EDGE_CURVE('',#1483,#1476,#1485,.T.);
#1483 = VERTEX_POINT('',#1484);
#1484 = CARTESIAN_POINT('',(14.349257877698,-4.296127964677,2.6100001));
#1485 = B_SPLINE_CURVE_WITH_KNOTS('',1,(#1486,#1487),.UNSPECIFIED.,.F.,
  .F.,(2,2),(-4.834874310678E-02,0.),.PIECEWISE_BEZIER_KNOTS.);
#1486 = CARTESIAN_POINT('',(14.349257877698,-4.296127964677,2.6100001));
#1487 = CARTESIAN_POINT('',(14.397606620805,-4.296127964677,2.6100001));
#1488 = ORIENTED_EDGE('',*,*,#1489,.F.);
#1489 = EDGE_CURVE('',#1441,#1483,#1490,.T.);
#1490 = B_SPLINE_CURVE_WITH_KNOTS('',1,(#1491,#1492),.UNSPECIFIED.,.F.,
  .F.,(2,2),(-0.362715135825,-0.),.PIECEWISE_BEZIER_KNOTS.);
#1491 = CARTESIAN_POINT('',(14.478361152306,-3.957166883958,2.6100001));
#1492 = CARTESIAN_POINT('',(14.349257877698,-4.296127964677,2.6100001));
#1493 = FACE_BOUND('',#1494,.T.);
#1494 = EDGE_LOOP('',(#1495,#1504,#1511,#1518,#1525,#1532,#1539,#1546,
    #1553,#1560,#1567,#1574));
#1495 = ORIENTED_EDGE('',*,*,#1496,.F.);
#1496 = EDGE_CURVE('',#1497,#1499,#1501,.T.);
#1497 = VERTEX_POINT('',#1498);
#1498 = CARTESIAN_POINT('',(13.476207813962,-4.795211764509,2.6100001));
#1499 = VERTEX_POINT('',#1500);
#1500 = CARTESIAN_POINT('',(13.337660071612,-4.795211764509,2.6100001));
#1501 = B_SPLINE_CURVE_WITH_KNOTS('',1,(#1502,#1503),.UNSPECIFIED.,.F.,
  .F.,(2,2),(-0.13854774235,-0.),.PIECEWISE_BEZIER_KNOTS.);
#1502 = CARTESIAN_POINT('',(13.476207813962,-4.795211764509,2.6100001));
#1503 = CARTESIAN_POINT('',(13.337660071612,-4.795211764509,2.6100001));
#1504 = ORIENTED_EDGE('',*,*,#1505,.F.);
#1505 = EDGE_CURVE('',#1506,#1497,#1508,.T.);
#1506 = VERTEX_POINT('',#1507);
#1507 = CARTESIAN_POINT('',(13.476207813962,-4.833856100399,2.6100001));
#1508 = B_SPLINE_CURVE_WITH_KNOTS('',1,(#1509,#1510),.UNSPECIFIED.,.F.,
  .F.,(2,2),(-3.864433588965E-02,0.),.PIECEWISE_BEZIER_KNOTS.);
#1509 = CARTESIAN_POINT('',(13.476207813962,-4.833856100399,2.6100001));
#1510 = CARTESIAN_POINT('',(13.476207813962,-4.795211764509,2.6100001));
#1511 = ORIENTED_EDGE('',*,*,#1512,.F.);
#1512 = EDGE_CURVE('',#1513,#1506,#1515,.T.);
#1513 = VERTEX_POINT('',#1514);
#1514 = CARTESIAN_POINT('',(13.293903592634,-4.833856100399,2.6100001));
#1515 = B_SPLINE_CURVE_WITH_KNOTS('',1,(#1516,#1517),.UNSPECIFIED.,.F.,
  .F.,(2,2),(-0.182304221328,0.),.PIECEWISE_BEZIER_KNOTS.);
#1516 = CARTESIAN_POINT('',(13.293903592634,-4.833856100399,2.6100001));
#1517 = CARTESIAN_POINT('',(13.476207813962,-4.833856100399,2.6100001));
#1518 = ORIENTED_EDGE('',*,*,#1519,.F.);
#1519 = EDGE_CURVE('',#1520,#1513,#1522,.T.);
#1520 = VERTEX_POINT('',#1521);
#1521 = CARTESIAN_POINT('',(13.293903592634,-4.49489501968,2.6100001));
#1522 = B_SPLINE_CURVE_WITH_KNOTS('',1,(#1523,#1524),.UNSPECIFIED.,.F.,
  .F.,(2,2),(-0.338961080719,-0.),.PIECEWISE_BEZIER_KNOTS.);
#1523 = CARTESIAN_POINT('',(13.293903592634,-4.49489501968,2.6100001));
#1524 = CARTESIAN_POINT('',(13.293903592634,-4.833856100399,2.6100001));
#1525 = ORIENTED_EDGE('',*,*,#1526,.F.);
#1526 = EDGE_CURVE('',#1527,#1520,#1529,.T.);
#1527 = VERTEX_POINT('',#1528);
#1528 = CARTESIAN_POINT('',(13.468496276082,-4.49489501968,2.6100001));
#1529 = B_SPLINE_CURVE_WITH_KNOTS('',1,(#1530,#1531),.UNSPECIFIED.,.F.,
  .F.,(2,2),(-0.174592683448,-0.),.PIECEWISE_BEZIER_KNOTS.);
#1530 = CARTESIAN_POINT('',(13.468496276082,-4.49489501968,2.6100001));
#1531 = CARTESIAN_POINT('',(13.293903592634,-4.49489501968,2.6100001));
#1532 = ORIENTED_EDGE('',*,*,#1533,.F.);
#1533 = EDGE_CURVE('',#1534,#1527,#1536,.T.);
#1534 = VERTEX_POINT('',#1535);
#1535 = CARTESIAN_POINT('',(13.468496276082,-4.533885941541,2.6100001));
#1536 = B_SPLINE_CURVE_WITH_KNOTS('',1,(#1537,#1538),.UNSPECIFIED.,.F.,
  .F.,(2,2),(-3.899092186135E-02,0.),.PIECEWISE_BEZIER_KNOTS.);
#1537 = CARTESIAN_POINT('',(13.468496276082,-4.533885941541,2.6100001));
#1538 = CARTESIAN_POINT('',(13.468496276082,-4.49489501968,2.6100001));
#1539 = ORIENTED_EDGE('',*,*,#1540,.F.);
#1540 = EDGE_CURVE('',#1541,#1534,#1543,.T.);
#1541 = VERTEX_POINT('',#1542);
#1542 = CARTESIAN_POINT('',(13.337660071612,-4.533885941541,2.6100001));
#1543 = B_SPLINE_CURVE_WITH_KNOTS('',1,(#1544,#1545),.UNSPECIFIED.,.F.,
  .F.,(2,2),(-0.13083620447,0.),.PIECEWISE_BEZIER_KNOTS.);
#1544 = CARTESIAN_POINT('',(13.337660071612,-4.533885941541,2.6100001));
#1545 = CARTESIAN_POINT('',(13.468496276082,-4.533885941541,2.6100001));
#1546 = ORIENTED_EDGE('',*,*,#1547,.F.);
#1547 = EDGE_CURVE('',#1548,#1541,#1550,.T.);
#1548 = VERTEX_POINT('',#1549);
#1549 = CARTESIAN_POINT('',(13.337660071612,-4.642367350811,2.6100001));
#1550 = B_SPLINE_CURVE_WITH_KNOTS('',1,(#1551,#1552),.UNSPECIFIED.,.F.,
  .F.,(2,2),(-0.10848140927,0.),.PIECEWISE_BEZIER_KNOTS.);
#1551 = CARTESIAN_POINT('',(13.337660071612,-4.642367350811,2.6100001));
#1552 = CARTESIAN_POINT('',(13.337660071612,-4.533885941541,2.6100001));
#1553 = ORIENTED_EDGE('',*,*,#1554,.F.);
#1554 = EDGE_CURVE('',#1555,#1548,#1557,.T.);
#1555 = VERTEX_POINT('',#1556);
#1556 = CARTESIAN_POINT('',(13.458878515357,-4.642367350811,2.6100001));
#1557 = B_SPLINE_CURVE_WITH_KNOTS('',1,(#1558,#1559),.UNSPECIFIED.,.F.,
  .F.,(2,2),(-0.121218443744,-0.),.PIECEWISE_BEZIER_KNOTS.);
#1558 = CARTESIAN_POINT('',(13.458878515357,-4.642367350811,2.6100001));
#1559 = CARTESIAN_POINT('',(13.337660071612,-4.642367350811,2.6100001));
#1560 = ORIENTED_EDGE('',*,*,#1561,.F.);
#1561 = EDGE_CURVE('',#1562,#1555,#1564,.T.);
#1562 = VERTEX_POINT('',#1563);
#1563 = CARTESIAN_POINT('',(13.458878515357,-4.681184979687,2.6100001));
#1564 = B_SPLINE_CURVE_WITH_KNOTS('',1,(#1565,#1566),.UNSPECIFIED.,.F.,
  .F.,(2,2),(-3.88176288755E-02,0.),.PIECEWISE_BEZIER_KNOTS.);
#1565 = CARTESIAN_POINT('',(13.458878515357,-4.681184979687,2.6100001));
#1566 = CARTESIAN_POINT('',(13.458878515357,-4.642367350811,2.6100001));
#1567 = ORIENTED_EDGE('',*,*,#1568,.F.);
#1568 = EDGE_CURVE('',#1569,#1562,#1571,.T.);
#1569 = VERTEX_POINT('',#1570);
#1570 = CARTESIAN_POINT('',(13.337660071612,-4.681184979687,2.6100001));
#1571 = B_SPLINE_CURVE_WITH_KNOTS('',1,(#1572,#1573),.UNSPECIFIED.,.F.,
  .F.,(2,2),(-0.121218443744,0.),.PIECEWISE_BEZIER_KNOTS.);
#1572 = CARTESIAN_POINT('',(13.337660071612,-4.681184979687,2.6100001));
#1573 = CARTESIAN_POINT('',(13.458878515357,-4.681184979687,2.6100001));
#1574 = ORIENTED_EDGE('',*,*,#1575,.F.);
#1575 = EDGE_CURVE('',#1499,#1569,#1576,.T.);
#1576 = B_SPLINE_CURVE_WITH_KNOTS('',1,(#1577,#1578),.UNSPECIFIED.,.F.,
  .F.,(2,2),(-0.114026784822,0.),.PIECEWISE_BEZIER_KNOTS.);
#1577 = CARTESIAN_POINT('',(13.337660071612,-4.795211764509,2.6100001));
#1578 = CARTESIAN_POINT('',(13.337660071612,-4.681184979687,2.6100001));
#1579 = FACE_BOUND('',#1580,.T.);
#1580 = EDGE_LOOP('',(#1581,#1592,#1599,#1606,#1613,#1622,#1631));
#1581 = ORIENTED_EDGE('',*,*,#1582,.F.);
#1582 = EDGE_CURVE('',#1583,#1585,#1587,.T.);
#1583 = VERTEX_POINT('',#1584);
#1584 = CARTESIAN_POINT('',(14.572199304255,-4.833856100399,2.6100001));
#1585 = VERTEX_POINT('',#1586);
#1586 = CARTESIAN_POINT('',(14.70381532716,-4.786373822221,2.6100001));
#1587 = B_SPLINE_CURVE_WITH_KNOTS('',3,(#1588,#1589,#1590,#1591),
  .UNSPECIFIED.,.F.,.F.,(4,4),(5.,6.),.PIECEWISE_BEZIER_KNOTS.);
#1588 = CARTESIAN_POINT('',(14.572199304255,-4.833856100399,2.6100001));
#1589 = CARTESIAN_POINT('',(14.625833483437,-4.833856100399,2.6100001));
#1590 = CARTESIAN_POINT('',(14.669763255403,-4.81808643867,2.6100001));
#1591 = CARTESIAN_POINT('',(14.70381532716,-4.786373822221,2.6100001));
#1592 = ORIENTED_EDGE('',*,*,#1593,.F.);
#1593 = EDGE_CURVE('',#1594,#1583,#1596,.T.);
#1594 = VERTEX_POINT('',#1595);
#1595 = CARTESIAN_POINT('',(14.478967677759,-4.833856100399,2.6100001));
#1596 = B_SPLINE_CURVE_WITH_KNOTS('',1,(#1597,#1598),.UNSPECIFIED.,.F.,
  .F.,(2,2),(-9.323162649646E-02,0.),.PIECEWISE_BEZIER_KNOTS.);
#1597 = CARTESIAN_POINT('',(14.478967677759,-4.833856100399,2.6100001));
#1598 = CARTESIAN_POINT('',(14.572199304255,-4.833856100399,2.6100001));
#1599 = ORIENTED_EDGE('',*,*,#1600,.F.);
#1600 = EDGE_CURVE('',#1601,#1594,#1603,.T.);
#1601 = VERTEX_POINT('',#1602);
#1602 = CARTESIAN_POINT('',(14.478967677759,-4.49489501968,2.6100001));
#1603 = B_SPLINE_CURVE_WITH_KNOTS('',1,(#1604,#1605),.UNSPECIFIED.,.F.,
  .F.,(2,2),(-0.338961080719,-0.),.PIECEWISE_BEZIER_KNOTS.);
#1604 = CARTESIAN_POINT('',(14.478967677759,-4.49489501968,2.6100001));
#1605 = CARTESIAN_POINT('',(14.478967677759,-4.833856100399,2.6100001));
#1606 = ORIENTED_EDGE('',*,*,#1607,.F.);
#1607 = EDGE_CURVE('',#1608,#1601,#1610,.T.);
#1608 = VERTEX_POINT('',#1609);
#1609 = CARTESIAN_POINT('',(14.575665163975,-4.49489501968,2.6100001));
#1610 = B_SPLINE_CURVE_WITH_KNOTS('',1,(#1611,#1612),.UNSPECIFIED.,.F.,
  .F.,(2,2),(-9.669748621587E-02,-0.),.PIECEWISE_BEZIER_KNOTS.);
#1611 = CARTESIAN_POINT('',(14.575665163975,-4.49489501968,2.6100001));
#1612 = CARTESIAN_POINT('',(14.478967677759,-4.49489501968,2.6100001));
#1613 = ORIENTED_EDGE('',*,*,#1614,.F.);
#1614 = EDGE_CURVE('',#1615,#1608,#1617,.T.);
#1615 = VERTEX_POINT('',#1616);
#1616 = CARTESIAN_POINT('',(14.70381532716,-4.539777903067,2.6100001));
#1617 = B_SPLINE_CURVE_WITH_KNOTS('',3,(#1618,#1619,#1620,#1621),
  .UNSPECIFIED.,.F.,.F.,(4,4),(2.,3.),.PIECEWISE_BEZIER_KNOTS.);
#1618 = CARTESIAN_POINT('',(14.70381532716,-4.539777903067,2.6100001));
#1619 = CARTESIAN_POINT('',(14.669763255403,-4.509798216482,2.6100001));
#1620 = CARTESIAN_POINT('',(14.627046534338,-4.49489501968,2.6100001));
#1621 = CARTESIAN_POINT('',(14.575665163975,-4.49489501968,2.6100001));
#1622 = ORIENTED_EDGE('',*,*,#1623,.F.);
#1623 = EDGE_CURVE('',#1624,#1615,#1626,.T.);
#1624 = VERTEX_POINT('',#1625);
#1625 = CARTESIAN_POINT('',(14.754936758048,-4.660043235389,2.6100001));
#1626 = B_SPLINE_CURVE_WITH_KNOTS('',3,(#1627,#1628,#1629,#1630),
  .UNSPECIFIED.,.F.,.F.,(4,4),(3.,4.),.PIECEWISE_BEZIER_KNOTS.);
#1627 = CARTESIAN_POINT('',(14.754936758048,-4.660043235389,2.6100001));
#1628 = CARTESIAN_POINT('',(14.754936758048,-4.609788269433,2.6100001));
#1629 = CARTESIAN_POINT('',(14.73786739892,-4.569757589655,2.6100001));
#1630 = CARTESIAN_POINT('',(14.70381532716,-4.539777903067,2.6100001));
#1631 = ORIENTED_EDGE('',*,*,#1632,.F.);
#1632 = EDGE_CURVE('',#1585,#1624,#1633,.T.);
#1633 = B_SPLINE_CURVE_WITH_KNOTS('',3,(#1634,#1635,#1636,#1637),
  .UNSPECIFIED.,.F.,.F.,(4,4),(4.,5.),.PIECEWISE_BEZIER_KNOTS.);
#1634 = CARTESIAN_POINT('',(14.70381532716,-4.786373822221,2.6100001));
#1635 = CARTESIAN_POINT('',(14.73786739892,-4.754661205773,2.6100001));
#1636 = CARTESIAN_POINT('',(14.754936758048,-4.712551010164,2.6100001));
#1637 = CARTESIAN_POINT('',(14.754936758048,-4.660043235389,2.6100001));
#1638 = FACE_BOUND('',#1639,.T.);
#1639 = EDGE_LOOP('',(#1640,#1651,#1660,#1669,#1678,#1685,#1694,#1703,
    #1712,#1719,#1728,#1737,#1746,#1755,#1764,#1773,#1782,#1791,#1800,
    #1809,#1816,#1823,#1830,#1839,#1848,#1857,#1866,#1875,#1884,#1893,
    #1902,#1911,#1920));
#1640 = ORIENTED_EDGE('',*,*,#1641,.F.);
#1641 = EDGE_CURVE('',#1642,#1644,#1646,.T.);
#1642 = VERTEX_POINT('',#1643);
#1643 = CARTESIAN_POINT('',(12.777713214158,-4.181927550165,2.6100001));
#1644 = VERTEX_POINT('',#1645);
#1645 = CARTESIAN_POINT('',(12.647574332033,-3.991539237077,2.6100001));
#1646 = B_SPLINE_CURVE_WITH_KNOTS('',3,(#1647,#1648,#1649,#1650),
  .UNSPECIFIED.,.F.,.F.,(4,4),(0.,1.),.PIECEWISE_BEZIER_KNOTS.);
#1647 = CARTESIAN_POINT('',(12.777713214158,-4.181927550165,2.6100001));
#1648 = CARTESIAN_POINT('',(12.751203486138,-4.109628191639,2.6100001));
#1649 = CARTESIAN_POINT('',(12.70541385563,-4.044558773558,2.6100001));
#1650 = CARTESIAN_POINT('',(12.647574332033,-3.991539237077,2.6100001));
#1651 = ORIENTED_EDGE('',*,*,#1652,.F.);
#1652 = EDGE_CURVE('',#1653,#1642,#1655,.T.);
#1653 = VERTEX_POINT('',#1654);
#1654 = CARTESIAN_POINT('',(13.016301042143,-4.497634666335,2.6100001));
#1655 = B_SPLINE_CURVE_WITH_KNOTS('',3,(#1656,#1657,#1658,#1659),
  .UNSPECIFIED.,.F.,.F.,(4,4),(35.,36.),.PIECEWISE_BEZIER_KNOTS.);
#1656 = CARTESIAN_POINT('',(13.016301042143,-4.497634666335,2.6100001));
#1657 = CARTESIAN_POINT('',(13.013891100298,-4.353036041211,2.6100001));
#1658 = CARTESIAN_POINT('',(12.915081921815,-4.225307146897,2.6100001));
#1659 = CARTESIAN_POINT('',(12.777713214158,-4.181927550165,2.6100001));
#1660 = ORIENTED_EDGE('',*,*,#1661,.F.);
#1661 = EDGE_CURVE('',#1662,#1653,#1664,.T.);
#1662 = VERTEX_POINT('',#1663);
#1663 = CARTESIAN_POINT('',(12.927131814903,-4.726582635009,2.6100001));
#1664 = B_SPLINE_CURVE_WITH_KNOTS('',3,(#1665,#1666,#1667,#1668),
  .UNSPECIFIED.,.F.,.F.,(4,4),(34.,35.),.PIECEWISE_BEZIER_KNOTS.);
#1665 = CARTESIAN_POINT('',(12.927131814903,-4.726582635009,2.6100001));
#1666 = CARTESIAN_POINT('',(12.9849713385,-4.663923227724,2.6100001));
#1667 = CARTESIAN_POINT('',(13.016301042143,-4.581983917951,2.6100001));
#1668 = CARTESIAN_POINT('',(13.016301042143,-4.497634666335,2.6100001));
#1669 = ORIENTED_EDGE('',*,*,#1670,.F.);
#1670 = EDGE_CURVE('',#1671,#1662,#1673,.T.);
#1671 = VERTEX_POINT('',#1672);
#1672 = CARTESIAN_POINT('',(12.707823797474,-4.835031672803,2.6100001));
#1673 = B_SPLINE_CURVE_WITH_KNOTS('',3,(#1674,#1675,#1676,#1677),
  .UNSPECIFIED.,.F.,.F.,(4,4),(33.,34.),.PIECEWISE_BEZIER_KNOTS.);
#1674 = CARTESIAN_POINT('',(12.707823797474,-4.835031672803,2.6100001));
#1675 = CARTESIAN_POINT('',(12.79217304909,-4.827801755336,2.6100001));
#1676 = CARTESIAN_POINT('',(12.869292383242,-4.789242042293,2.6100001));
#1677 = CARTESIAN_POINT('',(12.927131814903,-4.726582635009,2.6100001));
#1678 = ORIENTED_EDGE('',*,*,#1679,.F.);
#1679 = EDGE_CURVE('',#1680,#1671,#1682,.T.);
#1680 = VERTEX_POINT('',#1681);
#1681 = CARTESIAN_POINT('',(12.565635114194,-4.835031672803,2.6100001));
#1682 = B_SPLINE_CURVE_WITH_KNOTS('',1,(#1683,#1684),.UNSPECIFIED.,.F.,
  .F.,(2,2),(-0.134958765813,7.22991746688E-03),
  .PIECEWISE_BEZIER_KNOTS.);
#1683 = CARTESIAN_POINT('',(12.565635114194,-4.835031672803,2.6100001));
#1684 = CARTESIAN_POINT('',(12.707823797474,-4.835031672803,2.6100001));
#1685 = ORIENTED_EDGE('',*,*,#1686,.F.);
#1686 = EDGE_CURVE('',#1687,#1680,#1689,.T.);
#1687 = VERTEX_POINT('',#1688);
#1688 = CARTESIAN_POINT('',(12.49574569751,-4.760322372428,2.6100001));
#1689 = B_SPLINE_CURVE_WITH_KNOTS('',3,(#1690,#1691,#1692,#1693),
  .UNSPECIFIED.,.F.,.F.,(4,4),(28.,29.),.PIECEWISE_BEZIER_KNOTS.);
#1690 = CARTESIAN_POINT('',(12.49574569751,-4.760322372428,2.6100001));
#1691 = CARTESIAN_POINT('',(12.49574569751,-4.798881993537,2.6100001));
#1692 = CARTESIAN_POINT('',(12.527075401152,-4.832621730959,2.6100001));
#1693 = CARTESIAN_POINT('',(12.565635114194,-4.835031672803,2.6100001));
#1694 = ORIENTED_EDGE('',*,*,#1695,.F.);
#1695 = EDGE_CURVE('',#1696,#1687,#1698,.T.);
#1696 = VERTEX_POINT('',#1697);
#1697 = CARTESIAN_POINT('',(12.570454997883,-4.685613072056,2.6100001));
#1698 = B_SPLINE_CURVE_WITH_KNOTS('',3,(#1699,#1700,#1701,#1702),
  .UNSPECIFIED.,.F.,.F.,(4,4),(27.,28.),.PIECEWISE_BEZIER_KNOTS.);
#1699 = CARTESIAN_POINT('',(12.570454997883,-4.685613072056,2.6100001));
#1700 = CARTESIAN_POINT('',(12.529485342996,-4.685613072056,2.6100001));
#1701 = CARTESIAN_POINT('',(12.49574569751,-4.719352809475,2.6100001));
#1702 = CARTESIAN_POINT('',(12.49574569751,-4.760322372428,2.6100001));
#1703 = ORIENTED_EDGE('',*,*,#1704,.F.);
#1704 = EDGE_CURVE('',#1705,#1696,#1707,.T.);
#1705 = VERTEX_POINT('',#1706);
#1706 = CARTESIAN_POINT('',(12.584914832815,-4.688023013899,2.6100001));
#1707 = B_SPLINE_CURVE_WITH_KNOTS('',3,(#1708,#1709,#1710,#1711),
  .UNSPECIFIED.,.F.,.F.,(4,4),(26.,27.),.PIECEWISE_BEZIER_KNOTS.);
#1708 = CARTESIAN_POINT('',(12.584914832815,-4.688023013899,2.6100001));
#1709 = CARTESIAN_POINT('',(12.580094857193,-4.688023013899,2.6100001));
#1710 = CARTESIAN_POINT('',(12.575274881571,-4.685613072056,2.6100001));
#1711 = CARTESIAN_POINT('',(12.570454997883,-4.685613072056,2.6100001));
#1712 = ORIENTED_EDGE('',*,*,#1713,.F.);
#1713 = EDGE_CURVE('',#1714,#1705,#1716,.T.);
#1714 = VERTEX_POINT('',#1715);
#1715 = CARTESIAN_POINT('',(12.693363870608,-4.688023013899,2.6100001));
#1716 = B_SPLINE_CURVE_WITH_KNOTS('',1,(#1717,#1718),.UNSPECIFIED.,.F.,
  .F.,(2,2),(0.,0.108449037793),.PIECEWISE_BEZIER_KNOTS.);
#1717 = CARTESIAN_POINT('',(12.693363870608,-4.688023013899,2.6100001));
#1718 = CARTESIAN_POINT('',(12.584914832815,-4.688023013899,2.6100001));
#1719 = ORIENTED_EDGE('',*,*,#1720,.F.);
#1720 = EDGE_CURVE('',#1721,#1714,#1723,.T.);
#1721 = VERTEX_POINT('',#1722);
#1722 = CARTESIAN_POINT('',(12.866882349463,-4.500044700112,2.6100001));
#1723 = B_SPLINE_CURVE_WITH_KNOTS('',3,(#1724,#1725,#1726,#1727),
  .UNSPECIFIED.,.F.,.F.,(4,4),(24.,25.),.PIECEWISE_BEZIER_KNOTS.);
#1724 = CARTESIAN_POINT('',(12.866882349463,-4.500044700112,2.6100001));
#1725 = CARTESIAN_POINT('',(12.866882349463,-4.598853832629,2.6100001));
#1726 = CARTESIAN_POINT('',(12.79217304909,-4.680793096432,2.6100001));
#1727 = CARTESIAN_POINT('',(12.693363870608,-4.688023013899,2.6100001));
#1728 = ORIENTED_EDGE('',*,*,#1729,.F.);
#1729 = EDGE_CURVE('',#1730,#1721,#1732,.T.);
#1730 = VERTEX_POINT('',#1731);
#1731 = CARTESIAN_POINT('',(12.678904035676,-4.312066386324,2.6100001));
#1732 = B_SPLINE_CURVE_WITH_KNOTS('',3,(#1733,#1734,#1735,#1736),
  .UNSPECIFIED.,.F.,.F.,(4,4),(23.,24.),.PIECEWISE_BEZIER_KNOTS.);
#1733 = CARTESIAN_POINT('',(12.678904035676,-4.312066386324,2.6100001));
#1734 = CARTESIAN_POINT('',(12.782533097847,-4.312066386324,2.6100001));
#1735 = CARTESIAN_POINT('',(12.866882349463,-4.396415637941,2.6100001));
#1736 = CARTESIAN_POINT('',(12.866882349463,-4.500044700112,2.6100001));
#1737 = ORIENTED_EDGE('',*,*,#1738,.F.);
#1738 = EDGE_CURVE('',#1739,#1730,#1741,.T.);
#1739 = VERTEX_POINT('',#1740);
#1740 = CARTESIAN_POINT('',(12.659624225121,-4.312066386324,2.6100001));
#1741 = B_SPLINE_CURVE_WITH_KNOTS('',3,(#1742,#1743,#1744,#1745),
  .UNSPECIFIED.,.F.,.F.,(4,4),(22.,23.),.PIECEWISE_BEZIER_KNOTS.);
#1742 = CARTESIAN_POINT('',(12.659624225121,-4.312066386324,2.6100001));
#1743 = CARTESIAN_POINT('',(12.666854142587,-4.312066386324,2.6100001));
#1744 = CARTESIAN_POINT('',(12.671674118209,-4.312066386324,2.6100001));
#1745 = CARTESIAN_POINT('',(12.678904035676,-4.312066386324,2.6100001));
#1746 = ORIENTED_EDGE('',*,*,#1747,.F.);
#1747 = EDGE_CURVE('',#1748,#1739,#1750,.T.);
#1748 = VERTEX_POINT('',#1749);
#1749 = CARTESIAN_POINT('',(12.322227218654,-4.010819059122,2.6100001));
#1750 = B_SPLINE_CURVE_WITH_KNOTS('',3,(#1751,#1752,#1753,#1754),
  .UNSPECIFIED.,.F.,.F.,(4,4),(21.,22.),.PIECEWISE_BEZIER_KNOTS.);
#1751 = CARTESIAN_POINT('',(12.322227218654,-4.010819059122,2.6100001));
#1752 = CARTESIAN_POINT('',(12.49574569751,-4.010819059122,2.6100001));
#1753 = CARTESIAN_POINT('',(12.640344414567,-4.143367883091,2.6100001));
#1754 = CARTESIAN_POINT('',(12.659624225121,-4.312066386324,2.6100001));
#1755 = ORIENTED_EDGE('',*,*,#1756,.F.);
#1756 = EDGE_CURVE('',#1757,#1748,#1759,.T.);
#1757 = VERTEX_POINT('',#1758);
#1758 = CARTESIAN_POINT('',(11.999290139052,-4.242176877708,2.6100001));
#1759 = B_SPLINE_CURVE_WITH_KNOTS('',3,(#1760,#1761,#1762,#1763),
  .UNSPECIFIED.,.F.,.F.,(4,4),(20.,21.),.PIECEWISE_BEZIER_KNOTS.);
#1760 = CARTESIAN_POINT('',(11.999290139052,-4.242176877708,2.6100001));
#1761 = CARTESIAN_POINT('',(12.045079677627,-4.107218203826,2.6100001));
#1762 = CARTESIAN_POINT('',(12.17039858413,-4.010819059122,2.6100001));
#1763 = CARTESIAN_POINT('',(12.322227218654,-4.010819059122,2.6100001));
#1764 = ORIENTED_EDGE('',*,*,#1765,.F.);
#1765 = EDGE_CURVE('',#1766,#1757,#1768,.T.);
#1766 = VERTEX_POINT('',#1767);
#1767 = CARTESIAN_POINT('',(11.871561290705,-4.206027198443,2.6100001));
#1768 = B_SPLINE_CURVE_WITH_KNOTS('',3,(#1769,#1770,#1771,#1772),
  .UNSPECIFIED.,.F.,.F.,(4,4),(19.,20.),.PIECEWISE_BEZIER_KNOTS.);
#1769 = CARTESIAN_POINT('',(11.871561290705,-4.206027198443,2.6100001));
#1770 = CARTESIAN_POINT('',(11.917350875247,-4.206027198443,2.6100001));
#1771 = CARTESIAN_POINT('',(11.963140459789,-4.220487079341,2.6100001));
#1772 = CARTESIAN_POINT('',(11.999290139052,-4.242176877708,2.6100001));
#1773 = ORIENTED_EDGE('',*,*,#1774,.F.);
#1774 = EDGE_CURVE('',#1775,#1766,#1777,.T.);
#1775 = VERTEX_POINT('',#1776);
#1776 = CARTESIAN_POINT('',(11.630563428943,-4.447025060204,2.6100001));
#1777 = B_SPLINE_CURVE_WITH_KNOTS('',3,(#1778,#1779,#1780,#1781),
  .UNSPECIFIED.,.F.,.F.,(4,4),(18.,19.),.PIECEWISE_BEZIER_KNOTS.);
#1778 = CARTESIAN_POINT('',(11.630563428943,-4.447025060204,2.6100001));
#1779 = CARTESIAN_POINT('',(11.630563428943,-4.314476236235,2.6100001));
#1780 = CARTESIAN_POINT('',(11.739012466736,-4.206027198443,2.6100001));
#1781 = CARTESIAN_POINT('',(11.871561290705,-4.206027198443,2.6100001));
#1782 = ORIENTED_EDGE('',*,*,#1783,.F.);
#1783 = EDGE_CURVE('',#1784,#1775,#1786,.T.);
#1784 = VERTEX_POINT('',#1785);
#1785 = CARTESIAN_POINT('',(11.775162146,-4.668743111411,2.6100001));
#1786 = B_SPLINE_CURVE_WITH_KNOTS('',3,(#1787,#1788,#1789,#1790),
  .UNSPECIFIED.,.F.,.F.,(4,4),(17.,18.),.PIECEWISE_BEZIER_KNOTS.);
#1787 = CARTESIAN_POINT('',(11.775162146,-4.668743111411,2.6100001));
#1788 = CARTESIAN_POINT('',(11.690812894384,-4.630183444338,2.6100001));
#1789 = CARTESIAN_POINT('',(11.630563428943,-4.545834192721,2.6100001));
#1790 = CARTESIAN_POINT('',(11.630563428943,-4.447025060204,2.6100001));
#1791 = ORIENTED_EDGE('',*,*,#1792,.F.);
#1792 = EDGE_CURVE('',#1793,#1784,#1795,.T.);
#1793 = VERTEX_POINT('',#1794);
#1794 = CARTESIAN_POINT('',(12.001700126864,-4.509684513456,2.6100001));
#1795 = B_SPLINE_CURVE_WITH_KNOTS('',3,(#1796,#1797,#1798,#1799),
  .UNSPECIFIED.,.F.,.F.,(4,4),(16.,17.),.PIECEWISE_BEZIER_KNOTS.);
#1796 = CARTESIAN_POINT('',(12.001700126864,-4.509684513456,2.6100001));
#1797 = CARTESIAN_POINT('',(11.898071018726,-4.509684513456,2.6100001));
#1798 = CARTESIAN_POINT('',(11.808901837454,-4.577163896361,2.6100001));
#1799 = CARTESIAN_POINT('',(11.775162146,-4.668743111411,2.6100001));
#1800 = ORIENTED_EDGE('',*,*,#1801,.F.);
#1801 = EDGE_CURVE('',#1802,#1793,#1804,.T.);
#1802 = VERTEX_POINT('',#1803);
#1803 = CARTESIAN_POINT('',(12.182448523186,-4.591623777262,2.6100001));
#1804 = B_SPLINE_CURVE_WITH_KNOTS('',3,(#1805,#1806,#1807,#1808),
  .UNSPECIFIED.,.F.,.F.,(4,4),(15.,16.),.PIECEWISE_BEZIER_KNOTS.);
#1805 = CARTESIAN_POINT('',(12.182448523186,-4.591623777262,2.6100001));
#1806 = CARTESIAN_POINT('',(12.139068926454,-4.541014217098,2.6100001));
#1807 = CARTESIAN_POINT('',(12.073999485393,-4.509684513456,2.6100001));
#1808 = CARTESIAN_POINT('',(12.001700126864,-4.509684513456,2.6100001));
#1809 = ORIENTED_EDGE('',*,*,#1810,.F.);
#1810 = EDGE_CURVE('',#1811,#1802,#1813,.T.);
#1811 = VERTEX_POINT('',#1812);
#1812 = CARTESIAN_POINT('',(12.505385648753,-4.422925274029,2.6100001));
#1813 = B_SPLINE_CURVE_WITH_KNOTS('',1,(#1814,#1815),.UNSPECIFIED.,.F.,
  .F.,(2,2),(0.,0.364345402143),.PIECEWISE_BEZIER_KNOTS.);
#1814 = CARTESIAN_POINT('',(12.505385648753,-4.422925274029,2.6100001));
#1815 = CARTESIAN_POINT('',(12.182448523186,-4.591623777262,2.6100001));
#1816 = ORIENTED_EDGE('',*,*,#1817,.F.);
#1817 = EDGE_CURVE('',#1818,#1811,#1820,.T.);
#1818 = VERTEX_POINT('',#1819);
#1819 = CARTESIAN_POINT('',(12.580094949127,-4.550654168342,2.6100001));
#1820 = B_SPLINE_CURVE_WITH_KNOTS('',1,(#1821,#1822),.UNSPECIFIED.,.F.,
  .F.,(2,2),(0.,0.147973477369),.PIECEWISE_BEZIER_KNOTS.);
#1821 = CARTESIAN_POINT('',(12.580094949127,-4.550654168342,2.6100001));
#1822 = CARTESIAN_POINT('',(12.505385648753,-4.422925274029,2.6100001));
#1823 = ORIENTED_EDGE('',*,*,#1824,.F.);
#1824 = EDGE_CURVE('',#1825,#1818,#1827,.T.);
#1825 = VERTEX_POINT('',#1826);
#1826 = CARTESIAN_POINT('',(12.24269794266,-4.728992576852,2.6100001));
#1827 = B_SPLINE_CURVE_WITH_KNOTS('',1,(#1828,#1829),.UNSPECIFIED.,.F.,
  .F.,(2,2),(0.,0.381629831018),.PIECEWISE_BEZIER_KNOTS.);
#1828 = CARTESIAN_POINT('',(12.24269794266,-4.728992576852,2.6100001));
#1829 = CARTESIAN_POINT('',(12.580094949127,-4.550654168342,2.6100001));
#1830 = ORIENTED_EDGE('',*,*,#1831,.F.);
#1831 = EDGE_CURVE('',#1832,#1825,#1834,.T.);
#1832 = VERTEX_POINT('',#1833);
#1833 = CARTESIAN_POINT('',(12.24269794266,-4.75309236303,2.6100001));
#1834 = B_SPLINE_CURVE_WITH_KNOTS('',3,(#1835,#1836,#1837,#1838),
  .UNSPECIFIED.,.F.,.F.,(4,4),(11.,12.),.PIECEWISE_BEZIER_KNOTS.);
#1835 = CARTESIAN_POINT('',(12.24269794266,-4.75309236303,2.6100001));
#1836 = CARTESIAN_POINT('',(12.24269794266,-4.745862445563,2.6100001));
#1837 = CARTESIAN_POINT('',(12.24269794266,-4.738632528096,2.6100001));
#1838 = CARTESIAN_POINT('',(12.24269794266,-4.728992576852,2.6100001));
#1839 = ORIENTED_EDGE('',*,*,#1840,.F.);
#1840 = EDGE_CURVE('',#1841,#1832,#1843,.T.);
#1841 = VERTEX_POINT('',#1842);
#1842 = CARTESIAN_POINT('',(12.001700080897,-4.994090224792,2.6100001));
#1843 = B_SPLINE_CURVE_WITH_KNOTS('',3,(#1844,#1845,#1846,#1847),
  .UNSPECIFIED.,.F.,.F.,(4,4),(10.,11.),.PIECEWISE_BEZIER_KNOTS.);
#1844 = CARTESIAN_POINT('',(12.001700080897,-4.994090224792,2.6100001));
#1845 = CARTESIAN_POINT('',(12.134248904866,-4.994090224792,2.6100001));
#1846 = CARTESIAN_POINT('',(12.24269794266,-4.885641187,2.6100001));
#1847 = CARTESIAN_POINT('',(12.24269794266,-4.75309236303,2.6100001));
#1848 = ORIENTED_EDGE('',*,*,#1849,.F.);
#1849 = EDGE_CURVE('',#1850,#1841,#1852,.T.);
#1850 = VERTEX_POINT('',#1851);
#1851 = CARTESIAN_POINT('',(11.772752089239,-4.83021169718,2.6100001));
#1852 = B_SPLINE_CURVE_WITH_KNOTS('',3,(#1853,#1854,#1855,#1856),
  .UNSPECIFIED.,.F.,.F.,(4,4),(9.,10.),.PIECEWISE_BEZIER_KNOTS.);
#1853 = CARTESIAN_POINT('',(11.772752089239,-4.83021169718,2.6100001));
#1854 = CARTESIAN_POINT('',(11.804081815864,-4.926610841886,2.6100001));
#1855 = CARTESIAN_POINT('',(11.895660984948,-4.994090224792,2.6100001));
#1856 = CARTESIAN_POINT('',(12.001700080897,-4.994090224792,2.6100001));
#1857 = ORIENTED_EDGE('',*,*,#1858,.F.);
#1858 = EDGE_CURVE('',#1859,#1850,#1861,.T.);
#1859 = VERTEX_POINT('',#1860);
#1860 = CARTESIAN_POINT('',(11.57995379983,-4.714532741921,2.6100001));
#1861 = B_SPLINE_CURVE_WITH_KNOTS('',3,(#1862,#1863,#1864,#1865),
  .UNSPECIFIED.,.F.,.F.,(4,4),(8.,9.),.PIECEWISE_BEZIER_KNOTS.);
#1862 = CARTESIAN_POINT('',(11.57995379983,-4.714532741921,2.6100001));
#1863 = CARTESIAN_POINT('',(11.63297332482,-4.772372265518,2.6100001));
#1864 = CARTESIAN_POINT('',(11.698042765883,-4.810931886625,2.6100001));
#1865 = CARTESIAN_POINT('',(11.772752089239,-4.83021169718,2.6100001));
#1866 = ORIENTED_EDGE('',*,*,#1867,.F.);
#1867 = EDGE_CURVE('',#1868,#1859,#1870,.T.);
#1868 = VERTEX_POINT('',#1869);
#1869 = CARTESIAN_POINT('',(11.478734702486,-4.451845127759,2.6100001));
#1870 = B_SPLINE_CURVE_WITH_KNOTS('',3,(#1871,#1872,#1873,#1874),
  .UNSPECIFIED.,.F.,.F.,(4,4),(7.,8.),.PIECEWISE_BEZIER_KNOTS.);
#1871 = CARTESIAN_POINT('',(11.478734702486,-4.451845127759,2.6100001));
#1872 = CARTESIAN_POINT('',(11.478734702486,-4.548244272465,2.6100001));
#1873 = CARTESIAN_POINT('',(11.51488438175,-4.642233475325,2.6100001));
#1874 = CARTESIAN_POINT('',(11.57995379983,-4.714532741921,2.6100001));
#1875 = ORIENTED_EDGE('',*,*,#1876,.F.);
#1876 = EDGE_CURVE('',#1877,#1868,#1879,.T.);
#1877 = VERTEX_POINT('',#1878);
#1878 = CARTESIAN_POINT('',(11.592003761868,-4.177107597528,2.6100001));
#1879 = B_SPLINE_CURVE_WITH_KNOTS('',3,(#1880,#1881,#1882,#1883),
  .UNSPECIFIED.,.F.,.F.,(4,4),(6.,7.),.PIECEWISE_BEZIER_KNOTS.);
#1880 = CARTESIAN_POINT('',(11.592003761868,-4.177107597528,2.6100001));
#1881 = CARTESIAN_POINT('',(11.519704340135,-4.249406933073,2.6100001));
#1882 = CARTESIAN_POINT('',(11.478734702486,-4.34821606559,2.6100001));
#1883 = CARTESIAN_POINT('',(11.478734702486,-4.451845127759,2.6100001));
#1884 = ORIENTED_EDGE('',*,*,#1885,.F.);
#1885 = EDGE_CURVE('',#1886,#1877,#1888,.T.);
#1886 = VERTEX_POINT('',#1887);
#1887 = CARTESIAN_POINT('',(11.869151302894,-4.061428619285,2.6100001));
#1888 = B_SPLINE_CURVE_WITH_KNOTS('',3,(#1889,#1890,#1891,#1892),
  .UNSPECIFIED.,.F.,.F.,(4,4),(5.,6.),.PIECEWISE_BEZIER_KNOTS.);
#1889 = CARTESIAN_POINT('',(11.869151302894,-4.061428619285,2.6100001));
#1890 = CARTESIAN_POINT('',(11.76552221774,-4.061428619285,2.6100001));
#1891 = CARTESIAN_POINT('',(11.666713108207,-4.102398251186,2.6100001));
#1892 = CARTESIAN_POINT('',(11.592003761868,-4.177107597528,2.6100001));
#1893 = ORIENTED_EDGE('',*,*,#1894,.F.);
#1894 = EDGE_CURVE('',#1895,#1886,#1897,.T.);
#1895 = VERTEX_POINT('',#1896);
#1896 = CARTESIAN_POINT('',(11.924580792713,-4.066248571923,2.6100001));
#1897 = B_SPLINE_CURVE_WITH_KNOTS('',3,(#1898,#1899,#1900,#1901),
  .UNSPECIFIED.,.F.,.F.,(4,4),(4.,5.),.PIECEWISE_BEZIER_KNOTS.);
#1898 = CARTESIAN_POINT('',(11.924580792713,-4.066248571923,2.6100001));
#1899 = CARTESIAN_POINT('',(11.905300982158,-4.063838584112,2.6100001));
#1900 = CARTESIAN_POINT('',(11.888431113449,-4.061428619285,2.6100001));
#1901 = CARTESIAN_POINT('',(11.869151302894,-4.061428619285,2.6100001));
#1902 = ORIENTED_EDGE('',*,*,#1903,.F.);
#1903 = EDGE_CURVE('',#1904,#1895,#1906,.T.);
#1904 = VERTEX_POINT('',#1905);
#1905 = CARTESIAN_POINT('',(12.030619842695,-3.960209510451,2.6100001));
#1906 = B_SPLINE_CURVE_WITH_KNOTS('',3,(#1907,#1908,#1909,#1910),
  .UNSPECIFIED.,.F.,.F.,(4,4),(3.,4.),.PIECEWISE_BEZIER_KNOTS.);
#1907 = CARTESIAN_POINT('',(12.030619842695,-3.960209510451,2.6100001));
#1908 = CARTESIAN_POINT('',(11.989650187808,-3.989129260757,2.6100001));
#1909 = CARTESIAN_POINT('',(11.955910496355,-4.02527894002,2.6100001));
#1910 = CARTESIAN_POINT('',(11.924580792713,-4.066248571923,2.6100001));
#1911 = ORIENTED_EDGE('',*,*,#1912,.F.);
#1912 = EDGE_CURVE('',#1913,#1904,#1915,.T.);
#1913 = VERTEX_POINT('',#1914);
#1914 = CARTESIAN_POINT('',(12.319817276809,-3.866220342064,2.6100001));
#1915 = B_SPLINE_CURVE_WITH_KNOTS('',3,(#1916,#1917,#1918,#1919),
  .UNSPECIFIED.,.F.,.F.,(4,4),(2.,3.),.PIECEWISE_BEZIER_KNOTS.);
#1916 = CARTESIAN_POINT('',(12.319817276809,-3.866220342064,2.6100001));
#1917 = CARTESIAN_POINT('',(12.213778226828,-3.866220342064,2.6100001));
#1918 = CARTESIAN_POINT('',(12.114969094312,-3.899960042136,2.6100001));
#1919 = CARTESIAN_POINT('',(12.030619842695,-3.960209510451,2.6100001));
#1920 = ORIENTED_EDGE('',*,*,#1921,.F.);
#1921 = EDGE_CURVE('',#1644,#1913,#1922,.T.);
#1922 = B_SPLINE_CURVE_WITH_KNOTS('',3,(#1923,#1924,#1925,#1926),
  .UNSPECIFIED.,.F.,.F.,(4,4),(1.,2.),.PIECEWISE_BEZIER_KNOTS.);
#1923 = CARTESIAN_POINT('',(12.647574332033,-3.991539237077,2.6100001));
#1924 = CARTESIAN_POINT('',(12.55599516295,-3.912009935224,2.6100001));
#1925 = CARTESIAN_POINT('',(12.44031620769,-3.866220342064,2.6100001));
#1926 = CARTESIAN_POINT('',(12.319817276809,-3.866220342064,2.6100001));
#1927 = B_SPLINE_SURFACE_WITH_KNOTS('',1,1,(
    (#1928,#1929)
    ,(#1930,#1931
    )),.UNSPECIFIED.,.F.,.F.,.F.,(2,2),(2,2),(-13.5,16.5),(-5.78,5.78),
  .PIECEWISE_BEZIER_KNOTS.);
#1928 = CARTESIAN_POINT('',(-13.5,-5.78,2.6100001));
#1929 = CARTESIAN_POINT('',(-13.5,5.78,2.6100001));
#1930 = CARTESIAN_POINT('',(16.5,-5.78,2.6100001));
#1931 = CARTESIAN_POINT('',(16.5,5.78,2.6100001));
#1932 = ADVANCED_FACE('',(#1933),#1963,.F.);
#1933 = FACE_BOUND('',#1934,.T.);
#1934 = EDGE_LOOP('',(#1935,#1944,#1951,#1958));
#1935 = ORIENTED_EDGE('',*,*,#1936,.T.);
#1936 = EDGE_CURVE('',#1937,#1939,#1941,.T.);
#1937 = VERTEX_POINT('',#1938);
#1938 = CARTESIAN_POINT('',(19.,-6.,1.00001E-02));
#1939 = VERTEX_POINT('',#1940);
#1940 = CARTESIAN_POINT('',(19.,6.,1.00001E-02));
#1941 = B_SPLINE_CURVE_WITH_KNOTS('',1,(#1942,#1943),.UNSPECIFIED.,.F.,
  .F.,(2,2),(-12.,0.),.PIECEWISE_BEZIER_KNOTS.);
#1942 = CARTESIAN_POINT('',(19.,-6.,1.00001E-02));
#1943 = CARTESIAN_POINT('',(19.,6.,1.00001E-02));
#1944 = ORIENTED_EDGE('',*,*,#1945,.F.);
#1945 = EDGE_CURVE('',#1946,#1939,#1948,.T.);
#1946 = VERTEX_POINT('',#1947);
#1947 = CARTESIAN_POINT('',(19.,6.,1.2100001));
#1948 = B_SPLINE_CURVE_WITH_KNOTS('',1,(#1949,#1950),.UNSPECIFIED.,.F.,
  .F.,(2,2),(-0.,1.2),.PIECEWISE_BEZIER_KNOTS.);
#1949 = CARTESIAN_POINT('',(19.,6.,1.2100001));
#1950 = CARTESIAN_POINT('',(19.,6.,1.00001E-02));
#1951 = ORIENTED_EDGE('',*,*,#1952,.F.);
#1952 = EDGE_CURVE('',#1953,#1946,#1955,.T.);
#1953 = VERTEX_POINT('',#1954);
#1954 = CARTESIAN_POINT('',(19.,-6.,1.2100001));
#1955 = B_SPLINE_CURVE_WITH_KNOTS('',1,(#1956,#1957),.UNSPECIFIED.,.F.,
  .F.,(2,2),(-12.,0.),.PIECEWISE_BEZIER_KNOTS.);
#1956 = CARTESIAN_POINT('',(19.,-6.,1.2100001));
#1957 = CARTESIAN_POINT('',(19.,6.,1.2100001));
#1958 = ORIENTED_EDGE('',*,*,#1959,.T.);
#1959 = EDGE_CURVE('',#1953,#1937,#1960,.T.);
#1960 = B_SPLINE_CURVE_WITH_KNOTS('',1,(#1961,#1962),.UNSPECIFIED.,.F.,
  .F.,(2,2),(-0.,1.2),.PIECEWISE_BEZIER_KNOTS.);
#1961 = CARTESIAN_POINT('',(19.,-6.,1.2100001));
#1962 = CARTESIAN_POINT('',(19.,-6.,1.00001E-02));
#1963 = B_SPLINE_SURFACE_WITH_KNOTS('',1,1,(
    (#1964,#1965)
    ,(#1966,#1967
    )),.UNSPECIFIED.,.F.,.F.,.F.,(2,2),(2,2),(-1.2,0.),(-12.,0.),
  .PIECEWISE_BEZIER_KNOTS.);
#1964 = CARTESIAN_POINT('',(19.,-6.,1.00001E-02));
#1965 = CARTESIAN_POINT('',(19.,6.,1.00001E-02));
#1966 = CARTESIAN_POINT('',(19.,-6.,1.2100001));
#1967 = CARTESIAN_POINT('',(19.,6.,1.2100001));
#1968 = ADVANCED_FACE('',(#1969),#1991,.F.);
#1969 = FACE_BOUND('',#1970,.T.);
#1970 = EDGE_LOOP('',(#1971,#1978,#1985,#1990));
#1971 = ORIENTED_EDGE('',*,*,#1972,.T.);
#1972 = EDGE_CURVE('',#1939,#1973,#1975,.T.);
#1973 = VERTEX_POINT('',#1974);
#1974 = CARTESIAN_POINT('',(-19.,6.,1.00001E-02));
#1975 = B_SPLINE_CURVE_WITH_KNOTS('',1,(#1976,#1977),.UNSPECIFIED.,.F.,
  .F.,(2,2),(-38.,-0.),.PIECEWISE_BEZIER_KNOTS.);
#1976 = CARTESIAN_POINT('',(19.,6.,1.00001E-02));
#1977 = CARTESIAN_POINT('',(-19.,6.,1.00001E-02));
#1978 = ORIENTED_EDGE('',*,*,#1979,.F.);
#1979 = EDGE_CURVE('',#1980,#1973,#1982,.T.);
#1980 = VERTEX_POINT('',#1981);
#1981 = CARTESIAN_POINT('',(-19.,6.,1.2100001));
#1982 = B_SPLINE_CURVE_WITH_KNOTS('',1,(#1983,#1984),.UNSPECIFIED.,.F.,
  .F.,(2,2),(-0.,1.2),.PIECEWISE_BEZIER_KNOTS.);
#1983 = CARTESIAN_POINT('',(-19.,6.,1.2100001));
#1984 = CARTESIAN_POINT('',(-19.,6.,1.00001E-02));
#1985 = ORIENTED_EDGE('',*,*,#1986,.F.);
#1986 = EDGE_CURVE('',#1946,#1980,#1987,.T.);
#1987 = B_SPLINE_CURVE_WITH_KNOTS('',1,(#1988,#1989),.UNSPECIFIED.,.F.,
  .F.,(2,2),(-38.,-0.),.PIECEWISE_BEZIER_KNOTS.);
#1988 = CARTESIAN_POINT('',(19.,6.,1.2100001));
#1989 = CARTESIAN_POINT('',(-19.,6.,1.2100001));
#1990 = ORIENTED_EDGE('',*,*,#1945,.T.);
#1991 = B_SPLINE_SURFACE_WITH_KNOTS('',1,1,(
    (#1992,#1993)
    ,(#1994,#1995
    )),.UNSPECIFIED.,.F.,.F.,.F.,(2,2),(2,2),(0.,1.2),(0.,38.),
  .PIECEWISE_BEZIER_KNOTS.);
#1992 = CARTESIAN_POINT('',(-19.,6.,1.2100001));
#1993 = CARTESIAN_POINT('',(19.,6.,1.2100001));
#1994 = CARTESIAN_POINT('',(-19.,6.,1.00001E-02));
#1995 = CARTESIAN_POINT('',(19.,6.,1.00001E-02));
#1996 = ADVANCED_FACE('',(#1997),#2019,.F.);
#1997 = FACE_BOUND('',#1998,.T.);
#1998 = EDGE_LOOP('',(#1999,#2006,#2013,#2018));
#1999 = ORIENTED_EDGE('',*,*,#2000,.T.);
#2000 = EDGE_CURVE('',#1973,#2001,#2003,.T.);
#2001 = VERTEX_POINT('',#2002);
#2002 = CARTESIAN_POINT('',(-19.,-6.,1.00001E-02));
#2003 = B_SPLINE_CURVE_WITH_KNOTS('',1,(#2004,#2005),.UNSPECIFIED.,.F.,
  .F.,(2,2),(0.,12.),.PIECEWISE_BEZIER_KNOTS.);
#2004 = CARTESIAN_POINT('',(-19.,6.,1.00001E-02));
#2005 = CARTESIAN_POINT('',(-19.,-6.,1.00001E-02));
#2006 = ORIENTED_EDGE('',*,*,#2007,.F.);
#2007 = EDGE_CURVE('',#2008,#2001,#2010,.T.);
#2008 = VERTEX_POINT('',#2009);
#2009 = CARTESIAN_POINT('',(-19.,-6.,1.2100001));
#2010 = B_SPLINE_CURVE_WITH_KNOTS('',1,(#2011,#2012),.UNSPECIFIED.,.F.,
  .F.,(2,2),(-0.,1.2),.PIECEWISE_BEZIER_KNOTS.);
#2011 = CARTESIAN_POINT('',(-19.,-6.,1.2100001));
#2012 = CARTESIAN_POINT('',(-19.,-6.,1.00001E-02));
#2013 = ORIENTED_EDGE('',*,*,#2014,.F.);
#2014 = EDGE_CURVE('',#1980,#2008,#2015,.T.);
#2015 = B_SPLINE_CURVE_WITH_KNOTS('',1,(#2016,#2017),.UNSPECIFIED.,.F.,
  .F.,(2,2),(0.,12.),.PIECEWISE_BEZIER_KNOTS.);
#2016 = CARTESIAN_POINT('',(-19.,6.,1.2100001));
#2017 = CARTESIAN_POINT('',(-19.,-6.,1.2100001));
#2018 = ORIENTED_EDGE('',*,*,#1979,.T.);
#2019 = B_SPLINE_SURFACE_WITH_KNOTS('',1,1,(
    (#2020,#2021)
    ,(#2022,#2023
    )),.UNSPECIFIED.,.F.,.F.,.F.,(2,2),(2,2),(-0.,1.2),(-12.,0.),
  .PIECEWISE_BEZIER_KNOTS.);
#2020 = CARTESIAN_POINT('',(-19.,-6.,1.2100001));
#2021 = CARTESIAN_POINT('',(-19.,6.,1.2100001));
#2022 = CARTESIAN_POINT('',(-19.,-6.,1.00001E-02));
#2023 = CARTESIAN_POINT('',(-19.,6.,1.00001E-02));
#2024 = ADVANCED_FACE('',(#2025),#2039,.F.);
#2025 = FACE_BOUND('',#2026,.T.);
#2026 = EDGE_LOOP('',(#2027,#2032,#2033,#2038));
#2027 = ORIENTED_EDGE('',*,*,#2028,.T.);
#2028 = EDGE_CURVE('',#2001,#1937,#2029,.T.);
#2029 = B_SPLINE_CURVE_WITH_KNOTS('',1,(#2030,#2031),.UNSPECIFIED.,.F.,
  .F.,(2,2),(0.,38.),.PIECEWISE_BEZIER_KNOTS.);
#2030 = CARTESIAN_POINT('',(-19.,-6.,1.00001E-02));
#2031 = CARTESIAN_POINT('',(19.,-6.,1.00001E-02));
#2032 = ORIENTED_EDGE('',*,*,#1959,.F.);
#2033 = ORIENTED_EDGE('',*,*,#2034,.F.);
#2034 = EDGE_CURVE('',#2008,#1953,#2035,.T.);
#2035 = B_SPLINE_CURVE_WITH_KNOTS('',1,(#2036,#2037),.UNSPECIFIED.,.F.,
  .F.,(2,2),(0.,38.),.PIECEWISE_BEZIER_KNOTS.);
#2036 = CARTESIAN_POINT('',(-19.,-6.,1.2100001));
#2037 = CARTESIAN_POINT('',(19.,-6.,1.2100001));
#2038 = ORIENTED_EDGE('',*,*,#2007,.T.);
#2039 = B_SPLINE_SURFACE_WITH_KNOTS('',1,1,(
    (#2040,#2041)
    ,(#2042,#2043
    )),.UNSPECIFIED.,.F.,.F.,.F.,(2,2),(2,2),(-1.2,0.),(0.,38.),
  .PIECEWISE_BEZIER_KNOTS.);
#2040 = CARTESIAN_POINT('',(-19.,-6.,1.00001E-02));
#2041 = CARTESIAN_POINT('',(19.,-6.,1.00001E-02));
#2042 = CARTESIAN_POINT('',(-19.,-6.,1.2100001));
#2043 = CARTESIAN_POINT('',(19.,-6.,1.2100001));
#2044 = ADVANCED_FACE('',(#2045,#2075,#2086,#2097,#2108,#2138),#2144,.T.
  );
#2045 = FACE_BOUND('',#2046,.T.);
#2046 = EDGE_LOOP('',(#2047,#2056,#2063,#2070));
#2047 = ORIENTED_EDGE('',*,*,#2048,.F.);
#2048 = EDGE_CURVE('',#2049,#2051,#2053,.T.);
#2049 = VERTEX_POINT('',#2050);
#2050 = CARTESIAN_POINT('',(-16.5,-4.81,1.2100001));
#2051 = VERTEX_POINT('',#2052);
#2052 = CARTESIAN_POINT('',(-16.5,-2.81,1.2100001));
#2053 = B_SPLINE_CURVE_WITH_KNOTS('',1,(#2054,#2055),.UNSPECIFIED.,.F.,
  .F.,(2,2),(-4.81,-2.81),.PIECEWISE_BEZIER_KNOTS.);
#2054 = CARTESIAN_POINT('',(-16.5,-4.81,1.2100001));
#2055 = CARTESIAN_POINT('',(-16.5,-2.81,1.2100001));
#2056 = ORIENTED_EDGE('',*,*,#2057,.F.);
#2057 = EDGE_CURVE('',#2058,#2049,#2060,.T.);
#2058 = VERTEX_POINT('',#2059);
#2059 = CARTESIAN_POINT('',(-18.5,-4.81,1.2100001));
#2060 = B_SPLINE_CURVE_WITH_KNOTS('',1,(#2061,#2062),.UNSPECIFIED.,.F.,
  .F.,(2,2),(-18.5,-16.5),.PIECEWISE_BEZIER_KNOTS.);
#2061 = CARTESIAN_POINT('',(-18.5,-4.81,1.2100001));
#2062 = CARTESIAN_POINT('',(-16.5,-4.81,1.2100001));
#2063 = ORIENTED_EDGE('',*,*,#2064,.F.);
#2064 = EDGE_CURVE('',#2065,#2058,#2067,.T.);
#2065 = VERTEX_POINT('',#2066);
#2066 = CARTESIAN_POINT('',(-18.5,-2.81,1.2100001));
#2067 = B_SPLINE_CURVE_WITH_KNOTS('',1,(#2068,#2069),.UNSPECIFIED.,.F.,
  .F.,(2,2),(2.81,4.81),.PIECEWISE_BEZIER_KNOTS.);
#2068 = CARTESIAN_POINT('',(-18.5,-2.81,1.2100001));
#2069 = CARTESIAN_POINT('',(-18.5,-4.81,1.2100001));
#2070 = ORIENTED_EDGE('',*,*,#2071,.F.);
#2071 = EDGE_CURVE('',#2051,#2065,#2072,.T.);
#2072 = B_SPLINE_CURVE_WITH_KNOTS('',1,(#2073,#2074),.UNSPECIFIED.,.F.,
  .F.,(2,2),(16.5,18.5),.PIECEWISE_BEZIER_KNOTS.);
#2073 = CARTESIAN_POINT('',(-16.5,-2.81,1.2100001));
#2074 = CARTESIAN_POINT('',(-18.5,-2.81,1.2100001));
#2075 = FACE_BOUND('',#2076,.T.);
#2076 = EDGE_LOOP('',(#2077,#2078));
#2077 = ORIENTED_EDGE('',*,*,#213,.F.);
#2078 = ORIENTED_EDGE('',*,*,#2079,.F.);
#2079 = EDGE_CURVE('',#216,#214,#2080,.T.);
#2080 = ( BOUNDED_CURVE() B_SPLINE_CURVE(2,(#2081,#2082,#2083,#2084,
#2085),.UNSPECIFIED.,.F.,.F.) B_SPLINE_CURVE_WITH_KNOTS((3,2,3),(
    3.14159265359,4.712388980385,6.28318530718),
.PIECEWISE_BEZIER_KNOTS.) CURVE() GEOMETRIC_REPRESENTATION_ITEM() 
RATIONAL_B_SPLINE_CURVE((1.,0.707106781187,1.,0.707106781187,1.)) 
REPRESENTATION_ITEM('') );
#2081 = CARTESIAN_POINT('',(-18.4,3.81,1.2100001));
#2082 = CARTESIAN_POINT('',(-18.4,2.91,1.2100001));
#2083 = CARTESIAN_POINT('',(-17.5,2.91,1.2100001));
#2084 = CARTESIAN_POINT('',(-16.6,2.91,1.2100001));
#2085 = CARTESIAN_POINT('',(-16.6,3.81,1.2100001));
#2086 = FACE_BOUND('',#2087,.T.);
#2087 = EDGE_LOOP('',(#2088,#2089));
#2088 = ORIENTED_EDGE('',*,*,#309,.F.);
#2089 = ORIENTED_EDGE('',*,*,#2090,.F.);
#2090 = EDGE_CURVE('',#312,#310,#2091,.T.);
#2091 = ( BOUNDED_CURVE() B_SPLINE_CURVE(2,(#2092,#2093,#2094,#2095,
#2096),.UNSPECIFIED.,.F.,.F.) B_SPLINE_CURVE_WITH_KNOTS((3,2,3),(
    3.14159265359,4.712388980385,6.28318530718),
.PIECEWISE_BEZIER_KNOTS.) CURVE() GEOMETRIC_REPRESENTATION_ITEM() 
RATIONAL_B_SPLINE_CURVE((1.,0.707106781187,1.,0.707106781187,1.)) 
REPRESENTATION_ITEM('') );
#2092 = CARTESIAN_POINT('',(-18.4,1.27,1.2100001));
#2093 = CARTESIAN_POINT('',(-18.4,0.37,1.2100001));
#2094 = CARTESIAN_POINT('',(-17.5,0.37,1.2100001));
#2095 = CARTESIAN_POINT('',(-16.6,0.37,1.2100001));
#2096 = CARTESIAN_POINT('',(-16.6,1.27,1.2100001));
#2097 = FACE_BOUND('',#2098,.T.);
#2098 = EDGE_LOOP('',(#2099,#2100));
#2099 = ORIENTED_EDGE('',*,*,#405,.F.);
#2100 = ORIENTED_EDGE('',*,*,#2101,.F.);
#2101 = EDGE_CURVE('',#408,#406,#2102,.T.);
#2102 = ( BOUNDED_CURVE() B_SPLINE_CURVE(2,(#2103,#2104,#2105,#2106,
#2107),.UNSPECIFIED.,.F.,.F.) B_SPLINE_CURVE_WITH_KNOTS((3,2,3),(
    3.14159265359,4.712388980385,6.28318530718),
.PIECEWISE_BEZIER_KNOTS.) CURVE() GEOMETRIC_REPRESENTATION_ITEM() 
RATIONAL_B_SPLINE_CURVE((1.,0.707106781187,1.,0.707106781187,1.)) 
REPRESENTATION_ITEM('') );
#2103 = CARTESIAN_POINT('',(-18.4,-1.27,1.2100001));
#2104 = CARTESIAN_POINT('',(-18.4,-2.17,1.2100001));
#2105 = CARTESIAN_POINT('',(-17.5,-2.17,1.2100001));
#2106 = CARTESIAN_POINT('',(-16.6,-2.17,1.2100001));
#2107 = CARTESIAN_POINT('',(-16.6,-1.27,1.2100001));
#2108 = FACE_BOUND('',#2109,.T.);
#2109 = EDGE_LOOP('',(#2110,#2119,#2126,#2133));
#2110 = ORIENTED_EDGE('',*,*,#2111,.F.);
#2111 = EDGE_CURVE('',#2112,#2114,#2116,.T.);
#2112 = VERTEX_POINT('',#2113);
#2113 = CARTESIAN_POINT('',(16.5,-5.78,1.2100001));
#2114 = VERTEX_POINT('',#2115);
#2115 = CARTESIAN_POINT('',(16.5,5.78,1.2100001));
#2116 = B_SPLINE_CURVE_WITH_KNOTS('',1,(#2117,#2118),.UNSPECIFIED.,.F.,
  .F.,(2,2),(-11.56,0.),.PIECEWISE_BEZIER_KNOTS.);
#2117 = CARTESIAN_POINT('',(16.5,-5.78,1.2100001));
#2118 = CARTESIAN_POINT('',(16.5,5.78,1.2100001));
#2119 = ORIENTED_EDGE('',*,*,#2120,.F.);
#2120 = EDGE_CURVE('',#2121,#2112,#2123,.T.);
#2121 = VERTEX_POINT('',#2122);
#2122 = CARTESIAN_POINT('',(-13.5,-5.78,1.2100001));
#2123 = B_SPLINE_CURVE_WITH_KNOTS('',1,(#2124,#2125),.UNSPECIFIED.,.F.,
  .F.,(2,2),(0.,30.),.PIECEWISE_BEZIER_KNOTS.);
#2124 = CARTESIAN_POINT('',(-13.5,-5.78,1.2100001));
#2125 = CARTESIAN_POINT('',(16.5,-5.78,1.2100001));
#2126 = ORIENTED_EDGE('',*,*,#2127,.F.);
#2127 = EDGE_CURVE('',#2128,#2121,#2130,.T.);
#2128 = VERTEX_POINT('',#2129);
#2129 = CARTESIAN_POINT('',(-13.5,5.78,1.2100001));
#2130 = B_SPLINE_CURVE_WITH_KNOTS('',1,(#2131,#2132),.UNSPECIFIED.,.F.,
  .F.,(2,2),(0.,11.56),.PIECEWISE_BEZIER_KNOTS.);
#2131 = CARTESIAN_POINT('',(-13.5,5.78,1.2100001));
#2132 = CARTESIAN_POINT('',(-13.5,-5.78,1.2100001));
#2133 = ORIENTED_EDGE('',*,*,#2134,.F.);
#2134 = EDGE_CURVE('',#2114,#2128,#2135,.T.);
#2135 = B_SPLINE_CURVE_WITH_KNOTS('',1,(#2136,#2137),.UNSPECIFIED.,.F.,
  .F.,(2,2),(-30.,-0.),.PIECEWISE_BEZIER_KNOTS.);
#2136 = CARTESIAN_POINT('',(16.5,5.78,1.2100001));
#2137 = CARTESIAN_POINT('',(-13.5,5.78,1.2100001));
#2138 = FACE_BOUND('',#2139,.T.);
#2139 = EDGE_LOOP('',(#2140,#2141,#2142,#2143));
#2140 = ORIENTED_EDGE('',*,*,#1952,.T.);
#2141 = ORIENTED_EDGE('',*,*,#1986,.T.);
#2142 = ORIENTED_EDGE('',*,*,#2014,.T.);
#2143 = ORIENTED_EDGE('',*,*,#2034,.T.);
#2144 = B_SPLINE_SURFACE_WITH_KNOTS('',1,1,(
    (#2145,#2146)
    ,(#2147,#2148
    )),.UNSPECIFIED.,.F.,.F.,.F.,(2,2),(2,2),(-19.,19.),(-6.,6.),
  .PIECEWISE_BEZIER_KNOTS.);
#2145 = CARTESIAN_POINT('',(-19.,-6.,1.2100001));
#2146 = CARTESIAN_POINT('',(-19.,6.,1.2100001));
#2147 = CARTESIAN_POINT('',(19.,-6.,1.2100001));
#2148 = CARTESIAN_POINT('',(19.,6.,1.2100001));
#2149 = ADVANCED_FACE('',(#2150,#2180,#2191,#2202,#2213),#2219,.F.);
#2150 = FACE_BOUND('',#2151,.T.);
#2151 = EDGE_LOOP('',(#2152,#2161,#2168,#2175));
#2152 = ORIENTED_EDGE('',*,*,#2153,.T.);
#2153 = EDGE_CURVE('',#2154,#2156,#2158,.T.);
#2154 = VERTEX_POINT('',#2155);
#2155 = CARTESIAN_POINT('',(-18.5,-4.81,1.00001E-02));
#2156 = VERTEX_POINT('',#2157);
#2157 = CARTESIAN_POINT('',(-16.5,-4.81,1.00001E-02));
#2158 = B_SPLINE_CURVE_WITH_KNOTS('',1,(#2159,#2160),.UNSPECIFIED.,.F.,
  .F.,(2,2),(-18.5,-16.5),.PIECEWISE_BEZIER_KNOTS.);
#2159 = CARTESIAN_POINT('',(-18.5,-4.81,1.00001E-02));
#2160 = CARTESIAN_POINT('',(-16.5,-4.81,1.00001E-02));
#2161 = ORIENTED_EDGE('',*,*,#2162,.T.);
#2162 = EDGE_CURVE('',#2156,#2163,#2165,.T.);
#2163 = VERTEX_POINT('',#2164);
#2164 = CARTESIAN_POINT('',(-16.5,-2.81,1.00001E-02));
#2165 = B_SPLINE_CURVE_WITH_KNOTS('',1,(#2166,#2167),.UNSPECIFIED.,.F.,
  .F.,(2,2),(-4.81,-2.81),.PIECEWISE_BEZIER_KNOTS.);
#2166 = CARTESIAN_POINT('',(-16.5,-4.81,1.00001E-02));
#2167 = CARTESIAN_POINT('',(-16.5,-2.81,1.00001E-02));
#2168 = ORIENTED_EDGE('',*,*,#2169,.T.);
#2169 = EDGE_CURVE('',#2163,#2170,#2172,.T.);
#2170 = VERTEX_POINT('',#2171);
#2171 = CARTESIAN_POINT('',(-18.5,-2.81,1.00001E-02));
#2172 = B_SPLINE_CURVE_WITH_KNOTS('',1,(#2173,#2174),.UNSPECIFIED.,.F.,
  .F.,(2,2),(16.5,18.5),.PIECEWISE_BEZIER_KNOTS.);
#2173 = CARTESIAN_POINT('',(-16.5,-2.81,1.00001E-02));
#2174 = CARTESIAN_POINT('',(-18.5,-2.81,1.00001E-02));
#2175 = ORIENTED_EDGE('',*,*,#2176,.T.);
#2176 = EDGE_CURVE('',#2170,#2154,#2177,.T.);
#2177 = B_SPLINE_CURVE_WITH_KNOTS('',1,(#2178,#2179),.UNSPECIFIED.,.F.,
  .F.,(2,2),(2.81,4.81),.PIECEWISE_BEZIER_KNOTS.);
#2178 = CARTESIAN_POINT('',(-18.5,-2.81,1.00001E-02));
#2179 = CARTESIAN_POINT('',(-18.5,-4.81,1.00001E-02));
#2180 = FACE_BOUND('',#2181,.T.);
#2181 = EDGE_LOOP('',(#2182,#2183));
#2182 = ORIENTED_EDGE('',*,*,#280,.T.);
#2183 = ORIENTED_EDGE('',*,*,#2184,.T.);
#2184 = EDGE_CURVE('',#274,#281,#2185,.T.);
#2185 = ( BOUNDED_CURVE() B_SPLINE_CURVE(2,(#2186,#2187,#2188,#2189,
#2190),.UNSPECIFIED.,.F.,.F.) B_SPLINE_CURVE_WITH_KNOTS((3,2,3),(
    3.14159265359,4.712388980385,6.28318530718),
.PIECEWISE_BEZIER_KNOTS.) CURVE() GEOMETRIC_REPRESENTATION_ITEM() 
RATIONAL_B_SPLINE_CURVE((1.,0.707106781187,1.,0.707106781187,1.)) 
REPRESENTATION_ITEM('') );
#2186 = CARTESIAN_POINT('',(-18.4,3.81,1.00001E-02));
#2187 = CARTESIAN_POINT('',(-18.4,2.91,1.00001E-02));
#2188 = CARTESIAN_POINT('',(-17.5,2.91,1.00001E-02));
#2189 = CARTESIAN_POINT('',(-16.6,2.91,1.00001E-02));
#2190 = CARTESIAN_POINT('',(-16.6,3.81,1.00001E-02));
#2191 = FACE_BOUND('',#2192,.T.);
#2192 = EDGE_LOOP('',(#2193,#2194));
#2193 = ORIENTED_EDGE('',*,*,#376,.T.);
#2194 = ORIENTED_EDGE('',*,*,#2195,.T.);
#2195 = EDGE_CURVE('',#370,#377,#2196,.T.);
#2196 = ( BOUNDED_CURVE() B_SPLINE_CURVE(2,(#2197,#2198,#2199,#2200,
#2201),.UNSPECIFIED.,.F.,.F.) B_SPLINE_CURVE_WITH_KNOTS((3,2,3),(
    3.14159265359,4.712388980385,6.28318530718),
.PIECEWISE_BEZIER_KNOTS.) CURVE() GEOMETRIC_REPRESENTATION_ITEM() 
RATIONAL_B_SPLINE_CURVE((1.,0.707106781187,1.,0.707106781187,1.)) 
REPRESENTATION_ITEM('') );
#2197 = CARTESIAN_POINT('',(-18.4,1.27,1.00001E-02));
#2198 = CARTESIAN_POINT('',(-18.4,0.37,1.00001E-02));
#2199 = CARTESIAN_POINT('',(-17.5,0.37,1.00001E-02));
#2200 = CARTESIAN_POINT('',(-16.6,0.37,1.00001E-02));
#2201 = CARTESIAN_POINT('',(-16.6,1.27,1.00001E-02));
#2202 = FACE_BOUND('',#2203,.T.);
#2203 = EDGE_LOOP('',(#2204,#2205));
#2204 = ORIENTED_EDGE('',*,*,#472,.T.);
#2205 = ORIENTED_EDGE('',*,*,#2206,.T.);
#2206 = EDGE_CURVE('',#466,#473,#2207,.T.);
#2207 = ( BOUNDED_CURVE() B_SPLINE_CURVE(2,(#2208,#2209,#2210,#2211,
#2212),.UNSPECIFIED.,.F.,.F.) B_SPLINE_CURVE_WITH_KNOTS((3,2,3),(
    3.14159265359,4.712388980385,6.28318530718),
.PIECEWISE_BEZIER_KNOTS.) CURVE() GEOMETRIC_REPRESENTATION_ITEM() 
RATIONAL_B_SPLINE_CURVE((1.,0.707106781187,1.,0.707106781187,1.)) 
REPRESENTATION_ITEM('') );
#2208 = CARTESIAN_POINT('',(-18.4,-1.27,1.00001E-02));
#2209 = CARTESIAN_POINT('',(-18.4,-2.17,1.00001E-02));
#2210 = CARTESIAN_POINT('',(-17.5,-2.17,1.00001E-02));
#2211 = CARTESIAN_POINT('',(-16.6,-2.17,1.00001E-02));
#2212 = CARTESIAN_POINT('',(-16.6,-1.27,1.00001E-02));
#2213 = FACE_BOUND('',#2214,.T.);
#2214 = EDGE_LOOP('',(#2215,#2216,#2217,#2218));
#2215 = ORIENTED_EDGE('',*,*,#1936,.F.);
#2216 = ORIENTED_EDGE('',*,*,#2028,.F.);
#2217 = ORIENTED_EDGE('',*,*,#2000,.F.);
#2218 = ORIENTED_EDGE('',*,*,#1972,.F.);
#2219 = B_SPLINE_SURFACE_WITH_KNOTS('',1,1,(
    (#2220,#2221)
    ,(#2222,#2223
    )),.UNSPECIFIED.,.F.,.F.,.F.,(2,2),(2,2),(-19.,19.),(-6.,6.),
  .PIECEWISE_BEZIER_KNOTS.);
#2220 = CARTESIAN_POINT('',(-19.,-6.,1.00001E-02));
#2221 = CARTESIAN_POINT('',(-19.,6.,1.00001E-02));
#2222 = CARTESIAN_POINT('',(19.,-6.,1.00001E-02));
#2223 = CARTESIAN_POINT('',(19.,6.,1.00001E-02));
#2224 = ADVANCED_FACE('',(#2225),#2239,.F.);
#2225 = FACE_BOUND('',#2226,.T.);
#2226 = EDGE_LOOP('',(#2227,#2228,#2233,#2234));
#2227 = ORIENTED_EDGE('',*,*,#2111,.T.);
#2228 = ORIENTED_EDGE('',*,*,#2229,.F.);
#2229 = EDGE_CURVE('',#1157,#2114,#2230,.T.);
#2230 = B_SPLINE_CURVE_WITH_KNOTS('',1,(#2231,#2232),.UNSPECIFIED.,.F.,
  .F.,(2,2),(-0.,1.4),.PIECEWISE_BEZIER_KNOTS.);
#2231 = CARTESIAN_POINT('',(16.5,5.78,2.6100001));
#2232 = CARTESIAN_POINT('',(16.5,5.78,1.2100001));
#2233 = ORIENTED_EDGE('',*,*,#1154,.F.);
#2234 = ORIENTED_EDGE('',*,*,#2235,.T.);
#2235 = EDGE_CURVE('',#1155,#2112,#2236,.T.);
#2236 = B_SPLINE_CURVE_WITH_KNOTS('',1,(#2237,#2238),.UNSPECIFIED.,.F.,
  .F.,(2,2),(-0.,1.4),.PIECEWISE_BEZIER_KNOTS.);
#2237 = CARTESIAN_POINT('',(16.5,-5.78,2.6100001));
#2238 = CARTESIAN_POINT('',(16.5,-5.78,1.2100001));
#2239 = B_SPLINE_SURFACE_WITH_KNOTS('',1,1,(
    (#2240,#2241)
    ,(#2242,#2243
    )),.UNSPECIFIED.,.F.,.F.,.F.,(2,2),(2,2),(-1.4,0.),(-11.56,0.),
  .PIECEWISE_BEZIER_KNOTS.);
#2240 = CARTESIAN_POINT('',(16.5,-5.78,1.2100001));
#2241 = CARTESIAN_POINT('',(16.5,5.78,1.2100001));
#2242 = CARTESIAN_POINT('',(16.5,-5.78,2.6100001));
#2243 = CARTESIAN_POINT('',(16.5,5.78,2.6100001));
#2244 = ADVANCED_FACE('',(#2245),#2255,.F.);
#2245 = FACE_BOUND('',#2246,.T.);
#2246 = EDGE_LOOP('',(#2247,#2248,#2253,#2254));
#2247 = ORIENTED_EDGE('',*,*,#2134,.T.);
#2248 = ORIENTED_EDGE('',*,*,#2249,.F.);
#2249 = EDGE_CURVE('',#1164,#2128,#2250,.T.);
#2250 = B_SPLINE_CURVE_WITH_KNOTS('',1,(#2251,#2252),.UNSPECIFIED.,.F.,
  .F.,(2,2),(-0.,1.4),.PIECEWISE_BEZIER_KNOTS.);
#2251 = CARTESIAN_POINT('',(-13.5,5.78,2.6100001));
#2252 = CARTESIAN_POINT('',(-13.5,5.78,1.2100001));
#2253 = ORIENTED_EDGE('',*,*,#1163,.F.);
#2254 = ORIENTED_EDGE('',*,*,#2229,.T.);
#2255 = B_SPLINE_SURFACE_WITH_KNOTS('',1,1,(
    (#2256,#2257)
    ,(#2258,#2259
    )),.UNSPECIFIED.,.F.,.F.,.F.,(2,2),(2,2),(0.,1.4),(0.,30.),
  .PIECEWISE_BEZIER_KNOTS.);
#2256 = CARTESIAN_POINT('',(-13.5,5.78,2.6100001));
#2257 = CARTESIAN_POINT('',(16.5,5.78,2.6100001));
#2258 = CARTESIAN_POINT('',(-13.5,5.78,1.2100001));
#2259 = CARTESIAN_POINT('',(16.5,5.78,1.2100001));
#2260 = ADVANCED_FACE('',(#2261),#2271,.F.);
#2261 = FACE_BOUND('',#2262,.T.);
#2262 = EDGE_LOOP('',(#2263,#2264,#2269,#2270));
#2263 = ORIENTED_EDGE('',*,*,#2127,.T.);
#2264 = ORIENTED_EDGE('',*,*,#2265,.F.);
#2265 = EDGE_CURVE('',#1171,#2121,#2266,.T.);
#2266 = B_SPLINE_CURVE_WITH_KNOTS('',1,(#2267,#2268),.UNSPECIFIED.,.F.,
  .F.,(2,2),(-0.,1.4),.PIECEWISE_BEZIER_KNOTS.);
#2267 = CARTESIAN_POINT('',(-13.5,-5.78,2.6100001));
#2268 = CARTESIAN_POINT('',(-13.5,-5.78,1.2100001));
#2269 = ORIENTED_EDGE('',*,*,#1170,.F.);
#2270 = ORIENTED_EDGE('',*,*,#2249,.T.);
#2271 = B_SPLINE_SURFACE_WITH_KNOTS('',1,1,(
    (#2272,#2273)
    ,(#2274,#2275
    )),.UNSPECIFIED.,.F.,.F.,.F.,(2,2),(2,2),(-0.,1.4),(-11.56,0.),
  .PIECEWISE_BEZIER_KNOTS.);
#2272 = CARTESIAN_POINT('',(-13.5,-5.78,2.6100001));
#2273 = CARTESIAN_POINT('',(-13.5,5.78,2.6100001));
#2274 = CARTESIAN_POINT('',(-13.5,-5.78,1.2100001));
#2275 = CARTESIAN_POINT('',(-13.5,5.78,1.2100001));
#2276 = ADVANCED_FACE('',(#2277),#2283,.F.);
#2277 = FACE_BOUND('',#2278,.T.);
#2278 = EDGE_LOOP('',(#2279,#2280,#2281,#2282));
#2279 = ORIENTED_EDGE('',*,*,#2120,.T.);
#2280 = ORIENTED_EDGE('',*,*,#2235,.F.);
#2281 = ORIENTED_EDGE('',*,*,#1177,.F.);
#2282 = ORIENTED_EDGE('',*,*,#2265,.T.);
#2283 = B_SPLINE_SURFACE_WITH_KNOTS('',1,1,(
    (#2284,#2285)
    ,(#2286,#2287
    )),.UNSPECIFIED.,.F.,.F.,.F.,(2,2),(2,2),(-1.4,0.),(0.,30.),
  .PIECEWISE_BEZIER_KNOTS.);
#2284 = CARTESIAN_POINT('',(-13.5,-5.78,1.2100001));
#2285 = CARTESIAN_POINT('',(16.5,-5.78,1.2100001));
#2286 = CARTESIAN_POINT('',(-13.5,-5.78,2.6100001));
#2287 = CARTESIAN_POINT('',(16.5,-5.78,2.6100001));
#2288 = ADVANCED_FACE('',(#2289),#2311,.F.);
#2289 = FACE_BOUND('',#2290,.T.);
#2290 = EDGE_LOOP('',(#2291,#2292,#2299,#2306));
#2291 = ORIENTED_EDGE('',*,*,#1124,.T.);
#2292 = ORIENTED_EDGE('',*,*,#2293,.F.);
#2293 = EDGE_CURVE('',#2294,#1127,#2296,.T.);
#2294 = VERTEX_POINT('',#2295);
#2295 = CARTESIAN_POINT('',(12.69,4.721209864756,2.6000001));
#2296 = B_SPLINE_CURVE_WITH_KNOTS('',1,(#2297,#2298),.UNSPECIFIED.,.F.,
  .F.,(2,2),(0.,1.E-02),.PIECEWISE_BEZIER_KNOTS.);
#2297 = CARTESIAN_POINT('',(12.69,4.721209864756,2.6000001));
#2298 = CARTESIAN_POINT('',(12.69,4.721209864756,2.6100001));
#2299 = ORIENTED_EDGE('',*,*,#2300,.F.);
#2300 = EDGE_CURVE('',#2301,#2294,#2303,.T.);
#2301 = VERTEX_POINT('',#2302);
#2302 = CARTESIAN_POINT('',(12.69,-0.858790135244,2.6000001));
#2303 = B_SPLINE_CURVE_WITH_KNOTS('',1,(#2304,#2305),.UNSPECIFIED.,.F.,
  .F.,(2,2),(-5.58,0.),.PIECEWISE_BEZIER_KNOTS.);
#2304 = CARTESIAN_POINT('',(12.69,-0.858790135244,2.6000001));
#2305 = CARTESIAN_POINT('',(12.69,4.721209864756,2.6000001));
#2306 = ORIENTED_EDGE('',*,*,#2307,.T.);
#2307 = EDGE_CURVE('',#2301,#1125,#2308,.T.);
#2308 = B_SPLINE_CURVE_WITH_KNOTS('',1,(#2309,#2310),.UNSPECIFIED.,.F.,
  .F.,(2,2),(0.,1.E-02),.PIECEWISE_BEZIER_KNOTS.);
#2309 = CARTESIAN_POINT('',(12.69,-0.858790135244,2.6000001));
#2310 = CARTESIAN_POINT('',(12.69,-0.858790135244,2.6100001));
#2311 = B_SPLINE_SURFACE_WITH_KNOTS('',1,1,(
    (#2312,#2313)
    ,(#2314,#2315
    )),.UNSPECIFIED.,.F.,.F.,.F.,(2,2),(2,2),(-1.E-02,0.),(-5.58,0.),
  .PIECEWISE_BEZIER_KNOTS.);
#2312 = CARTESIAN_POINT('',(12.69,-0.858790135244,2.6100001));
#2313 = CARTESIAN_POINT('',(12.69,4.721209864756,2.6100001));
#2314 = CARTESIAN_POINT('',(12.69,-0.858790135244,2.6000001));
#2315 = CARTESIAN_POINT('',(12.69,4.721209864756,2.6000001));
#2316 = ADVANCED_FACE('',(#2317),#2333,.F.);
#2317 = FACE_BOUND('',#2318,.T.);
#2318 = EDGE_LOOP('',(#2319,#2320,#2321,#2328));
#2319 = ORIENTED_EDGE('',*,*,#1133,.T.);
#2320 = ORIENTED_EDGE('',*,*,#2307,.F.);
#2321 = ORIENTED_EDGE('',*,*,#2322,.F.);
#2322 = EDGE_CURVE('',#2323,#2301,#2325,.T.);
#2323 = VERTEX_POINT('',#2324);
#2324 = CARTESIAN_POINT('',(-9.69,-0.858790135244,2.6000001));
#2325 = B_SPLINE_CURVE_WITH_KNOTS('',1,(#2326,#2327),.UNSPECIFIED.,.F.,
  .F.,(2,2),(0.,22.38),.PIECEWISE_BEZIER_KNOTS.);
#2326 = CARTESIAN_POINT('',(-9.69,-0.858790135244,2.6000001));
#2327 = CARTESIAN_POINT('',(12.69,-0.858790135244,2.6000001));
#2328 = ORIENTED_EDGE('',*,*,#2329,.T.);
#2329 = EDGE_CURVE('',#2323,#1134,#2330,.T.);
#2330 = B_SPLINE_CURVE_WITH_KNOTS('',1,(#2331,#2332),.UNSPECIFIED.,.F.,
  .F.,(2,2),(0.,1.E-02),.PIECEWISE_BEZIER_KNOTS.);
#2331 = CARTESIAN_POINT('',(-9.69,-0.858790135244,2.6000001));
#2332 = CARTESIAN_POINT('',(-9.69,-0.858790135244,2.6100001));
#2333 = B_SPLINE_SURFACE_WITH_KNOTS('',1,1,(
    (#2334,#2335)
    ,(#2336,#2337
    )),.UNSPECIFIED.,.F.,.F.,.F.,(2,2),(2,2),(-1.E-02,0.),(0.,22.38),
  .PIECEWISE_BEZIER_KNOTS.);
#2334 = CARTESIAN_POINT('',(-9.69,-0.858790135244,2.6100001));
#2335 = CARTESIAN_POINT('',(12.69,-0.858790135244,2.6100001));
#2336 = CARTESIAN_POINT('',(-9.69,-0.858790135244,2.6000001));
#2337 = CARTESIAN_POINT('',(12.69,-0.858790135244,2.6000001));
#2338 = ADVANCED_FACE('',(#2339),#2355,.F.);
#2339 = FACE_BOUND('',#2340,.T.);
#2340 = EDGE_LOOP('',(#2341,#2342,#2343,#2350));
#2341 = ORIENTED_EDGE('',*,*,#1140,.T.);
#2342 = ORIENTED_EDGE('',*,*,#2329,.F.);
#2343 = ORIENTED_EDGE('',*,*,#2344,.F.);
#2344 = EDGE_CURVE('',#2345,#2323,#2347,.T.);
#2345 = VERTEX_POINT('',#2346);
#2346 = CARTESIAN_POINT('',(-9.69,4.721209864756,2.6000001));
#2347 = B_SPLINE_CURVE_WITH_KNOTS('',1,(#2348,#2349),.UNSPECIFIED.,.F.,
  .F.,(2,2),(0.,5.58),.PIECEWISE_BEZIER_KNOTS.);
#2348 = CARTESIAN_POINT('',(-9.69,4.721209864756,2.6000001));
#2349 = CARTESIAN_POINT('',(-9.69,-0.858790135244,2.6000001));
#2350 = ORIENTED_EDGE('',*,*,#2351,.T.);
#2351 = EDGE_CURVE('',#2345,#1141,#2352,.T.);
#2352 = B_SPLINE_CURVE_WITH_KNOTS('',1,(#2353,#2354),.UNSPECIFIED.,.F.,
  .F.,(2,2),(0.,1.E-02),.PIECEWISE_BEZIER_KNOTS.);
#2353 = CARTESIAN_POINT('',(-9.69,4.721209864756,2.6000001));
#2354 = CARTESIAN_POINT('',(-9.69,4.721209864756,2.6100001));
#2355 = B_SPLINE_SURFACE_WITH_KNOTS('',1,1,(
    (#2356,#2357)
    ,(#2358,#2359
    )),.UNSPECIFIED.,.F.,.F.,.F.,(2,2),(2,2),(0.,1.E-02),(-5.58,0.),
  .PIECEWISE_BEZIER_KNOTS.);
#2356 = CARTESIAN_POINT('',(-9.69,-0.858790135244,2.6000001));
#2357 = CARTESIAN_POINT('',(-9.69,4.721209864756,2.6000001));
#2358 = CARTESIAN_POINT('',(-9.69,-0.858790135244,2.6100001));
#2359 = CARTESIAN_POINT('',(-9.69,4.721209864756,2.6100001));
#2360 = ADVANCED_FACE('',(#2361),#2371,.F.);
#2361 = FACE_BOUND('',#2362,.T.);
#2362 = EDGE_LOOP('',(#2363,#2364,#2365,#2370));
#2363 = ORIENTED_EDGE('',*,*,#1147,.T.);
#2364 = ORIENTED_EDGE('',*,*,#2351,.F.);
#2365 = ORIENTED_EDGE('',*,*,#2366,.F.);
#2366 = EDGE_CURVE('',#2294,#2345,#2367,.T.);
#2367 = B_SPLINE_CURVE_WITH_KNOTS('',1,(#2368,#2369),.UNSPECIFIED.,.F.,
  .F.,(2,2),(-22.38,-0.),.PIECEWISE_BEZIER_KNOTS.);
#2368 = CARTESIAN_POINT('',(12.69,4.721209864756,2.6000001));
#2369 = CARTESIAN_POINT('',(-9.69,4.721209864756,2.6000001));
#2370 = ORIENTED_EDGE('',*,*,#2293,.T.);
#2371 = B_SPLINE_SURFACE_WITH_KNOTS('',1,1,(
    (#2372,#2373)
    ,(#2374,#2375
    )),.UNSPECIFIED.,.F.,.F.,.F.,(2,2),(2,2),(0.,1.E-02),(0.,22.38),
  .PIECEWISE_BEZIER_KNOTS.);
#2372 = CARTESIAN_POINT('',(-9.69,4.721209864756,2.6000001));
#2373 = CARTESIAN_POINT('',(12.69,4.721209864756,2.6000001));
#2374 = CARTESIAN_POINT('',(-9.69,4.721209864756,2.6100001));
#2375 = CARTESIAN_POINT('',(12.69,4.721209864756,2.6100001));
#2376 = ADVANCED_FACE('',(#2377),#2383,.T.);
#2377 = FACE_BOUND('',#2378,.T.);
#2378 = EDGE_LOOP('',(#2379,#2380,#2381,#2382));
#2379 = ORIENTED_EDGE('',*,*,#2300,.T.);
#2380 = ORIENTED_EDGE('',*,*,#2366,.T.);
#2381 = ORIENTED_EDGE('',*,*,#2344,.T.);
#2382 = ORIENTED_EDGE('',*,*,#2322,.T.);
#2383 = B_SPLINE_SURFACE_WITH_KNOTS('',1,1,(
    (#2384,#2385)
    ,(#2386,#2387
  )),.UNSPECIFIED.,.F.,.F.,.F.,(2,2),(2,2),(-9.69,12.69),(
    -0.858790135244,4.721209864756),.PIECEWISE_BEZIER_KNOTS.);
#2384 = CARTESIAN_POINT('',(-9.69,-0.858790135244,2.6000001));
#2385 = CARTESIAN_POINT('',(-9.69,4.721209864756,2.6000001));
#2386 = CARTESIAN_POINT('',(12.69,-0.858790135244,2.6000001));
#2387 = CARTESIAN_POINT('',(12.69,4.721209864756,2.6000001));
#2388 = ADVANCED_FACE('',(#2389,#2400),#2411,.F.);
#2389 = FACE_BOUND('',#2390,.T.);
#2390 = EDGE_LOOP('',(#2391,#2399));
#2391 = ORIENTED_EDGE('',*,*,#2392,.T.);
#2392 = EDGE_CURVE('',#70,#89,#2393,.T.);
#2393 = ( BOUNDED_CURVE() B_SPLINE_CURVE(2,(#2394,#2395,#2396,#2397,
#2398),.UNSPECIFIED.,.F.,.F.) B_SPLINE_CURVE_WITH_KNOTS((3,2,3),(0.,
1.570796326795,3.14159265359),.PIECEWISE_BEZIER_KNOTS.) CURVE() 
GEOMETRIC_REPRESENTATION_ITEM() RATIONAL_B_SPLINE_CURVE((1.,
0.707106781187,1.,0.707106781187,1.)) REPRESENTATION_ITEM('') );
#2394 = CARTESIAN_POINT('',(-17.,-1.27,9.999999999941E-08));
#2395 = CARTESIAN_POINT('',(-17.,-0.77,9.999999999941E-08));
#2396 = CARTESIAN_POINT('',(-17.5,-0.77,9.999999999941E-08));
#2397 = CARTESIAN_POINT('',(-18.,-0.77,9.999999999941E-08));
#2398 = CARTESIAN_POINT('',(-18.,-1.27,9.999999999941E-08));
#2399 = ORIENTED_EDGE('',*,*,#95,.T.);
#2400 = FACE_BOUND('',#2401,.T.);
#2401 = EDGE_LOOP('',(#2402,#2403));
#2402 = ORIENTED_EDGE('',*,*,#453,.F.);
#2403 = ORIENTED_EDGE('',*,*,#2404,.F.);
#2404 = EDGE_CURVE('',#456,#454,#2405,.T.);
#2405 = ( BOUNDED_CURVE() B_SPLINE_CURVE(2,(#2406,#2407,#2408,#2409,
#2410),.UNSPECIFIED.,.F.,.F.) B_SPLINE_CURVE_WITH_KNOTS((3,2,3),(
    3.14159265359,4.712388980385,6.28318530718),
.PIECEWISE_BEZIER_KNOTS.) CURVE() GEOMETRIC_REPRESENTATION_ITEM() 
RATIONAL_B_SPLINE_CURVE((1.,0.707106781187,1.,0.707106781187,1.)) 
REPRESENTATION_ITEM('') );
#2406 = CARTESIAN_POINT('',(-18.4,-1.27,9.999999999941E-08));
#2407 = CARTESIAN_POINT('',(-18.4,-2.17,9.999999999941E-08));
#2408 = CARTESIAN_POINT('',(-17.5,-2.17,9.999999999941E-08));
#2409 = CARTESIAN_POINT('',(-16.6,-2.17,9.999999999941E-08));
#2410 = CARTESIAN_POINT('',(-16.6,-1.27,9.999999999941E-08));
#2411 = B_SPLINE_SURFACE_WITH_KNOTS('',1,1,(
    (#2412,#2413)
    ,(#2414,#2415
    )),.UNSPECIFIED.,.F.,.F.,.F.,(2,2),(2,2),(-0.9,0.9),(-0.9,0.9),
  .PIECEWISE_BEZIER_KNOTS.);
#2412 = CARTESIAN_POINT('',(-18.4,-2.17,9.999999999941E-08));
#2413 = CARTESIAN_POINT('',(-18.4,-0.37,9.999999999941E-08));
#2414 = CARTESIAN_POINT('',(-16.6,-2.17,9.999999999941E-08));
#2415 = CARTESIAN_POINT('',(-16.6,-0.37,9.999999999941E-08));
#2416 = ADVANCED_FACE('',(#2417),#2423,.T.);
#2417 = FACE_BOUND('',#2418,.T.);
#2418 = EDGE_LOOP('',(#2419,#2420,#2421,#2422));
#2419 = ORIENTED_EDGE('',*,*,#465,.F.);
#2420 = ORIENTED_EDGE('',*,*,#2404,.T.);
#2421 = ORIENTED_EDGE('',*,*,#482,.T.);
#2422 = ORIENTED_EDGE('',*,*,#2206,.F.);
#2423 = ( BOUNDED_SURFACE() B_SPLINE_SURFACE(2,1,(
    (#2424,#2425)
    ,(#2426,#2427)
    ,(#2428,#2429)
    ,(#2430,#2431)
    ,(#2432,#2433
)),.UNSPECIFIED.,.F.,.F.,.F.) B_SPLINE_SURFACE_WITH_KNOTS((3,2,3),(2,2),
  (3.14159265359,4.712388980385,6.28318530718),(0.,1.E-02),
.PIECEWISE_BEZIER_KNOTS.) GEOMETRIC_REPRESENTATION_ITEM() 
RATIONAL_B_SPLINE_SURFACE((
    (1.,1.)
    ,(0.707106781187,0.707106781187)
    ,(1.,1.)
    ,(0.707106781187,0.707106781187)
,(1.,1.))) REPRESENTATION_ITEM('') SURFACE() );
#2424 = CARTESIAN_POINT('',(-18.4,-1.27,9.999999999941E-08));
#2425 = CARTESIAN_POINT('',(-18.4,-1.27,1.00001E-02));
#2426 = CARTESIAN_POINT('',(-18.4,-2.17,9.999999999941E-08));
#2427 = CARTESIAN_POINT('',(-18.4,-2.17,1.00001E-02));
#2428 = CARTESIAN_POINT('',(-17.5,-2.17,9.999999999941E-08));
#2429 = CARTESIAN_POINT('',(-17.5,-2.17,1.00001E-02));
#2430 = CARTESIAN_POINT('',(-16.6,-2.17,9.999999999941E-08));
#2431 = CARTESIAN_POINT('',(-16.6,-2.17,1.00001E-02));
#2432 = CARTESIAN_POINT('',(-16.6,-1.27,9.999999999941E-08));
#2433 = CARTESIAN_POINT('',(-16.6,-1.27,1.00001E-02));
#2434 = ADVANCED_FACE('',(#2435),#2448,.T.);
#2435 = FACE_BOUND('',#2436,.T.);
#2436 = EDGE_LOOP('',(#2437,#2438,#2439,#2440));
#2437 = ORIENTED_EDGE('',*,*,#417,.F.);
#2438 = ORIENTED_EDGE('',*,*,#2101,.T.);
#2439 = ORIENTED_EDGE('',*,*,#434,.T.);
#2440 = ORIENTED_EDGE('',*,*,#2441,.F.);
#2441 = EDGE_CURVE('',#418,#425,#2442,.T.);
#2442 = ( BOUNDED_CURVE() B_SPLINE_CURVE(2,(#2443,#2444,#2445,#2446,
#2447),.UNSPECIFIED.,.F.,.F.) B_SPLINE_CURVE_WITH_KNOTS((3,2,3),(
    3.14159265359,4.712388980385,6.28318530718),
.PIECEWISE_BEZIER_KNOTS.) CURVE() GEOMETRIC_REPRESENTATION_ITEM() 
RATIONAL_B_SPLINE_CURVE((1.,0.707106781187,1.,0.707106781187,1.)) 
REPRESENTATION_ITEM('') );
#2443 = CARTESIAN_POINT('',(-18.4,-1.27,1.2200001));
#2444 = CARTESIAN_POINT('',(-18.4,-2.17,1.2200001));
#2445 = CARTESIAN_POINT('',(-17.5,-2.17,1.2200001));
#2446 = CARTESIAN_POINT('',(-16.6,-2.17,1.2200001));
#2447 = CARTESIAN_POINT('',(-16.6,-1.27,1.2200001));
#2448 = ( BOUNDED_SURFACE() B_SPLINE_SURFACE(2,1,(
    (#2449,#2450)
    ,(#2451,#2452)
    ,(#2453,#2454)
    ,(#2455,#2456)
    ,(#2457,#2458
)),.UNSPECIFIED.,.F.,.F.,.F.) B_SPLINE_SURFACE_WITH_KNOTS((3,2,3),(2,2),
  (3.14159265359,4.712388980385,6.28318530718),(1.21,1.22),
.PIECEWISE_BEZIER_KNOTS.) GEOMETRIC_REPRESENTATION_ITEM() 
RATIONAL_B_SPLINE_SURFACE((
    (1.,1.)
    ,(0.707106781187,0.707106781187)
    ,(1.,1.)
    ,(0.707106781187,0.707106781187)
,(1.,1.))) REPRESENTATION_ITEM('') SURFACE() );
#2449 = CARTESIAN_POINT('',(-18.4,-1.27,1.2100001));
#2450 = CARTESIAN_POINT('',(-18.4,-1.27,1.2200001));
#2451 = CARTESIAN_POINT('',(-18.4,-2.17,1.2100001));
#2452 = CARTESIAN_POINT('',(-18.4,-2.17,1.2200001));
#2453 = CARTESIAN_POINT('',(-17.5,-2.17,1.2100001));
#2454 = CARTESIAN_POINT('',(-17.5,-2.17,1.2200001));
#2455 = CARTESIAN_POINT('',(-16.6,-2.17,1.2100001));
#2456 = CARTESIAN_POINT('',(-16.6,-2.17,1.2200001));
#2457 = CARTESIAN_POINT('',(-16.6,-1.27,1.2100001));
#2458 = CARTESIAN_POINT('',(-16.6,-1.27,1.2200001));
#2459 = ADVANCED_FACE('',(#2460,#2471),#2475,.T.);
#2460 = FACE_BOUND('',#2461,.T.);
#2461 = EDGE_LOOP('',(#2462,#2470));
#2462 = ORIENTED_EDGE('',*,*,#2463,.F.);
#2463 = EDGE_CURVE('',#72,#79,#2464,.T.);
#2464 = ( BOUNDED_CURVE() B_SPLINE_CURVE(2,(#2465,#2466,#2467,#2468,
#2469),.UNSPECIFIED.,.F.,.F.) B_SPLINE_CURVE_WITH_KNOTS((3,2,3),(0.,
1.570796326795,3.14159265359),.PIECEWISE_BEZIER_KNOTS.) CURVE() 
GEOMETRIC_REPRESENTATION_ITEM() RATIONAL_B_SPLINE_CURVE((1.,
0.707106781187,1.,0.707106781187,1.)) REPRESENTATION_ITEM('') );
#2465 = CARTESIAN_POINT('',(-17.,-1.27,1.2200001));
#2466 = CARTESIAN_POINT('',(-17.,-0.77,1.2200001));
#2467 = CARTESIAN_POINT('',(-17.5,-0.77,1.2200001));
#2468 = CARTESIAN_POINT('',(-18.,-0.77,1.2200001));
#2469 = CARTESIAN_POINT('',(-18.,-1.27,1.2200001));
#2470 = ORIENTED_EDGE('',*,*,#78,.F.);
#2471 = FACE_BOUND('',#2472,.T.);
#2472 = EDGE_LOOP('',(#2473,#2474));
#2473 = ORIENTED_EDGE('',*,*,#424,.T.);
#2474 = ORIENTED_EDGE('',*,*,#2441,.T.);
#2475 = B_SPLINE_SURFACE_WITH_KNOTS('',1,1,(
    (#2476,#2477)
    ,(#2478,#2479
    )),.UNSPECIFIED.,.F.,.F.,.F.,(2,2),(2,2),(-0.9,0.9),(-0.9,0.9),
  .PIECEWISE_BEZIER_KNOTS.);
#2476 = CARTESIAN_POINT('',(-18.4,-2.17,1.2200001));
#2477 = CARTESIAN_POINT('',(-18.4,-0.37,1.2200001));
#2478 = CARTESIAN_POINT('',(-16.6,-2.17,1.2200001));
#2479 = CARTESIAN_POINT('',(-16.6,-0.37,1.2200001));
#2480 = ADVANCED_FACE('',(#2481,#2492),#2503,.F.);
#2481 = FACE_BOUND('',#2482,.T.);
#2482 = EDGE_LOOP('',(#2483,#2491));
#2483 = ORIENTED_EDGE('',*,*,#2484,.T.);
#2484 = EDGE_CURVE('',#118,#137,#2485,.T.);
#2485 = ( BOUNDED_CURVE() B_SPLINE_CURVE(2,(#2486,#2487,#2488,#2489,
#2490),.UNSPECIFIED.,.F.,.F.) B_SPLINE_CURVE_WITH_KNOTS((3,2,3),(0.,
1.570796326795,3.14159265359),.PIECEWISE_BEZIER_KNOTS.) CURVE() 
GEOMETRIC_REPRESENTATION_ITEM() RATIONAL_B_SPLINE_CURVE((1.,
0.707106781187,1.,0.707106781187,1.)) REPRESENTATION_ITEM('') );
#2486 = CARTESIAN_POINT('',(-17.,1.27,9.999999999941E-08));
#2487 = CARTESIAN_POINT('',(-17.,1.77,9.999999999941E-08));
#2488 = CARTESIAN_POINT('',(-17.5,1.77,9.999999999941E-08));
#2489 = CARTESIAN_POINT('',(-18.,1.77,9.999999999941E-08));
#2490 = CARTESIAN_POINT('',(-18.,1.27,9.999999999941E-08));
#2491 = ORIENTED_EDGE('',*,*,#143,.T.);
#2492 = FACE_BOUND('',#2493,.T.);
#2493 = EDGE_LOOP('',(#2494,#2495));
#2494 = ORIENTED_EDGE('',*,*,#357,.F.);
#2495 = ORIENTED_EDGE('',*,*,#2496,.F.);
#2496 = EDGE_CURVE('',#360,#358,#2497,.T.);
#2497 = ( BOUNDED_CURVE() B_SPLINE_CURVE(2,(#2498,#2499,#2500,#2501,
#2502),.UNSPECIFIED.,.F.,.F.) B_SPLINE_CURVE_WITH_KNOTS((3,2,3),(
    3.14159265359,4.712388980385,6.28318530718),
.PIECEWISE_BEZIER_KNOTS.) CURVE() GEOMETRIC_REPRESENTATION_ITEM() 
RATIONAL_B_SPLINE_CURVE((1.,0.707106781187,1.,0.707106781187,1.)) 
REPRESENTATION_ITEM('') );
#2498 = CARTESIAN_POINT('',(-18.4,1.27,9.999999999941E-08));
#2499 = CARTESIAN_POINT('',(-18.4,0.37,9.999999999941E-08));
#2500 = CARTESIAN_POINT('',(-17.5,0.37,9.999999999941E-08));
#2501 = CARTESIAN_POINT('',(-16.6,0.37,9.999999999941E-08));
#2502 = CARTESIAN_POINT('',(-16.6,1.27,9.999999999941E-08));
#2503 = B_SPLINE_SURFACE_WITH_KNOTS('',1,1,(
    (#2504,#2505)
    ,(#2506,#2507
    )),.UNSPECIFIED.,.F.,.F.,.F.,(2,2),(2,2),(-0.9,0.9),(-0.9,0.9),
  .PIECEWISE_BEZIER_KNOTS.);
#2504 = CARTESIAN_POINT('',(-18.4,0.37,9.999999999941E-08));
#2505 = CARTESIAN_POINT('',(-18.4,2.17,9.999999999941E-08));
#2506 = CARTESIAN_POINT('',(-16.6,0.37,9.999999999941E-08));
#2507 = CARTESIAN_POINT('',(-16.6,2.17,9.999999999941E-08));
#2508 = ADVANCED_FACE('',(#2509),#2515,.T.);
#2509 = FACE_BOUND('',#2510,.T.);
#2510 = EDGE_LOOP('',(#2511,#2512,#2513,#2514));
#2511 = ORIENTED_EDGE('',*,*,#369,.F.);
#2512 = ORIENTED_EDGE('',*,*,#2496,.T.);
#2513 = ORIENTED_EDGE('',*,*,#386,.T.);
#2514 = ORIENTED_EDGE('',*,*,#2195,.F.);
#2515 = ( BOUNDED_SURFACE() B_SPLINE_SURFACE(2,1,(
    (#2516,#2517)
    ,(#2518,#2519)
    ,(#2520,#2521)
    ,(#2522,#2523)
    ,(#2524,#2525
)),.UNSPECIFIED.,.F.,.F.,.F.) B_SPLINE_SURFACE_WITH_KNOTS((3,2,3),(2,2),
  (3.14159265359,4.712388980385,6.28318530718),(0.,1.E-02),
.PIECEWISE_BEZIER_KNOTS.) GEOMETRIC_REPRESENTATION_ITEM() 
RATIONAL_B_SPLINE_SURFACE((
    (1.,1.)
    ,(0.707106781187,0.707106781187)
    ,(1.,1.)
    ,(0.707106781187,0.707106781187)
,(1.,1.))) REPRESENTATION_ITEM('') SURFACE() );
#2516 = CARTESIAN_POINT('',(-18.4,1.27,9.999999999941E-08));
#2517 = CARTESIAN_POINT('',(-18.4,1.27,1.00001E-02));
#2518 = CARTESIAN_POINT('',(-18.4,0.37,9.999999999941E-08));
#2519 = CARTESIAN_POINT('',(-18.4,0.37,1.00001E-02));
#2520 = CARTESIAN_POINT('',(-17.5,0.37,9.999999999941E-08));
#2521 = CARTESIAN_POINT('',(-17.5,0.37,1.00001E-02));
#2522 = CARTESIAN_POINT('',(-16.6,0.37,9.999999999941E-08));
#2523 = CARTESIAN_POINT('',(-16.6,0.37,1.00001E-02));
#2524 = CARTESIAN_POINT('',(-16.6,1.27,9.999999999941E-08));
#2525 = CARTESIAN_POINT('',(-16.6,1.27,1.00001E-02));
#2526 = ADVANCED_FACE('',(#2527),#2540,.T.);
#2527 = FACE_BOUND('',#2528,.T.);
#2528 = EDGE_LOOP('',(#2529,#2530,#2531,#2532));
#2529 = ORIENTED_EDGE('',*,*,#321,.F.);
#2530 = ORIENTED_EDGE('',*,*,#2090,.T.);
#2531 = ORIENTED_EDGE('',*,*,#338,.T.);
#2532 = ORIENTED_EDGE('',*,*,#2533,.F.);
#2533 = EDGE_CURVE('',#322,#329,#2534,.T.);
#2534 = ( BOUNDED_CURVE() B_SPLINE_CURVE(2,(#2535,#2536,#2537,#2538,
#2539),.UNSPECIFIED.,.F.,.F.) B_SPLINE_CURVE_WITH_KNOTS((3,2,3),(
    3.14159265359,4.712388980385,6.28318530718),
.PIECEWISE_BEZIER_KNOTS.) CURVE() GEOMETRIC_REPRESENTATION_ITEM() 
RATIONAL_B_SPLINE_CURVE((1.,0.707106781187,1.,0.707106781187,1.)) 
REPRESENTATION_ITEM('') );
#2535 = CARTESIAN_POINT('',(-18.4,1.27,1.2200001));
#2536 = CARTESIAN_POINT('',(-18.4,0.37,1.2200001));
#2537 = CARTESIAN_POINT('',(-17.5,0.37,1.2200001));
#2538 = CARTESIAN_POINT('',(-16.6,0.37,1.2200001));
#2539 = CARTESIAN_POINT('',(-16.6,1.27,1.2200001));
#2540 = ( BOUNDED_SURFACE() B_SPLINE_SURFACE(2,1,(
    (#2541,#2542)
    ,(#2543,#2544)
    ,(#2545,#2546)
    ,(#2547,#2548)
    ,(#2549,#2550
)),.UNSPECIFIED.,.F.,.F.,.F.) B_SPLINE_SURFACE_WITH_KNOTS((3,2,3),(2,2),
  (3.14159265359,4.712388980385,6.28318530718),(1.21,1.22),
.PIECEWISE_BEZIER_KNOTS.) GEOMETRIC_REPRESENTATION_ITEM() 
RATIONAL_B_SPLINE_SURFACE((
    (1.,1.)
    ,(0.707106781187,0.707106781187)
    ,(1.,1.)
    ,(0.707106781187,0.707106781187)
,(1.,1.))) REPRESENTATION_ITEM('') SURFACE() );
#2541 = CARTESIAN_POINT('',(-18.4,1.27,1.2100001));
#2542 = CARTESIAN_POINT('',(-18.4,1.27,1.2200001));
#2543 = CARTESIAN_POINT('',(-18.4,0.37,1.2100001));
#2544 = CARTESIAN_POINT('',(-18.4,0.37,1.2200001));
#2545 = CARTESIAN_POINT('',(-17.5,0.37,1.2100001));
#2546 = CARTESIAN_POINT('',(-17.5,0.37,1.2200001));
#2547 = CARTESIAN_POINT('',(-16.6,0.37,1.2100001));
#2548 = CARTESIAN_POINT('',(-16.6,0.37,1.2200001));
#2549 = CARTESIAN_POINT('',(-16.6,1.27,1.2100001));
#2550 = CARTESIAN_POINT('',(-16.6,1.27,1.2200001));
#2551 = ADVANCED_FACE('',(#2552,#2563),#2567,.T.);
#2552 = FACE_BOUND('',#2553,.T.);
#2553 = EDGE_LOOP('',(#2554,#2562));
#2554 = ORIENTED_EDGE('',*,*,#2555,.F.);
#2555 = EDGE_CURVE('',#120,#127,#2556,.T.);
#2556 = ( BOUNDED_CURVE() B_SPLINE_CURVE(2,(#2557,#2558,#2559,#2560,
#2561),.UNSPECIFIED.,.F.,.F.) B_SPLINE_CURVE_WITH_KNOTS((3,2,3),(0.,
1.570796326795,3.14159265359),.PIECEWISE_BEZIER_KNOTS.) CURVE() 
GEOMETRIC_REPRESENTATION_ITEM() RATIONAL_B_SPLINE_CURVE((1.,
0.707106781187,1.,0.707106781187,1.)) REPRESENTATION_ITEM('') );
#2557 = CARTESIAN_POINT('',(-17.,1.27,1.2200001));
#2558 = CARTESIAN_POINT('',(-17.,1.77,1.2200001));
#2559 = CARTESIAN_POINT('',(-17.5,1.77,1.2200001));
#2560 = CARTESIAN_POINT('',(-18.,1.77,1.2200001));
#2561 = CARTESIAN_POINT('',(-18.,1.27,1.2200001));
#2562 = ORIENTED_EDGE('',*,*,#126,.F.);
#2563 = FACE_BOUND('',#2564,.T.);
#2564 = EDGE_LOOP('',(#2565,#2566));
#2565 = ORIENTED_EDGE('',*,*,#328,.T.);
#2566 = ORIENTED_EDGE('',*,*,#2533,.T.);
#2567 = B_SPLINE_SURFACE_WITH_KNOTS('',1,1,(
    (#2568,#2569)
    ,(#2570,#2571
    )),.UNSPECIFIED.,.F.,.F.,.F.,(2,2),(2,2),(-0.9,0.9),(-0.9,0.9),
  .PIECEWISE_BEZIER_KNOTS.);
#2568 = CARTESIAN_POINT('',(-18.4,0.37,1.2200001));
#2569 = CARTESIAN_POINT('',(-18.4,2.17,1.2200001));
#2570 = CARTESIAN_POINT('',(-16.6,0.37,1.2200001));
#2571 = CARTESIAN_POINT('',(-16.6,2.17,1.2200001));
#2572 = ADVANCED_FACE('',(#2573,#2584),#2595,.F.);
#2573 = FACE_BOUND('',#2574,.T.);
#2574 = EDGE_LOOP('',(#2575,#2583));
#2575 = ORIENTED_EDGE('',*,*,#2576,.T.);
#2576 = EDGE_CURVE('',#166,#185,#2577,.T.);
#2577 = ( BOUNDED_CURVE() B_SPLINE_CURVE(2,(#2578,#2579,#2580,#2581,
#2582),.UNSPECIFIED.,.F.,.F.) B_SPLINE_CURVE_WITH_KNOTS((3,2,3),(0.,
1.570796326795,3.14159265359),.PIECEWISE_BEZIER_KNOTS.) CURVE() 
GEOMETRIC_REPRESENTATION_ITEM() RATIONAL_B_SPLINE_CURVE((1.,
0.707106781187,1.,0.707106781187,1.)) REPRESENTATION_ITEM('') );
#2578 = CARTESIAN_POINT('',(-17.,3.81,9.999999999941E-08));
#2579 = CARTESIAN_POINT('',(-17.,4.31,9.999999999941E-08));
#2580 = CARTESIAN_POINT('',(-17.5,4.31,9.999999999941E-08));
#2581 = CARTESIAN_POINT('',(-18.,4.31,9.999999999941E-08));
#2582 = CARTESIAN_POINT('',(-18.,3.81,9.999999999941E-08));
#2583 = ORIENTED_EDGE('',*,*,#191,.T.);
#2584 = FACE_BOUND('',#2585,.T.);
#2585 = EDGE_LOOP('',(#2586,#2587));
#2586 = ORIENTED_EDGE('',*,*,#261,.F.);
#2587 = ORIENTED_EDGE('',*,*,#2588,.F.);
#2588 = EDGE_CURVE('',#264,#262,#2589,.T.);
#2589 = ( BOUNDED_CURVE() B_SPLINE_CURVE(2,(#2590,#2591,#2592,#2593,
#2594),.UNSPECIFIED.,.F.,.F.) B_SPLINE_CURVE_WITH_KNOTS((3,2,3),(
    3.14159265359,4.712388980385,6.28318530718),
.PIECEWISE_BEZIER_KNOTS.) CURVE() GEOMETRIC_REPRESENTATION_ITEM() 
RATIONAL_B_SPLINE_CURVE((1.,0.707106781187,1.,0.707106781187,1.)) 
REPRESENTATION_ITEM('') );
#2590 = CARTESIAN_POINT('',(-18.4,3.81,9.999999999941E-08));
#2591 = CARTESIAN_POINT('',(-18.4,2.91,9.999999999941E-08));
#2592 = CARTESIAN_POINT('',(-17.5,2.91,9.999999999941E-08));
#2593 = CARTESIAN_POINT('',(-16.6,2.91,9.999999999941E-08));
#2594 = CARTESIAN_POINT('',(-16.6,3.81,9.999999999941E-08));
#2595 = B_SPLINE_SURFACE_WITH_KNOTS('',1,1,(
    (#2596,#2597)
    ,(#2598,#2599
    )),.UNSPECIFIED.,.F.,.F.,.F.,(2,2),(2,2),(-0.9,0.9),(-0.9,0.9),
  .PIECEWISE_BEZIER_KNOTS.);
#2596 = CARTESIAN_POINT('',(-18.4,2.91,9.999999999941E-08));
#2597 = CARTESIAN_POINT('',(-18.4,4.71,9.999999999941E-08));
#2598 = CARTESIAN_POINT('',(-16.6,2.91,9.999999999941E-08));
#2599 = CARTESIAN_POINT('',(-16.6,4.71,9.999999999941E-08));
#2600 = ADVANCED_FACE('',(#2601),#2607,.T.);
#2601 = FACE_BOUND('',#2602,.T.);
#2602 = EDGE_LOOP('',(#2603,#2604,#2605,#2606));
#2603 = ORIENTED_EDGE('',*,*,#273,.F.);
#2604 = ORIENTED_EDGE('',*,*,#2588,.T.);
#2605 = ORIENTED_EDGE('',*,*,#290,.T.);
#2606 = ORIENTED_EDGE('',*,*,#2184,.F.);
#2607 = ( BOUNDED_SURFACE() B_SPLINE_SURFACE(2,1,(
    (#2608,#2609)
    ,(#2610,#2611)
    ,(#2612,#2613)
    ,(#2614,#2615)
    ,(#2616,#2617
)),.UNSPECIFIED.,.F.,.F.,.F.) B_SPLINE_SURFACE_WITH_KNOTS((3,2,3),(2,2),
  (3.14159265359,4.712388980385,6.28318530718),(0.,1.E-02),
.PIECEWISE_BEZIER_KNOTS.) GEOMETRIC_REPRESENTATION_ITEM() 
RATIONAL_B_SPLINE_SURFACE((
    (1.,1.)
    ,(0.707106781187,0.707106781187)
    ,(1.,1.)
    ,(0.707106781187,0.707106781187)
,(1.,1.))) REPRESENTATION_ITEM('') SURFACE() );
#2608 = CARTESIAN_POINT('',(-18.4,3.81,9.999999999941E-08));
#2609 = CARTESIAN_POINT('',(-18.4,3.81,1.00001E-02));
#2610 = CARTESIAN_POINT('',(-18.4,2.91,9.999999999941E-08));
#2611 = CARTESIAN_POINT('',(-18.4,2.91,1.00001E-02));
#2612 = CARTESIAN_POINT('',(-17.5,2.91,9.999999999941E-08));
#2613 = CARTESIAN_POINT('',(-17.5,2.91,1.00001E-02));
#2614 = CARTESIAN_POINT('',(-16.6,2.91,9.999999999941E-08));
#2615 = CARTESIAN_POINT('',(-16.6,2.91,1.00001E-02));
#2616 = CARTESIAN_POINT('',(-16.6,3.81,9.999999999941E-08));
#2617 = CARTESIAN_POINT('',(-16.6,3.81,1.00001E-02));
#2618 = ADVANCED_FACE('',(#2619),#2632,.T.);
#2619 = FACE_BOUND('',#2620,.T.);
#2620 = EDGE_LOOP('',(#2621,#2622,#2623,#2624));
#2621 = ORIENTED_EDGE('',*,*,#225,.F.);
#2622 = ORIENTED_EDGE('',*,*,#2079,.T.);
#2623 = ORIENTED_EDGE('',*,*,#242,.T.);
#2624 = ORIENTED_EDGE('',*,*,#2625,.F.);
#2625 = EDGE_CURVE('',#226,#233,#2626,.T.);
#2626 = ( BOUNDED_CURVE() B_SPLINE_CURVE(2,(#2627,#2628,#2629,#2630,
#2631),.UNSPECIFIED.,.F.,.F.) B_SPLINE_CURVE_WITH_KNOTS((3,2,3),(
    3.14159265359,4.712388980385,6.28318530718),
.PIECEWISE_BEZIER_KNOTS.) CURVE() GEOMETRIC_REPRESENTATION_ITEM() 
RATIONAL_B_SPLINE_CURVE((1.,0.707106781187,1.,0.707106781187,1.)) 
REPRESENTATION_ITEM('') );
#2627 = CARTESIAN_POINT('',(-18.4,3.81,1.2200001));
#2628 = CARTESIAN_POINT('',(-18.4,2.91,1.2200001));
#2629 = CARTESIAN_POINT('',(-17.5,2.91,1.2200001));
#2630 = CARTESIAN_POINT('',(-16.6,2.91,1.2200001));
#2631 = CARTESIAN_POINT('',(-16.6,3.81,1.2200001));
#2632 = ( BOUNDED_SURFACE() B_SPLINE_SURFACE(2,1,(
    (#2633,#2634)
    ,(#2635,#2636)
    ,(#2637,#2638)
    ,(#2639,#2640)
    ,(#2641,#2642
)),.UNSPECIFIED.,.F.,.F.,.F.) B_SPLINE_SURFACE_WITH_KNOTS((3,2,3),(2,2),
  (3.14159265359,4.712388980385,6.28318530718),(1.21,1.22),
.PIECEWISE_BEZIER_KNOTS.) GEOMETRIC_REPRESENTATION_ITEM() 
RATIONAL_B_SPLINE_SURFACE((
    (1.,1.)
    ,(0.707106781187,0.707106781187)
    ,(1.,1.)
    ,(0.707106781187,0.707106781187)
,(1.,1.))) REPRESENTATION_ITEM('') SURFACE() );
#2633 = CARTESIAN_POINT('',(-18.4,3.81,1.2100001));
#2634 = CARTESIAN_POINT('',(-18.4,3.81,1.2200001));
#2635 = CARTESIAN_POINT('',(-18.4,2.91,1.2100001));
#2636 = CARTESIAN_POINT('',(-18.4,2.91,1.2200001));
#2637 = CARTESIAN_POINT('',(-17.5,2.91,1.2100001));
#2638 = CARTESIAN_POINT('',(-17.5,2.91,1.2200001));
#2639 = CARTESIAN_POINT('',(-16.6,2.91,1.2100001));
#2640 = CARTESIAN_POINT('',(-16.6,2.91,1.2200001));
#2641 = CARTESIAN_POINT('',(-16.6,3.81,1.2100001));
#2642 = CARTESIAN_POINT('',(-16.6,3.81,1.2200001));
#2643 = ADVANCED_FACE('',(#2644,#2655),#2659,.T.);
#2644 = FACE_BOUND('',#2645,.T.);
#2645 = EDGE_LOOP('',(#2646,#2654));
#2646 = ORIENTED_EDGE('',*,*,#2647,.F.);
#2647 = EDGE_CURVE('',#168,#175,#2648,.T.);
#2648 = ( BOUNDED_CURVE() B_SPLINE_CURVE(2,(#2649,#2650,#2651,#2652,
#2653),.UNSPECIFIED.,.F.,.F.) B_SPLINE_CURVE_WITH_KNOTS((3,2,3),(0.,
1.570796326795,3.14159265359),.PIECEWISE_BEZIER_KNOTS.) CURVE() 
GEOMETRIC_REPRESENTATION_ITEM() RATIONAL_B_SPLINE_CURVE((1.,
0.707106781187,1.,0.707106781187,1.)) REPRESENTATION_ITEM('') );
#2649 = CARTESIAN_POINT('',(-17.,3.81,1.2200001));
#2650 = CARTESIAN_POINT('',(-17.,4.31,1.2200001));
#2651 = CARTESIAN_POINT('',(-17.5,4.31,1.2200001));
#2652 = CARTESIAN_POINT('',(-18.,4.31,1.2200001));
#2653 = CARTESIAN_POINT('',(-18.,3.81,1.2200001));
#2654 = ORIENTED_EDGE('',*,*,#174,.F.);
#2655 = FACE_BOUND('',#2656,.T.);
#2656 = EDGE_LOOP('',(#2657,#2658));
#2657 = ORIENTED_EDGE('',*,*,#232,.T.);
#2658 = ORIENTED_EDGE('',*,*,#2625,.T.);
#2659 = B_SPLINE_SURFACE_WITH_KNOTS('',1,1,(
    (#2660,#2661)
    ,(#2662,#2663
    )),.UNSPECIFIED.,.F.,.F.,.F.,(2,2),(2,2),(-0.9,0.9),(-0.9,0.9),
  .PIECEWISE_BEZIER_KNOTS.);
#2660 = CARTESIAN_POINT('',(-18.4,2.91,1.2200001));
#2661 = CARTESIAN_POINT('',(-18.4,4.71,1.2200001));
#2662 = CARTESIAN_POINT('',(-16.6,2.91,1.2200001));
#2663 = CARTESIAN_POINT('',(-16.6,4.71,1.2200001));
#2664 = ADVANCED_FACE('',(#2665),#2671,.F.);
#2665 = FACE_BOUND('',#2666,.F.);
#2666 = EDGE_LOOP('',(#2667,#2668,#2669,#2670));
#2667 = ORIENTED_EDGE('',*,*,#2647,.F.);
#2668 = ORIENTED_EDGE('',*,*,#165,.F.);
#2669 = ORIENTED_EDGE('',*,*,#2576,.T.);
#2670 = ORIENTED_EDGE('',*,*,#184,.T.);
#2671 = ( BOUNDED_SURFACE() B_SPLINE_SURFACE(2,1,(
    (#2672,#2673)
    ,(#2674,#2675)
    ,(#2676,#2677)
    ,(#2678,#2679)
    ,(#2680,#2681
)),.UNSPECIFIED.,.F.,.F.,.F.) B_SPLINE_SURFACE_WITH_KNOTS((3,2,3),(2,2),
  (0.,1.570796326795,3.14159265359),(8.E-02,1.3),
.PIECEWISE_BEZIER_KNOTS.) GEOMETRIC_REPRESENTATION_ITEM() 
RATIONAL_B_SPLINE_SURFACE((
    (1.,1.)
    ,(0.707106781187,0.707106781187)
    ,(1.,1.)
    ,(0.707106781187,0.707106781187)
,(1.,1.))) REPRESENTATION_ITEM('') SURFACE() );
#2672 = CARTESIAN_POINT('',(-17.,3.81,1.000000000029E-07));
#2673 = CARTESIAN_POINT('',(-17.,3.81,1.2200001));
#2674 = CARTESIAN_POINT('',(-17.,4.31,1.000000000029E-07));
#2675 = CARTESIAN_POINT('',(-17.,4.31,1.2200001));
#2676 = CARTESIAN_POINT('',(-17.5,4.31,1.000000000029E-07));
#2677 = CARTESIAN_POINT('',(-17.5,4.31,1.2200001));
#2678 = CARTESIAN_POINT('',(-18.,4.31,1.000000000029E-07));
#2679 = CARTESIAN_POINT('',(-18.,4.31,1.2200001));
#2680 = CARTESIAN_POINT('',(-18.,3.81,1.000000000029E-07));
#2681 = CARTESIAN_POINT('',(-18.,3.81,1.2200001));
#2682 = ADVANCED_FACE('',(#2683),#2689,.F.);
#2683 = FACE_BOUND('',#2684,.F.);
#2684 = EDGE_LOOP('',(#2685,#2686,#2687,#2688));
#2685 = ORIENTED_EDGE('',*,*,#2555,.F.);
#2686 = ORIENTED_EDGE('',*,*,#117,.F.);
#2687 = ORIENTED_EDGE('',*,*,#2484,.T.);
#2688 = ORIENTED_EDGE('',*,*,#136,.T.);
#2689 = ( BOUNDED_SURFACE() B_SPLINE_SURFACE(2,1,(
    (#2690,#2691)
    ,(#2692,#2693)
    ,(#2694,#2695)
    ,(#2696,#2697)
    ,(#2698,#2699
)),.UNSPECIFIED.,.F.,.F.,.F.) B_SPLINE_SURFACE_WITH_KNOTS((3,2,3),(2,2),
  (0.,1.570796326795,3.14159265359),(8.E-02,1.3),
.PIECEWISE_BEZIER_KNOTS.) GEOMETRIC_REPRESENTATION_ITEM() 
RATIONAL_B_SPLINE_SURFACE((
    (1.,1.)
    ,(0.707106781187,0.707106781187)
    ,(1.,1.)
    ,(0.707106781187,0.707106781187)
,(1.,1.))) REPRESENTATION_ITEM('') SURFACE() );
#2690 = CARTESIAN_POINT('',(-17.,1.27,1.000000000029E-07));
#2691 = CARTESIAN_POINT('',(-17.,1.27,1.2200001));
#2692 = CARTESIAN_POINT('',(-17.,1.77,1.000000000029E-07));
#2693 = CARTESIAN_POINT('',(-17.,1.77,1.2200001));
#2694 = CARTESIAN_POINT('',(-17.5,1.77,1.000000000029E-07));
#2695 = CARTESIAN_POINT('',(-17.5,1.77,1.2200001));
#2696 = CARTESIAN_POINT('',(-18.,1.77,1.000000000029E-07));
#2697 = CARTESIAN_POINT('',(-18.,1.77,1.2200001));
#2698 = CARTESIAN_POINT('',(-18.,1.27,1.000000000029E-07));
#2699 = CARTESIAN_POINT('',(-18.,1.27,1.2200001));
#2700 = ADVANCED_FACE('',(#2701),#2707,.F.);
#2701 = FACE_BOUND('',#2702,.F.);
#2702 = EDGE_LOOP('',(#2703,#2704,#2705,#2706));
#2703 = ORIENTED_EDGE('',*,*,#2463,.F.);
#2704 = ORIENTED_EDGE('',*,*,#69,.F.);
#2705 = ORIENTED_EDGE('',*,*,#2392,.T.);
#2706 = ORIENTED_EDGE('',*,*,#88,.T.);
#2707 = ( BOUNDED_SURFACE() B_SPLINE_SURFACE(2,1,(
    (#2708,#2709)
    ,(#2710,#2711)
    ,(#2712,#2713)
    ,(#2714,#2715)
    ,(#2716,#2717
)),.UNSPECIFIED.,.F.,.F.,.F.) B_SPLINE_SURFACE_WITH_KNOTS((3,2,3),(2,2),
  (0.,1.570796326795,3.14159265359),(8.E-02,1.3),
.PIECEWISE_BEZIER_KNOTS.) GEOMETRIC_REPRESENTATION_ITEM() 
RATIONAL_B_SPLINE_SURFACE((
    (1.,1.)
    ,(0.707106781187,0.707106781187)
    ,(1.,1.)
    ,(0.707106781187,0.707106781187)
,(1.,1.))) REPRESENTATION_ITEM('') SURFACE() );
#2708 = CARTESIAN_POINT('',(-17.,-1.27,1.000000000029E-07));
#2709 = CARTESIAN_POINT('',(-17.,-1.27,1.2200001));
#2710 = CARTESIAN_POINT('',(-17.,-0.77,1.000000000029E-07));
#2711 = CARTESIAN_POINT('',(-17.,-0.77,1.2200001));
#2712 = CARTESIAN_POINT('',(-17.5,-0.77,1.000000000029E-07));
#2713 = CARTESIAN_POINT('',(-17.5,-0.77,1.2200001));
#2714 = CARTESIAN_POINT('',(-18.,-0.77,1.000000000029E-07));
#2715 = CARTESIAN_POINT('',(-18.,-0.77,1.2200001));
#2716 = CARTESIAN_POINT('',(-18.,-1.27,1.000000000029E-07));
#2717 = CARTESIAN_POINT('',(-18.,-1.27,1.2200001));
#2718 = ADVANCED_FACE('',(#2719,#2749),#2760,.T.);
#2719 = FACE_BOUND('',#2720,.T.);
#2720 = EDGE_LOOP('',(#2721,#2730,#2737,#2744));
#2721 = ORIENTED_EDGE('',*,*,#2722,.T.);
#2722 = EDGE_CURVE('',#2723,#2725,#2727,.T.);
#2723 = VERTEX_POINT('',#2724);
#2724 = CARTESIAN_POINT('',(-16.5,-4.81,1.2300001));
#2725 = VERTEX_POINT('',#2726);
#2726 = CARTESIAN_POINT('',(-16.5,-2.81,1.2300001));
#2727 = B_SPLINE_CURVE_WITH_KNOTS('',1,(#2728,#2729),.UNSPECIFIED.,.F.,
  .F.,(2,2),(-2.,0.),.PIECEWISE_BEZIER_KNOTS.);
#2728 = CARTESIAN_POINT('',(-16.5,-4.81,1.2300001));
#2729 = CARTESIAN_POINT('',(-16.5,-2.81,1.2300001));
#2730 = ORIENTED_EDGE('',*,*,#2731,.T.);
#2731 = EDGE_CURVE('',#2725,#2732,#2734,.T.);
#2732 = VERTEX_POINT('',#2733);
#2733 = CARTESIAN_POINT('',(-18.5,-2.81,1.2300001));
#2734 = B_SPLINE_CURVE_WITH_KNOTS('',1,(#2735,#2736),.UNSPECIFIED.,.F.,
  .F.,(2,2),(-2.,-0.),.PIECEWISE_BEZIER_KNOTS.);
#2735 = CARTESIAN_POINT('',(-16.5,-2.81,1.2300001));
#2736 = CARTESIAN_POINT('',(-18.5,-2.81,1.2300001));
#2737 = ORIENTED_EDGE('',*,*,#2738,.T.);
#2738 = EDGE_CURVE('',#2732,#2739,#2741,.T.);
#2739 = VERTEX_POINT('',#2740);
#2740 = CARTESIAN_POINT('',(-18.5,-4.81,1.2300001));
#2741 = B_SPLINE_CURVE_WITH_KNOTS('',1,(#2742,#2743),.UNSPECIFIED.,.F.,
  .F.,(2,2),(0.,2.),.PIECEWISE_BEZIER_KNOTS.);
#2742 = CARTESIAN_POINT('',(-18.5,-2.81,1.2300001));
#2743 = CARTESIAN_POINT('',(-18.5,-4.81,1.2300001));
#2744 = ORIENTED_EDGE('',*,*,#2745,.T.);
#2745 = EDGE_CURVE('',#2739,#2723,#2746,.T.);
#2746 = B_SPLINE_CURVE_WITH_KNOTS('',1,(#2747,#2748),.UNSPECIFIED.,.F.,
  .F.,(2,2),(0.,2.),.PIECEWISE_BEZIER_KNOTS.);
#2747 = CARTESIAN_POINT('',(-18.5,-4.81,1.2300001));
#2748 = CARTESIAN_POINT('',(-16.5,-4.81,1.2300001));
#2749 = FACE_BOUND('',#2750,.T.);
#2750 = EDGE_LOOP('',(#2751,#2759));
#2751 = ORIENTED_EDGE('',*,*,#2752,.F.);
#2752 = EDGE_CURVE('',#24,#31,#2753,.T.);
#2753 = ( BOUNDED_CURVE() B_SPLINE_CURVE(2,(#2754,#2755,#2756,#2757,
#2758),.UNSPECIFIED.,.F.,.F.) B_SPLINE_CURVE_WITH_KNOTS((3,2,3),(0.,
1.570796326795,3.14159265359),.PIECEWISE_BEZIER_KNOTS.) CURVE() 
GEOMETRIC_REPRESENTATION_ITEM() RATIONAL_B_SPLINE_CURVE((1.,
0.707106781187,1.,0.707106781187,1.)) REPRESENTATION_ITEM('') );
#2754 = CARTESIAN_POINT('',(-17.,-3.81,1.2300001));
#2755 = CARTESIAN_POINT('',(-17.,-3.31,1.2300001));
#2756 = CARTESIAN_POINT('',(-17.5,-3.31,1.2300001));
#2757 = CARTESIAN_POINT('',(-18.,-3.31,1.2300001));
#2758 = CARTESIAN_POINT('',(-18.,-3.81,1.2300001));
#2759 = ORIENTED_EDGE('',*,*,#30,.F.);
#2760 = B_SPLINE_SURFACE_WITH_KNOTS('',1,1,(
    (#2761,#2762)
    ,(#2763,#2764
  )),.UNSPECIFIED.,.F.,.F.,.F.,(2,2),(2,2),(-18.5,-16.5),(-4.81,-2.81),
  .PIECEWISE_BEZIER_KNOTS.);
#2761 = CARTESIAN_POINT('',(-18.5,-4.81,1.2300001));
#2762 = CARTESIAN_POINT('',(-18.5,-2.81,1.2300001));
#2763 = CARTESIAN_POINT('',(-16.5,-4.81,1.2300001));
#2764 = CARTESIAN_POINT('',(-16.5,-2.81,1.2300001));
#2765 = ADVANCED_FACE('',(#2766),#2780,.T.);
#2766 = FACE_BOUND('',#2767,.T.);
#2767 = EDGE_LOOP('',(#2768,#2773,#2774,#2779));
#2768 = ORIENTED_EDGE('',*,*,#2769,.F.);
#2769 = EDGE_CURVE('',#2051,#2725,#2770,.T.);
#2770 = B_SPLINE_CURVE_WITH_KNOTS('',1,(#2771,#2772),.UNSPECIFIED.,.F.,
  .F.,(2,2),(1.21,1.23),.PIECEWISE_BEZIER_KNOTS.);
#2771 = CARTESIAN_POINT('',(-16.5,-2.81,1.2100001));
#2772 = CARTESIAN_POINT('',(-16.5,-2.81,1.2300001));
#2773 = ORIENTED_EDGE('',*,*,#2071,.T.);
#2774 = ORIENTED_EDGE('',*,*,#2775,.T.);
#2775 = EDGE_CURVE('',#2065,#2732,#2776,.T.);
#2776 = B_SPLINE_CURVE_WITH_KNOTS('',1,(#2777,#2778),.UNSPECIFIED.,.F.,
  .F.,(2,2),(1.21,1.23),.PIECEWISE_BEZIER_KNOTS.);
#2777 = CARTESIAN_POINT('',(-18.5,-2.81,1.2100001));
#2778 = CARTESIAN_POINT('',(-18.5,-2.81,1.2300001));
#2779 = ORIENTED_EDGE('',*,*,#2731,.F.);
#2780 = B_SPLINE_SURFACE_WITH_KNOTS('',1,1,(
    (#2781,#2782)
    ,(#2783,#2784
    )),.UNSPECIFIED.,.F.,.F.,.F.,(2,2),(2,2),(1.21,1.23),(0.,2.),
  .PIECEWISE_BEZIER_KNOTS.);
#2781 = CARTESIAN_POINT('',(-18.5,-2.81,1.2100001));
#2782 = CARTESIAN_POINT('',(-16.5,-2.81,1.2100001));
#2783 = CARTESIAN_POINT('',(-18.5,-2.81,1.2300001));
#2784 = CARTESIAN_POINT('',(-16.5,-2.81,1.2300001));
#2785 = ADVANCED_FACE('',(#2786),#2796,.T.);
#2786 = FACE_BOUND('',#2787,.T.);
#2787 = EDGE_LOOP('',(#2788,#2789,#2790,#2795));
#2788 = ORIENTED_EDGE('',*,*,#2775,.F.);
#2789 = ORIENTED_EDGE('',*,*,#2064,.T.);
#2790 = ORIENTED_EDGE('',*,*,#2791,.T.);
#2791 = EDGE_CURVE('',#2058,#2739,#2792,.T.);
#2792 = B_SPLINE_CURVE_WITH_KNOTS('',1,(#2793,#2794),.UNSPECIFIED.,.F.,
  .F.,(2,2),(1.21,1.23),.PIECEWISE_BEZIER_KNOTS.);
#2793 = CARTESIAN_POINT('',(-18.5,-4.81,1.2100001));
#2794 = CARTESIAN_POINT('',(-18.5,-4.81,1.2300001));
#2795 = ORIENTED_EDGE('',*,*,#2738,.F.);
#2796 = B_SPLINE_SURFACE_WITH_KNOTS('',1,1,(
    (#2797,#2798)
    ,(#2799,#2800
    )),.UNSPECIFIED.,.F.,.F.,.F.,(2,2),(2,2),(1.21,1.23),(-2.,0.),
  .PIECEWISE_BEZIER_KNOTS.);
#2797 = CARTESIAN_POINT('',(-18.5,-4.81,1.2100001));
#2798 = CARTESIAN_POINT('',(-18.5,-2.81,1.2100001));
#2799 = CARTESIAN_POINT('',(-18.5,-4.81,1.2300001));
#2800 = CARTESIAN_POINT('',(-18.5,-2.81,1.2300001));
#2801 = ADVANCED_FACE('',(#2802),#2812,.T.);
#2802 = FACE_BOUND('',#2803,.T.);
#2803 = EDGE_LOOP('',(#2804,#2805,#2806,#2811));
#2804 = ORIENTED_EDGE('',*,*,#2791,.F.);
#2805 = ORIENTED_EDGE('',*,*,#2057,.T.);
#2806 = ORIENTED_EDGE('',*,*,#2807,.T.);
#2807 = EDGE_CURVE('',#2049,#2723,#2808,.T.);
#2808 = B_SPLINE_CURVE_WITH_KNOTS('',1,(#2809,#2810),.UNSPECIFIED.,.F.,
  .F.,(2,2),(1.21,1.23),.PIECEWISE_BEZIER_KNOTS.);
#2809 = CARTESIAN_POINT('',(-16.5,-4.81,1.2100001));
#2810 = CARTESIAN_POINT('',(-16.5,-4.81,1.2300001));
#2811 = ORIENTED_EDGE('',*,*,#2745,.F.);
#2812 = B_SPLINE_SURFACE_WITH_KNOTS('',1,1,(
    (#2813,#2814)
    ,(#2815,#2816
  )),.UNSPECIFIED.,.F.,.F.,.F.,(2,2),(2,2),(-1.23,-1.21),(0.,2.),
  .PIECEWISE_BEZIER_KNOTS.);
#2813 = CARTESIAN_POINT('',(-18.5,-4.81,1.2300001));
#2814 = CARTESIAN_POINT('',(-16.5,-4.81,1.2300001));
#2815 = CARTESIAN_POINT('',(-18.5,-4.81,1.2100001));
#2816 = CARTESIAN_POINT('',(-16.5,-4.81,1.2100001));
#2817 = ADVANCED_FACE('',(#2818),#2824,.T.);
#2818 = FACE_BOUND('',#2819,.T.);
#2819 = EDGE_LOOP('',(#2820,#2821,#2822,#2823));
#2820 = ORIENTED_EDGE('',*,*,#2807,.F.);
#2821 = ORIENTED_EDGE('',*,*,#2048,.T.);
#2822 = ORIENTED_EDGE('',*,*,#2769,.T.);
#2823 = ORIENTED_EDGE('',*,*,#2722,.F.);
#2824 = B_SPLINE_SURFACE_WITH_KNOTS('',1,1,(
    (#2825,#2826)
    ,(#2827,#2828
  )),.UNSPECIFIED.,.F.,.F.,.F.,(2,2),(2,2),(-1.23,-1.21),(-2.,0.),
  .PIECEWISE_BEZIER_KNOTS.);
#2825 = CARTESIAN_POINT('',(-16.5,-4.81,1.2300001));
#2826 = CARTESIAN_POINT('',(-16.5,-2.81,1.2300001));
#2827 = CARTESIAN_POINT('',(-16.5,-4.81,1.2100001));
#2828 = CARTESIAN_POINT('',(-16.5,-2.81,1.2100001));
#2829 = ADVANCED_FACE('',(#2830),#2852,.T.);
#2830 = FACE_BOUND('',#2831,.T.);
#2831 = EDGE_LOOP('',(#2832,#2833,#2840,#2847));
#2832 = ORIENTED_EDGE('',*,*,#2162,.F.);
#2833 = ORIENTED_EDGE('',*,*,#2834,.F.);
#2834 = EDGE_CURVE('',#2835,#2156,#2837,.T.);
#2835 = VERTEX_POINT('',#2836);
#2836 = CARTESIAN_POINT('',(-16.5,-4.81,9.999999999941E-08));
#2837 = B_SPLINE_CURVE_WITH_KNOTS('',1,(#2838,#2839),.UNSPECIFIED.,.F.,
  .F.,(2,2),(0.,1.E-02),.PIECEWISE_BEZIER_KNOTS.);
#2838 = CARTESIAN_POINT('',(-16.5,-4.81,9.999999999941E-08));
#2839 = CARTESIAN_POINT('',(-16.5,-4.81,1.00001E-02));
#2840 = ORIENTED_EDGE('',*,*,#2841,.T.);
#2841 = EDGE_CURVE('',#2835,#2842,#2844,.T.);
#2842 = VERTEX_POINT('',#2843);
#2843 = CARTESIAN_POINT('',(-16.5,-2.81,9.999999999941E-08));
#2844 = B_SPLINE_CURVE_WITH_KNOTS('',1,(#2845,#2846),.UNSPECIFIED.,.F.,
  .F.,(2,2),(-2.,0.),.PIECEWISE_BEZIER_KNOTS.);
#2845 = CARTESIAN_POINT('',(-16.5,-4.81,9.999999999941E-08));
#2846 = CARTESIAN_POINT('',(-16.5,-2.81,9.999999999941E-08));
#2847 = ORIENTED_EDGE('',*,*,#2848,.T.);
#2848 = EDGE_CURVE('',#2842,#2163,#2849,.T.);
#2849 = B_SPLINE_CURVE_WITH_KNOTS('',1,(#2850,#2851),.UNSPECIFIED.,.F.,
  .F.,(2,2),(0.,1.E-02),.PIECEWISE_BEZIER_KNOTS.);
#2850 = CARTESIAN_POINT('',(-16.5,-2.81,9.999999999941E-08));
#2851 = CARTESIAN_POINT('',(-16.5,-2.81,1.00001E-02));
#2852 = B_SPLINE_SURFACE_WITH_KNOTS('',1,1,(
    (#2853,#2854)
    ,(#2855,#2856
    )),.UNSPECIFIED.,.F.,.F.,.F.,(2,2),(2,2),(-1.E-02,0.),(-2.,0.),
  .PIECEWISE_BEZIER_KNOTS.);
#2853 = CARTESIAN_POINT('',(-16.5,-4.81,1.00001E-02));
#2854 = CARTESIAN_POINT('',(-16.5,-2.81,1.00001E-02));
#2855 = CARTESIAN_POINT('',(-16.5,-4.81,9.999999999941E-08));
#2856 = CARTESIAN_POINT('',(-16.5,-2.81,9.999999999941E-08));
#2857 = ADVANCED_FACE('',(#2858),#2874,.T.);
#2858 = FACE_BOUND('',#2859,.T.);
#2859 = EDGE_LOOP('',(#2860,#2861,#2868,#2873));
#2860 = ORIENTED_EDGE('',*,*,#2153,.F.);
#2861 = ORIENTED_EDGE('',*,*,#2862,.F.);
#2862 = EDGE_CURVE('',#2863,#2154,#2865,.T.);
#2863 = VERTEX_POINT('',#2864);
#2864 = CARTESIAN_POINT('',(-18.5,-4.81,9.999999999941E-08));
#2865 = B_SPLINE_CURVE_WITH_KNOTS('',1,(#2866,#2867),.UNSPECIFIED.,.F.,
  .F.,(2,2),(0.,1.E-02),.PIECEWISE_BEZIER_KNOTS.);
#2866 = CARTESIAN_POINT('',(-18.5,-4.81,9.999999999941E-08));
#2867 = CARTESIAN_POINT('',(-18.5,-4.81,1.00001E-02));
#2868 = ORIENTED_EDGE('',*,*,#2869,.T.);
#2869 = EDGE_CURVE('',#2863,#2835,#2870,.T.);
#2870 = B_SPLINE_CURVE_WITH_KNOTS('',1,(#2871,#2872),.UNSPECIFIED.,.F.,
  .F.,(2,2),(0.,2.),.PIECEWISE_BEZIER_KNOTS.);
#2871 = CARTESIAN_POINT('',(-18.5,-4.81,9.999999999941E-08));
#2872 = CARTESIAN_POINT('',(-16.5,-4.81,9.999999999941E-08));
#2873 = ORIENTED_EDGE('',*,*,#2834,.T.);
#2874 = B_SPLINE_SURFACE_WITH_KNOTS('',1,1,(
    (#2875,#2876)
    ,(#2877,#2878
    )),.UNSPECIFIED.,.F.,.F.,.F.,(2,2),(2,2),(-1.E-02,0.),(0.,2.),
  .PIECEWISE_BEZIER_KNOTS.);
#2875 = CARTESIAN_POINT('',(-18.5,-4.81,1.00001E-02));
#2876 = CARTESIAN_POINT('',(-16.5,-4.81,1.00001E-02));
#2877 = CARTESIAN_POINT('',(-18.5,-4.81,9.999999999941E-08));
#2878 = CARTESIAN_POINT('',(-16.5,-4.81,9.999999999941E-08));
#2879 = ADVANCED_FACE('',(#2880),#2896,.T.);
#2880 = FACE_BOUND('',#2881,.T.);
#2881 = EDGE_LOOP('',(#2882,#2883,#2890,#2895));
#2882 = ORIENTED_EDGE('',*,*,#2176,.F.);
#2883 = ORIENTED_EDGE('',*,*,#2884,.F.);
#2884 = EDGE_CURVE('',#2885,#2170,#2887,.T.);
#2885 = VERTEX_POINT('',#2886);
#2886 = CARTESIAN_POINT('',(-18.5,-2.81,9.999999999941E-08));
#2887 = B_SPLINE_CURVE_WITH_KNOTS('',1,(#2888,#2889),.UNSPECIFIED.,.F.,
  .F.,(2,2),(0.,1.E-02),.PIECEWISE_BEZIER_KNOTS.);
#2888 = CARTESIAN_POINT('',(-18.5,-2.81,9.999999999941E-08));
#2889 = CARTESIAN_POINT('',(-18.5,-2.81,1.00001E-02));
#2890 = ORIENTED_EDGE('',*,*,#2891,.T.);
#2891 = EDGE_CURVE('',#2885,#2863,#2892,.T.);
#2892 = B_SPLINE_CURVE_WITH_KNOTS('',1,(#2893,#2894),.UNSPECIFIED.,.F.,
  .F.,(2,2),(0.,2.),.PIECEWISE_BEZIER_KNOTS.);
#2893 = CARTESIAN_POINT('',(-18.5,-2.81,9.999999999941E-08));
#2894 = CARTESIAN_POINT('',(-18.5,-4.81,9.999999999941E-08));
#2895 = ORIENTED_EDGE('',*,*,#2862,.T.);
#2896 = B_SPLINE_SURFACE_WITH_KNOTS('',1,1,(
    (#2897,#2898)
    ,(#2899,#2900
    )),.UNSPECIFIED.,.F.,.F.,.F.,(2,2),(2,2),(0.,1.E-02),(-2.,0.),
  .PIECEWISE_BEZIER_KNOTS.);
#2897 = CARTESIAN_POINT('',(-18.5,-4.81,9.999999999941E-08));
#2898 = CARTESIAN_POINT('',(-18.5,-2.81,9.999999999941E-08));
#2899 = CARTESIAN_POINT('',(-18.5,-4.81,1.00001E-02));
#2900 = CARTESIAN_POINT('',(-18.5,-2.81,1.00001E-02));
#2901 = ADVANCED_FACE('',(#2902),#2912,.T.);
#2902 = FACE_BOUND('',#2903,.T.);
#2903 = EDGE_LOOP('',(#2904,#2905,#2906,#2911));
#2904 = ORIENTED_EDGE('',*,*,#2169,.F.);
#2905 = ORIENTED_EDGE('',*,*,#2848,.F.);
#2906 = ORIENTED_EDGE('',*,*,#2907,.T.);
#2907 = EDGE_CURVE('',#2842,#2885,#2908,.T.);
#2908 = B_SPLINE_CURVE_WITH_KNOTS('',1,(#2909,#2910),.UNSPECIFIED.,.F.,
  .F.,(2,2),(-2.,-0.),.PIECEWISE_BEZIER_KNOTS.);
#2909 = CARTESIAN_POINT('',(-16.5,-2.81,9.999999999941E-08));
#2910 = CARTESIAN_POINT('',(-18.5,-2.81,9.999999999941E-08));
#2911 = ORIENTED_EDGE('',*,*,#2884,.T.);
#2912 = B_SPLINE_SURFACE_WITH_KNOTS('',1,1,(
    (#2913,#2914)
    ,(#2915,#2916
    )),.UNSPECIFIED.,.F.,.F.,.F.,(2,2),(2,2),(0.,1.E-02),(0.,2.),
  .PIECEWISE_BEZIER_KNOTS.);
#2913 = CARTESIAN_POINT('',(-18.5,-2.81,9.999999999941E-08));
#2914 = CARTESIAN_POINT('',(-16.5,-2.81,9.999999999941E-08));
#2915 = CARTESIAN_POINT('',(-18.5,-2.81,1.00001E-02));
#2916 = CARTESIAN_POINT('',(-16.5,-2.81,1.00001E-02));
#2917 = ADVANCED_FACE('',(#2918),#2931,.F.);
#2918 = FACE_BOUND('',#2919,.F.);
#2919 = EDGE_LOOP('',(#2920,#2921,#2922,#2930));
#2920 = ORIENTED_EDGE('',*,*,#2752,.F.);
#2921 = ORIENTED_EDGE('',*,*,#21,.F.);
#2922 = ORIENTED_EDGE('',*,*,#2923,.T.);
#2923 = EDGE_CURVE('',#22,#41,#2924,.T.);
#2924 = ( BOUNDED_CURVE() B_SPLINE_CURVE(2,(#2925,#2926,#2927,#2928,
#2929),.UNSPECIFIED.,.F.,.F.) B_SPLINE_CURVE_WITH_KNOTS((3,2,3),(0.,
1.570796326795,3.14159265359),.PIECEWISE_BEZIER_KNOTS.) CURVE() 
GEOMETRIC_REPRESENTATION_ITEM() RATIONAL_B_SPLINE_CURVE((1.,
0.707106781187,1.,0.707106781187,1.)) REPRESENTATION_ITEM('') );
#2925 = CARTESIAN_POINT('',(-17.,-3.81,9.999999999941E-08));
#2926 = CARTESIAN_POINT('',(-17.,-3.31,9.999999999941E-08));
#2927 = CARTESIAN_POINT('',(-17.5,-3.31,9.999999999941E-08));
#2928 = CARTESIAN_POINT('',(-18.,-3.31,9.999999999941E-08));
#2929 = CARTESIAN_POINT('',(-18.,-3.81,9.999999999941E-08));
#2930 = ORIENTED_EDGE('',*,*,#40,.T.);
#2931 = ( BOUNDED_SURFACE() B_SPLINE_SURFACE(2,1,(
    (#2932,#2933)
    ,(#2934,#2935)
    ,(#2936,#2937)
    ,(#2938,#2939)
    ,(#2940,#2941
)),.UNSPECIFIED.,.F.,.F.,.F.) B_SPLINE_SURFACE_WITH_KNOTS((3,2,3),(2,2),
  (0.,1.570796326795,3.14159265359),(8.E-02,1.31),
.PIECEWISE_BEZIER_KNOTS.) GEOMETRIC_REPRESENTATION_ITEM() 
RATIONAL_B_SPLINE_SURFACE((
    (1.,1.)
    ,(0.707106781187,0.707106781187)
    ,(1.,1.)
    ,(0.707106781187,0.707106781187)
,(1.,1.))) REPRESENTATION_ITEM('') SURFACE() );
#2932 = CARTESIAN_POINT('',(-17.,-3.81,1.000000000029E-07));
#2933 = CARTESIAN_POINT('',(-17.,-3.81,1.2300001));
#2934 = CARTESIAN_POINT('',(-17.,-3.31,1.000000000029E-07));
#2935 = CARTESIAN_POINT('',(-17.,-3.31,1.2300001));
#2936 = CARTESIAN_POINT('',(-17.5,-3.31,1.000000000029E-07));
#2937 = CARTESIAN_POINT('',(-17.5,-3.31,1.2300001));
#2938 = CARTESIAN_POINT('',(-18.,-3.31,1.000000000029E-07));
#2939 = CARTESIAN_POINT('',(-18.,-3.31,1.2300001));
#2940 = CARTESIAN_POINT('',(-18.,-3.81,1.000000000029E-07));
#2941 = CARTESIAN_POINT('',(-18.,-3.81,1.2300001));
#2942 = ADVANCED_FACE('',(#2943,#2947),#2953,.F.);
#2943 = FACE_BOUND('',#2944,.T.);
#2944 = EDGE_LOOP('',(#2945,#2946));
#2945 = ORIENTED_EDGE('',*,*,#2923,.T.);
#2946 = ORIENTED_EDGE('',*,*,#47,.T.);
#2947 = FACE_BOUND('',#2948,.T.);
#2948 = EDGE_LOOP('',(#2949,#2950,#2951,#2952));
#2949 = ORIENTED_EDGE('',*,*,#2841,.F.);
#2950 = ORIENTED_EDGE('',*,*,#2869,.F.);
#2951 = ORIENTED_EDGE('',*,*,#2891,.F.);
#2952 = ORIENTED_EDGE('',*,*,#2907,.F.);
#2953 = B_SPLINE_SURFACE_WITH_KNOTS('',1,1,(
    (#2954,#2955)
    ,(#2956,#2957
    )),.UNSPECIFIED.,.F.,.F.,.F.,(2,2),(2,2),(-1.,1.),(-1.,1.),
  .PIECEWISE_BEZIER_KNOTS.);
#2954 = CARTESIAN_POINT('',(-18.5,-4.81,9.999999999941E-08));
#2955 = CARTESIAN_POINT('',(-18.5,-2.81,9.999999999941E-08));
#2956 = CARTESIAN_POINT('',(-16.5,-4.81,9.999999999941E-08));
#2957 = CARTESIAN_POINT('',(-16.5,-2.81,9.999999999941E-08));
#2958 = ADVANCED_FACE('',(#2959),#2981,.F.);
#2959 = FACE_BOUND('',#2960,.T.);
#2960 = EDGE_LOOP('',(#2961,#2962,#2969,#2976));
#2961 = ORIENTED_EDGE('',*,*,#1193,.T.);
#2962 = ORIENTED_EDGE('',*,*,#2963,.F.);
#2963 = EDGE_CURVE('',#2964,#1185,#2966,.T.);
#2964 = VERTEX_POINT('',#2965);
#2965 = CARTESIAN_POINT('',(13.472655307748,-4.257483628788,2.6200001));
#2966 = B_SPLINE_CURVE_WITH_KNOTS('',1,(#2967,#2968),.UNSPECIFIED.,.F.,
  .F.,(2,2),(-0.,1.E-02),.PIECEWISE_BEZIER_KNOTS.);
#2967 = CARTESIAN_POINT('',(13.472655307748,-4.257483628788,2.6200001));
#2968 = CARTESIAN_POINT('',(13.472655307748,-4.257483628788,2.6100001));
#2969 = ORIENTED_EDGE('',*,*,#2970,.F.);
#2970 = EDGE_CURVE('',#2971,#2964,#2973,.T.);
#2971 = VERTEX_POINT('',#2972);
#2972 = CARTESIAN_POINT('',(13.472655307748,-4.296127964677,2.6200001));
#2973 = B_SPLINE_CURVE_WITH_KNOTS('',1,(#2974,#2975),.UNSPECIFIED.,.F.,
  .F.,(2,2),(-3.864433588964E-02,0.),.PIECEWISE_BEZIER_KNOTS.);
#2974 = CARTESIAN_POINT('',(13.472655307748,-4.296127964677,2.6200001));
#2975 = CARTESIAN_POINT('',(13.472655307748,-4.257483628788,2.6200001));
#2976 = ORIENTED_EDGE('',*,*,#2977,.T.);
#2977 = EDGE_CURVE('',#2971,#1194,#2978,.T.);
#2978 = B_SPLINE_CURVE_WITH_KNOTS('',1,(#2979,#2980),.UNSPECIFIED.,.F.,
  .F.,(2,2),(-0.,1.E-02),.PIECEWISE_BEZIER_KNOTS.);
#2979 = CARTESIAN_POINT('',(13.472655307748,-4.296127964677,2.6200001));
#2980 = CARTESIAN_POINT('',(13.472655307748,-4.296127964677,2.6100001));
#2981 = B_SPLINE_SURFACE_WITH_KNOTS('',1,1,(
    (#2982,#2983)
    ,(#2984,#2985)),.UNSPECIFIED.,.F.,.F.,.F.,(2,2),(2,2),(-1.E-02,0.),(
    -3.864433588964E-02,0.),.PIECEWISE_BEZIER_KNOTS.);
#2982 = CARTESIAN_POINT('',(13.472655307748,-4.296127964677,2.6100001));
#2983 = CARTESIAN_POINT('',(13.472655307748,-4.257483628788,2.6100001));
#2984 = CARTESIAN_POINT('',(13.472655307748,-4.296127964677,2.6200001));
#2985 = CARTESIAN_POINT('',(13.472655307748,-4.257483628788,2.6200001));
#2986 = ADVANCED_FACE('',(#2987),#3003,.F.);
#2987 = FACE_BOUND('',#2988,.T.);
#2988 = EDGE_LOOP('',(#2989,#2990,#2997,#3002));
#2989 = ORIENTED_EDGE('',*,*,#1184,.T.);
#2990 = ORIENTED_EDGE('',*,*,#2991,.F.);
#2991 = EDGE_CURVE('',#2992,#1187,#2994,.T.);
#2992 = VERTEX_POINT('',#2993);
#2993 = CARTESIAN_POINT('',(13.337660071612,-4.257483628788,2.6200001));
#2994 = B_SPLINE_CURVE_WITH_KNOTS('',1,(#2995,#2996),.UNSPECIFIED.,.F.,
  .F.,(2,2),(-0.,1.E-02),.PIECEWISE_BEZIER_KNOTS.);
#2995 = CARTESIAN_POINT('',(13.337660071612,-4.257483628788,2.6200001));
#2996 = CARTESIAN_POINT('',(13.337660071612,-4.257483628788,2.6100001));
#2997 = ORIENTED_EDGE('',*,*,#2998,.F.);
#2998 = EDGE_CURVE('',#2964,#2992,#2999,.T.);
#2999 = B_SPLINE_CURVE_WITH_KNOTS('',1,(#3000,#3001),.UNSPECIFIED.,.F.,
  .F.,(2,2),(-0.134995236136,-0.),.PIECEWISE_BEZIER_KNOTS.);
#3000 = CARTESIAN_POINT('',(13.472655307748,-4.257483628788,2.6200001));
#3001 = CARTESIAN_POINT('',(13.337660071612,-4.257483628788,2.6200001));
#3002 = ORIENTED_EDGE('',*,*,#2963,.T.);
#3003 = B_SPLINE_SURFACE_WITH_KNOTS('',1,1,(
    (#3004,#3005)
    ,(#3006,#3007
    )),.UNSPECIFIED.,.F.,.F.,.F.,(2,2),(2,2),(0.,1.E-02),(0.,
    0.134995236136),.PIECEWISE_BEZIER_KNOTS.);
#3004 = CARTESIAN_POINT('',(13.337660071612,-4.257483628788,2.6200001));
#3005 = CARTESIAN_POINT('',(13.472655307748,-4.257483628788,2.6200001));
#3006 = CARTESIAN_POINT('',(13.337660071612,-4.257483628788,2.6100001));
#3007 = CARTESIAN_POINT('',(13.472655307748,-4.257483628788,2.6100001));
#3008 = ADVANCED_FACE('',(#3009),#3025,.F.);
#3009 = FACE_BOUND('',#3010,.T.);
#3010 = EDGE_LOOP('',(#3011,#3012,#3019,#3024));
#3011 = ORIENTED_EDGE('',*,*,#1221,.T.);
#3012 = ORIENTED_EDGE('',*,*,#3013,.F.);
#3013 = EDGE_CURVE('',#3014,#1215,#3016,.T.);
#3014 = VERTEX_POINT('',#3015);
#3015 = CARTESIAN_POINT('',(13.337660071612,-3.957166883958,2.6200001));
#3016 = B_SPLINE_CURVE_WITH_KNOTS('',1,(#3017,#3018),.UNSPECIFIED.,.F.,
  .F.,(2,2),(-0.,1.E-02),.PIECEWISE_BEZIER_KNOTS.);
#3017 = CARTESIAN_POINT('',(13.337660071612,-3.957166883958,2.6200001));
#3018 = CARTESIAN_POINT('',(13.337660071612,-3.957166883958,2.6100001));
#3019 = ORIENTED_EDGE('',*,*,#3020,.F.);
#3020 = EDGE_CURVE('',#2992,#3014,#3021,.T.);
#3021 = B_SPLINE_CURVE_WITH_KNOTS('',1,(#3022,#3023),.UNSPECIFIED.,.F.,
  .F.,(2,2),(-0.300316744829,0.),.PIECEWISE_BEZIER_KNOTS.);
#3022 = CARTESIAN_POINT('',(13.337660071612,-4.257483628788,2.6200001));
#3023 = CARTESIAN_POINT('',(13.337660071612,-3.957166883958,2.6200001));
#3024 = ORIENTED_EDGE('',*,*,#2991,.T.);
#3025 = B_SPLINE_SURFACE_WITH_KNOTS('',1,1,(
    (#3026,#3027)
    ,(#3028,#3029
    )),.UNSPECIFIED.,.F.,.F.,.F.,(2,2),(2,2),(-1.E-02,0.),(
    -0.300316744829,0.),.PIECEWISE_BEZIER_KNOTS.);
#3026 = CARTESIAN_POINT('',(13.337660071612,-4.257483628788,2.6100001));
#3027 = CARTESIAN_POINT('',(13.337660071612,-3.957166883958,2.6100001));
#3028 = CARTESIAN_POINT('',(13.337660071612,-4.257483628788,2.6200001));
#3029 = CARTESIAN_POINT('',(13.337660071612,-3.957166883958,2.6200001));
#3030 = ADVANCED_FACE('',(#3031),#3047,.F.);
#3031 = FACE_BOUND('',#3032,.T.);
#3032 = EDGE_LOOP('',(#3033,#3034,#3041,#3046));
#3033 = ORIENTED_EDGE('',*,*,#1214,.T.);
#3034 = ORIENTED_EDGE('',*,*,#3035,.F.);
#3035 = EDGE_CURVE('',#3036,#1208,#3038,.T.);
#3036 = VERTEX_POINT('',#3037);
#3037 = CARTESIAN_POINT('',(13.293903592634,-3.957166883958,2.6200001));
#3038 = B_SPLINE_CURVE_WITH_KNOTS('',1,(#3039,#3040),.UNSPECIFIED.,.F.,
  .F.,(2,2),(-0.,1.E-02),.PIECEWISE_BEZIER_KNOTS.);
#3039 = CARTESIAN_POINT('',(13.293903592634,-3.957166883958,2.6200001));
#3040 = CARTESIAN_POINT('',(13.293903592634,-3.957166883958,2.6100001));
#3041 = ORIENTED_EDGE('',*,*,#3042,.F.);
#3042 = EDGE_CURVE('',#3014,#3036,#3043,.T.);
#3043 = B_SPLINE_CURVE_WITH_KNOTS('',1,(#3044,#3045),.UNSPECIFIED.,.F.,
  .F.,(2,2),(-4.375647897816E-02,-0.),.PIECEWISE_BEZIER_KNOTS.);
#3044 = CARTESIAN_POINT('',(13.337660071612,-3.957166883958,2.6200001));
#3045 = CARTESIAN_POINT('',(13.293903592634,-3.957166883958,2.6200001));
#3046 = ORIENTED_EDGE('',*,*,#3013,.T.);
#3047 = B_SPLINE_SURFACE_WITH_KNOTS('',1,1,(
    (#3048,#3049)
    ,(#3050,#3051
    )),.UNSPECIFIED.,.F.,.F.,.F.,(2,2),(2,2),(0.,1.E-02),(0.,
    4.375647897816E-02),.PIECEWISE_BEZIER_KNOTS.);
#3048 = CARTESIAN_POINT('',(13.293903592634,-3.957166883958,2.6200001));
#3049 = CARTESIAN_POINT('',(13.337660071612,-3.957166883958,2.6200001));
#3050 = CARTESIAN_POINT('',(13.293903592634,-3.957166883958,2.6100001));
#3051 = CARTESIAN_POINT('',(13.337660071612,-3.957166883958,2.6100001));
#3052 = ADVANCED_FACE('',(#3053),#3069,.F.);
#3053 = FACE_BOUND('',#3054,.T.);
#3054 = EDGE_LOOP('',(#3055,#3056,#3063,#3068));
#3055 = ORIENTED_EDGE('',*,*,#1207,.T.);
#3056 = ORIENTED_EDGE('',*,*,#3057,.F.);
#3057 = EDGE_CURVE('',#3058,#1201,#3060,.T.);
#3058 = VERTEX_POINT('',#3059);
#3059 = CARTESIAN_POINT('',(13.293903592634,-4.296127964677,2.6200001));
#3060 = B_SPLINE_CURVE_WITH_KNOTS('',1,(#3061,#3062),.UNSPECIFIED.,.F.,
  .F.,(2,2),(-0.,1.E-02),.PIECEWISE_BEZIER_KNOTS.);
#3061 = CARTESIAN_POINT('',(13.293903592634,-4.296127964677,2.6200001));
#3062 = CARTESIAN_POINT('',(13.293903592634,-4.296127964677,2.6100001));
#3063 = ORIENTED_EDGE('',*,*,#3064,.F.);
#3064 = EDGE_CURVE('',#3036,#3058,#3065,.T.);
#3065 = B_SPLINE_CURVE_WITH_KNOTS('',1,(#3066,#3067),.UNSPECIFIED.,.F.,
  .F.,(2,2),(-0.338961080719,-0.),.PIECEWISE_BEZIER_KNOTS.);
#3066 = CARTESIAN_POINT('',(13.293903592634,-3.957166883958,2.6200001));
#3067 = CARTESIAN_POINT('',(13.293903592634,-4.296127964677,2.6200001));
#3068 = ORIENTED_EDGE('',*,*,#3035,.T.);
#3069 = B_SPLINE_SURFACE_WITH_KNOTS('',1,1,(
    (#3070,#3071)
    ,(#3072,#3073
    )),.UNSPECIFIED.,.F.,.F.,.F.,(2,2),(2,2),(0.,1.E-02),(0.,
    0.338961080719),.PIECEWISE_BEZIER_KNOTS.);
#3070 = CARTESIAN_POINT('',(13.293903592634,-4.296127964677,2.6200001));
#3071 = CARTESIAN_POINT('',(13.293903592634,-3.957166883958,2.6200001));
#3072 = CARTESIAN_POINT('',(13.293903592634,-4.296127964677,2.6100001));
#3073 = CARTESIAN_POINT('',(13.293903592634,-3.957166883958,2.6100001));
#3074 = ADVANCED_FACE('',(#3075),#3085,.F.);
#3075 = FACE_BOUND('',#3076,.T.);
#3076 = EDGE_LOOP('',(#3077,#3078,#3079,#3084));
#3077 = ORIENTED_EDGE('',*,*,#1200,.T.);
#3078 = ORIENTED_EDGE('',*,*,#2977,.F.);
#3079 = ORIENTED_EDGE('',*,*,#3080,.F.);
#3080 = EDGE_CURVE('',#3058,#2971,#3081,.T.);
#3081 = B_SPLINE_CURVE_WITH_KNOTS('',1,(#3082,#3083),.UNSPECIFIED.,.F.,
  .F.,(2,2),(-0.178751715114,0.),.PIECEWISE_BEZIER_KNOTS.);
#3082 = CARTESIAN_POINT('',(13.293903592634,-4.296127964677,2.6200001));
#3083 = CARTESIAN_POINT('',(13.472655307748,-4.296127964677,2.6200001));
#3084 = ORIENTED_EDGE('',*,*,#3057,.T.);
#3085 = B_SPLINE_SURFACE_WITH_KNOTS('',1,1,(
    (#3086,#3087)
    ,(#3088,#3089
    )),.UNSPECIFIED.,.F.,.F.,.F.,(2,2),(2,2),(-1.E-02,0.),(
    -0.178751715114,0.),.PIECEWISE_BEZIER_KNOTS.);
#3086 = CARTESIAN_POINT('',(13.293903592634,-4.296127964677,2.6100001));
#3087 = CARTESIAN_POINT('',(13.472655307748,-4.296127964677,2.6100001));
#3088 = CARTESIAN_POINT('',(13.293903592634,-4.296127964677,2.6200001));
#3089 = CARTESIAN_POINT('',(13.472655307748,-4.296127964677,2.6200001));
#3090 = ADVANCED_FACE('',(#3091),#3099,.F.);
#3091 = FACE_BOUND('',#3092,.T.);
#3092 = EDGE_LOOP('',(#3093,#3094,#3095,#3096,#3097,#3098));
#3093 = ORIENTED_EDGE('',*,*,#2970,.T.);
#3094 = ORIENTED_EDGE('',*,*,#2998,.T.);
#3095 = ORIENTED_EDGE('',*,*,#3020,.T.);
#3096 = ORIENTED_EDGE('',*,*,#3042,.T.);
#3097 = ORIENTED_EDGE('',*,*,#3064,.T.);
#3098 = ORIENTED_EDGE('',*,*,#3080,.T.);
#3099 = B_SPLINE_SURFACE_WITH_KNOTS('',1,1,(
    (#3100,#3101)
    ,(#3102,#3103
    )),.UNSPECIFIED.,.F.,.F.,.F.,(2,2),(2,2),(-13.47265530774,
    -13.29390359263),(-4.296127964677,-3.957166883958),
  .PIECEWISE_BEZIER_KNOTS.);
#3100 = CARTESIAN_POINT('',(13.472655307748,-4.296127964677,2.6200001));
#3101 = CARTESIAN_POINT('',(13.472655307748,-3.957166883958,2.6200001));
#3102 = CARTESIAN_POINT('',(13.293903592634,-4.296127964677,2.6200001));
#3103 = CARTESIAN_POINT('',(13.293903592634,-3.957166883958,2.6200001));
#3104 = ADVANCED_FACE('',(#3105),#3129,.F.);
#3105 = FACE_BOUND('',#3106,.F.);
#3106 = EDGE_LOOP('',(#3107,#3114,#3123,#3128));
#3107 = ORIENTED_EDGE('',*,*,#3108,.F.);
#3108 = EDGE_CURVE('',#3109,#1238,#3111,.T.);
#3109 = VERTEX_POINT('',#3110);
#3110 = CARTESIAN_POINT('',(13.646468172759,-4.301846633217,2.6200001));
#3111 = B_SPLINE_CURVE_WITH_KNOTS('',1,(#3112,#3113),.UNSPECIFIED.,.F.,
  .F.,(2,2),(-0.,1.E-02),.PIECEWISE_BEZIER_KNOTS.);
#3112 = CARTESIAN_POINT('',(13.646468172759,-4.301846633217,2.6200001));
#3113 = CARTESIAN_POINT('',(13.646468172759,-4.301846633217,2.6100001));
#3114 = ORIENTED_EDGE('',*,*,#3115,.T.);
#3115 = EDGE_CURVE('',#3109,#3116,#3118,.T.);
#3116 = VERTEX_POINT('',#3117);
#3117 = CARTESIAN_POINT('',(13.740306324707,-4.282091232807,2.6200001));
#3118 = B_SPLINE_CURVE_WITH_KNOTS('',3,(#3119,#3120,#3121,#3122),
  .UNSPECIFIED.,.F.,.F.,(4,4),(0.,1.),.PIECEWISE_BEZIER_KNOTS.);
#3119 = CARTESIAN_POINT('',(13.646468172759,-4.301846633217,2.6200001));
#3120 = CARTESIAN_POINT('',(13.684072750732,-4.301846633217,2.6200001));
#3121 = CARTESIAN_POINT('',(13.715352134715,-4.295261499748,2.6200001));
#3122 = CARTESIAN_POINT('',(13.740306324707,-4.282091232807,2.6200001));
#3123 = ORIENTED_EDGE('',*,*,#3124,.T.);
#3124 = EDGE_CURVE('',#3116,#1229,#3125,.T.);
#3125 = B_SPLINE_CURVE_WITH_KNOTS('',1,(#3126,#3127),.UNSPECIFIED.,.F.,
  .F.,(2,2),(-0.,1.E-02),.PIECEWISE_BEZIER_KNOTS.);
#3126 = CARTESIAN_POINT('',(13.740306324707,-4.282091232807,2.6200001));
#3127 = CARTESIAN_POINT('',(13.740306324707,-4.282091232807,2.6100001));
#3128 = ORIENTED_EDGE('',*,*,#1237,.F.);
#3129 = B_SPLINE_SURFACE_WITH_KNOTS('',3,1,(
    (#3130,#3131)
    ,(#3132,#3133)
    ,(#3134,#3135)
    ,(#3136,#3137
    )),.UNSPECIFIED.,.F.,.F.,.F.,(4,4),(2,2),(0.,1.),(0.,1.),
  .PIECEWISE_BEZIER_KNOTS.);
#3130 = CARTESIAN_POINT('',(13.646468172759,-4.301846633217,2.6200001));
#3131 = CARTESIAN_POINT('',(13.646468172759,-4.301846633217,2.6100001));
#3132 = CARTESIAN_POINT('',(13.684072750732,-4.301846633217,2.6200001));
#3133 = CARTESIAN_POINT('',(13.684072750732,-4.301846633217,2.6100001));
#3134 = CARTESIAN_POINT('',(13.715352134715,-4.295261499748,2.6200001));
#3135 = CARTESIAN_POINT('',(13.715352134715,-4.295261499748,2.6100001));
#3136 = CARTESIAN_POINT('',(13.740306324707,-4.282091232807,2.6200001));
#3137 = CARTESIAN_POINT('',(13.740306324707,-4.282091232807,2.6100001));
#3138 = ADVANCED_FACE('',(#3139),#3155,.F.);
#3139 = FACE_BOUND('',#3140,.T.);
#3140 = EDGE_LOOP('',(#3141,#3142,#3149,#3154));
#3141 = ORIENTED_EDGE('',*,*,#1228,.T.);
#3142 = ORIENTED_EDGE('',*,*,#3143,.F.);
#3143 = EDGE_CURVE('',#3144,#1231,#3146,.T.);
#3144 = VERTEX_POINT('',#3145);
#3145 = CARTESIAN_POINT('',(13.740306324707,-4.240154330181,2.6200001));
#3146 = B_SPLINE_CURVE_WITH_KNOTS('',1,(#3147,#3148),.UNSPECIFIED.,.F.,
  .F.,(2,2),(-0.,1.E-02),.PIECEWISE_BEZIER_KNOTS.);
#3147 = CARTESIAN_POINT('',(13.740306324707,-4.240154330181,2.6200001));
#3148 = CARTESIAN_POINT('',(13.740306324707,-4.240154330181,2.6100001));
#3149 = ORIENTED_EDGE('',*,*,#3150,.F.);
#3150 = EDGE_CURVE('',#3116,#3144,#3151,.T.);
#3151 = B_SPLINE_CURVE_WITH_KNOTS('',1,(#3152,#3153),.UNSPECIFIED.,.F.,
  .F.,(2,2),(-4.193690262551E-02,0.),.PIECEWISE_BEZIER_KNOTS.);
#3152 = CARTESIAN_POINT('',(13.740306324707,-4.282091232807,2.6200001));
#3153 = CARTESIAN_POINT('',(13.740306324707,-4.240154330181,2.6200001));
#3154 = ORIENTED_EDGE('',*,*,#3124,.T.);
#3155 = B_SPLINE_SURFACE_WITH_KNOTS('',1,1,(
    (#3156,#3157)
    ,(#3158,#3159)),.UNSPECIFIED.,.F.,.F.,.F.,(2,2),(2,2),(-1.E-02,0.),(
    -4.193690262551E-02,0.),.PIECEWISE_BEZIER_KNOTS.);
#3156 = CARTESIAN_POINT('',(13.740306324707,-4.282091232807,2.6100001));
#3157 = CARTESIAN_POINT('',(13.740306324707,-4.240154330181,2.6100001));
#3158 = CARTESIAN_POINT('',(13.740306324707,-4.282091232807,2.6200001));
#3159 = CARTESIAN_POINT('',(13.740306324707,-4.240154330181,2.6200001));
#3160 = ADVANCED_FACE('',(#3161),#3179,.F.);
#3161 = FACE_BOUND('',#3162,.F.);
#3162 = EDGE_LOOP('',(#3163,#3164,#3173,#3178));
#3163 = ORIENTED_EDGE('',*,*,#3143,.F.);
#3164 = ORIENTED_EDGE('',*,*,#3165,.T.);
#3165 = EDGE_CURVE('',#3144,#3166,#3168,.T.);
#3166 = VERTEX_POINT('',#3167);
#3167 = CARTESIAN_POINT('',(13.65279336675,-4.262855711356,2.6200001));
#3168 = B_SPLINE_CURVE_WITH_KNOTS('',3,(#3169,#3170,#3171,#3172),
  .UNSPECIFIED.,.F.,.F.,(4,4),(12.,13.),.PIECEWISE_BEZIER_KNOTS.);
#3169 = CARTESIAN_POINT('',(13.740306324707,-4.240154330181,2.6200001));
#3170 = CARTESIAN_POINT('',(13.715525427701,-4.255230819969,2.6200001));
#3171 = CARTESIAN_POINT('',(13.686325559551,-4.262855711356,2.6200001));
#3172 = CARTESIAN_POINT('',(13.65279336675,-4.262855711356,2.6200001));
#3173 = ORIENTED_EDGE('',*,*,#3174,.T.);
#3174 = EDGE_CURVE('',#3166,#1335,#3175,.T.);
#3175 = B_SPLINE_CURVE_WITH_KNOTS('',1,(#3176,#3177),.UNSPECIFIED.,.F.,
  .F.,(2,2),(-0.,1.E-02),.PIECEWISE_BEZIER_KNOTS.);
#3176 = CARTESIAN_POINT('',(13.65279336675,-4.262855711356,2.6200001));
#3177 = CARTESIAN_POINT('',(13.65279336675,-4.262855711356,2.6100001));
#3178 = ORIENTED_EDGE('',*,*,#1343,.F.);
#3179 = B_SPLINE_SURFACE_WITH_KNOTS('',3,1,(
    (#3180,#3181)
    ,(#3182,#3183)
    ,(#3184,#3185)
    ,(#3186,#3187
    )),.UNSPECIFIED.,.F.,.F.,.F.,(4,4),(2,2),(12.,13.),(0.,1.),
  .PIECEWISE_BEZIER_KNOTS.);
#3180 = CARTESIAN_POINT('',(13.740306324707,-4.240154330181,2.6200001));
#3181 = CARTESIAN_POINT('',(13.740306324707,-4.240154330181,2.6100001));
#3182 = CARTESIAN_POINT('',(13.715525427701,-4.255230819969,2.6200001));
#3183 = CARTESIAN_POINT('',(13.715525427701,-4.255230819969,2.6100001));
#3184 = CARTESIAN_POINT('',(13.686325559551,-4.262855711356,2.6200001));
#3185 = CARTESIAN_POINT('',(13.686325559551,-4.262855711356,2.6100001));
#3186 = CARTESIAN_POINT('',(13.65279336675,-4.262855711356,2.6200001));
#3187 = CARTESIAN_POINT('',(13.65279336675,-4.262855711356,2.6100001));
#3188 = ADVANCED_FACE('',(#3189),#3207,.F.);
#3189 = FACE_BOUND('',#3190,.F.);
#3190 = EDGE_LOOP('',(#3191,#3192,#3201,#3206));
#3191 = ORIENTED_EDGE('',*,*,#3174,.F.);
#3192 = ORIENTED_EDGE('',*,*,#3193,.T.);
#3193 = EDGE_CURVE('',#3166,#3194,#3196,.T.);
#3194 = VERTEX_POINT('',#3195);
#3195 = CARTESIAN_POINT('',(13.565713641258,-4.227157356228,2.6200001));
#3196 = B_SPLINE_CURVE_WITH_KNOTS('',3,(#3197,#3198,#3199,#3200),
  .UNSPECIFIED.,.F.,.F.,(4,4),(11.,12.),.PIECEWISE_BEZIER_KNOTS.);
#3197 = CARTESIAN_POINT('',(13.65279336675,-4.262855711356,2.6200001));
#3198 = CARTESIAN_POINT('',(13.616921718637,-4.262855711356,2.6200001));
#3199 = CARTESIAN_POINT('',(13.587895143473,-4.250898495318,2.6200001));
#3200 = CARTESIAN_POINT('',(13.565713641258,-4.227157356228,2.6200001));
#3201 = ORIENTED_EDGE('',*,*,#3202,.T.);
#3202 = EDGE_CURVE('',#3194,#1326,#3203,.T.);
#3203 = B_SPLINE_CURVE_WITH_KNOTS('',1,(#3204,#3205),.UNSPECIFIED.,.F.,
  .F.,(2,2),(-0.,1.E-02),.PIECEWISE_BEZIER_KNOTS.);
#3204 = CARTESIAN_POINT('',(13.565713641258,-4.227157356228,2.6200001));
#3205 = CARTESIAN_POINT('',(13.565713641258,-4.227157356228,2.6100001));
#3206 = ORIENTED_EDGE('',*,*,#1334,.F.);
#3207 = B_SPLINE_SURFACE_WITH_KNOTS('',3,1,(
    (#3208,#3209)
    ,(#3210,#3211)
    ,(#3212,#3213)
    ,(#3214,#3215
    )),.UNSPECIFIED.,.F.,.F.,.F.,(4,4),(2,2),(11.,12.),(0.,1.),
  .PIECEWISE_BEZIER_KNOTS.);
#3208 = CARTESIAN_POINT('',(13.65279336675,-4.262855711356,2.6200001));
#3209 = CARTESIAN_POINT('',(13.65279336675,-4.262855711356,2.6100001));
#3210 = CARTESIAN_POINT('',(13.616921718637,-4.262855711356,2.6200001));
#3211 = CARTESIAN_POINT('',(13.616921718637,-4.262855711356,2.6100001));
#3212 = CARTESIAN_POINT('',(13.587895143473,-4.250898495318,2.6200001));
#3213 = CARTESIAN_POINT('',(13.587895143473,-4.250898495318,2.6100001));
#3214 = CARTESIAN_POINT('',(13.565713641258,-4.227157356228,2.6200001));
#3215 = CARTESIAN_POINT('',(13.565713641258,-4.227157356228,2.6100001));
#3216 = ADVANCED_FACE('',(#3217),#3235,.F.);
#3217 = FACE_BOUND('',#3218,.F.);
#3218 = EDGE_LOOP('',(#3219,#3220,#3229,#3234));
#3219 = ORIENTED_EDGE('',*,*,#3202,.F.);
#3220 = ORIENTED_EDGE('',*,*,#3221,.T.);
#3221 = EDGE_CURVE('',#3194,#3222,#3224,.T.);
#3222 = VERTEX_POINT('',#3223);
#3223 = CARTESIAN_POINT('',(13.532441387937,-4.13045987001,2.6200001));
#3224 = B_SPLINE_CURVE_WITH_KNOTS('',3,(#3225,#3226,#3227,#3228),
  .UNSPECIFIED.,.F.,.F.,(4,4),(10.,11.),.PIECEWISE_BEZIER_KNOTS.);
#3225 = CARTESIAN_POINT('',(13.565713641258,-4.227157356228,2.6200001));
#3226 = CARTESIAN_POINT('',(13.543532139043,-4.203242924152,2.6200001));
#3227 = CARTESIAN_POINT('',(13.532441387937,-4.171010428746,2.6200001));
#3228 = CARTESIAN_POINT('',(13.532441387937,-4.13045987001,2.6200001));
#3229 = ORIENTED_EDGE('',*,*,#3230,.T.);
#3230 = EDGE_CURVE('',#3222,#1317,#3231,.T.);
#3231 = B_SPLINE_CURVE_WITH_KNOTS('',1,(#3232,#3233),.UNSPECIFIED.,.F.,
  .F.,(2,2),(-0.,1.E-02),.PIECEWISE_BEZIER_KNOTS.);
#3232 = CARTESIAN_POINT('',(13.532441387937,-4.13045987001,2.6200001));
#3233 = CARTESIAN_POINT('',(13.532441387937,-4.13045987001,2.6100001));
#3234 = ORIENTED_EDGE('',*,*,#1325,.F.);
#3235 = B_SPLINE_SURFACE_WITH_KNOTS('',3,1,(
    (#3236,#3237)
    ,(#3238,#3239)
    ,(#3240,#3241)
    ,(#3242,#3243
    )),.UNSPECIFIED.,.F.,.F.,.F.,(4,4),(2,2),(10.,11.),(0.,1.),
  .PIECEWISE_BEZIER_KNOTS.);
#3236 = CARTESIAN_POINT('',(13.565713641258,-4.227157356228,2.6200001));
#3237 = CARTESIAN_POINT('',(13.565713641258,-4.227157356228,2.6100001));
#3238 = CARTESIAN_POINT('',(13.543532139043,-4.203242924152,2.6200001));
#3239 = CARTESIAN_POINT('',(13.543532139043,-4.203242924152,2.6100001));
#3240 = CARTESIAN_POINT('',(13.532441387937,-4.171010428746,2.6200001));
#3241 = CARTESIAN_POINT('',(13.532441387937,-4.171010428746,2.6100001));
#3242 = CARTESIAN_POINT('',(13.532441387937,-4.13045987001,2.6200001));
#3243 = CARTESIAN_POINT('',(13.532441387937,-4.13045987001,2.6100001));
#3244 = ADVANCED_FACE('',(#3245),#3263,.F.);
#3245 = FACE_BOUND('',#3246,.F.);
#3246 = EDGE_LOOP('',(#3247,#3248,#3257,#3262));
#3247 = ORIENTED_EDGE('',*,*,#3230,.F.);
#3248 = ORIENTED_EDGE('',*,*,#3249,.T.);
#3249 = EDGE_CURVE('',#3222,#3250,#3252,.T.);
#3250 = VERTEX_POINT('',#3251);
#3251 = CARTESIAN_POINT('',(13.56805309657,-4.028563594212,2.6200001));
#3252 = B_SPLINE_CURVE_WITH_KNOTS('',3,(#3253,#3254,#3255,#3256),
  .UNSPECIFIED.,.F.,.F.,(4,4),(9.,10.),.PIECEWISE_BEZIER_KNOTS.);
#3253 = CARTESIAN_POINT('',(13.532441387937,-4.13045987001,2.6200001));
#3254 = CARTESIAN_POINT('',(13.532441387937,-4.087829795441,2.6200001));
#3255 = CARTESIAN_POINT('',(13.54431195748,-4.053864370176,2.6200001));
#3256 = CARTESIAN_POINT('',(13.56805309657,-4.028563594212,2.6200001));
#3257 = ORIENTED_EDGE('',*,*,#3258,.T.);
#3258 = EDGE_CURVE('',#3250,#1308,#3259,.T.);
#3259 = B_SPLINE_CURVE_WITH_KNOTS('',1,(#3260,#3261),.UNSPECIFIED.,.F.,
  .F.,(2,2),(-0.,1.E-02),.PIECEWISE_BEZIER_KNOTS.);
#3260 = CARTESIAN_POINT('',(13.56805309657,-4.028563594212,2.6200001));
#3261 = CARTESIAN_POINT('',(13.56805309657,-4.028563594212,2.6100001));
#3262 = ORIENTED_EDGE('',*,*,#1316,.F.);
#3263 = B_SPLINE_SURFACE_WITH_KNOTS('',3,1,(
    (#3264,#3265)
    ,(#3266,#3267)
    ,(#3268,#3269)
    ,(#3270,#3271
    )),.UNSPECIFIED.,.F.,.F.,.F.,(4,4),(2,2),(9.,10.),(0.,1.),
  .PIECEWISE_BEZIER_KNOTS.);
#3264 = CARTESIAN_POINT('',(13.532441387937,-4.13045987001,2.6200001));
#3265 = CARTESIAN_POINT('',(13.532441387937,-4.13045987001,2.6100001));
#3266 = CARTESIAN_POINT('',(13.532441387937,-4.087829795441,2.6200001));
#3267 = CARTESIAN_POINT('',(13.532441387937,-4.087829795441,2.6100001));
#3268 = CARTESIAN_POINT('',(13.54431195748,-4.053864370176,2.6200001));
#3269 = CARTESIAN_POINT('',(13.54431195748,-4.053864370176,2.6100001));
#3270 = CARTESIAN_POINT('',(13.56805309657,-4.028563594212,2.6200001));
#3271 = CARTESIAN_POINT('',(13.56805309657,-4.028563594212,2.6100001));
#3272 = ADVANCED_FACE('',(#3273),#3291,.F.);
#3273 = FACE_BOUND('',#3274,.F.);
#3274 = EDGE_LOOP('',(#3275,#3276,#3285,#3290));
#3275 = ORIENTED_EDGE('',*,*,#3258,.F.);
#3276 = ORIENTED_EDGE('',*,*,#3277,.T.);
#3277 = EDGE_CURVE('',#3250,#3278,#3280,.T.);
#3278 = VERTEX_POINT('',#3279);
#3279 = CARTESIAN_POINT('',(13.660418258136,-3.990959016239,2.6200001));
#3280 = B_SPLINE_CURVE_WITH_KNOTS('',3,(#3281,#3282,#3283,#3284),
  .UNSPECIFIED.,.F.,.F.,(4,4),(8.,9.),.PIECEWISE_BEZIER_KNOTS.);
#3281 = CARTESIAN_POINT('',(13.56805309657,-4.028563594212,2.6200001));
#3282 = CARTESIAN_POINT('',(13.591880882152,-4.003436111235,2.6200001));
#3283 = CARTESIAN_POINT('',(13.622640387177,-3.990959016239,2.6200001));
#3284 = CARTESIAN_POINT('',(13.660418258136,-3.990959016239,2.6200001));
#3285 = ORIENTED_EDGE('',*,*,#3286,.T.);
#3286 = EDGE_CURVE('',#3278,#1299,#3287,.T.);
#3287 = B_SPLINE_CURVE_WITH_KNOTS('',1,(#3288,#3289),.UNSPECIFIED.,.F.,
  .F.,(2,2),(-0.,1.E-02),.PIECEWISE_BEZIER_KNOTS.);
#3288 = CARTESIAN_POINT('',(13.660418258136,-3.990959016239,2.6200001));
#3289 = CARTESIAN_POINT('',(13.660418258136,-3.990959016239,2.6100001));
#3290 = ORIENTED_EDGE('',*,*,#1307,.F.);
#3291 = B_SPLINE_SURFACE_WITH_KNOTS('',3,1,(
    (#3292,#3293)
    ,(#3294,#3295)
    ,(#3296,#3297)
    ,(#3298,#3299
    )),.UNSPECIFIED.,.F.,.F.,.F.,(4,4),(2,2),(8.,9.),(0.,1.),
  .PIECEWISE_BEZIER_KNOTS.);
#3292 = CARTESIAN_POINT('',(13.56805309657,-4.028563594212,2.6200001));
#3293 = CARTESIAN_POINT('',(13.56805309657,-4.028563594212,2.6100001));
#3294 = CARTESIAN_POINT('',(13.591880882152,-4.003436111235,2.6200001));
#3295 = CARTESIAN_POINT('',(13.591880882152,-4.003436111235,2.6100001));
#3296 = CARTESIAN_POINT('',(13.622640387177,-3.990959016239,2.6200001));
#3297 = CARTESIAN_POINT('',(13.622640387177,-3.990959016239,2.6100001));
#3298 = CARTESIAN_POINT('',(13.660418258136,-3.990959016239,2.6200001));
#3299 = CARTESIAN_POINT('',(13.660418258136,-3.990959016239,2.6100001));
#3300 = ADVANCED_FACE('',(#3301),#3319,.F.);
#3301 = FACE_BOUND('',#3302,.F.);
#3302 = EDGE_LOOP('',(#3303,#3304,#3313,#3318));
#3303 = ORIENTED_EDGE('',*,*,#3286,.F.);
#3304 = ORIENTED_EDGE('',*,*,#3305,.T.);
#3305 = EDGE_CURVE('',#3278,#3306,#3308,.T.);
#3306 = VERTEX_POINT('',#3307);
#3307 = CARTESIAN_POINT('',(13.740306324707,-4.011061002619,2.6200001));
#3308 = B_SPLINE_CURVE_WITH_KNOTS('',3,(#3309,#3310,#3311,#3312),
  .UNSPECIFIED.,.F.,.F.,(4,4),(7.,8.),.PIECEWISE_BEZIER_KNOTS.);
#3309 = CARTESIAN_POINT('',(13.660418258136,-3.990959016239,2.6200001));
#3310 = CARTESIAN_POINT('',(13.6894448333,-3.990959016239,2.6200001));
#3311 = CARTESIAN_POINT('',(13.71604530666,-3.997544149709,2.6200001));
#3312 = CARTESIAN_POINT('',(13.740306324707,-4.011061002619,2.6200001));
#3313 = ORIENTED_EDGE('',*,*,#3314,.T.);
#3314 = EDGE_CURVE('',#3306,#1292,#3315,.T.);
#3315 = B_SPLINE_CURVE_WITH_KNOTS('',1,(#3316,#3317),.UNSPECIFIED.,.F.,
  .F.,(2,2),(-0.,1.E-02),.PIECEWISE_BEZIER_KNOTS.);
#3316 = CARTESIAN_POINT('',(13.740306324707,-4.011061002619,2.6200001));
#3317 = CARTESIAN_POINT('',(13.740306324707,-4.011061002619,2.6100001));
#3318 = ORIENTED_EDGE('',*,*,#1298,.F.);
#3319 = B_SPLINE_SURFACE_WITH_KNOTS('',3,1,(
    (#3320,#3321)
    ,(#3322,#3323)
    ,(#3324,#3325)
    ,(#3326,#3327
    )),.UNSPECIFIED.,.F.,.F.,.F.,(4,4),(2,2),(7.,8.),(0.,1.),
  .PIECEWISE_BEZIER_KNOTS.);
#3320 = CARTESIAN_POINT('',(13.660418258136,-3.990959016239,2.6200001));
#3321 = CARTESIAN_POINT('',(13.660418258136,-3.990959016239,2.6100001));
#3322 = CARTESIAN_POINT('',(13.6894448333,-3.990959016239,2.6200001));
#3323 = CARTESIAN_POINT('',(13.6894448333,-3.990959016239,2.6100001));
#3324 = CARTESIAN_POINT('',(13.71604530666,-3.997544149709,2.6200001));
#3325 = CARTESIAN_POINT('',(13.71604530666,-3.997544149709,2.6100001));
#3326 = CARTESIAN_POINT('',(13.740306324707,-4.011061002619,2.6200001));
#3327 = CARTESIAN_POINT('',(13.740306324707,-4.011061002619,2.6100001));
#3328 = ADVANCED_FACE('',(#3329),#3345,.F.);
#3329 = FACE_BOUND('',#3330,.T.);
#3330 = EDGE_LOOP('',(#3331,#3332,#3339,#3344));
#3331 = ORIENTED_EDGE('',*,*,#1291,.T.);
#3332 = ORIENTED_EDGE('',*,*,#3333,.F.);
#3333 = EDGE_CURVE('',#3334,#1283,#3336,.T.);
#3334 = VERTEX_POINT('',#3335);
#3335 = CARTESIAN_POINT('',(13.740306324707,-3.965311654303,2.6200001));
#3336 = B_SPLINE_CURVE_WITH_KNOTS('',1,(#3337,#3338),.UNSPECIFIED.,.F.,
  .F.,(2,2),(-0.,1.E-02),.PIECEWISE_BEZIER_KNOTS.);
#3337 = CARTESIAN_POINT('',(13.740306324707,-3.965311654303,2.6200001));
#3338 = CARTESIAN_POINT('',(13.740306324707,-3.965311654303,2.6100001));
#3339 = ORIENTED_EDGE('',*,*,#3340,.F.);
#3340 = EDGE_CURVE('',#3306,#3334,#3341,.T.);
#3341 = B_SPLINE_CURVE_WITH_KNOTS('',1,(#3342,#3343),.UNSPECIFIED.,.F.,
  .F.,(2,2),(-4.574934831664E-02,0.),.PIECEWISE_BEZIER_KNOTS.);
#3342 = CARTESIAN_POINT('',(13.740306324707,-4.011061002619,2.6200001));
#3343 = CARTESIAN_POINT('',(13.740306324707,-3.965311654303,2.6200001));
#3344 = ORIENTED_EDGE('',*,*,#3314,.T.);
#3345 = B_SPLINE_SURFACE_WITH_KNOTS('',1,1,(
    (#3346,#3347)
    ,(#3348,#3349)),.UNSPECIFIED.,.F.,.F.,.F.,(2,2),(2,2),(-1.E-02,0.),(
    -4.574934831664E-02,0.),.PIECEWISE_BEZIER_KNOTS.);
#3346 = CARTESIAN_POINT('',(13.740306324707,-4.011061002619,2.6100001));
#3347 = CARTESIAN_POINT('',(13.740306324707,-3.965311654303,2.6100001));
#3348 = CARTESIAN_POINT('',(13.740306324707,-4.011061002619,2.6200001));
#3349 = CARTESIAN_POINT('',(13.740306324707,-3.965311654303,2.6200001));
#3350 = ADVANCED_FACE('',(#3351),#3369,.F.);
#3351 = FACE_BOUND('',#3352,.F.);
#3352 = EDGE_LOOP('',(#3353,#3354,#3363,#3368));
#3353 = ORIENTED_EDGE('',*,*,#3333,.F.);
#3354 = ORIENTED_EDGE('',*,*,#3355,.T.);
#3355 = EDGE_CURVE('',#3334,#3356,#3358,.T.);
#3356 = VERTEX_POINT('',#3357);
#3357 = CARTESIAN_POINT('',(13.659985025671,-3.951448215418,2.6200001));
#3358 = B_SPLINE_CURVE_WITH_KNOTS('',3,(#3359,#3360,#3361,#3362),
  .UNSPECIFIED.,.F.,.F.,(4,4),(5.,6.),.PIECEWISE_BEZIER_KNOTS.);
#3359 = CARTESIAN_POINT('',(13.740306324707,-3.965311654303,2.6200001));
#3360 = CARTESIAN_POINT('',(13.719164580408,-3.956127126041,2.6200001));
#3361 = CARTESIAN_POINT('',(13.692390814063,-3.951448215418,2.6200001));
#3362 = CARTESIAN_POINT('',(13.659985025671,-3.951448215418,2.6200001));
#3363 = ORIENTED_EDGE('',*,*,#3364,.T.);
#3364 = EDGE_CURVE('',#3356,#1274,#3365,.T.);
#3365 = B_SPLINE_CURVE_WITH_KNOTS('',1,(#3366,#3367),.UNSPECIFIED.,.F.,
  .F.,(2,2),(-0.,1.E-02),.PIECEWISE_BEZIER_KNOTS.);
#3366 = CARTESIAN_POINT('',(13.659985025671,-3.951448215418,2.6200001));
#3367 = CARTESIAN_POINT('',(13.659985025671,-3.951448215418,2.6100001));
#3368 = ORIENTED_EDGE('',*,*,#1282,.F.);
#3369 = B_SPLINE_SURFACE_WITH_KNOTS('',3,1,(
    (#3370,#3371)
    ,(#3372,#3373)
    ,(#3374,#3375)
    ,(#3376,#3377
    )),.UNSPECIFIED.,.F.,.F.,.F.,(4,4),(2,2),(5.,6.),(0.,1.),
  .PIECEWISE_BEZIER_KNOTS.);
#3370 = CARTESIAN_POINT('',(13.740306324707,-3.965311654303,2.6200001));
#3371 = CARTESIAN_POINT('',(13.740306324707,-3.965311654303,2.6100001));
#3372 = CARTESIAN_POINT('',(13.719164580408,-3.956127126041,2.6200001));
#3373 = CARTESIAN_POINT('',(13.719164580408,-3.956127126041,2.6100001));
#3374 = CARTESIAN_POINT('',(13.692390814063,-3.951448215418,2.6200001));
#3375 = CARTESIAN_POINT('',(13.692390814063,-3.951448215418,2.6100001));
#3376 = CARTESIAN_POINT('',(13.659985025671,-3.951448215418,2.6200001));
#3377 = CARTESIAN_POINT('',(13.659985025671,-3.951448215418,2.6100001));
#3378 = ADVANCED_FACE('',(#3379),#3397,.F.);
#3379 = FACE_BOUND('',#3380,.F.);
#3380 = EDGE_LOOP('',(#3381,#3382,#3391,#3396));
#3381 = ORIENTED_EDGE('',*,*,#3364,.F.);
#3382 = ORIENTED_EDGE('',*,*,#3383,.T.);
#3383 = EDGE_CURVE('',#3356,#3384,#3386,.T.);
#3384 = VERTEX_POINT('',#3385);
#3385 = CARTESIAN_POINT('',(13.535474015191,-4.001356595402,2.6200001));
#3386 = B_SPLINE_CURVE_WITH_KNOTS('',3,(#3387,#3388,#3389,#3390),
  .UNSPECIFIED.,.F.,.F.,(4,4),(4.,5.),.PIECEWISE_BEZIER_KNOTS.);
#3387 = CARTESIAN_POINT('',(13.659985025671,-3.951448215418,2.6200001));
#3388 = CARTESIAN_POINT('',(13.609643413223,-3.951448215418,2.6200001));
#3389 = CARTESIAN_POINT('',(13.568139743063,-3.968084342079,2.6200001));
#3390 = CARTESIAN_POINT('',(13.535474015191,-4.001356595402,2.6200001));
#3391 = ORIENTED_EDGE('',*,*,#3392,.T.);
#3392 = EDGE_CURVE('',#3384,#1265,#3393,.T.);
#3393 = B_SPLINE_CURVE_WITH_KNOTS('',1,(#3394,#3395),.UNSPECIFIED.,.F.,
  .F.,(2,2),(-0.,1.E-02),.PIECEWISE_BEZIER_KNOTS.);
#3394 = CARTESIAN_POINT('',(13.535474015191,-4.001356595402,2.6200001));
#3395 = CARTESIAN_POINT('',(13.535474015191,-4.001356595402,2.6100001));
#3396 = ORIENTED_EDGE('',*,*,#1273,.F.);
#3397 = B_SPLINE_SURFACE_WITH_KNOTS('',3,1,(
    (#3398,#3399)
    ,(#3400,#3401)
    ,(#3402,#3403)
    ,(#3404,#3405
    )),.UNSPECIFIED.,.F.,.F.,.F.,(4,4),(2,2),(4.,5.),(0.,1.),
  .PIECEWISE_BEZIER_KNOTS.);
#3398 = CARTESIAN_POINT('',(13.659985025671,-3.951448215418,2.6200001));
#3399 = CARTESIAN_POINT('',(13.659985025671,-3.951448215418,2.6100001));
#3400 = CARTESIAN_POINT('',(13.609643413223,-3.951448215418,2.6200001));
#3401 = CARTESIAN_POINT('',(13.609643413223,-3.951448215418,2.6100001));
#3402 = CARTESIAN_POINT('',(13.568139743063,-3.968084342079,2.6200001));
#3403 = CARTESIAN_POINT('',(13.568139743063,-3.968084342079,2.6100001));
#3404 = CARTESIAN_POINT('',(13.535474015191,-4.001356595402,2.6200001));
#3405 = CARTESIAN_POINT('',(13.535474015191,-4.001356595402,2.6100001));
#3406 = ADVANCED_FACE('',(#3407),#3425,.F.);
#3407 = FACE_BOUND('',#3408,.F.);
#3408 = EDGE_LOOP('',(#3409,#3410,#3419,#3424));
#3409 = ORIENTED_EDGE('',*,*,#3392,.F.);
#3410 = ORIENTED_EDGE('',*,*,#3411,.T.);
#3411 = EDGE_CURVE('',#3384,#3412,#3414,.T.);
#3412 = VERTEX_POINT('',#3413);
#3413 = CARTESIAN_POINT('',(13.486518746632,-4.133059264802,2.6200001));
#3414 = B_SPLINE_CURVE_WITH_KNOTS('',3,(#3415,#3416,#3417,#3418),
  .UNSPECIFIED.,.F.,.F.,(4,4),(3.,4.),.PIECEWISE_BEZIER_KNOTS.);
#3415 = CARTESIAN_POINT('',(13.535474015191,-4.001356595402,2.6200001));
#3416 = CARTESIAN_POINT('',(13.502808287321,-4.034628848723,2.6200001));
#3417 = CARTESIAN_POINT('',(13.486518746632,-4.078471974196,2.6200001));
#3418 = CARTESIAN_POINT('',(13.486518746632,-4.133059264802,2.6200001));
#3419 = ORIENTED_EDGE('',*,*,#3420,.T.);
#3420 = EDGE_CURVE('',#3412,#1256,#3421,.T.);
#3421 = B_SPLINE_CURVE_WITH_KNOTS('',1,(#3422,#3423),.UNSPECIFIED.,.F.,
  .F.,(2,2),(-0.,1.E-02),.PIECEWISE_BEZIER_KNOTS.);
#3422 = CARTESIAN_POINT('',(13.486518746632,-4.133059264802,2.6200001));
#3423 = CARTESIAN_POINT('',(13.486518746632,-4.133059264802,2.6100001));
#3424 = ORIENTED_EDGE('',*,*,#1264,.F.);
#3425 = B_SPLINE_SURFACE_WITH_KNOTS('',3,1,(
    (#3426,#3427)
    ,(#3428,#3429)
    ,(#3430,#3431)
    ,(#3432,#3433
    )),.UNSPECIFIED.,.F.,.F.,.F.,(4,4),(2,2),(3.,4.),(0.,1.),
  .PIECEWISE_BEZIER_KNOTS.);
#3426 = CARTESIAN_POINT('',(13.535474015191,-4.001356595402,2.6200001));
#3427 = CARTESIAN_POINT('',(13.535474015191,-4.001356595402,2.6100001));
#3428 = CARTESIAN_POINT('',(13.502808287321,-4.034628848723,2.6200001));
#3429 = CARTESIAN_POINT('',(13.502808287321,-4.034628848723,2.6100001));
#3430 = CARTESIAN_POINT('',(13.486518746632,-4.078471974196,2.6200001));
#3431 = CARTESIAN_POINT('',(13.486518746632,-4.078471974196,2.6100001));
#3432 = CARTESIAN_POINT('',(13.486518746632,-4.133059264802,2.6200001));
#3433 = CARTESIAN_POINT('',(13.486518746632,-4.133059264802,2.6100001));
#3434 = ADVANCED_FACE('',(#3435),#3453,.F.);
#3435 = FACE_BOUND('',#3436,.F.);
#3436 = EDGE_LOOP('',(#3437,#3438,#3447,#3452));
#3437 = ORIENTED_EDGE('',*,*,#3420,.F.);
#3438 = ORIENTED_EDGE('',*,*,#3439,.T.);
#3439 = EDGE_CURVE('',#3412,#3440,#3442,.T.);
#3440 = VERTEX_POINT('',#3441);
#3441 = CARTESIAN_POINT('',(13.530015286131,-4.255577405941,2.6200001));
#3442 = B_SPLINE_CURVE_WITH_KNOTS('',3,(#3443,#3444,#3445,#3446),
  .UNSPECIFIED.,.F.,.F.,(4,4),(2.,3.),.PIECEWISE_BEZIER_KNOTS.);
#3443 = CARTESIAN_POINT('',(13.486518746632,-4.133059264802,2.6200001));
#3444 = CARTESIAN_POINT('',(13.486518746632,-4.183834109716,2.6200001));
#3445 = CARTESIAN_POINT('',(13.500988710967,-4.224731254424,2.6200001));
#3446 = CARTESIAN_POINT('',(13.530015286131,-4.255577405941,2.6200001));
#3447 = ORIENTED_EDGE('',*,*,#3448,.T.);
#3448 = EDGE_CURVE('',#3440,#1247,#3449,.T.);
#3449 = B_SPLINE_CURVE_WITH_KNOTS('',1,(#3450,#3451),.UNSPECIFIED.,.F.,
  .F.,(2,2),(-0.,1.E-02),.PIECEWISE_BEZIER_KNOTS.);
#3450 = CARTESIAN_POINT('',(13.530015286131,-4.255577405941,2.6200001));
#3451 = CARTESIAN_POINT('',(13.530015286131,-4.255577405941,2.6100001));
#3452 = ORIENTED_EDGE('',*,*,#1255,.F.);
#3453 = B_SPLINE_SURFACE_WITH_KNOTS('',3,1,(
    (#3454,#3455)
    ,(#3456,#3457)
    ,(#3458,#3459)
    ,(#3460,#3461
    )),.UNSPECIFIED.,.F.,.F.,.F.,(4,4),(2,2),(2.,3.),(0.,1.),
  .PIECEWISE_BEZIER_KNOTS.);
#3454 = CARTESIAN_POINT('',(13.486518746632,-4.133059264802,2.6200001));
#3455 = CARTESIAN_POINT('',(13.486518746632,-4.133059264802,2.6100001));
#3456 = CARTESIAN_POINT('',(13.486518746632,-4.183834109716,2.6200001));
#3457 = CARTESIAN_POINT('',(13.486518746632,-4.183834109716,2.6100001));
#3458 = CARTESIAN_POINT('',(13.500988710967,-4.224731254424,2.6200001));
#3459 = CARTESIAN_POINT('',(13.500988710967,-4.224731254424,2.6100001));
#3460 = CARTESIAN_POINT('',(13.530015286131,-4.255577405941,2.6200001));
#3461 = CARTESIAN_POINT('',(13.530015286131,-4.255577405941,2.6100001));
#3462 = ADVANCED_FACE('',(#3463),#3475,.F.);
#3463 = FACE_BOUND('',#3464,.F.);
#3464 = EDGE_LOOP('',(#3465,#3466,#3473,#3474));
#3465 = ORIENTED_EDGE('',*,*,#3448,.F.);
#3466 = ORIENTED_EDGE('',*,*,#3467,.T.);
#3467 = EDGE_CURVE('',#3440,#3109,#3468,.T.);
#3468 = B_SPLINE_CURVE_WITH_KNOTS('',3,(#3469,#3470,#3471,#3472),
  .UNSPECIFIED.,.F.,.F.,(4,4),(1.,2.),.PIECEWISE_BEZIER_KNOTS.);
#3469 = CARTESIAN_POINT('',(13.530015286131,-4.255577405941,2.6200001));
#3470 = CARTESIAN_POINT('',(13.559041861296,-4.286423557458,2.6200001));
#3471 = CARTESIAN_POINT('',(13.597859490171,-4.301846633217,2.6200001));
#3472 = CARTESIAN_POINT('',(13.646468172759,-4.301846633217,2.6200001));
#3473 = ORIENTED_EDGE('',*,*,#3108,.T.);
#3474 = ORIENTED_EDGE('',*,*,#1246,.F.);
#3475 = B_SPLINE_SURFACE_WITH_KNOTS('',3,1,(
    (#3476,#3477)
    ,(#3478,#3479)
    ,(#3480,#3481)
    ,(#3482,#3483
    )),.UNSPECIFIED.,.F.,.F.,.F.,(4,4),(2,2),(1.,2.),(0.,1.),
  .PIECEWISE_BEZIER_KNOTS.);
#3476 = CARTESIAN_POINT('',(13.530015286131,-4.255577405941,2.6200001));
#3477 = CARTESIAN_POINT('',(13.530015286131,-4.255577405941,2.6100001));
#3478 = CARTESIAN_POINT('',(13.559041861296,-4.286423557458,2.6200001));
#3479 = CARTESIAN_POINT('',(13.559041861296,-4.286423557458,2.6100001));
#3480 = CARTESIAN_POINT('',(13.597859490171,-4.301846633217,2.6200001));
#3481 = CARTESIAN_POINT('',(13.597859490171,-4.301846633217,2.6100001));
#3482 = CARTESIAN_POINT('',(13.646468172759,-4.301846633217,2.6200001));
#3483 = CARTESIAN_POINT('',(13.646468172759,-4.301846633217,2.6100001));
#3484 = ADVANCED_FACE('',(#3485),#3501,.T.);
#3485 = FACE_BOUND('',#3486,.T.);
#3486 = EDGE_LOOP('',(#3487,#3488,#3489,#3490,#3491,#3492,#3493,#3494,
    #3495,#3496,#3497,#3498,#3499,#3500));
#3487 = ORIENTED_EDGE('',*,*,#3115,.T.);
#3488 = ORIENTED_EDGE('',*,*,#3150,.T.);
#3489 = ORIENTED_EDGE('',*,*,#3165,.T.);
#3490 = ORIENTED_EDGE('',*,*,#3193,.T.);
#3491 = ORIENTED_EDGE('',*,*,#3221,.T.);
#3492 = ORIENTED_EDGE('',*,*,#3249,.T.);
#3493 = ORIENTED_EDGE('',*,*,#3277,.T.);
#3494 = ORIENTED_EDGE('',*,*,#3305,.T.);
#3495 = ORIENTED_EDGE('',*,*,#3340,.T.);
#3496 = ORIENTED_EDGE('',*,*,#3355,.T.);
#3497 = ORIENTED_EDGE('',*,*,#3383,.T.);
#3498 = ORIENTED_EDGE('',*,*,#3411,.T.);
#3499 = ORIENTED_EDGE('',*,*,#3439,.T.);
#3500 = ORIENTED_EDGE('',*,*,#3467,.T.);
#3501 = B_SPLINE_SURFACE_WITH_KNOTS('',1,1,(
    (#3502,#3503)
    ,(#3504,#3505
    )),.UNSPECIFIED.,.F.,.F.,.F.,(2,2),(2,2),(-0.211612397594,
    4.217518048106E-02),(-4.938850102365E-03,0.345459567697),
  .PIECEWISE_BEZIER_KNOTS.);
#3502 = CARTESIAN_POINT('',(13.486518746632,-4.301846633217,2.6200001));
#3503 = CARTESIAN_POINT('',(13.486518746632,-3.951448215418,2.6200001));
#3504 = CARTESIAN_POINT('',(13.740306324707,-4.301846633217,2.6200001));
#3505 = CARTESIAN_POINT('',(13.740306324707,-3.951448215418,2.6200001));
#3506 = ADVANCED_FACE('',(#3507),#3529,.F.);
#3507 = FACE_BOUND('',#3508,.T.);
#3508 = EDGE_LOOP('',(#3509,#3510,#3517,#3524));
#3509 = ORIENTED_EDGE('',*,*,#1361,.T.);
#3510 = ORIENTED_EDGE('',*,*,#3511,.F.);
#3511 = EDGE_CURVE('',#3512,#1353,#3514,.T.);
#3512 = VERTEX_POINT('',#3513);
#3513 = CARTESIAN_POINT('',(13.990454750073,-4.257483628788,2.6200001));
#3514 = B_SPLINE_CURVE_WITH_KNOTS('',1,(#3515,#3516),.UNSPECIFIED.,.F.,
  .F.,(2,2),(-0.,1.E-02),.PIECEWISE_BEZIER_KNOTS.);
#3515 = CARTESIAN_POINT('',(13.990454750073,-4.257483628788,2.6200001));
#3516 = CARTESIAN_POINT('',(13.990454750073,-4.257483628788,2.6100001));
#3517 = ORIENTED_EDGE('',*,*,#3518,.F.);
#3518 = EDGE_CURVE('',#3519,#3512,#3521,.T.);
#3519 = VERTEX_POINT('',#3520);
#3520 = CARTESIAN_POINT('',(13.990454750073,-4.296127964677,2.6200001));
#3521 = B_SPLINE_CURVE_WITH_KNOTS('',1,(#3522,#3523),.UNSPECIFIED.,.F.,
  .F.,(2,2),(-3.864433588964E-02,0.),.PIECEWISE_BEZIER_KNOTS.);
#3522 = CARTESIAN_POINT('',(13.990454750073,-4.296127964677,2.6200001));
#3523 = CARTESIAN_POINT('',(13.990454750073,-4.257483628788,2.6200001));
#3524 = ORIENTED_EDGE('',*,*,#3525,.T.);
#3525 = EDGE_CURVE('',#3519,#1362,#3526,.T.);
#3526 = B_SPLINE_CURVE_WITH_KNOTS('',1,(#3527,#3528),.UNSPECIFIED.,.F.,
  .F.,(2,2),(-0.,1.E-02),.PIECEWISE_BEZIER_KNOTS.);
#3527 = CARTESIAN_POINT('',(13.990454750073,-4.296127964677,2.6200001));
#3528 = CARTESIAN_POINT('',(13.990454750073,-4.296127964677,2.6100001));
#3529 = B_SPLINE_SURFACE_WITH_KNOTS('',1,1,(
    (#3530,#3531)
    ,(#3532,#3533)),.UNSPECIFIED.,.F.,.F.,.F.,(2,2),(2,2),(-1.E-02,0.),(
    -3.864433588964E-02,0.),.PIECEWISE_BEZIER_KNOTS.);
#3530 = CARTESIAN_POINT('',(13.990454750073,-4.296127964677,2.6100001));
#3531 = CARTESIAN_POINT('',(13.990454750073,-4.257483628788,2.6100001));
#3532 = CARTESIAN_POINT('',(13.990454750073,-4.296127964677,2.6200001));
#3533 = CARTESIAN_POINT('',(13.990454750073,-4.257483628788,2.6200001));
#3534 = ADVANCED_FACE('',(#3535),#3551,.F.);
#3535 = FACE_BOUND('',#3536,.T.);
#3536 = EDGE_LOOP('',(#3537,#3538,#3545,#3550));
#3537 = ORIENTED_EDGE('',*,*,#1352,.T.);
#3538 = ORIENTED_EDGE('',*,*,#3539,.F.);
#3539 = EDGE_CURVE('',#3540,#1355,#3542,.T.);
#3540 = VERTEX_POINT('',#3541);
#3541 = CARTESIAN_POINT('',(13.851907007725,-4.257483628788,2.6200001));
#3542 = B_SPLINE_CURVE_WITH_KNOTS('',1,(#3543,#3544),.UNSPECIFIED.,.F.,
  .F.,(2,2),(-0.,1.E-02),.PIECEWISE_BEZIER_KNOTS.);
#3543 = CARTESIAN_POINT('',(13.851907007725,-4.257483628788,2.6200001));
#3544 = CARTESIAN_POINT('',(13.851907007725,-4.257483628788,2.6100001));
#3545 = ORIENTED_EDGE('',*,*,#3546,.F.);
#3546 = EDGE_CURVE('',#3512,#3540,#3547,.T.);
#3547 = B_SPLINE_CURVE_WITH_KNOTS('',1,(#3548,#3549),.UNSPECIFIED.,.F.,
  .F.,(2,2),(-0.138547742348,-0.),.PIECEWISE_BEZIER_KNOTS.);
#3548 = CARTESIAN_POINT('',(13.990454750073,-4.257483628788,2.6200001));
#3549 = CARTESIAN_POINT('',(13.851907007725,-4.257483628788,2.6200001));
#3550 = ORIENTED_EDGE('',*,*,#3511,.T.);
#3551 = B_SPLINE_SURFACE_WITH_KNOTS('',1,1,(
    (#3552,#3553)
    ,(#3554,#3555
    )),.UNSPECIFIED.,.F.,.F.,.F.,(2,2),(2,2),(0.,1.E-02),(0.,
    0.138547742348),.PIECEWISE_BEZIER_KNOTS.);
#3552 = CARTESIAN_POINT('',(13.851907007725,-4.257483628788,2.6200001));
#3553 = CARTESIAN_POINT('',(13.990454750073,-4.257483628788,2.6200001));
#3554 = CARTESIAN_POINT('',(13.851907007725,-4.257483628788,2.6100001));
#3555 = CARTESIAN_POINT('',(13.990454750073,-4.257483628788,2.6100001));
#3556 = ADVANCED_FACE('',(#3557),#3573,.F.);
#3557 = FACE_BOUND('',#3558,.T.);
#3558 = EDGE_LOOP('',(#3559,#3560,#3567,#3572));
#3559 = ORIENTED_EDGE('',*,*,#1431,.T.);
#3560 = ORIENTED_EDGE('',*,*,#3561,.F.);
#3561 = EDGE_CURVE('',#3562,#1425,#3564,.T.);
#3562 = VERTEX_POINT('',#3563);
#3563 = CARTESIAN_POINT('',(13.851907007725,-4.143456843965,2.6200001));
#3564 = B_SPLINE_CURVE_WITH_KNOTS('',1,(#3565,#3566),.UNSPECIFIED.,.F.,
  .F.,(2,2),(-0.,1.E-02),.PIECEWISE_BEZIER_KNOTS.);
#3565 = CARTESIAN_POINT('',(13.851907007725,-4.143456843965,2.6200001));
#3566 = CARTESIAN_POINT('',(13.851907007725,-4.143456843965,2.6100001));
#3567 = ORIENTED_EDGE('',*,*,#3568,.F.);
#3568 = EDGE_CURVE('',#3540,#3562,#3569,.T.);
#3569 = B_SPLINE_CURVE_WITH_KNOTS('',1,(#3570,#3571),.UNSPECIFIED.,.F.,
  .F.,(2,2),(-0.114026784822,0.),.PIECEWISE_BEZIER_KNOTS.);
#3570 = CARTESIAN_POINT('',(13.851907007725,-4.257483628788,2.6200001));
#3571 = CARTESIAN_POINT('',(13.851907007725,-4.143456843965,2.6200001));
#3572 = ORIENTED_EDGE('',*,*,#3539,.T.);
#3573 = B_SPLINE_SURFACE_WITH_KNOTS('',1,1,(
    (#3574,#3575)
    ,(#3576,#3577
    )),.UNSPECIFIED.,.F.,.F.,.F.,(2,2),(2,2),(-1.E-02,0.),(
    -0.114026784822,0.),.PIECEWISE_BEZIER_KNOTS.);
#3574 = CARTESIAN_POINT('',(13.851907007725,-4.257483628788,2.6100001));
#3575 = CARTESIAN_POINT('',(13.851907007725,-4.143456843965,2.6100001));
#3576 = CARTESIAN_POINT('',(13.851907007725,-4.257483628788,2.6200001));
#3577 = CARTESIAN_POINT('',(13.851907007725,-4.143456843965,2.6200001));
#3578 = ADVANCED_FACE('',(#3579),#3595,.F.);
#3579 = FACE_BOUND('',#3580,.T.);
#3580 = EDGE_LOOP('',(#3581,#3582,#3589,#3594));
#3581 = ORIENTED_EDGE('',*,*,#1424,.T.);
#3582 = ORIENTED_EDGE('',*,*,#3583,.F.);
#3583 = EDGE_CURVE('',#3584,#1418,#3586,.T.);
#3584 = VERTEX_POINT('',#3585);
#3585 = CARTESIAN_POINT('',(13.973125451468,-4.143456843965,2.6200001));
#3586 = B_SPLINE_CURVE_WITH_KNOTS('',1,(#3587,#3588),.UNSPECIFIED.,.F.,
  .F.,(2,2),(-0.,1.E-02),.PIECEWISE_BEZIER_KNOTS.);
#3587 = CARTESIAN_POINT('',(13.973125451468,-4.143456843965,2.6200001));
#3588 = CARTESIAN_POINT('',(13.973125451468,-4.143456843965,2.6100001));
#3589 = ORIENTED_EDGE('',*,*,#3590,.F.);
#3590 = EDGE_CURVE('',#3562,#3584,#3591,.T.);
#3591 = B_SPLINE_CURVE_WITH_KNOTS('',1,(#3592,#3593),.UNSPECIFIED.,.F.,
  .F.,(2,2),(-0.121218443743,0.),.PIECEWISE_BEZIER_KNOTS.);
#3592 = CARTESIAN_POINT('',(13.851907007725,-4.143456843965,2.6200001));
#3593 = CARTESIAN_POINT('',(13.973125451468,-4.143456843965,2.6200001));
#3594 = ORIENTED_EDGE('',*,*,#3561,.T.);
#3595 = B_SPLINE_SURFACE_WITH_KNOTS('',1,1,(
    (#3596,#3597)
    ,(#3598,#3599
    )),.UNSPECIFIED.,.F.,.F.,.F.,(2,2),(2,2),(-1.E-02,0.),(
    -0.121218443743,0.),.PIECEWISE_BEZIER_KNOTS.);
#3596 = CARTESIAN_POINT('',(13.851907007725,-4.143456843965,2.6100001));
#3597 = CARTESIAN_POINT('',(13.973125451468,-4.143456843965,2.6100001));
#3598 = CARTESIAN_POINT('',(13.851907007725,-4.143456843965,2.6200001));
#3599 = CARTESIAN_POINT('',(13.973125451468,-4.143456843965,2.6200001));
#3600 = ADVANCED_FACE('',(#3601),#3617,.F.);
#3601 = FACE_BOUND('',#3602,.T.);
#3602 = EDGE_LOOP('',(#3603,#3604,#3611,#3616));
#3603 = ORIENTED_EDGE('',*,*,#1417,.T.);
#3604 = ORIENTED_EDGE('',*,*,#3605,.F.);
#3605 = EDGE_CURVE('',#3606,#1411,#3608,.T.);
#3606 = VERTEX_POINT('',#3607);
#3607 = CARTESIAN_POINT('',(13.973125451468,-4.10463921509,2.6200001));
#3608 = B_SPLINE_CURVE_WITH_KNOTS('',1,(#3609,#3610),.UNSPECIFIED.,.F.,
  .F.,(2,2),(-0.,1.E-02),.PIECEWISE_BEZIER_KNOTS.);
#3609 = CARTESIAN_POINT('',(13.973125451468,-4.10463921509,2.6200001));
#3610 = CARTESIAN_POINT('',(13.973125451468,-4.10463921509,2.6100001));
#3611 = ORIENTED_EDGE('',*,*,#3612,.F.);
#3612 = EDGE_CURVE('',#3584,#3606,#3613,.T.);
#3613 = B_SPLINE_CURVE_WITH_KNOTS('',1,(#3614,#3615),.UNSPECIFIED.,.F.,
  .F.,(2,2),(-3.88176288755E-02,0.),.PIECEWISE_BEZIER_KNOTS.);
#3614 = CARTESIAN_POINT('',(13.973125451468,-4.143456843965,2.6200001));
#3615 = CARTESIAN_POINT('',(13.973125451468,-4.10463921509,2.6200001));
#3616 = ORIENTED_EDGE('',*,*,#3583,.T.);
#3617 = B_SPLINE_SURFACE_WITH_KNOTS('',1,1,(
    (#3618,#3619)
    ,(#3620,#3621)),.UNSPECIFIED.,.F.,.F.,.F.,(2,2),(2,2),(-1.E-02,0.),(
    -3.88176288755E-02,0.),.PIECEWISE_BEZIER_KNOTS.);
#3618 = CARTESIAN_POINT('',(13.973125451468,-4.143456843965,2.6100001));
#3619 = CARTESIAN_POINT('',(13.973125451468,-4.10463921509,2.6100001));
#3620 = CARTESIAN_POINT('',(13.973125451468,-4.143456843965,2.6200001));
#3621 = CARTESIAN_POINT('',(13.973125451468,-4.10463921509,2.6200001));
#3622 = ADVANCED_FACE('',(#3623),#3639,.F.);
#3623 = FACE_BOUND('',#3624,.T.);
#3624 = EDGE_LOOP('',(#3625,#3626,#3633,#3638));
#3625 = ORIENTED_EDGE('',*,*,#1410,.T.);
#3626 = ORIENTED_EDGE('',*,*,#3627,.F.);
#3627 = EDGE_CURVE('',#3628,#1404,#3630,.T.);
#3628 = VERTEX_POINT('',#3629);
#3629 = CARTESIAN_POINT('',(13.851907007725,-4.10463921509,2.6200001));
#3630 = B_SPLINE_CURVE_WITH_KNOTS('',1,(#3631,#3632),.UNSPECIFIED.,.F.,
  .F.,(2,2),(-0.,1.E-02),.PIECEWISE_BEZIER_KNOTS.);
#3631 = CARTESIAN_POINT('',(13.851907007725,-4.10463921509,2.6200001));
#3632 = CARTESIAN_POINT('',(13.851907007725,-4.10463921509,2.6100001));
#3633 = ORIENTED_EDGE('',*,*,#3634,.F.);
#3634 = EDGE_CURVE('',#3606,#3628,#3635,.T.);
#3635 = B_SPLINE_CURVE_WITH_KNOTS('',1,(#3636,#3637),.UNSPECIFIED.,.F.,
  .F.,(2,2),(-0.121218443743,-0.),.PIECEWISE_BEZIER_KNOTS.);
#3636 = CARTESIAN_POINT('',(13.973125451468,-4.10463921509,2.6200001));
#3637 = CARTESIAN_POINT('',(13.851907007725,-4.10463921509,2.6200001));
#3638 = ORIENTED_EDGE('',*,*,#3605,.T.);
#3639 = B_SPLINE_SURFACE_WITH_KNOTS('',1,1,(
    (#3640,#3641)
    ,(#3642,#3643
    )),.UNSPECIFIED.,.F.,.F.,.F.,(2,2),(2,2),(0.,1.E-02),(0.,
    0.121218443743),.PIECEWISE_BEZIER_KNOTS.);
#3640 = CARTESIAN_POINT('',(13.851907007725,-4.10463921509,2.6200001));
#3641 = CARTESIAN_POINT('',(13.973125451468,-4.10463921509,2.6200001));
#3642 = CARTESIAN_POINT('',(13.851907007725,-4.10463921509,2.6100001));
#3643 = CARTESIAN_POINT('',(13.973125451468,-4.10463921509,2.6100001));
#3644 = ADVANCED_FACE('',(#3645),#3661,.F.);
#3645 = FACE_BOUND('',#3646,.T.);
#3646 = EDGE_LOOP('',(#3647,#3648,#3655,#3660));
#3647 = ORIENTED_EDGE('',*,*,#1403,.T.);
#3648 = ORIENTED_EDGE('',*,*,#3649,.F.);
#3649 = EDGE_CURVE('',#3650,#1397,#3652,.T.);
#3650 = VERTEX_POINT('',#3651);
#3651 = CARTESIAN_POINT('',(13.851907007725,-3.99615780582,2.6200001));
#3652 = B_SPLINE_CURVE_WITH_KNOTS('',1,(#3653,#3654),.UNSPECIFIED.,.F.,
  .F.,(2,2),(-0.,1.E-02),.PIECEWISE_BEZIER_KNOTS.);
#3653 = CARTESIAN_POINT('',(13.851907007725,-3.99615780582,2.6200001));
#3654 = CARTESIAN_POINT('',(13.851907007725,-3.99615780582,2.6100001));
#3655 = ORIENTED_EDGE('',*,*,#3656,.F.);
#3656 = EDGE_CURVE('',#3628,#3650,#3657,.T.);
#3657 = B_SPLINE_CURVE_WITH_KNOTS('',1,(#3658,#3659),.UNSPECIFIED.,.F.,
  .F.,(2,2),(-0.10848140927,0.),.PIECEWISE_BEZIER_KNOTS.);
#3658 = CARTESIAN_POINT('',(13.851907007725,-4.10463921509,2.6200001));
#3659 = CARTESIAN_POINT('',(13.851907007725,-3.99615780582,2.6200001));
#3660 = ORIENTED_EDGE('',*,*,#3627,.T.);
#3661 = B_SPLINE_SURFACE_WITH_KNOTS('',1,1,(
    (#3662,#3663)
    ,(#3664,#3665
    )),.UNSPECIFIED.,.F.,.F.,.F.,(2,2),(2,2),(-1.E-02,0.),(
    -0.10848140927,0.),.PIECEWISE_BEZIER_KNOTS.);
#3662 = CARTESIAN_POINT('',(13.851907007725,-4.10463921509,2.6100001));
#3663 = CARTESIAN_POINT('',(13.851907007725,-3.99615780582,2.6100001));
#3664 = CARTESIAN_POINT('',(13.851907007725,-4.10463921509,2.6200001));
#3665 = CARTESIAN_POINT('',(13.851907007725,-3.99615780582,2.6200001));
#3666 = ADVANCED_FACE('',(#3667),#3683,.F.);
#3667 = FACE_BOUND('',#3668,.T.);
#3668 = EDGE_LOOP('',(#3669,#3670,#3677,#3682));
#3669 = ORIENTED_EDGE('',*,*,#1396,.T.);
#3670 = ORIENTED_EDGE('',*,*,#3671,.F.);
#3671 = EDGE_CURVE('',#3672,#1390,#3674,.T.);
#3672 = VERTEX_POINT('',#3673);
#3673 = CARTESIAN_POINT('',(13.982743212195,-3.99615780582,2.6200001));
#3674 = B_SPLINE_CURVE_WITH_KNOTS('',1,(#3675,#3676),.UNSPECIFIED.,.F.,
  .F.,(2,2),(-0.,1.E-02),.PIECEWISE_BEZIER_KNOTS.);
#3675 = CARTESIAN_POINT('',(13.982743212195,-3.99615780582,2.6200001));
#3676 = CARTESIAN_POINT('',(13.982743212195,-3.99615780582,2.6100001));
#3677 = ORIENTED_EDGE('',*,*,#3678,.F.);
#3678 = EDGE_CURVE('',#3650,#3672,#3679,.T.);
#3679 = B_SPLINE_CURVE_WITH_KNOTS('',1,(#3680,#3681),.UNSPECIFIED.,.F.,
  .F.,(2,2),(-0.13083620447,0.),.PIECEWISE_BEZIER_KNOTS.);
#3680 = CARTESIAN_POINT('',(13.851907007725,-3.99615780582,2.6200001));
#3681 = CARTESIAN_POINT('',(13.982743212195,-3.99615780582,2.6200001));
#3682 = ORIENTED_EDGE('',*,*,#3649,.T.);
#3683 = B_SPLINE_SURFACE_WITH_KNOTS('',1,1,(
    (#3684,#3685)
    ,(#3686,#3687
    )),.UNSPECIFIED.,.F.,.F.,.F.,(2,2),(2,2),(-1.E-02,0.),(
    -0.13083620447,0.),.PIECEWISE_BEZIER_KNOTS.);
#3684 = CARTESIAN_POINT('',(13.851907007725,-3.99615780582,2.6100001));
#3685 = CARTESIAN_POINT('',(13.982743212195,-3.99615780582,2.6100001));
#3686 = CARTESIAN_POINT('',(13.851907007725,-3.99615780582,2.6200001));
#3687 = CARTESIAN_POINT('',(13.982743212195,-3.99615780582,2.6200001));
#3688 = ADVANCED_FACE('',(#3689),#3705,.F.);
#3689 = FACE_BOUND('',#3690,.T.);
#3690 = EDGE_LOOP('',(#3691,#3692,#3699,#3704));
#3691 = ORIENTED_EDGE('',*,*,#1389,.T.);
#3692 = ORIENTED_EDGE('',*,*,#3693,.F.);
#3693 = EDGE_CURVE('',#3694,#1383,#3696,.T.);
#3694 = VERTEX_POINT('',#3695);
#3695 = CARTESIAN_POINT('',(13.982743212195,-3.957166883958,2.6200001));
#3696 = B_SPLINE_CURVE_WITH_KNOTS('',1,(#3697,#3698),.UNSPECIFIED.,.F.,
  .F.,(2,2),(-0.,1.E-02),.PIECEWISE_BEZIER_KNOTS.);
#3697 = CARTESIAN_POINT('',(13.982743212195,-3.957166883958,2.6200001));
#3698 = CARTESIAN_POINT('',(13.982743212195,-3.957166883958,2.6100001));
#3699 = ORIENTED_EDGE('',*,*,#3700,.F.);
#3700 = EDGE_CURVE('',#3672,#3694,#3701,.T.);
#3701 = B_SPLINE_CURVE_WITH_KNOTS('',1,(#3702,#3703),.UNSPECIFIED.,.F.,
  .F.,(2,2),(-3.899092186135E-02,0.),.PIECEWISE_BEZIER_KNOTS.);
#3702 = CARTESIAN_POINT('',(13.982743212195,-3.99615780582,2.6200001));
#3703 = CARTESIAN_POINT('',(13.982743212195,-3.957166883958,2.6200001));
#3704 = ORIENTED_EDGE('',*,*,#3671,.T.);
#3705 = B_SPLINE_SURFACE_WITH_KNOTS('',1,1,(
    (#3706,#3707)
    ,(#3708,#3709)),.UNSPECIFIED.,.F.,.F.,.F.,(2,2),(2,2),(-1.E-02,0.),(
    -3.899092186135E-02,0.),.PIECEWISE_BEZIER_KNOTS.);
#3706 = CARTESIAN_POINT('',(13.982743212195,-3.99615780582,2.6100001));
#3707 = CARTESIAN_POINT('',(13.982743212195,-3.957166883958,2.6100001));
#3708 = CARTESIAN_POINT('',(13.982743212195,-3.99615780582,2.6200001));
#3709 = CARTESIAN_POINT('',(13.982743212195,-3.957166883958,2.6200001));
#3710 = ADVANCED_FACE('',(#3711),#3727,.F.);
#3711 = FACE_BOUND('',#3712,.T.);
#3712 = EDGE_LOOP('',(#3713,#3714,#3721,#3726));
#3713 = ORIENTED_EDGE('',*,*,#1382,.T.);
#3714 = ORIENTED_EDGE('',*,*,#3715,.F.);
#3715 = EDGE_CURVE('',#3716,#1376,#3718,.T.);
#3716 = VERTEX_POINT('',#3717);
#3717 = CARTESIAN_POINT('',(13.808150528747,-3.957166883958,2.6200001));
#3718 = B_SPLINE_CURVE_WITH_KNOTS('',1,(#3719,#3720),.UNSPECIFIED.,.F.,
  .F.,(2,2),(-0.,1.E-02),.PIECEWISE_BEZIER_KNOTS.);
#3719 = CARTESIAN_POINT('',(13.808150528747,-3.957166883958,2.6200001));
#3720 = CARTESIAN_POINT('',(13.808150528747,-3.957166883958,2.6100001));
#3721 = ORIENTED_EDGE('',*,*,#3722,.F.);
#3722 = EDGE_CURVE('',#3694,#3716,#3723,.T.);
#3723 = B_SPLINE_CURVE_WITH_KNOTS('',1,(#3724,#3725),.UNSPECIFIED.,.F.,
  .F.,(2,2),(-0.174592683448,-0.),.PIECEWISE_BEZIER_KNOTS.);
#3724 = CARTESIAN_POINT('',(13.982743212195,-3.957166883958,2.6200001));
#3725 = CARTESIAN_POINT('',(13.808150528747,-3.957166883958,2.6200001));
#3726 = ORIENTED_EDGE('',*,*,#3693,.T.);
#3727 = B_SPLINE_SURFACE_WITH_KNOTS('',1,1,(
    (#3728,#3729)
    ,(#3730,#3731
    )),.UNSPECIFIED.,.F.,.F.,.F.,(2,2),(2,2),(0.,1.E-02),(0.,
    0.174592683448),.PIECEWISE_BEZIER_KNOTS.);
#3728 = CARTESIAN_POINT('',(13.808150528747,-3.957166883958,2.6200001));
#3729 = CARTESIAN_POINT('',(13.982743212195,-3.957166883958,2.6200001));
#3730 = CARTESIAN_POINT('',(13.808150528747,-3.957166883958,2.6100001));
#3731 = CARTESIAN_POINT('',(13.982743212195,-3.957166883958,2.6100001));
#3732 = ADVANCED_FACE('',(#3733),#3749,.F.);
#3733 = FACE_BOUND('',#3734,.T.);
#3734 = EDGE_LOOP('',(#3735,#3736,#3743,#3748));
#3735 = ORIENTED_EDGE('',*,*,#1375,.T.);
#3736 = ORIENTED_EDGE('',*,*,#3737,.F.);
#3737 = EDGE_CURVE('',#3738,#1369,#3740,.T.);
#3738 = VERTEX_POINT('',#3739);
#3739 = CARTESIAN_POINT('',(13.808150528747,-4.296127964677,2.6200001));
#3740 = B_SPLINE_CURVE_WITH_KNOTS('',1,(#3741,#3742),.UNSPECIFIED.,.F.,
  .F.,(2,2),(-0.,1.E-02),.PIECEWISE_BEZIER_KNOTS.);
#3741 = CARTESIAN_POINT('',(13.808150528747,-4.296127964677,2.6200001));
#3742 = CARTESIAN_POINT('',(13.808150528747,-4.296127964677,2.6100001));
#3743 = ORIENTED_EDGE('',*,*,#3744,.F.);
#3744 = EDGE_CURVE('',#3716,#3738,#3745,.T.);
#3745 = B_SPLINE_CURVE_WITH_KNOTS('',1,(#3746,#3747),.UNSPECIFIED.,.F.,
  .F.,(2,2),(-0.338961080719,-0.),.PIECEWISE_BEZIER_KNOTS.);
#3746 = CARTESIAN_POINT('',(13.808150528747,-3.957166883958,2.6200001));
#3747 = CARTESIAN_POINT('',(13.808150528747,-4.296127964677,2.6200001));
#3748 = ORIENTED_EDGE('',*,*,#3715,.T.);
#3749 = B_SPLINE_SURFACE_WITH_KNOTS('',1,1,(
    (#3750,#3751)
    ,(#3752,#3753
    )),.UNSPECIFIED.,.F.,.F.,.F.,(2,2),(2,2),(0.,1.E-02),(0.,
    0.338961080719),.PIECEWISE_BEZIER_KNOTS.);
#3750 = CARTESIAN_POINT('',(13.808150528747,-4.296127964677,2.6200001));
#3751 = CARTESIAN_POINT('',(13.808150528747,-3.957166883958,2.6200001));
#3752 = CARTESIAN_POINT('',(13.808150528747,-4.296127964677,2.6100001));
#3753 = CARTESIAN_POINT('',(13.808150528747,-3.957166883958,2.6100001));
#3754 = ADVANCED_FACE('',(#3755),#3765,.F.);
#3755 = FACE_BOUND('',#3756,.T.);
#3756 = EDGE_LOOP('',(#3757,#3758,#3759,#3764));
#3757 = ORIENTED_EDGE('',*,*,#1368,.T.);
#3758 = ORIENTED_EDGE('',*,*,#3525,.F.);
#3759 = ORIENTED_EDGE('',*,*,#3760,.F.);
#3760 = EDGE_CURVE('',#3738,#3519,#3761,.T.);
#3761 = B_SPLINE_CURVE_WITH_KNOTS('',1,(#3762,#3763),.UNSPECIFIED.,.F.,
  .F.,(2,2),(-0.182304221327,0.),.PIECEWISE_BEZIER_KNOTS.);
#3762 = CARTESIAN_POINT('',(13.808150528747,-4.296127964677,2.6200001));
#3763 = CARTESIAN_POINT('',(13.990454750073,-4.296127964677,2.6200001));
#3764 = ORIENTED_EDGE('',*,*,#3737,.T.);
#3765 = B_SPLINE_SURFACE_WITH_KNOTS('',1,1,(
    (#3766,#3767)
    ,(#3768,#3769
    )),.UNSPECIFIED.,.F.,.F.,.F.,(2,2),(2,2),(-1.E-02,0.),(
    -0.182304221327,0.),.PIECEWISE_BEZIER_KNOTS.);
#3766 = CARTESIAN_POINT('',(13.808150528747,-4.296127964677,2.6100001));
#3767 = CARTESIAN_POINT('',(13.990454750073,-4.296127964677,2.6100001));
#3768 = CARTESIAN_POINT('',(13.808150528747,-4.296127964677,2.6200001));
#3769 = CARTESIAN_POINT('',(13.990454750073,-4.296127964677,2.6200001));
#3770 = ADVANCED_FACE('',(#3771),#3785,.F.);
#3771 = FACE_BOUND('',#3772,.T.);
#3772 = EDGE_LOOP('',(#3773,#3774,#3775,#3776,#3777,#3778,#3779,#3780,
    #3781,#3782,#3783,#3784));
#3773 = ORIENTED_EDGE('',*,*,#3518,.T.);
#3774 = ORIENTED_EDGE('',*,*,#3546,.T.);
#3775 = ORIENTED_EDGE('',*,*,#3568,.T.);
#3776 = ORIENTED_EDGE('',*,*,#3590,.T.);
#3777 = ORIENTED_EDGE('',*,*,#3612,.T.);
#3778 = ORIENTED_EDGE('',*,*,#3634,.T.);
#3779 = ORIENTED_EDGE('',*,*,#3656,.T.);
#3780 = ORIENTED_EDGE('',*,*,#3678,.T.);
#3781 = ORIENTED_EDGE('',*,*,#3700,.T.);
#3782 = ORIENTED_EDGE('',*,*,#3722,.T.);
#3783 = ORIENTED_EDGE('',*,*,#3744,.T.);
#3784 = ORIENTED_EDGE('',*,*,#3760,.T.);
#3785 = B_SPLINE_SURFACE_WITH_KNOTS('',1,1,(
    (#3786,#3787)
    ,(#3788,#3789
    )),.UNSPECIFIED.,.F.,.F.,.F.,(2,2),(2,2),(-13.99045475007,
    -13.80815052874),(-4.296127964677,-3.957166883958),
  .PIECEWISE_BEZIER_KNOTS.);
#3786 = CARTESIAN_POINT('',(13.990454750073,-4.296127964677,2.6200001));
#3787 = CARTESIAN_POINT('',(13.990454750073,-3.957166883958,2.6200001));
#3788 = CARTESIAN_POINT('',(13.808150528747,-4.296127964677,2.6200001));
#3789 = CARTESIAN_POINT('',(13.808150528747,-3.957166883958,2.6200001));
#3790 = ADVANCED_FACE('',(#3791,#3850),#3909,.T.);
#3791 = FACE_BOUND('',#3792,.T.);
#3792 = EDGE_LOOP('',(#3793,#3802,#3811,#3820,#3829,#3838,#3845));
#3793 = ORIENTED_EDGE('',*,*,#3794,.T.);
#3794 = EDGE_CURVE('',#3795,#3797,#3799,.T.);
#3795 = VERTEX_POINT('',#3796);
#3796 = CARTESIAN_POINT('',(14.054486508421,-4.296127964677,2.6200001));
#3797 = VERTEX_POINT('',#3798);
#3798 = CARTESIAN_POINT('',(14.147718134917,-4.296127964677,2.6200001));
#3799 = B_SPLINE_CURVE_WITH_KNOTS('',1,(#3800,#3801),.UNSPECIFIED.,.F.,
  .F.,(2,2),(-9.323162649646E-02,1.7763568394E-15),
  .PIECEWISE_BEZIER_KNOTS.);
#3800 = CARTESIAN_POINT('',(14.054486508421,-4.296127964677,2.6200001));
#3801 = CARTESIAN_POINT('',(14.147718134917,-4.296127964677,2.6200001));
#3802 = ORIENTED_EDGE('',*,*,#3803,.T.);
#3803 = EDGE_CURVE('',#3797,#3804,#3806,.T.);
#3804 = VERTEX_POINT('',#3805);
#3805 = CARTESIAN_POINT('',(14.279334157825,-4.2486456865,2.6200001));
#3806 = B_SPLINE_CURVE_WITH_KNOTS('',3,(#3807,#3808,#3809,#3810),
  .UNSPECIFIED.,.F.,.F.,(4,4),(5.,6.),.PIECEWISE_BEZIER_KNOTS.);
#3807 = CARTESIAN_POINT('',(14.147718134917,-4.296127964677,2.6200001));
#3808 = CARTESIAN_POINT('',(14.2013523141,-4.296127964677,2.6200001));
#3809 = CARTESIAN_POINT('',(14.245282086065,-4.280358302946,2.6200001));
#3810 = CARTESIAN_POINT('',(14.279334157825,-4.2486456865,2.6200001));
#3811 = ORIENTED_EDGE('',*,*,#3812,.T.);
#3812 = EDGE_CURVE('',#3804,#3813,#3815,.T.);
#3813 = VERTEX_POINT('',#3814);
#3814 = CARTESIAN_POINT('',(14.33045558871,-4.122315099666,2.6200001));
#3815 = B_SPLINE_CURVE_WITH_KNOTS('',3,(#3816,#3817,#3818,#3819),
  .UNSPECIFIED.,.F.,.F.,(4,4),(4.,5.),.PIECEWISE_BEZIER_KNOTS.);
#3816 = CARTESIAN_POINT('',(14.279334157825,-4.2486456865,2.6200001));
#3817 = CARTESIAN_POINT('',(14.313386229584,-4.216933070051,2.6200001));
#3818 = CARTESIAN_POINT('',(14.33045558871,-4.17482287444,2.6200001));
#3819 = CARTESIAN_POINT('',(14.33045558871,-4.122315099666,2.6200001));
#3820 = ORIENTED_EDGE('',*,*,#3821,.T.);
#3821 = EDGE_CURVE('',#3813,#3822,#3824,.T.);
#3822 = VERTEX_POINT('',#3823);
#3823 = CARTESIAN_POINT('',(14.279334157825,-4.002049767346,2.6200001));
#3824 = B_SPLINE_CURVE_WITH_KNOTS('',3,(#3825,#3826,#3827,#3828),
  .UNSPECIFIED.,.F.,.F.,(4,4),(3.,4.),.PIECEWISE_BEZIER_KNOTS.);
#3825 = CARTESIAN_POINT('',(14.33045558871,-4.122315099666,2.6200001));
#3826 = CARTESIAN_POINT('',(14.33045558871,-4.072060133712,2.6200001));
#3827 = CARTESIAN_POINT('',(14.313386229584,-4.032029453933,2.6200001));
#3828 = CARTESIAN_POINT('',(14.279334157825,-4.002049767346,2.6200001));
#3829 = ORIENTED_EDGE('',*,*,#3830,.T.);
#3830 = EDGE_CURVE('',#3822,#3831,#3833,.T.);
#3831 = VERTEX_POINT('',#3832);
#3832 = CARTESIAN_POINT('',(14.151183994639,-3.957166883958,2.6200001));
#3833 = B_SPLINE_CURVE_WITH_KNOTS('',3,(#3834,#3835,#3836,#3837),
  .UNSPECIFIED.,.F.,.F.,(4,4),(2.,3.),.PIECEWISE_BEZIER_KNOTS.);
#3834 = CARTESIAN_POINT('',(14.279334157825,-4.002049767346,2.6200001));
#3835 = CARTESIAN_POINT('',(14.245282086065,-3.972070080758,2.6200001));
#3836 = CARTESIAN_POINT('',(14.202565365003,-3.957166883958,2.6200001));
#3837 = CARTESIAN_POINT('',(14.151183994639,-3.957166883958,2.6200001));
#3838 = ORIENTED_EDGE('',*,*,#3839,.T.);
#3839 = EDGE_CURVE('',#3831,#3840,#3842,.T.);
#3840 = VERTEX_POINT('',#3841);
#3841 = CARTESIAN_POINT('',(14.054486508421,-3.957166883958,2.6200001));
#3842 = B_SPLINE_CURVE_WITH_KNOTS('',1,(#3843,#3844),.UNSPECIFIED.,.F.,
  .F.,(2,2),(-9.669748621818E-02,-0.),.PIECEWISE_BEZIER_KNOTS.);
#3843 = CARTESIAN_POINT('',(14.151183994639,-3.957166883958,2.6200001));
#3844 = CARTESIAN_POINT('',(14.054486508421,-3.957166883958,2.6200001));
#3845 = ORIENTED_EDGE('',*,*,#3846,.T.);
#3846 = EDGE_CURVE('',#3840,#3795,#3847,.T.);
#3847 = B_SPLINE_CURVE_WITH_KNOTS('',1,(#3848,#3849),.UNSPECIFIED.,.F.,
  .F.,(2,2),(-0.338961080719,-0.),.PIECEWISE_BEZIER_KNOTS.);
#3848 = CARTESIAN_POINT('',(14.054486508421,-3.957166883958,2.6200001));
#3849 = CARTESIAN_POINT('',(14.054486508421,-4.296127964677,2.6200001));
#3850 = FACE_BOUND('',#3851,.T.);
#3851 = EDGE_LOOP('',(#3852,#3861,#3868,#3877,#3886,#3895,#3904));
#3852 = ORIENTED_EDGE('',*,*,#3853,.F.);
#3853 = EDGE_CURVE('',#3854,#3856,#3858,.T.);
#3854 = VERTEX_POINT('',#3855);
#3855 = CARTESIAN_POINT('',(14.0982429874,-3.99615780582,2.6200001));
#3856 = VERTEX_POINT('',#3857);
#3857 = CARTESIAN_POINT('',(14.0982429874,-4.257483628788,2.6200001));
#3858 = B_SPLINE_CURVE_WITH_KNOTS('',1,(#3859,#3860),.UNSPECIFIED.,.F.,
  .F.,(2,2),(0.,0.261325822968),.PIECEWISE_BEZIER_KNOTS.);
#3859 = CARTESIAN_POINT('',(14.0982429874,-3.99615780582,2.6200001));
#3860 = CARTESIAN_POINT('',(14.0982429874,-4.257483628788,2.6200001));
#3861 = ORIENTED_EDGE('',*,*,#3862,.F.);
#3862 = EDGE_CURVE('',#3863,#3854,#3865,.T.);
#3863 = VERTEX_POINT('',#3864);
#3864 = CARTESIAN_POINT('',(14.149451064776,-3.99615780582,2.6200001));
#3865 = B_SPLINE_CURVE_WITH_KNOTS('',1,(#3866,#3867),.UNSPECIFIED.,.F.,
  .F.,(2,2),(-1.7763568394E-15,5.12080773757E-02),
  .PIECEWISE_BEZIER_KNOTS.);
#3866 = CARTESIAN_POINT('',(14.149451064776,-3.99615780582,2.6200001));
#3867 = CARTESIAN_POINT('',(14.0982429874,-3.99615780582,2.6200001));
#3868 = ORIENTED_EDGE('',*,*,#3869,.F.);
#3869 = EDGE_CURVE('',#3870,#3863,#3872,.T.);
#3870 = VERTEX_POINT('',#3871);
#3871 = CARTESIAN_POINT('',(14.247274955404,-4.028043715254,2.6200001));
#3872 = B_SPLINE_CURVE_WITH_KNOTS('',3,(#3873,#3874,#3875,#3876),
  .UNSPECIFIED.,.F.,.F.,(4,4),(5.,6.),.PIECEWISE_BEZIER_KNOTS.);
#3873 = CARTESIAN_POINT('',(14.247274955404,-4.028043715254,2.6200001));
#3874 = CARTESIAN_POINT('',(14.222494058397,-4.006728677968,2.6200001));
#3875 = CARTESIAN_POINT('',(14.189828330526,-3.99615780582,2.6200001));
#3876 = CARTESIAN_POINT('',(14.149451064776,-3.99615780582,2.6200001));
#3877 = ORIENTED_EDGE('',*,*,#3878,.F.);
#3878 = EDGE_CURVE('',#3879,#3870,#3881,.T.);
#3879 = VERTEX_POINT('',#3880);
#3880 = CARTESIAN_POINT('',(14.284446300914,-4.123528150569,2.6200001));
#3881 = B_SPLINE_CURVE_WITH_KNOTS('',3,(#3882,#3883,#3884,#3885),
  .UNSPECIFIED.,.F.,.F.,(4,4),(4.,5.),.PIECEWISE_BEZIER_KNOTS.);
#3882 = CARTESIAN_POINT('',(14.284446300914,-4.123528150569,2.6200001));
#3883 = CARTESIAN_POINT('',(14.284446300914,-4.081244661972,2.6200001));
#3884 = CARTESIAN_POINT('',(14.272055852409,-4.049358752537,2.6200001));
#3885 = CARTESIAN_POINT('',(14.247274955404,-4.028043715254,2.6200001));
#3886 = ORIENTED_EDGE('',*,*,#3887,.F.);
#3887 = EDGE_CURVE('',#3888,#3879,#3890,.T.);
#3888 = VERTEX_POINT('',#3889);
#3889 = CARTESIAN_POINT('',(14.248228066829,-4.222131859634,2.6200001));
#3890 = B_SPLINE_CURVE_WITH_KNOTS('',3,(#3891,#3892,#3893,#3894),
  .UNSPECIFIED.,.F.,.F.,(4,4),(3.,4.),.PIECEWISE_BEZIER_KNOTS.);
#3891 = CARTESIAN_POINT('',(14.248228066829,-4.222131859634,2.6200001));
#3892 = CARTESIAN_POINT('',(14.272402438383,-4.198737306516,2.6200001));
#3893 = CARTESIAN_POINT('',(14.284446300914,-4.165811639166,2.6200001));
#3894 = CARTESIAN_POINT('',(14.284446300914,-4.123528150569,2.6200001));
#3895 = ORIENTED_EDGE('',*,*,#3896,.F.);
#3896 = EDGE_CURVE('',#3897,#3888,#3899,.T.);
#3897 = VERTEX_POINT('',#3898);
#3898 = CARTESIAN_POINT('',(14.147458195439,-4.257483628788,2.6200001));
#3899 = B_SPLINE_CURVE_WITH_KNOTS('',3,(#3900,#3901,#3902,#3903),
  .UNSPECIFIED.,.F.,.F.,(4,4),(2.,3.),.PIECEWISE_BEZIER_KNOTS.);
#3900 = CARTESIAN_POINT('',(14.147458195439,-4.257483628788,2.6200001));
#3901 = CARTESIAN_POINT('',(14.190521502472,-4.257483628788,2.6200001));
#3902 = CARTESIAN_POINT('',(14.224140341767,-4.245699705736,2.6200001));
#3903 = CARTESIAN_POINT('',(14.248228066829,-4.222131859634,2.6200001));
#3904 = ORIENTED_EDGE('',*,*,#3905,.F.);
#3905 = EDGE_CURVE('',#3856,#3897,#3906,.T.);
#3906 = B_SPLINE_CURVE_WITH_KNOTS('',1,(#3907,#3908),.UNSPECIFIED.,.F.,
  .F.,(2,2),(0.,4.921520803836E-02),.PIECEWISE_BEZIER_KNOTS.);
#3907 = CARTESIAN_POINT('',(14.0982429874,-4.257483628788,2.6200001));
#3908 = CARTESIAN_POINT('',(14.147458195439,-4.257483628788,2.6200001));
#3909 = B_SPLINE_SURFACE_WITH_KNOTS('',1,1,(
    (#3910,#3911)
    ,(#3912,#3913
    )),.UNSPECIFIED.,.F.,.F.,.F.,(2,2),(2,2),(-0.167271054787,
    0.108698025501),(-0.327762021496,1.119905922332E-02),
  .PIECEWISE_BEZIER_KNOTS.);
#3910 = CARTESIAN_POINT('',(14.054486508421,-4.296127964677,2.6200001));
#3911 = CARTESIAN_POINT('',(14.054486508421,-3.957166883958,2.6200001));
#3912 = CARTESIAN_POINT('',(14.33045558871,-4.296127964677,2.6200001));
#3913 = CARTESIAN_POINT('',(14.33045558871,-3.957166883958,2.6200001));
#3914 = ADVANCED_FACE('',(#3915),#3929,.F.);
#3915 = FACE_BOUND('',#3916,.T.);
#3916 = EDGE_LOOP('',(#3917,#3918,#3923,#3924));
#3917 = ORIENTED_EDGE('',*,*,#1076,.T.);
#3918 = ORIENTED_EDGE('',*,*,#3919,.F.);
#3919 = EDGE_CURVE('',#3797,#1066,#3920,.T.);
#3920 = B_SPLINE_CURVE_WITH_KNOTS('',1,(#3921,#3922),.UNSPECIFIED.,.F.,
  .F.,(2,2),(-0.,1.E-02),.PIECEWISE_BEZIER_KNOTS.);
#3921 = CARTESIAN_POINT('',(14.147718134917,-4.296127964677,2.6200001));
#3922 = CARTESIAN_POINT('',(14.147718134917,-4.296127964677,2.6100001));
#3923 = ORIENTED_EDGE('',*,*,#3794,.F.);
#3924 = ORIENTED_EDGE('',*,*,#3925,.T.);
#3925 = EDGE_CURVE('',#3795,#1077,#3926,.T.);
#3926 = B_SPLINE_CURVE_WITH_KNOTS('',1,(#3927,#3928),.UNSPECIFIED.,.F.,
  .F.,(2,2),(-0.,1.E-02),.PIECEWISE_BEZIER_KNOTS.);
#3927 = CARTESIAN_POINT('',(14.054486508421,-4.296127964677,2.6200001));
#3928 = CARTESIAN_POINT('',(14.054486508421,-4.296127964677,2.6100001));
#3929 = B_SPLINE_SURFACE_WITH_KNOTS('',1,1,(
    (#3930,#3931)
    ,(#3932,#3933)),.UNSPECIFIED.,.F.,.F.,.F.,(2,2),(2,2),(-1.E-02,0.),(
    -9.323162649646E-02,1.7763568394E-15),.PIECEWISE_BEZIER_KNOTS.);
#3930 = CARTESIAN_POINT('',(14.054486508421,-4.296127964677,2.6100001));
#3931 = CARTESIAN_POINT('',(14.147718134917,-4.296127964677,2.6100001));
#3932 = CARTESIAN_POINT('',(14.054486508421,-4.296127964677,2.6200001));
#3933 = CARTESIAN_POINT('',(14.147718134917,-4.296127964677,2.6200001));
#3934 = ADVANCED_FACE('',(#3935),#3945,.F.);
#3935 = FACE_BOUND('',#3936,.F.);
#3936 = EDGE_LOOP('',(#3937,#3938,#3939,#3944));
#3937 = ORIENTED_EDGE('',*,*,#3919,.F.);
#3938 = ORIENTED_EDGE('',*,*,#3803,.T.);
#3939 = ORIENTED_EDGE('',*,*,#3940,.T.);
#3940 = EDGE_CURVE('',#3804,#1068,#3941,.T.);
#3941 = B_SPLINE_CURVE_WITH_KNOTS('',1,(#3942,#3943),.UNSPECIFIED.,.F.,
  .F.,(2,2),(-0.,1.E-02),.PIECEWISE_BEZIER_KNOTS.);
#3942 = CARTESIAN_POINT('',(14.279334157825,-4.2486456865,2.6200001));
#3943 = CARTESIAN_POINT('',(14.279334157825,-4.2486456865,2.6100001));
#3944 = ORIENTED_EDGE('',*,*,#1065,.F.);
#3945 = B_SPLINE_SURFACE_WITH_KNOTS('',3,1,(
    (#3946,#3947)
    ,(#3948,#3949)
    ,(#3950,#3951)
    ,(#3952,#3953
    )),.UNSPECIFIED.,.F.,.F.,.F.,(4,4),(2,2),(5.,6.),(0.,1.),
  .PIECEWISE_BEZIER_KNOTS.);
#3946 = CARTESIAN_POINT('',(14.147718134917,-4.296127964677,2.6200001));
#3947 = CARTESIAN_POINT('',(14.147718134917,-4.296127964677,2.6100001));
#3948 = CARTESIAN_POINT('',(14.2013523141,-4.296127964677,2.6200001));
#3949 = CARTESIAN_POINT('',(14.2013523141,-4.296127964677,2.6100001));
#3950 = CARTESIAN_POINT('',(14.245282086065,-4.280358302946,2.6200001));
#3951 = CARTESIAN_POINT('',(14.245282086065,-4.280358302946,2.6100001));
#3952 = CARTESIAN_POINT('',(14.279334157825,-4.2486456865,2.6200001));
#3953 = CARTESIAN_POINT('',(14.279334157825,-4.2486456865,2.6100001));
#3954 = ADVANCED_FACE('',(#3955),#3965,.F.);
#3955 = FACE_BOUND('',#3956,.F.);
#3956 = EDGE_LOOP('',(#3957,#3958,#3959,#3964));
#3957 = ORIENTED_EDGE('',*,*,#3940,.F.);
#3958 = ORIENTED_EDGE('',*,*,#3812,.T.);
#3959 = ORIENTED_EDGE('',*,*,#3960,.T.);
#3960 = EDGE_CURVE('',#3813,#1107,#3961,.T.);
#3961 = B_SPLINE_CURVE_WITH_KNOTS('',1,(#3962,#3963),.UNSPECIFIED.,.F.,
  .F.,(2,2),(-0.,1.E-02),.PIECEWISE_BEZIER_KNOTS.);
#3962 = CARTESIAN_POINT('',(14.33045558871,-4.122315099666,2.6200001));
#3963 = CARTESIAN_POINT('',(14.33045558871,-4.122315099666,2.6100001));
#3964 = ORIENTED_EDGE('',*,*,#1115,.F.);
#3965 = B_SPLINE_SURFACE_WITH_KNOTS('',3,1,(
    (#3966,#3967)
    ,(#3968,#3969)
    ,(#3970,#3971)
    ,(#3972,#3973
    )),.UNSPECIFIED.,.F.,.F.,.F.,(4,4),(2,2),(4.,5.),(0.,1.),
  .PIECEWISE_BEZIER_KNOTS.);
#3966 = CARTESIAN_POINT('',(14.279334157825,-4.2486456865,2.6200001));
#3967 = CARTESIAN_POINT('',(14.279334157825,-4.2486456865,2.6100001));
#3968 = CARTESIAN_POINT('',(14.313386229584,-4.216933070051,2.6200001));
#3969 = CARTESIAN_POINT('',(14.313386229584,-4.216933070051,2.6100001));
#3970 = CARTESIAN_POINT('',(14.33045558871,-4.17482287444,2.6200001));
#3971 = CARTESIAN_POINT('',(14.33045558871,-4.17482287444,2.6100001));
#3972 = CARTESIAN_POINT('',(14.33045558871,-4.122315099666,2.6200001));
#3973 = CARTESIAN_POINT('',(14.33045558871,-4.122315099666,2.6100001));
#3974 = ADVANCED_FACE('',(#3975),#3985,.F.);
#3975 = FACE_BOUND('',#3976,.F.);
#3976 = EDGE_LOOP('',(#3977,#3978,#3979,#3984));
#3977 = ORIENTED_EDGE('',*,*,#3960,.F.);
#3978 = ORIENTED_EDGE('',*,*,#3821,.T.);
#3979 = ORIENTED_EDGE('',*,*,#3980,.T.);
#3980 = EDGE_CURVE('',#3822,#1098,#3981,.T.);
#3981 = B_SPLINE_CURVE_WITH_KNOTS('',1,(#3982,#3983),.UNSPECIFIED.,.F.,
  .F.,(2,2),(-0.,1.E-02),.PIECEWISE_BEZIER_KNOTS.);
#3982 = CARTESIAN_POINT('',(14.279334157825,-4.002049767346,2.6200001));
#3983 = CARTESIAN_POINT('',(14.279334157825,-4.002049767346,2.6100001));
#3984 = ORIENTED_EDGE('',*,*,#1106,.F.);
#3985 = B_SPLINE_SURFACE_WITH_KNOTS('',3,1,(
    (#3986,#3987)
    ,(#3988,#3989)
    ,(#3990,#3991)
    ,(#3992,#3993
    )),.UNSPECIFIED.,.F.,.F.,.F.,(4,4),(2,2),(3.,4.),(0.,1.),
  .PIECEWISE_BEZIER_KNOTS.);
#3986 = CARTESIAN_POINT('',(14.33045558871,-4.122315099666,2.6200001));
#3987 = CARTESIAN_POINT('',(14.33045558871,-4.122315099666,2.6100001));
#3988 = CARTESIAN_POINT('',(14.33045558871,-4.072060133712,2.6200001));
#3989 = CARTESIAN_POINT('',(14.33045558871,-4.072060133712,2.6100001));
#3990 = CARTESIAN_POINT('',(14.313386229584,-4.032029453933,2.6200001));
#3991 = CARTESIAN_POINT('',(14.313386229584,-4.032029453933,2.6100001));
#3992 = CARTESIAN_POINT('',(14.279334157825,-4.002049767346,2.6200001));
#3993 = CARTESIAN_POINT('',(14.279334157825,-4.002049767346,2.6100001));
#3994 = ADVANCED_FACE('',(#3995),#4005,.F.);
#3995 = FACE_BOUND('',#3996,.F.);
#3996 = EDGE_LOOP('',(#3997,#3998,#3999,#4004));
#3997 = ORIENTED_EDGE('',*,*,#3980,.F.);
#3998 = ORIENTED_EDGE('',*,*,#3830,.T.);
#3999 = ORIENTED_EDGE('',*,*,#4000,.T.);
#4000 = EDGE_CURVE('',#3831,#1091,#4001,.T.);
#4001 = B_SPLINE_CURVE_WITH_KNOTS('',1,(#4002,#4003),.UNSPECIFIED.,.F.,
  .F.,(2,2),(-0.,1.E-02),.PIECEWISE_BEZIER_KNOTS.);
#4002 = CARTESIAN_POINT('',(14.151183994639,-3.957166883958,2.6200001));
#4003 = CARTESIAN_POINT('',(14.151183994639,-3.957166883958,2.6100001));
#4004 = ORIENTED_EDGE('',*,*,#1097,.F.);
#4005 = B_SPLINE_SURFACE_WITH_KNOTS('',3,1,(
    (#4006,#4007)
    ,(#4008,#4009)
    ,(#4010,#4011)
    ,(#4012,#4013
    )),.UNSPECIFIED.,.F.,.F.,.F.,(4,4),(2,2),(2.,3.),(0.,1.),
  .PIECEWISE_BEZIER_KNOTS.);
#4006 = CARTESIAN_POINT('',(14.279334157825,-4.002049767346,2.6200001));
#4007 = CARTESIAN_POINT('',(14.279334157825,-4.002049767346,2.6100001));
#4008 = CARTESIAN_POINT('',(14.245282086065,-3.972070080758,2.6200001));
#4009 = CARTESIAN_POINT('',(14.245282086065,-3.972070080758,2.6100001));
#4010 = CARTESIAN_POINT('',(14.202565365003,-3.957166883958,2.6200001));
#4011 = CARTESIAN_POINT('',(14.202565365003,-3.957166883958,2.6100001));
#4012 = CARTESIAN_POINT('',(14.151183994639,-3.957166883958,2.6200001));
#4013 = CARTESIAN_POINT('',(14.151183994639,-3.957166883958,2.6100001));
#4014 = ADVANCED_FACE('',(#4015),#4025,.F.);
#4015 = FACE_BOUND('',#4016,.T.);
#4016 = EDGE_LOOP('',(#4017,#4018,#4023,#4024));
#4017 = ORIENTED_EDGE('',*,*,#1090,.T.);
#4018 = ORIENTED_EDGE('',*,*,#4019,.F.);
#4019 = EDGE_CURVE('',#3840,#1084,#4020,.T.);
#4020 = B_SPLINE_CURVE_WITH_KNOTS('',1,(#4021,#4022),.UNSPECIFIED.,.F.,
  .F.,(2,2),(-0.,1.E-02),.PIECEWISE_BEZIER_KNOTS.);
#4021 = CARTESIAN_POINT('',(14.054486508421,-3.957166883958,2.6200001));
#4022 = CARTESIAN_POINT('',(14.054486508421,-3.957166883958,2.6100001));
#4023 = ORIENTED_EDGE('',*,*,#3839,.F.);
#4024 = ORIENTED_EDGE('',*,*,#4000,.T.);
#4025 = B_SPLINE_SURFACE_WITH_KNOTS('',1,1,(
    (#4026,#4027)
    ,(#4028,#4029
    )),.UNSPECIFIED.,.F.,.F.,.F.,(2,2),(2,2),(0.,1.E-02),(0.,
    9.669748621818E-02),.PIECEWISE_BEZIER_KNOTS.);
#4026 = CARTESIAN_POINT('',(14.054486508421,-3.957166883958,2.6200001));
#4027 = CARTESIAN_POINT('',(14.151183994639,-3.957166883958,2.6200001));
#4028 = CARTESIAN_POINT('',(14.054486508421,-3.957166883958,2.6100001));
#4029 = CARTESIAN_POINT('',(14.151183994639,-3.957166883958,2.6100001));
#4030 = ADVANCED_FACE('',(#4031),#4037,.F.);
#4031 = FACE_BOUND('',#4032,.T.);
#4032 = EDGE_LOOP('',(#4033,#4034,#4035,#4036));
#4033 = ORIENTED_EDGE('',*,*,#1083,.T.);
#4034 = ORIENTED_EDGE('',*,*,#3925,.F.);
#4035 = ORIENTED_EDGE('',*,*,#3846,.F.);
#4036 = ORIENTED_EDGE('',*,*,#4019,.T.);
#4037 = B_SPLINE_SURFACE_WITH_KNOTS('',1,1,(
    (#4038,#4039)
    ,(#4040,#4041
    )),.UNSPECIFIED.,.F.,.F.,.F.,(2,2),(2,2),(0.,1.E-02),(0.,
    0.338961080719),.PIECEWISE_BEZIER_KNOTS.);
#4038 = CARTESIAN_POINT('',(14.054486508421,-4.296127964677,2.6200001));
#4039 = CARTESIAN_POINT('',(14.054486508421,-3.957166883958,2.6200001));
#4040 = CARTESIAN_POINT('',(14.054486508421,-4.296127964677,2.6100001));
#4041 = CARTESIAN_POINT('',(14.054486508421,-3.957166883958,2.6100001));
#4042 = ADVANCED_FACE('',(#4043),#4065,.T.);
#4043 = FACE_BOUND('',#4044,.T.);
#4044 = EDGE_LOOP('',(#4045,#4054,#4059,#4060));
#4045 = ORIENTED_EDGE('',*,*,#4046,.F.);
#4046 = EDGE_CURVE('',#4047,#4049,#4051,.T.);
#4047 = VERTEX_POINT('',#4048);
#4048 = CARTESIAN_POINT('',(14.149451064776,-3.99615780582,2.6100001));
#4049 = VERTEX_POINT('',#4050);
#4050 = CARTESIAN_POINT('',(14.0982429874,-3.99615780582,2.6100001));
#4051 = B_SPLINE_CURVE_WITH_KNOTS('',1,(#4052,#4053),.UNSPECIFIED.,.F.,
  .F.,(2,2),(-1.7763568394E-15,5.12080773757E-02),
  .PIECEWISE_BEZIER_KNOTS.);
#4052 = CARTESIAN_POINT('',(14.149451064776,-3.99615780582,2.6100001));
#4053 = CARTESIAN_POINT('',(14.0982429874,-3.99615780582,2.6100001));
#4054 = ORIENTED_EDGE('',*,*,#4055,.F.);
#4055 = EDGE_CURVE('',#3863,#4047,#4056,.T.);
#4056 = B_SPLINE_CURVE_WITH_KNOTS('',1,(#4057,#4058),.UNSPECIFIED.,.F.,
  .F.,(2,2),(-0.,1.E-02),.PIECEWISE_BEZIER_KNOTS.);
#4057 = CARTESIAN_POINT('',(14.149451064776,-3.99615780582,2.6200001));
#4058 = CARTESIAN_POINT('',(14.149451064776,-3.99615780582,2.6100001));
#4059 = ORIENTED_EDGE('',*,*,#3862,.T.);
#4060 = ORIENTED_EDGE('',*,*,#4061,.T.);
#4061 = EDGE_CURVE('',#3854,#4049,#4062,.T.);
#4062 = B_SPLINE_CURVE_WITH_KNOTS('',1,(#4063,#4064),.UNSPECIFIED.,.F.,
  .F.,(2,2),(-0.,1.E-02),.PIECEWISE_BEZIER_KNOTS.);
#4063 = CARTESIAN_POINT('',(14.0982429874,-3.99615780582,2.6200001));
#4064 = CARTESIAN_POINT('',(14.0982429874,-3.99615780582,2.6100001));
#4065 = B_SPLINE_SURFACE_WITH_KNOTS('',1,1,(
    (#4066,#4067)
    ,(#4068,#4069
    )),.UNSPECIFIED.,.F.,.F.,.F.,(2,2),(2,2),(0.,1.E-02),(
    -5.12080773757E-02,1.7763568394E-15),.PIECEWISE_BEZIER_KNOTS.);
#4066 = CARTESIAN_POINT('',(14.0982429874,-3.99615780582,2.6200001));
#4067 = CARTESIAN_POINT('',(14.149451064776,-3.99615780582,2.6200001));
#4068 = CARTESIAN_POINT('',(14.0982429874,-3.99615780582,2.6100001));
#4069 = CARTESIAN_POINT('',(14.149451064776,-3.99615780582,2.6100001));
#4070 = ADVANCED_FACE('',(#4071),#4087,.T.);
#4071 = FACE_BOUND('',#4072,.T.);
#4072 = EDGE_LOOP('',(#4073,#4080,#4081,#4082));
#4073 = ORIENTED_EDGE('',*,*,#4074,.F.);
#4074 = EDGE_CURVE('',#4049,#4075,#4077,.T.);
#4075 = VERTEX_POINT('',#4076);
#4076 = CARTESIAN_POINT('',(14.0982429874,-4.257483628788,2.6100001));
#4077 = B_SPLINE_CURVE_WITH_KNOTS('',1,(#4078,#4079),.UNSPECIFIED.,.F.,
  .F.,(2,2),(0.,0.261325822968),.PIECEWISE_BEZIER_KNOTS.);
#4078 = CARTESIAN_POINT('',(14.0982429874,-3.99615780582,2.6100001));
#4079 = CARTESIAN_POINT('',(14.0982429874,-4.257483628788,2.6100001));
#4080 = ORIENTED_EDGE('',*,*,#4061,.F.);
#4081 = ORIENTED_EDGE('',*,*,#3853,.T.);
#4082 = ORIENTED_EDGE('',*,*,#4083,.T.);
#4083 = EDGE_CURVE('',#3856,#4075,#4084,.T.);
#4084 = B_SPLINE_CURVE_WITH_KNOTS('',1,(#4085,#4086),.UNSPECIFIED.,.F.,
  .F.,(2,2),(-0.,1.E-02),.PIECEWISE_BEZIER_KNOTS.);
#4085 = CARTESIAN_POINT('',(14.0982429874,-4.257483628788,2.6200001));
#4086 = CARTESIAN_POINT('',(14.0982429874,-4.257483628788,2.6100001));
#4087 = B_SPLINE_SURFACE_WITH_KNOTS('',1,1,(
    (#4088,#4089)
    ,(#4090,#4091
    )),.UNSPECIFIED.,.F.,.F.,.F.,(2,2),(2,2),(0.,1.E-02),(
    -0.261325822968,0.),.PIECEWISE_BEZIER_KNOTS.);
#4088 = CARTESIAN_POINT('',(14.0982429874,-4.257483628788,2.6200001));
#4089 = CARTESIAN_POINT('',(14.0982429874,-3.99615780582,2.6200001));
#4090 = CARTESIAN_POINT('',(14.0982429874,-4.257483628788,2.6100001));
#4091 = CARTESIAN_POINT('',(14.0982429874,-3.99615780582,2.6100001));
#4092 = ADVANCED_FACE('',(#4093),#4109,.T.);
#4093 = FACE_BOUND('',#4094,.T.);
#4094 = EDGE_LOOP('',(#4095,#4102,#4103,#4104));
#4095 = ORIENTED_EDGE('',*,*,#4096,.F.);
#4096 = EDGE_CURVE('',#4075,#4097,#4099,.T.);
#4097 = VERTEX_POINT('',#4098);
#4098 = CARTESIAN_POINT('',(14.147458195439,-4.257483628788,2.6100001));
#4099 = B_SPLINE_CURVE_WITH_KNOTS('',1,(#4100,#4101),.UNSPECIFIED.,.F.,
  .F.,(2,2),(0.,4.921520803836E-02),.PIECEWISE_BEZIER_KNOTS.);
#4100 = CARTESIAN_POINT('',(14.0982429874,-4.257483628788,2.6100001));
#4101 = CARTESIAN_POINT('',(14.147458195439,-4.257483628788,2.6100001));
#4102 = ORIENTED_EDGE('',*,*,#4083,.F.);
#4103 = ORIENTED_EDGE('',*,*,#3905,.T.);
#4104 = ORIENTED_EDGE('',*,*,#4105,.T.);
#4105 = EDGE_CURVE('',#3897,#4097,#4106,.T.);
#4106 = B_SPLINE_CURVE_WITH_KNOTS('',1,(#4107,#4108),.UNSPECIFIED.,.F.,
  .F.,(2,2),(-0.,1.E-02),.PIECEWISE_BEZIER_KNOTS.);
#4107 = CARTESIAN_POINT('',(14.147458195439,-4.257483628788,2.6200001));
#4108 = CARTESIAN_POINT('',(14.147458195439,-4.257483628788,2.6100001));
#4109 = B_SPLINE_SURFACE_WITH_KNOTS('',1,1,(
    (#4110,#4111)
    ,(#4112,#4113
    )),.UNSPECIFIED.,.F.,.F.,.F.,(2,2),(2,2),(-1.E-02,0.),(0.,
    4.921520803836E-02),.PIECEWISE_BEZIER_KNOTS.);
#4110 = CARTESIAN_POINT('',(14.0982429874,-4.257483628788,2.6100001));
#4111 = CARTESIAN_POINT('',(14.147458195439,-4.257483628788,2.6100001));
#4112 = CARTESIAN_POINT('',(14.0982429874,-4.257483628788,2.6200001));
#4113 = CARTESIAN_POINT('',(14.147458195439,-4.257483628788,2.6200001));
#4114 = ADVANCED_FACE('',(#4115),#4133,.T.);
#4115 = FACE_BOUND('',#4116,.T.);
#4116 = EDGE_LOOP('',(#4117,#4126,#4127,#4128));
#4117 = ORIENTED_EDGE('',*,*,#4118,.F.);
#4118 = EDGE_CURVE('',#4097,#4119,#4121,.T.);
#4119 = VERTEX_POINT('',#4120);
#4120 = CARTESIAN_POINT('',(14.248228066829,-4.222131859634,2.6100001));
#4121 = B_SPLINE_CURVE_WITH_KNOTS('',3,(#4122,#4123,#4124,#4125),
  .UNSPECIFIED.,.F.,.F.,(4,4),(2.,3.),.PIECEWISE_BEZIER_KNOTS.);
#4122 = CARTESIAN_POINT('',(14.147458195439,-4.257483628788,2.6100001));
#4123 = CARTESIAN_POINT('',(14.190521502472,-4.257483628788,2.6100001));
#4124 = CARTESIAN_POINT('',(14.224140341767,-4.245699705736,2.6100001));
#4125 = CARTESIAN_POINT('',(14.248228066829,-4.222131859634,2.6100001));
#4126 = ORIENTED_EDGE('',*,*,#4105,.F.);
#4127 = ORIENTED_EDGE('',*,*,#3896,.T.);
#4128 = ORIENTED_EDGE('',*,*,#4129,.T.);
#4129 = EDGE_CURVE('',#3888,#4119,#4130,.T.);
#4130 = B_SPLINE_CURVE_WITH_KNOTS('',1,(#4131,#4132),.UNSPECIFIED.,.F.,
  .F.,(2,2),(-0.,1.E-02),.PIECEWISE_BEZIER_KNOTS.);
#4131 = CARTESIAN_POINT('',(14.248228066829,-4.222131859634,2.6200001));
#4132 = CARTESIAN_POINT('',(14.248228066829,-4.222131859634,2.6100001));
#4133 = B_SPLINE_SURFACE_WITH_KNOTS('',3,1,(
    (#4134,#4135)
    ,(#4136,#4137)
    ,(#4138,#4139)
    ,(#4140,#4141
    )),.UNSPECIFIED.,.F.,.F.,.F.,(4,4),(2,2),(2.,3.),(0.,1.),
  .PIECEWISE_BEZIER_KNOTS.);
#4134 = CARTESIAN_POINT('',(14.147458195439,-4.257483628788,2.6200001));
#4135 = CARTESIAN_POINT('',(14.147458195439,-4.257483628788,2.6100001));
#4136 = CARTESIAN_POINT('',(14.190521502472,-4.257483628788,2.6200001));
#4137 = CARTESIAN_POINT('',(14.190521502472,-4.257483628788,2.6100001));
#4138 = CARTESIAN_POINT('',(14.224140341767,-4.245699705736,2.6200001));
#4139 = CARTESIAN_POINT('',(14.224140341767,-4.245699705736,2.6100001));
#4140 = CARTESIAN_POINT('',(14.248228066829,-4.222131859634,2.6200001));
#4141 = CARTESIAN_POINT('',(14.248228066829,-4.222131859634,2.6100001));
#4142 = ADVANCED_FACE('',(#4143),#4161,.T.);
#4143 = FACE_BOUND('',#4144,.T.);
#4144 = EDGE_LOOP('',(#4145,#4154,#4155,#4156));
#4145 = ORIENTED_EDGE('',*,*,#4146,.F.);
#4146 = EDGE_CURVE('',#4119,#4147,#4149,.T.);
#4147 = VERTEX_POINT('',#4148);
#4148 = CARTESIAN_POINT('',(14.284446300914,-4.123528150569,2.6100001));
#4149 = B_SPLINE_CURVE_WITH_KNOTS('',3,(#4150,#4151,#4152,#4153),
  .UNSPECIFIED.,.F.,.F.,(4,4),(3.,4.),.PIECEWISE_BEZIER_KNOTS.);
#4150 = CARTESIAN_POINT('',(14.248228066829,-4.222131859634,2.6100001));
#4151 = CARTESIAN_POINT('',(14.272402438383,-4.198737306516,2.6100001));
#4152 = CARTESIAN_POINT('',(14.284446300914,-4.165811639166,2.6100001));
#4153 = CARTESIAN_POINT('',(14.284446300914,-4.123528150569,2.6100001));
#4154 = ORIENTED_EDGE('',*,*,#4129,.F.);
#4155 = ORIENTED_EDGE('',*,*,#3887,.T.);
#4156 = ORIENTED_EDGE('',*,*,#4157,.T.);
#4157 = EDGE_CURVE('',#3879,#4147,#4158,.T.);
#4158 = B_SPLINE_CURVE_WITH_KNOTS('',1,(#4159,#4160),.UNSPECIFIED.,.F.,
  .F.,(2,2),(-0.,1.E-02),.PIECEWISE_BEZIER_KNOTS.);
#4159 = CARTESIAN_POINT('',(14.284446300914,-4.123528150569,2.6200001));
#4160 = CARTESIAN_POINT('',(14.284446300914,-4.123528150569,2.6100001));
#4161 = B_SPLINE_SURFACE_WITH_KNOTS('',3,1,(
    (#4162,#4163)
    ,(#4164,#4165)
    ,(#4166,#4167)
    ,(#4168,#4169
    )),.UNSPECIFIED.,.F.,.F.,.F.,(4,4),(2,2),(3.,4.),(0.,1.),
  .PIECEWISE_BEZIER_KNOTS.);
#4162 = CARTESIAN_POINT('',(14.248228066829,-4.222131859634,2.6200001));
#4163 = CARTESIAN_POINT('',(14.248228066829,-4.222131859634,2.6100001));
#4164 = CARTESIAN_POINT('',(14.272402438383,-4.198737306516,2.6200001));
#4165 = CARTESIAN_POINT('',(14.272402438383,-4.198737306516,2.6100001));
#4166 = CARTESIAN_POINT('',(14.284446300914,-4.165811639166,2.6200001));
#4167 = CARTESIAN_POINT('',(14.284446300914,-4.165811639166,2.6100001));
#4168 = CARTESIAN_POINT('',(14.284446300914,-4.123528150569,2.6200001));
#4169 = CARTESIAN_POINT('',(14.284446300914,-4.123528150569,2.6100001));
#4170 = ADVANCED_FACE('',(#4171),#4189,.T.);
#4171 = FACE_BOUND('',#4172,.T.);
#4172 = EDGE_LOOP('',(#4173,#4182,#4183,#4184));
#4173 = ORIENTED_EDGE('',*,*,#4174,.F.);
#4174 = EDGE_CURVE('',#4147,#4175,#4177,.T.);
#4175 = VERTEX_POINT('',#4176);
#4176 = CARTESIAN_POINT('',(14.247274955404,-4.028043715254,2.6100001));
#4177 = B_SPLINE_CURVE_WITH_KNOTS('',3,(#4178,#4179,#4180,#4181),
  .UNSPECIFIED.,.F.,.F.,(4,4),(4.,5.),.PIECEWISE_BEZIER_KNOTS.);
#4178 = CARTESIAN_POINT('',(14.284446300914,-4.123528150569,2.6100001));
#4179 = CARTESIAN_POINT('',(14.284446300914,-4.081244661972,2.6100001));
#4180 = CARTESIAN_POINT('',(14.272055852409,-4.049358752537,2.6100001));
#4181 = CARTESIAN_POINT('',(14.247274955404,-4.028043715254,2.6100001));
#4182 = ORIENTED_EDGE('',*,*,#4157,.F.);
#4183 = ORIENTED_EDGE('',*,*,#3878,.T.);
#4184 = ORIENTED_EDGE('',*,*,#4185,.T.);
#4185 = EDGE_CURVE('',#3870,#4175,#4186,.T.);
#4186 = B_SPLINE_CURVE_WITH_KNOTS('',1,(#4187,#4188),.UNSPECIFIED.,.F.,
  .F.,(2,2),(-0.,1.E-02),.PIECEWISE_BEZIER_KNOTS.);
#4187 = CARTESIAN_POINT('',(14.247274955404,-4.028043715254,2.6200001));
#4188 = CARTESIAN_POINT('',(14.247274955404,-4.028043715254,2.6100001));
#4189 = B_SPLINE_SURFACE_WITH_KNOTS('',3,1,(
    (#4190,#4191)
    ,(#4192,#4193)
    ,(#4194,#4195)
    ,(#4196,#4197
    )),.UNSPECIFIED.,.F.,.F.,.F.,(4,4),(2,2),(4.,5.),(0.,1.),
  .PIECEWISE_BEZIER_KNOTS.);
#4190 = CARTESIAN_POINT('',(14.284446300914,-4.123528150569,2.6200001));
#4191 = CARTESIAN_POINT('',(14.284446300914,-4.123528150569,2.6100001));
#4192 = CARTESIAN_POINT('',(14.284446300914,-4.081244661972,2.6200001));
#4193 = CARTESIAN_POINT('',(14.284446300914,-4.081244661972,2.6100001));
#4194 = CARTESIAN_POINT('',(14.272055852409,-4.049358752537,2.6200001));
#4195 = CARTESIAN_POINT('',(14.272055852409,-4.049358752537,2.6100001));
#4196 = CARTESIAN_POINT('',(14.247274955404,-4.028043715254,2.6200001));
#4197 = CARTESIAN_POINT('',(14.247274955404,-4.028043715254,2.6100001));
#4198 = ADVANCED_FACE('',(#4199),#4211,.T.);
#4199 = FACE_BOUND('',#4200,.T.);
#4200 = EDGE_LOOP('',(#4201,#4208,#4209,#4210));
#4201 = ORIENTED_EDGE('',*,*,#4202,.F.);
#4202 = EDGE_CURVE('',#4175,#4047,#4203,.T.);
#4203 = B_SPLINE_CURVE_WITH_KNOTS('',3,(#4204,#4205,#4206,#4207),
  .UNSPECIFIED.,.F.,.F.,(4,4),(5.,6.),.PIECEWISE_BEZIER_KNOTS.);
#4204 = CARTESIAN_POINT('',(14.247274955404,-4.028043715254,2.6100001));
#4205 = CARTESIAN_POINT('',(14.222494058397,-4.006728677968,2.6100001));
#4206 = CARTESIAN_POINT('',(14.189828330526,-3.99615780582,2.6100001));
#4207 = CARTESIAN_POINT('',(14.149451064776,-3.99615780582,2.6100001));
#4208 = ORIENTED_EDGE('',*,*,#4185,.F.);
#4209 = ORIENTED_EDGE('',*,*,#3869,.T.);
#4210 = ORIENTED_EDGE('',*,*,#4055,.T.);
#4211 = B_SPLINE_SURFACE_WITH_KNOTS('',3,1,(
    (#4212,#4213)
    ,(#4214,#4215)
    ,(#4216,#4217)
    ,(#4218,#4219
    )),.UNSPECIFIED.,.F.,.F.,.F.,(4,4),(2,2),(5.,6.),(0.,1.),
  .PIECEWISE_BEZIER_KNOTS.);
#4212 = CARTESIAN_POINT('',(14.247274955404,-4.028043715254,2.6200001));
#4213 = CARTESIAN_POINT('',(14.247274955404,-4.028043715254,2.6100001));
#4214 = CARTESIAN_POINT('',(14.222494058397,-4.006728677968,2.6200001));
#4215 = CARTESIAN_POINT('',(14.222494058397,-4.006728677968,2.6100001));
#4216 = CARTESIAN_POINT('',(14.189828330526,-3.99615780582,2.6200001));
#4217 = CARTESIAN_POINT('',(14.189828330526,-3.99615780582,2.6100001));
#4218 = CARTESIAN_POINT('',(14.149451064776,-3.99615780582,2.6200001));
#4219 = CARTESIAN_POINT('',(14.149451064776,-3.99615780582,2.6100001));
#4220 = ADVANCED_FACE('',(#4221),#4230,.T.);
#4221 = FACE_BOUND('',#4222,.T.);
#4222 = EDGE_LOOP('',(#4223,#4224,#4225,#4226,#4227,#4228,#4229));
#4223 = ORIENTED_EDGE('',*,*,#4046,.T.);
#4224 = ORIENTED_EDGE('',*,*,#4074,.T.);
#4225 = ORIENTED_EDGE('',*,*,#4096,.T.);
#4226 = ORIENTED_EDGE('',*,*,#4118,.T.);
#4227 = ORIENTED_EDGE('',*,*,#4146,.T.);
#4228 = ORIENTED_EDGE('',*,*,#4174,.T.);
#4229 = ORIENTED_EDGE('',*,*,#4202,.T.);
#4230 = B_SPLINE_SURFACE_WITH_KNOTS('',1,1,(
    (#4231,#4232)
    ,(#4233,#4234
    )),.UNSPECIFIED.,.F.,.F.,.F.,(2,2),(2,2),(14.0982429874,
    14.284446300914),(-4.257483628788,-3.99615780582),
  .PIECEWISE_BEZIER_KNOTS.);
#4231 = CARTESIAN_POINT('',(14.0982429874,-4.257483628788,2.6100001));
#4232 = CARTESIAN_POINT('',(14.0982429874,-3.99615780582,2.6100001));
#4233 = CARTESIAN_POINT('',(14.284446300914,-4.257483628788,2.6100001));
#4234 = CARTESIAN_POINT('',(14.284446300914,-3.99615780582,2.6100001));
#4235 = ADVANCED_FACE('',(#4236,#4294),#4342,.F.);
#4236 = FACE_BOUND('',#4237,.T.);
#4237 = EDGE_LOOP('',(#4238,#4247,#4254,#4261,#4268,#4275,#4282,#4289));
#4238 = ORIENTED_EDGE('',*,*,#4239,.T.);
#4239 = EDGE_CURVE('',#4240,#4242,#4244,.T.);
#4240 = VERTEX_POINT('',#4241);
#4241 = CARTESIAN_POINT('',(14.65425353315,-4.296127964677,2.6200001));
#4242 = VERTEX_POINT('',#4243);
#4243 = CARTESIAN_POINT('',(14.52515025854,-3.957166883958,2.6200001));
#4244 = B_SPLINE_CURVE_WITH_KNOTS('',1,(#4245,#4246),.UNSPECIFIED.,.F.,
  .F.,(2,2),(-0.362715135826,0.),.PIECEWISE_BEZIER_KNOTS.);
#4245 = CARTESIAN_POINT('',(14.65425353315,-4.296127964677,2.6200001));
#4246 = CARTESIAN_POINT('',(14.52515025854,-3.957166883958,2.6200001));
#4247 = ORIENTED_EDGE('',*,*,#4248,.T.);
#4248 = EDGE_CURVE('',#4242,#4249,#4251,.T.);
#4249 = VERTEX_POINT('',#4250);
#4250 = CARTESIAN_POINT('',(14.478361152306,-3.957166883958,2.6200001));
#4251 = B_SPLINE_CURVE_WITH_KNOTS('',1,(#4252,#4253),.UNSPECIFIED.,.F.,
  .F.,(2,2),(-4.678910623409E-02,-0.),.PIECEWISE_BEZIER_KNOTS.);
#4252 = CARTESIAN_POINT('',(14.52515025854,-3.957166883958,2.6200001));
#4253 = CARTESIAN_POINT('',(14.478361152306,-3.957166883958,2.6200001));
#4254 = ORIENTED_EDGE('',*,*,#4255,.T.);
#4255 = EDGE_CURVE('',#4249,#4256,#4258,.T.);
#4256 = VERTEX_POINT('',#4257);
#4257 = CARTESIAN_POINT('',(14.349257877698,-4.296127964677,2.6200001));
#4258 = B_SPLINE_CURVE_WITH_KNOTS('',1,(#4259,#4260),.UNSPECIFIED.,.F.,
  .F.,(2,2),(-0.362715135825,-0.),.PIECEWISE_BEZIER_KNOTS.);
#4259 = CARTESIAN_POINT('',(14.478361152306,-3.957166883958,2.6200001));
#4260 = CARTESIAN_POINT('',(14.349257877698,-4.296127964677,2.6200001));
#4261 = ORIENTED_EDGE('',*,*,#4262,.T.);
#4262 = EDGE_CURVE('',#4256,#4263,#4265,.T.);
#4263 = VERTEX_POINT('',#4264);
#4264 = CARTESIAN_POINT('',(14.397606620805,-4.296127964677,2.6200001));
#4265 = B_SPLINE_CURVE_WITH_KNOTS('',1,(#4266,#4267),.UNSPECIFIED.,.F.,
  .F.,(2,2),(-4.834874310678E-02,0.),.PIECEWISE_BEZIER_KNOTS.);
#4266 = CARTESIAN_POINT('',(14.349257877698,-4.296127964677,2.6200001));
#4267 = CARTESIAN_POINT('',(14.397606620805,-4.296127964677,2.6200001));
#4268 = ORIENTED_EDGE('',*,*,#4269,.T.);
#4269 = EDGE_CURVE('',#4263,#4270,#4272,.T.);
#4270 = VERTEX_POINT('',#4271);
#4271 = CARTESIAN_POINT('',(14.430185702183,-4.203416217138,2.6200001));
#4272 = B_SPLINE_CURVE_WITH_KNOTS('',1,(#4273,#4274),.UNSPECIFIED.,.F.,
  .F.,(2,2),(-9.826934758679E-02,0.),.PIECEWISE_BEZIER_KNOTS.);
#4273 = CARTESIAN_POINT('',(14.397606620805,-4.296127964677,2.6200001));
#4274 = CARTESIAN_POINT('',(14.430185702183,-4.203416217138,2.6200001));
#4275 = ORIENTED_EDGE('',*,*,#4276,.T.);
#4276 = EDGE_CURVE('',#4270,#4277,#4279,.T.);
#4277 = VERTEX_POINT('',#4278);
#4278 = CARTESIAN_POINT('',(14.571332839324,-4.203416217138,2.6200001));
#4279 = B_SPLINE_CURVE_WITH_KNOTS('',1,(#4280,#4281),.UNSPECIFIED.,.F.,
  .F.,(2,2),(-0.141147137141,0.),.PIECEWISE_BEZIER_KNOTS.);
#4280 = CARTESIAN_POINT('',(14.430185702183,-4.203416217138,2.6200001));
#4281 = CARTESIAN_POINT('',(14.571332839324,-4.203416217138,2.6200001));
#4282 = ORIENTED_EDGE('',*,*,#4283,.T.);
#4283 = EDGE_CURVE('',#4277,#4284,#4286,.T.);
#4284 = VERTEX_POINT('',#4285);
#4285 = CARTESIAN_POINT('',(14.605904790041,-4.296127964677,2.6200001));
#4286 = B_SPLINE_CURVE_WITH_KNOTS('',1,(#4287,#4288),.UNSPECIFIED.,.F.,
  .F.,(2,2),(-9.894790502139E-02,0.),.PIECEWISE_BEZIER_KNOTS.);
#4287 = CARTESIAN_POINT('',(14.571332839324,-4.203416217138,2.6200001));
#4288 = CARTESIAN_POINT('',(14.605904790041,-4.296127964677,2.6200001));
#4289 = ORIENTED_EDGE('',*,*,#4290,.T.);
#4290 = EDGE_CURVE('',#4284,#4240,#4291,.T.);
#4291 = B_SPLINE_CURVE_WITH_KNOTS('',1,(#4292,#4293),.UNSPECIFIED.,.F.,
  .F.,(2,2),(-4.834874310909E-02,0.),.PIECEWISE_BEZIER_KNOTS.);
#4292 = CARTESIAN_POINT('',(14.605904790041,-4.296127964677,2.6200001));
#4293 = CARTESIAN_POINT('',(14.65425353315,-4.296127964677,2.6200001));
#4294 = FACE_BOUND('',#4295,.T.);
#4295 = EDGE_LOOP('',(#4296,#4305,#4312,#4321,#4328,#4337));
#4296 = ORIENTED_EDGE('',*,*,#4297,.F.);
#4297 = EDGE_CURVE('',#4298,#4300,#4302,.T.);
#4298 = VERTEX_POINT('',#4299);
#4299 = CARTESIAN_POINT('',(14.444049141067,-4.16511846722,2.6200001));
#4300 = VERTEX_POINT('',#4301);
#4301 = CARTESIAN_POINT('',(14.557815986411,-4.16511846722,2.6200001));
#4302 = B_SPLINE_CURVE_WITH_KNOTS('',1,(#4303,#4304),.UNSPECIFIED.,.F.,
  .F.,(2,2),(0.,0.113766845343),.PIECEWISE_BEZIER_KNOTS.);
#4303 = CARTESIAN_POINT('',(14.444049141067,-4.16511846722,2.6200001));
#4304 = CARTESIAN_POINT('',(14.557815986411,-4.16511846722,2.6200001));
#4305 = ORIENTED_EDGE('',*,*,#4306,.F.);
#4306 = EDGE_CURVE('',#4307,#4298,#4309,.T.);
#4307 = VERTEX_POINT('',#4308);
#4308 = CARTESIAN_POINT('',(14.494737339488,-4.024231269561,2.6200001));
#4309 = B_SPLINE_CURVE_WITH_KNOTS('',1,(#4310,#4311),.UNSPECIFIED.,.F.,
  .F.,(2,2),(2.343758245684E-16,0.149728073265),
  .PIECEWISE_BEZIER_KNOTS.);
#4310 = CARTESIAN_POINT('',(14.494737339488,-4.024231269561,2.6200001));
#4311 = CARTESIAN_POINT('',(14.444049141067,-4.16511846722,2.6200001));
#4312 = ORIENTED_EDGE('',*,*,#4313,.F.);
#4313 = EDGE_CURVE('',#4314,#4307,#4316,.T.);
#4314 = VERTEX_POINT('',#4315);
#4315 = CARTESIAN_POINT('',(14.500282715042,-4.000490130471,2.6200001));
#4316 = B_SPLINE_CURVE_WITH_KNOTS('',3,(#4317,#4318,#4319,#4320),
  .UNSPECIFIED.,.F.,.F.,(4,4),(3.,4.),.PIECEWISE_BEZIER_KNOTS.);
#4317 = CARTESIAN_POINT('',(14.500282715042,-4.000490130471,2.6200001));
#4318 = CARTESIAN_POINT('',(14.498636431674,-4.010714416648,2.6200001));
#4319 = CARTESIAN_POINT('',(14.49681685532,-4.018685894006,2.6200001));
#4320 = CARTESIAN_POINT('',(14.494737339488,-4.024231269561,2.6200001));
#4321 = ORIENTED_EDGE('',*,*,#4322,.F.);
#4322 = EDGE_CURVE('',#4323,#4314,#4325,.T.);
#4323 = VERTEX_POINT('',#4324);
#4324 = CARTESIAN_POINT('',(14.501322472957,-4.000490130471,2.6200001));
#4325 = B_SPLINE_CURVE_WITH_KNOTS('',1,(#4326,#4327),.UNSPECIFIED.,.F.,
  .F.,(2,2),(1.7763568394E-15,1.039757915134E-03),
  .PIECEWISE_BEZIER_KNOTS.);
#4326 = CARTESIAN_POINT('',(14.501322472957,-4.000490130471,2.6200001));
#4327 = CARTESIAN_POINT('',(14.500282715042,-4.000490130471,2.6200001));
#4328 = ORIENTED_EDGE('',*,*,#4329,.F.);
#4329 = EDGE_CURVE('',#4330,#4323,#4332,.T.);
#4330 = VERTEX_POINT('',#4331);
#4331 = CARTESIAN_POINT('',(14.506607909033,-4.024231269561,2.6200001));
#4332 = B_SPLINE_CURVE_WITH_KNOTS('',3,(#4333,#4334,#4335,#4336),
  .UNSPECIFIED.,.F.,.F.,(4,4),(1.,2.),.PIECEWISE_BEZIER_KNOTS.);
#4333 = CARTESIAN_POINT('',(14.506607909033,-4.024231269561,2.6200001));
#4334 = CARTESIAN_POINT('',(14.504961625665,-4.019552358938,2.6200001));
#4335 = CARTESIAN_POINT('',(14.503228695804,-4.011754174565,2.6200001));
#4336 = CARTESIAN_POINT('',(14.501322472957,-4.000490130471,2.6200001));
#4337 = ORIENTED_EDGE('',*,*,#4338,.F.);
#4338 = EDGE_CURVE('',#4300,#4330,#4339,.T.);
#4339 = B_SPLINE_CURVE_WITH_KNOTS('',1,(#4340,#4341),.UNSPECIFIED.,.F.,
  .F.,(2,2),(0.,0.149904868677),.PIECEWISE_BEZIER_KNOTS.);
#4340 = CARTESIAN_POINT('',(14.557815986411,-4.16511846722,2.6200001));
#4341 = CARTESIAN_POINT('',(14.506607909033,-4.024231269561,2.6200001));
#4342 = B_SPLINE_SURFACE_WITH_KNOTS('',1,1,(
    (#4343,#4344)
    ,(#4345,#4346
    )),.UNSPECIFIED.,.F.,.F.,.F.,(2,2),(2,2),(-14.65425353315,
    -14.34925787769),(-4.296127964677,-3.957166883958),
  .PIECEWISE_BEZIER_KNOTS.);
#4343 = CARTESIAN_POINT('',(14.65425353315,-4.296127964677,2.6200001));
#4344 = CARTESIAN_POINT('',(14.65425353315,-3.957166883958,2.6200001));
#4345 = CARTESIAN_POINT('',(14.349257877698,-4.296127964677,2.6200001));
#4346 = CARTESIAN_POINT('',(14.349257877698,-3.957166883958,2.6200001));
#4347 = ADVANCED_FACE('',(#4348),#4362,.F.);
#4348 = FACE_BOUND('',#4349,.T.);
#4349 = EDGE_LOOP('',(#4350,#4351,#4356,#4357));
#4350 = ORIENTED_EDGE('',*,*,#1447,.T.);
#4351 = ORIENTED_EDGE('',*,*,#4352,.F.);
#4352 = EDGE_CURVE('',#4242,#1439,#4353,.T.);
#4353 = B_SPLINE_CURVE_WITH_KNOTS('',1,(#4354,#4355),.UNSPECIFIED.,.F.,
  .F.,(2,2),(-0.,1.E-02),.PIECEWISE_BEZIER_KNOTS.);
#4354 = CARTESIAN_POINT('',(14.52515025854,-3.957166883958,2.6200001));
#4355 = CARTESIAN_POINT('',(14.52515025854,-3.957166883958,2.6100001));
#4356 = ORIENTED_EDGE('',*,*,#4239,.F.);
#4357 = ORIENTED_EDGE('',*,*,#4358,.T.);
#4358 = EDGE_CURVE('',#4240,#1448,#4359,.T.);
#4359 = B_SPLINE_CURVE_WITH_KNOTS('',1,(#4360,#4361),.UNSPECIFIED.,.F.,
  .F.,(2,2),(-0.,1.E-02),.PIECEWISE_BEZIER_KNOTS.);
#4360 = CARTESIAN_POINT('',(14.65425353315,-4.296127964677,2.6200001));
#4361 = CARTESIAN_POINT('',(14.65425353315,-4.296127964677,2.6100001));
#4362 = B_SPLINE_SURFACE_WITH_KNOTS('',1,1,(
    (#4363,#4364)
    ,(#4365,#4366
    )),.UNSPECIFIED.,.F.,.F.,.F.,(2,2),(2,2),(0.,0.362715135826),(
    -1.E-02,0.),.PIECEWISE_BEZIER_KNOTS.);
#4363 = CARTESIAN_POINT('',(14.52515025854,-3.957166883958,2.6100001));
#4364 = CARTESIAN_POINT('',(14.52515025854,-3.957166883958,2.6200001));
#4365 = CARTESIAN_POINT('',(14.65425353315,-4.296127964677,2.6100001));
#4366 = CARTESIAN_POINT('',(14.65425353315,-4.296127964677,2.6200001));
#4367 = ADVANCED_FACE('',(#4368),#4378,.F.);
#4368 = FACE_BOUND('',#4369,.T.);
#4369 = EDGE_LOOP('',(#4370,#4371,#4376,#4377));
#4370 = ORIENTED_EDGE('',*,*,#1438,.T.);
#4371 = ORIENTED_EDGE('',*,*,#4372,.F.);
#4372 = EDGE_CURVE('',#4249,#1441,#4373,.T.);
#4373 = B_SPLINE_CURVE_WITH_KNOTS('',1,(#4374,#4375),.UNSPECIFIED.,.F.,
  .F.,(2,2),(-0.,1.E-02),.PIECEWISE_BEZIER_KNOTS.);
#4374 = CARTESIAN_POINT('',(14.478361152306,-3.957166883958,2.6200001));
#4375 = CARTESIAN_POINT('',(14.478361152306,-3.957166883958,2.6100001));
#4376 = ORIENTED_EDGE('',*,*,#4248,.F.);
#4377 = ORIENTED_EDGE('',*,*,#4352,.T.);
#4378 = B_SPLINE_SURFACE_WITH_KNOTS('',1,1,(
    (#4379,#4380)
    ,(#4381,#4382
    )),.UNSPECIFIED.,.F.,.F.,.F.,(2,2),(2,2),(0.,1.E-02),(0.,
    4.678910623409E-02),.PIECEWISE_BEZIER_KNOTS.);
#4379 = CARTESIAN_POINT('',(14.478361152306,-3.957166883958,2.6200001));
#4380 = CARTESIAN_POINT('',(14.52515025854,-3.957166883958,2.6200001));
#4381 = CARTESIAN_POINT('',(14.478361152306,-3.957166883958,2.6100001));
#4382 = CARTESIAN_POINT('',(14.52515025854,-3.957166883958,2.6100001));
#4383 = ADVANCED_FACE('',(#4384),#4394,.F.);
#4384 = FACE_BOUND('',#4385,.T.);
#4385 = EDGE_LOOP('',(#4386,#4387,#4392,#4393));
#4386 = ORIENTED_EDGE('',*,*,#1489,.T.);
#4387 = ORIENTED_EDGE('',*,*,#4388,.F.);
#4388 = EDGE_CURVE('',#4256,#1483,#4389,.T.);
#4389 = B_SPLINE_CURVE_WITH_KNOTS('',1,(#4390,#4391),.UNSPECIFIED.,.F.,
  .F.,(2,2),(-0.,1.E-02),.PIECEWISE_BEZIER_KNOTS.);
#4390 = CARTESIAN_POINT('',(14.349257877698,-4.296127964677,2.6200001));
#4391 = CARTESIAN_POINT('',(14.349257877698,-4.296127964677,2.6100001));
#4392 = ORIENTED_EDGE('',*,*,#4255,.F.);
#4393 = ORIENTED_EDGE('',*,*,#4372,.T.);
#4394 = B_SPLINE_SURFACE_WITH_KNOTS('',1,1,(
    (#4395,#4396)
    ,(#4397,#4398
    )),.UNSPECIFIED.,.F.,.F.,.F.,(2,2),(2,2),(0.,0.362715135825),(
    -1.E-02,0.),.PIECEWISE_BEZIER_KNOTS.);
#4395 = CARTESIAN_POINT('',(14.349257877698,-4.296127964677,2.6100001));
#4396 = CARTESIAN_POINT('',(14.349257877698,-4.296127964677,2.6200001));
#4397 = CARTESIAN_POINT('',(14.478361152306,-3.957166883958,2.6100001));
#4398 = CARTESIAN_POINT('',(14.478361152306,-3.957166883958,2.6200001));
#4399 = ADVANCED_FACE('',(#4400),#4410,.F.);
#4400 = FACE_BOUND('',#4401,.T.);
#4401 = EDGE_LOOP('',(#4402,#4403,#4408,#4409));
#4402 = ORIENTED_EDGE('',*,*,#1482,.T.);
#4403 = ORIENTED_EDGE('',*,*,#4404,.F.);
#4404 = EDGE_CURVE('',#4263,#1476,#4405,.T.);
#4405 = B_SPLINE_CURVE_WITH_KNOTS('',1,(#4406,#4407),.UNSPECIFIED.,.F.,
  .F.,(2,2),(-0.,1.E-02),.PIECEWISE_BEZIER_KNOTS.);
#4406 = CARTESIAN_POINT('',(14.397606620805,-4.296127964677,2.6200001));
#4407 = CARTESIAN_POINT('',(14.397606620805,-4.296127964677,2.6100001));
#4408 = ORIENTED_EDGE('',*,*,#4262,.F.);
#4409 = ORIENTED_EDGE('',*,*,#4388,.T.);
#4410 = B_SPLINE_SURFACE_WITH_KNOTS('',1,1,(
    (#4411,#4412)
    ,(#4413,#4414)),.UNSPECIFIED.,.F.,.F.,.F.,(2,2),(2,2),(-1.E-02,0.),(
    -4.834874310678E-02,0.),.PIECEWISE_BEZIER_KNOTS.);
#4411 = CARTESIAN_POINT('',(14.349257877698,-4.296127964677,2.6100001));
#4412 = CARTESIAN_POINT('',(14.397606620805,-4.296127964677,2.6100001));
#4413 = CARTESIAN_POINT('',(14.349257877698,-4.296127964677,2.6200001));
#4414 = CARTESIAN_POINT('',(14.397606620805,-4.296127964677,2.6200001));
#4415 = ADVANCED_FACE('',(#4416),#4426,.F.);
#4416 = FACE_BOUND('',#4417,.T.);
#4417 = EDGE_LOOP('',(#4418,#4419,#4424,#4425));
#4418 = ORIENTED_EDGE('',*,*,#1475,.T.);
#4419 = ORIENTED_EDGE('',*,*,#4420,.F.);
#4420 = EDGE_CURVE('',#4270,#1469,#4421,.T.);
#4421 = B_SPLINE_CURVE_WITH_KNOTS('',1,(#4422,#4423),.UNSPECIFIED.,.F.,
  .F.,(2,2),(-0.,1.E-02),.PIECEWISE_BEZIER_KNOTS.);
#4422 = CARTESIAN_POINT('',(14.430185702183,-4.203416217138,2.6200001));
#4423 = CARTESIAN_POINT('',(14.430185702183,-4.203416217138,2.6100001));
#4424 = ORIENTED_EDGE('',*,*,#4269,.F.);
#4425 = ORIENTED_EDGE('',*,*,#4404,.T.);
#4426 = B_SPLINE_SURFACE_WITH_KNOTS('',1,1,(
    (#4427,#4428)
    ,(#4429,#4430
    )),.UNSPECIFIED.,.F.,.F.,.F.,(2,2),(2,2),(-0.,9.826934758679E-02),(
    -1.E-02,0.),.PIECEWISE_BEZIER_KNOTS.);
#4427 = CARTESIAN_POINT('',(14.430185702183,-4.203416217138,2.6100001));
#4428 = CARTESIAN_POINT('',(14.430185702183,-4.203416217138,2.6200001));
#4429 = CARTESIAN_POINT('',(14.397606620805,-4.296127964677,2.6100001));
#4430 = CARTESIAN_POINT('',(14.397606620805,-4.296127964677,2.6200001));
#4431 = ADVANCED_FACE('',(#4432),#4442,.F.);
#4432 = FACE_BOUND('',#4433,.T.);
#4433 = EDGE_LOOP('',(#4434,#4435,#4440,#4441));
#4434 = ORIENTED_EDGE('',*,*,#1468,.T.);
#4435 = ORIENTED_EDGE('',*,*,#4436,.F.);
#4436 = EDGE_CURVE('',#4277,#1462,#4437,.T.);
#4437 = B_SPLINE_CURVE_WITH_KNOTS('',1,(#4438,#4439),.UNSPECIFIED.,.F.,
  .F.,(2,2),(-0.,1.E-02),.PIECEWISE_BEZIER_KNOTS.);
#4438 = CARTESIAN_POINT('',(14.571332839324,-4.203416217138,2.6200001));
#4439 = CARTESIAN_POINT('',(14.571332839324,-4.203416217138,2.6100001));
#4440 = ORIENTED_EDGE('',*,*,#4276,.F.);
#4441 = ORIENTED_EDGE('',*,*,#4420,.T.);
#4442 = B_SPLINE_SURFACE_WITH_KNOTS('',1,1,(
    (#4443,#4444)
    ,(#4445,#4446
    )),.UNSPECIFIED.,.F.,.F.,.F.,(2,2),(2,2),(-1.E-02,0.),(
    -0.141147137141,0.),.PIECEWISE_BEZIER_KNOTS.);
#4443 = CARTESIAN_POINT('',(14.430185702183,-4.203416217138,2.6100001));
#4444 = CARTESIAN_POINT('',(14.571332839324,-4.203416217138,2.6100001));
#4445 = CARTESIAN_POINT('',(14.430185702183,-4.203416217138,2.6200001));
#4446 = CARTESIAN_POINT('',(14.571332839324,-4.203416217138,2.6200001));
#4447 = ADVANCED_FACE('',(#4448),#4458,.F.);
#4448 = FACE_BOUND('',#4449,.T.);
#4449 = EDGE_LOOP('',(#4450,#4451,#4456,#4457));
#4450 = ORIENTED_EDGE('',*,*,#1461,.T.);
#4451 = ORIENTED_EDGE('',*,*,#4452,.F.);
#4452 = EDGE_CURVE('',#4284,#1455,#4453,.T.);
#4453 = B_SPLINE_CURVE_WITH_KNOTS('',1,(#4454,#4455),.UNSPECIFIED.,.F.,
  .F.,(2,2),(-0.,1.E-02),.PIECEWISE_BEZIER_KNOTS.);
#4454 = CARTESIAN_POINT('',(14.605904790041,-4.296127964677,2.6200001));
#4455 = CARTESIAN_POINT('',(14.605904790041,-4.296127964677,2.6100001));
#4456 = ORIENTED_EDGE('',*,*,#4283,.F.);
#4457 = ORIENTED_EDGE('',*,*,#4436,.T.);
#4458 = B_SPLINE_SURFACE_WITH_KNOTS('',1,1,(
    (#4459,#4460)
    ,(#4461,#4462
    )),.UNSPECIFIED.,.F.,.F.,.F.,(2,2),(2,2),(0.,9.894790502139E-02),(
    -1.E-02,0.),.PIECEWISE_BEZIER_KNOTS.);
#4459 = CARTESIAN_POINT('',(14.605904790041,-4.296127964677,2.6100001));
#4460 = CARTESIAN_POINT('',(14.605904790041,-4.296127964677,2.6200001));
#4461 = CARTESIAN_POINT('',(14.571332839324,-4.203416217138,2.6100001));
#4462 = CARTESIAN_POINT('',(14.571332839324,-4.203416217138,2.6200001));
#4463 = ADVANCED_FACE('',(#4464),#4470,.F.);
#4464 = FACE_BOUND('',#4465,.T.);
#4465 = EDGE_LOOP('',(#4466,#4467,#4468,#4469));
#4466 = ORIENTED_EDGE('',*,*,#1454,.T.);
#4467 = ORIENTED_EDGE('',*,*,#4358,.F.);
#4468 = ORIENTED_EDGE('',*,*,#4290,.F.);
#4469 = ORIENTED_EDGE('',*,*,#4452,.T.);
#4470 = B_SPLINE_SURFACE_WITH_KNOTS('',1,1,(
    (#4471,#4472)
    ,(#4473,#4474)),.UNSPECIFIED.,.F.,.F.,.F.,(2,2),(2,2),(-1.E-02,0.),(
    -4.834874310909E-02,0.),.PIECEWISE_BEZIER_KNOTS.);
#4471 = CARTESIAN_POINT('',(14.605904790041,-4.296127964677,2.6100001));
#4472 = CARTESIAN_POINT('',(14.65425353315,-4.296127964677,2.6100001));
#4473 = CARTESIAN_POINT('',(14.605904790041,-4.296127964677,2.6200001));
#4474 = CARTESIAN_POINT('',(14.65425353315,-4.296127964677,2.6200001));
#4475 = ADVANCED_FACE('',(#4476),#4498,.T.);
#4476 = FACE_BOUND('',#4477,.T.);
#4477 = EDGE_LOOP('',(#4478,#4487,#4492,#4493));
#4478 = ORIENTED_EDGE('',*,*,#4479,.F.);
#4479 = EDGE_CURVE('',#4480,#4482,#4484,.T.);
#4480 = VERTEX_POINT('',#4481);
#4481 = CARTESIAN_POINT('',(14.444049141067,-4.16511846722,2.6100001));
#4482 = VERTEX_POINT('',#4483);
#4483 = CARTESIAN_POINT('',(14.557815986411,-4.16511846722,2.6100001));
#4484 = B_SPLINE_CURVE_WITH_KNOTS('',1,(#4485,#4486),.UNSPECIFIED.,.F.,
  .F.,(2,2),(1.7763568394E-15,0.113766845343),.PIECEWISE_BEZIER_KNOTS.);
#4485 = CARTESIAN_POINT('',(14.444049141067,-4.16511846722,2.6100001));
#4486 = CARTESIAN_POINT('',(14.557815986411,-4.16511846722,2.6100001));
#4487 = ORIENTED_EDGE('',*,*,#4488,.F.);
#4488 = EDGE_CURVE('',#4298,#4480,#4489,.T.);
#4489 = B_SPLINE_CURVE_WITH_KNOTS('',1,(#4490,#4491),.UNSPECIFIED.,.F.,
  .F.,(2,2),(-0.,1.E-02),.PIECEWISE_BEZIER_KNOTS.);
#4490 = CARTESIAN_POINT('',(14.444049141067,-4.16511846722,2.6200001));
#4491 = CARTESIAN_POINT('',(14.444049141067,-4.16511846722,2.6100001));
#4492 = ORIENTED_EDGE('',*,*,#4297,.T.);
#4493 = ORIENTED_EDGE('',*,*,#4494,.T.);
#4494 = EDGE_CURVE('',#4300,#4482,#4495,.T.);
#4495 = B_SPLINE_CURVE_WITH_KNOTS('',1,(#4496,#4497),.UNSPECIFIED.,.F.,
  .F.,(2,2),(-0.,1.E-02),.PIECEWISE_BEZIER_KNOTS.);
#4496 = CARTESIAN_POINT('',(14.557815986411,-4.16511846722,2.6200001));
#4497 = CARTESIAN_POINT('',(14.557815986411,-4.16511846722,2.6100001));
#4498 = B_SPLINE_SURFACE_WITH_KNOTS('',1,1,(
    (#4499,#4500)
    ,(#4501,#4502
    )),.UNSPECIFIED.,.F.,.F.,.F.,(2,2),(2,2),(-1.E-02,0.),(0.,
    0.113766845343),.PIECEWISE_BEZIER_KNOTS.);
#4499 = CARTESIAN_POINT('',(14.444049141067,-4.16511846722,2.6100001));
#4500 = CARTESIAN_POINT('',(14.557815986411,-4.16511846722,2.6100001));
#4501 = CARTESIAN_POINT('',(14.444049141067,-4.16511846722,2.6200001));
#4502 = CARTESIAN_POINT('',(14.557815986411,-4.16511846722,2.6200001));
#4503 = ADVANCED_FACE('',(#4504),#4520,.T.);
#4504 = FACE_BOUND('',#4505,.T.);
#4505 = EDGE_LOOP('',(#4506,#4513,#4514,#4515));
#4506 = ORIENTED_EDGE('',*,*,#4507,.F.);
#4507 = EDGE_CURVE('',#4482,#4508,#4510,.T.);
#4508 = VERTEX_POINT('',#4509);
#4509 = CARTESIAN_POINT('',(14.506607909033,-4.024231269561,2.6100001));
#4510 = B_SPLINE_CURVE_WITH_KNOTS('',1,(#4511,#4512),.UNSPECIFIED.,.F.,
  .F.,(2,2),(-8.347491957901E-16,0.149904868677),
  .PIECEWISE_BEZIER_KNOTS.);
#4511 = CARTESIAN_POINT('',(14.557815986411,-4.16511846722,2.6100001));
#4512 = CARTESIAN_POINT('',(14.506607909033,-4.024231269561,2.6100001));
#4513 = ORIENTED_EDGE('',*,*,#4494,.F.);
#4514 = ORIENTED_EDGE('',*,*,#4338,.T.);
#4515 = ORIENTED_EDGE('',*,*,#4516,.T.);
#4516 = EDGE_CURVE('',#4330,#4508,#4517,.T.);
#4517 = B_SPLINE_CURVE_WITH_KNOTS('',1,(#4518,#4519),.UNSPECIFIED.,.F.,
  .F.,(2,2),(-0.,1.E-02),.PIECEWISE_BEZIER_KNOTS.);
#4518 = CARTESIAN_POINT('',(14.506607909033,-4.024231269561,2.6200001));
#4519 = CARTESIAN_POINT('',(14.506607909033,-4.024231269561,2.6100001));
#4520 = B_SPLINE_SURFACE_WITH_KNOTS('',1,1,(
    (#4521,#4522)
    ,(#4523,#4524
    )),.UNSPECIFIED.,.F.,.F.,.F.,(2,2),(2,2),(-0.149904868677,
    8.347491957901E-16),(-1.E-02,0.),.PIECEWISE_BEZIER_KNOTS.);
#4521 = CARTESIAN_POINT('',(14.506607909033,-4.024231269561,2.6100001));
#4522 = CARTESIAN_POINT('',(14.506607909033,-4.024231269561,2.6200001));
#4523 = CARTESIAN_POINT('',(14.557815986411,-4.16511846722,2.6100001));
#4524 = CARTESIAN_POINT('',(14.557815986411,-4.16511846722,2.6200001));
#4525 = ADVANCED_FACE('',(#4526),#4544,.T.);
#4526 = FACE_BOUND('',#4527,.T.);
#4527 = EDGE_LOOP('',(#4528,#4537,#4538,#4539));
#4528 = ORIENTED_EDGE('',*,*,#4529,.F.);
#4529 = EDGE_CURVE('',#4508,#4530,#4532,.T.);
#4530 = VERTEX_POINT('',#4531);
#4531 = CARTESIAN_POINT('',(14.501322472957,-4.000490130471,2.6100001));
#4532 = B_SPLINE_CURVE_WITH_KNOTS('',3,(#4533,#4534,#4535,#4536),
  .UNSPECIFIED.,.F.,.F.,(4,4),(1.,2.),.PIECEWISE_BEZIER_KNOTS.);
#4533 = CARTESIAN_POINT('',(14.506607909033,-4.024231269561,2.6100001));
#4534 = CARTESIAN_POINT('',(14.504961625665,-4.019552358938,2.6100001));
#4535 = CARTESIAN_POINT('',(14.503228695804,-4.011754174565,2.6100001));
#4536 = CARTESIAN_POINT('',(14.501322472957,-4.000490130471,2.6100001));
#4537 = ORIENTED_EDGE('',*,*,#4516,.F.);
#4538 = ORIENTED_EDGE('',*,*,#4329,.T.);
#4539 = ORIENTED_EDGE('',*,*,#4540,.T.);
#4540 = EDGE_CURVE('',#4323,#4530,#4541,.T.);
#4541 = B_SPLINE_CURVE_WITH_KNOTS('',1,(#4542,#4543),.UNSPECIFIED.,.F.,
  .F.,(2,2),(-0.,1.E-02),.PIECEWISE_BEZIER_KNOTS.);
#4542 = CARTESIAN_POINT('',(14.501322472957,-4.000490130471,2.6200001));
#4543 = CARTESIAN_POINT('',(14.501322472957,-4.000490130471,2.6100001));
#4544 = B_SPLINE_SURFACE_WITH_KNOTS('',3,1,(
    (#4545,#4546)
    ,(#4547,#4548)
    ,(#4549,#4550)
    ,(#4551,#4552
    )),.UNSPECIFIED.,.F.,.F.,.F.,(4,4),(2,2),(1.,2.),(0.,1.),
  .PIECEWISE_BEZIER_KNOTS.);
#4545 = CARTESIAN_POINT('',(14.506607909033,-4.024231269561,2.6200001));
#4546 = CARTESIAN_POINT('',(14.506607909033,-4.024231269561,2.6100001));
#4547 = CARTESIAN_POINT('',(14.504961625665,-4.019552358938,2.6200001));
#4548 = CARTESIAN_POINT('',(14.504961625665,-4.019552358938,2.6100001));
#4549 = CARTESIAN_POINT('',(14.503228695804,-4.011754174565,2.6200001));
#4550 = CARTESIAN_POINT('',(14.503228695804,-4.011754174565,2.6100001));
#4551 = CARTESIAN_POINT('',(14.501322472957,-4.000490130471,2.6200001));
#4552 = CARTESIAN_POINT('',(14.501322472957,-4.000490130471,2.6100001));
#4553 = ADVANCED_FACE('',(#4554),#4570,.T.);
#4554 = FACE_BOUND('',#4555,.T.);
#4555 = EDGE_LOOP('',(#4556,#4563,#4564,#4565));
#4556 = ORIENTED_EDGE('',*,*,#4557,.F.);
#4557 = EDGE_CURVE('',#4530,#4558,#4560,.T.);
#4558 = VERTEX_POINT('',#4559);
#4559 = CARTESIAN_POINT('',(14.500282715042,-4.000490130471,2.6100001));
#4560 = B_SPLINE_CURVE_WITH_KNOTS('',1,(#4561,#4562),.UNSPECIFIED.,.F.,
  .F.,(2,2),(1.7763568394E-15,1.039757915132E-03),
  .PIECEWISE_BEZIER_KNOTS.);
#4561 = CARTESIAN_POINT('',(14.501322472957,-4.000490130471,2.6100001));
#4562 = CARTESIAN_POINT('',(14.500282715042,-4.000490130471,2.6100001));
#4563 = ORIENTED_EDGE('',*,*,#4540,.F.);
#4564 = ORIENTED_EDGE('',*,*,#4322,.T.);
#4565 = ORIENTED_EDGE('',*,*,#4566,.T.);
#4566 = EDGE_CURVE('',#4314,#4558,#4567,.T.);
#4567 = B_SPLINE_CURVE_WITH_KNOTS('',1,(#4568,#4569),.UNSPECIFIED.,.F.,
  .F.,(2,2),(-0.,1.E-02),.PIECEWISE_BEZIER_KNOTS.);
#4568 = CARTESIAN_POINT('',(14.500282715042,-4.000490130471,2.6200001));
#4569 = CARTESIAN_POINT('',(14.500282715042,-4.000490130471,2.6100001));
#4570 = B_SPLINE_SURFACE_WITH_KNOTS('',1,1,(
    (#4571,#4572)
    ,(#4573,#4574)),.UNSPECIFIED.,.F.,.F.,.F.,(2,2),(2,2),(-0.,1.E-02),(
    -1.039757915134E-03,-1.7763568394E-15),.PIECEWISE_BEZIER_KNOTS.);
#4571 = CARTESIAN_POINT('',(14.500282715042,-4.000490130471,2.6200001));
#4572 = CARTESIAN_POINT('',(14.501322472957,-4.000490130471,2.6200001));
#4573 = CARTESIAN_POINT('',(14.500282715042,-4.000490130471,2.6100001));
#4574 = CARTESIAN_POINT('',(14.501322472957,-4.000490130471,2.6100001));
#4575 = ADVANCED_FACE('',(#4576),#4594,.T.);
#4576 = FACE_BOUND('',#4577,.T.);
#4577 = EDGE_LOOP('',(#4578,#4587,#4588,#4589));
#4578 = ORIENTED_EDGE('',*,*,#4579,.F.);
#4579 = EDGE_CURVE('',#4558,#4580,#4582,.T.);
#4580 = VERTEX_POINT('',#4581);
#4581 = CARTESIAN_POINT('',(14.494737339488,-4.024231269561,2.6100001));
#4582 = B_SPLINE_CURVE_WITH_KNOTS('',3,(#4583,#4584,#4585,#4586),
  .UNSPECIFIED.,.F.,.F.,(4,4),(3.,4.),.PIECEWISE_BEZIER_KNOTS.);
#4583 = CARTESIAN_POINT('',(14.500282715042,-4.000490130471,2.6100001));
#4584 = CARTESIAN_POINT('',(14.498636431674,-4.010714416648,2.6100001));
#4585 = CARTESIAN_POINT('',(14.49681685532,-4.018685894006,2.6100001));
#4586 = CARTESIAN_POINT('',(14.494737339488,-4.024231269561,2.6100001));
#4587 = ORIENTED_EDGE('',*,*,#4566,.F.);
#4588 = ORIENTED_EDGE('',*,*,#4313,.T.);
#4589 = ORIENTED_EDGE('',*,*,#4590,.T.);
#4590 = EDGE_CURVE('',#4307,#4580,#4591,.T.);
#4591 = B_SPLINE_CURVE_WITH_KNOTS('',1,(#4592,#4593),.UNSPECIFIED.,.F.,
  .F.,(2,2),(0.,1.E-02),.PIECEWISE_BEZIER_KNOTS.);
#4592 = CARTESIAN_POINT('',(14.494737339488,-4.024231269561,2.6200001));
#4593 = CARTESIAN_POINT('',(14.494737339488,-4.024231269561,2.6100001));
#4594 = B_SPLINE_SURFACE_WITH_KNOTS('',3,1,(
    (#4595,#4596)
    ,(#4597,#4598)
    ,(#4599,#4600)
    ,(#4601,#4602
    )),.UNSPECIFIED.,.F.,.F.,.F.,(4,4),(2,2),(3.,4.),(0.,1.),
  .PIECEWISE_BEZIER_KNOTS.);
#4595 = CARTESIAN_POINT('',(14.500282715042,-4.000490130471,2.6200001));
#4596 = CARTESIAN_POINT('',(14.500282715042,-4.000490130471,2.6100001));
#4597 = CARTESIAN_POINT('',(14.498636431674,-4.010714416648,2.6200001));
#4598 = CARTESIAN_POINT('',(14.498636431674,-4.010714416648,2.6100001));
#4599 = CARTESIAN_POINT('',(14.49681685532,-4.018685894006,2.6200001));
#4600 = CARTESIAN_POINT('',(14.49681685532,-4.018685894006,2.6100001));
#4601 = CARTESIAN_POINT('',(14.494737339488,-4.024231269561,2.6200001));
#4602 = CARTESIAN_POINT('',(14.494737339488,-4.024231269561,2.6100001));
#4603 = ADVANCED_FACE('',(#4604),#4614,.T.);
#4604 = FACE_BOUND('',#4605,.T.);
#4605 = EDGE_LOOP('',(#4606,#4611,#4612,#4613));
#4606 = ORIENTED_EDGE('',*,*,#4607,.F.);
#4607 = EDGE_CURVE('',#4580,#4480,#4608,.T.);
#4608 = B_SPLINE_CURVE_WITH_KNOTS('',1,(#4609,#4610),.UNSPECIFIED.,.F.,
  .F.,(2,2),(0.,0.149728073265),.PIECEWISE_BEZIER_KNOTS.);
#4609 = CARTESIAN_POINT('',(14.494737339488,-4.024231269561,2.6100001));
#4610 = CARTESIAN_POINT('',(14.444049141067,-4.16511846722,2.6100001));
#4611 = ORIENTED_EDGE('',*,*,#4590,.F.);
#4612 = ORIENTED_EDGE('',*,*,#4306,.T.);
#4613 = ORIENTED_EDGE('',*,*,#4488,.T.);
#4614 = B_SPLINE_SURFACE_WITH_KNOTS('',1,1,(
    (#4615,#4616)
    ,(#4617,#4618
    )),.UNSPECIFIED.,.F.,.F.,.F.,(2,2),(2,2),(-0.149728073265,0.),(
    -1.E-02,0.),.PIECEWISE_BEZIER_KNOTS.);
#4615 = CARTESIAN_POINT('',(14.444049141067,-4.16511846722,2.6100001));
#4616 = CARTESIAN_POINT('',(14.444049141067,-4.16511846722,2.6200001));
#4617 = CARTESIAN_POINT('',(14.494737339488,-4.024231269561,2.6100001));
#4618 = CARTESIAN_POINT('',(14.494737339488,-4.024231269561,2.6200001));
#4619 = ADVANCED_FACE('',(#4620),#4628,.T.);
#4620 = FACE_BOUND('',#4621,.T.);
#4621 = EDGE_LOOP('',(#4622,#4623,#4624,#4625,#4626,#4627));
#4622 = ORIENTED_EDGE('',*,*,#4479,.T.);
#4623 = ORIENTED_EDGE('',*,*,#4507,.T.);
#4624 = ORIENTED_EDGE('',*,*,#4529,.T.);
#4625 = ORIENTED_EDGE('',*,*,#4557,.T.);
#4626 = ORIENTED_EDGE('',*,*,#4579,.T.);
#4627 = ORIENTED_EDGE('',*,*,#4607,.T.);
#4628 = B_SPLINE_SURFACE_WITH_KNOTS('',1,1,(
    (#4629,#4630)
    ,(#4631,#4632
    )),.UNSPECIFIED.,.F.,.F.,.F.,(2,2),(2,2),(14.444049141067,
    14.557815986411),(-4.16511846722,-4.000490130471),
  .PIECEWISE_BEZIER_KNOTS.);
#4629 = CARTESIAN_POINT('',(14.444049141067,-4.16511846722,2.6100001));
#4630 = CARTESIAN_POINT('',(14.444049141067,-4.000490130471,2.6100001));
#4631 = CARTESIAN_POINT('',(14.557815986411,-4.16511846722,2.6100001));
#4632 = CARTESIAN_POINT('',(14.557815986411,-4.000490130471,2.6100001));
#4633 = ADVANCED_FACE('',(#4634),#4656,.F.);
#4634 = FACE_BOUND('',#4635,.T.);
#4635 = EDGE_LOOP('',(#4636,#4637,#4644,#4651));
#4636 = ORIENTED_EDGE('',*,*,#1505,.T.);
#4637 = ORIENTED_EDGE('',*,*,#4638,.F.);
#4638 = EDGE_CURVE('',#4639,#1497,#4641,.T.);
#4639 = VERTEX_POINT('',#4640);
#4640 = CARTESIAN_POINT('',(13.476207813962,-4.795211764509,2.6200001));
#4641 = B_SPLINE_CURVE_WITH_KNOTS('',1,(#4642,#4643),.UNSPECIFIED.,.F.,
  .F.,(2,2),(-0.,1.E-02),.PIECEWISE_BEZIER_KNOTS.);
#4642 = CARTESIAN_POINT('',(13.476207813962,-4.795211764509,2.6200001));
#4643 = CARTESIAN_POINT('',(13.476207813962,-4.795211764509,2.6100001));
#4644 = ORIENTED_EDGE('',*,*,#4645,.F.);
#4645 = EDGE_CURVE('',#4646,#4639,#4648,.T.);
#4646 = VERTEX_POINT('',#4647);
#4647 = CARTESIAN_POINT('',(13.476207813962,-4.833856100399,2.6200001));
#4648 = B_SPLINE_CURVE_WITH_KNOTS('',1,(#4649,#4650),.UNSPECIFIED.,.F.,
  .F.,(2,2),(-3.864433588965E-02,0.),.PIECEWISE_BEZIER_KNOTS.);
#4649 = CARTESIAN_POINT('',(13.476207813962,-4.833856100399,2.6200001));
#4650 = CARTESIAN_POINT('',(13.476207813962,-4.795211764509,2.6200001));
#4651 = ORIENTED_EDGE('',*,*,#4652,.T.);
#4652 = EDGE_CURVE('',#4646,#1506,#4653,.T.);
#4653 = B_SPLINE_CURVE_WITH_KNOTS('',1,(#4654,#4655),.UNSPECIFIED.,.F.,
  .F.,(2,2),(-0.,1.E-02),.PIECEWISE_BEZIER_KNOTS.);
#4654 = CARTESIAN_POINT('',(13.476207813962,-4.833856100399,2.6200001));
#4655 = CARTESIAN_POINT('',(13.476207813962,-4.833856100399,2.6100001));
#4656 = B_SPLINE_SURFACE_WITH_KNOTS('',1,1,(
    (#4657,#4658)
    ,(#4659,#4660)),.UNSPECIFIED.,.F.,.F.,.F.,(2,2),(2,2),(-1.E-02,0.),(
    -3.864433588965E-02,0.),.PIECEWISE_BEZIER_KNOTS.);
#4657 = CARTESIAN_POINT('',(13.476207813962,-4.833856100399,2.6100001));
#4658 = CARTESIAN_POINT('',(13.476207813962,-4.795211764509,2.6100001));
#4659 = CARTESIAN_POINT('',(13.476207813962,-4.833856100399,2.6200001));
#4660 = CARTESIAN_POINT('',(13.476207813962,-4.795211764509,2.6200001));
#4661 = ADVANCED_FACE('',(#4662),#4678,.F.);
#4662 = FACE_BOUND('',#4663,.T.);
#4663 = EDGE_LOOP('',(#4664,#4665,#4672,#4677));
#4664 = ORIENTED_EDGE('',*,*,#1496,.T.);
#4665 = ORIENTED_EDGE('',*,*,#4666,.F.);
#4666 = EDGE_CURVE('',#4667,#1499,#4669,.T.);
#4667 = VERTEX_POINT('',#4668);
#4668 = CARTESIAN_POINT('',(13.337660071612,-4.795211764509,2.6200001));
#4669 = B_SPLINE_CURVE_WITH_KNOTS('',1,(#4670,#4671),.UNSPECIFIED.,.F.,
  .F.,(2,2),(-0.,1.E-02),.PIECEWISE_BEZIER_KNOTS.);
#4670 = CARTESIAN_POINT('',(13.337660071612,-4.795211764509,2.6200001));
#4671 = CARTESIAN_POINT('',(13.337660071612,-4.795211764509,2.6100001));
#4672 = ORIENTED_EDGE('',*,*,#4673,.F.);
#4673 = EDGE_CURVE('',#4639,#4667,#4674,.T.);
#4674 = B_SPLINE_CURVE_WITH_KNOTS('',1,(#4675,#4676),.UNSPECIFIED.,.F.,
  .F.,(2,2),(-0.13854774235,-0.),.PIECEWISE_BEZIER_KNOTS.);
#4675 = CARTESIAN_POINT('',(13.476207813962,-4.795211764509,2.6200001));
#4676 = CARTESIAN_POINT('',(13.337660071612,-4.795211764509,2.6200001));
#4677 = ORIENTED_EDGE('',*,*,#4638,.T.);
#4678 = B_SPLINE_SURFACE_WITH_KNOTS('',1,1,(
    (#4679,#4680)
    ,(#4681,#4682
    )),.UNSPECIFIED.,.F.,.F.,.F.,(2,2),(2,2),(0.,1.E-02),(0.,
    0.13854774235),.PIECEWISE_BEZIER_KNOTS.);
#4679 = CARTESIAN_POINT('',(13.337660071612,-4.795211764509,2.6200001));
#4680 = CARTESIAN_POINT('',(13.476207813962,-4.795211764509,2.6200001));
#4681 = CARTESIAN_POINT('',(13.337660071612,-4.795211764509,2.6100001));
#4682 = CARTESIAN_POINT('',(13.476207813962,-4.795211764509,2.6100001));
#4683 = ADVANCED_FACE('',(#4684),#4700,.F.);
#4684 = FACE_BOUND('',#4685,.T.);
#4685 = EDGE_LOOP('',(#4686,#4687,#4694,#4699));
#4686 = ORIENTED_EDGE('',*,*,#1575,.T.);
#4687 = ORIENTED_EDGE('',*,*,#4688,.F.);
#4688 = EDGE_CURVE('',#4689,#1569,#4691,.T.);
#4689 = VERTEX_POINT('',#4690);
#4690 = CARTESIAN_POINT('',(13.337660071612,-4.681184979687,2.6200001));
#4691 = B_SPLINE_CURVE_WITH_KNOTS('',1,(#4692,#4693),.UNSPECIFIED.,.F.,
  .F.,(2,2),(-0.,1.E-02),.PIECEWISE_BEZIER_KNOTS.);
#4692 = CARTESIAN_POINT('',(13.337660071612,-4.681184979687,2.6200001));
#4693 = CARTESIAN_POINT('',(13.337660071612,-4.681184979687,2.6100001));
#4694 = ORIENTED_EDGE('',*,*,#4695,.F.);
#4695 = EDGE_CURVE('',#4667,#4689,#4696,.T.);
#4696 = B_SPLINE_CURVE_WITH_KNOTS('',1,(#4697,#4698),.UNSPECIFIED.,.F.,
  .F.,(2,2),(-0.114026784822,0.),.PIECEWISE_BEZIER_KNOTS.);
#4697 = CARTESIAN_POINT('',(13.337660071612,-4.795211764509,2.6200001));
#4698 = CARTESIAN_POINT('',(13.337660071612,-4.681184979687,2.6200001));
#4699 = ORIENTED_EDGE('',*,*,#4666,.T.);
#4700 = B_SPLINE_SURFACE_WITH_KNOTS('',1,1,(
    (#4701,#4702)
    ,(#4703,#4704
    )),.UNSPECIFIED.,.F.,.F.,.F.,(2,2),(2,2),(-1.E-02,0.),(
    -0.114026784822,0.),.PIECEWISE_BEZIER_KNOTS.);
#4701 = CARTESIAN_POINT('',(13.337660071612,-4.795211764509,2.6100001));
#4702 = CARTESIAN_POINT('',(13.337660071612,-4.681184979687,2.6100001));
#4703 = CARTESIAN_POINT('',(13.337660071612,-4.795211764509,2.6200001));
#4704 = CARTESIAN_POINT('',(13.337660071612,-4.681184979687,2.6200001));
#4705 = ADVANCED_FACE('',(#4706),#4722,.F.);
#4706 = FACE_BOUND('',#4707,.T.);
#4707 = EDGE_LOOP('',(#4708,#4709,#4716,#4721));
#4708 = ORIENTED_EDGE('',*,*,#1568,.T.);
#4709 = ORIENTED_EDGE('',*,*,#4710,.F.);
#4710 = EDGE_CURVE('',#4711,#1562,#4713,.T.);
#4711 = VERTEX_POINT('',#4712);
#4712 = CARTESIAN_POINT('',(13.458878515357,-4.681184979687,2.6200001));
#4713 = B_SPLINE_CURVE_WITH_KNOTS('',1,(#4714,#4715),.UNSPECIFIED.,.F.,
  .F.,(2,2),(-0.,1.E-02),.PIECEWISE_BEZIER_KNOTS.);
#4714 = CARTESIAN_POINT('',(13.458878515357,-4.681184979687,2.6200001));
#4715 = CARTESIAN_POINT('',(13.458878515357,-4.681184979687,2.6100001));
#4716 = ORIENTED_EDGE('',*,*,#4717,.F.);
#4717 = EDGE_CURVE('',#4689,#4711,#4718,.T.);
#4718 = B_SPLINE_CURVE_WITH_KNOTS('',1,(#4719,#4720),.UNSPECIFIED.,.F.,
  .F.,(2,2),(-0.121218443744,0.),.PIECEWISE_BEZIER_KNOTS.);
#4719 = CARTESIAN_POINT('',(13.337660071612,-4.681184979687,2.6200001));
#4720 = CARTESIAN_POINT('',(13.458878515357,-4.681184979687,2.6200001));
#4721 = ORIENTED_EDGE('',*,*,#4688,.T.);
#4722 = B_SPLINE_SURFACE_WITH_KNOTS('',1,1,(
    (#4723,#4724)
    ,(#4725,#4726
    )),.UNSPECIFIED.,.F.,.F.,.F.,(2,2),(2,2),(-1.E-02,0.),(
    -0.121218443744,0.),.PIECEWISE_BEZIER_KNOTS.);
#4723 = CARTESIAN_POINT('',(13.337660071612,-4.681184979687,2.6100001));
#4724 = CARTESIAN_POINT('',(13.458878515357,-4.681184979687,2.6100001));
#4725 = CARTESIAN_POINT('',(13.337660071612,-4.681184979687,2.6200001));
#4726 = CARTESIAN_POINT('',(13.458878515357,-4.681184979687,2.6200001));
#4727 = ADVANCED_FACE('',(#4728),#4744,.F.);
#4728 = FACE_BOUND('',#4729,.T.);
#4729 = EDGE_LOOP('',(#4730,#4731,#4738,#4743));
#4730 = ORIENTED_EDGE('',*,*,#1561,.T.);
#4731 = ORIENTED_EDGE('',*,*,#4732,.F.);
#4732 = EDGE_CURVE('',#4733,#1555,#4735,.T.);
#4733 = VERTEX_POINT('',#4734);
#4734 = CARTESIAN_POINT('',(13.458878515357,-4.642367350811,2.6200001));
#4735 = B_SPLINE_CURVE_WITH_KNOTS('',1,(#4736,#4737),.UNSPECIFIED.,.F.,
  .F.,(2,2),(-0.,1.E-02),.PIECEWISE_BEZIER_KNOTS.);
#4736 = CARTESIAN_POINT('',(13.458878515357,-4.642367350811,2.6200001));
#4737 = CARTESIAN_POINT('',(13.458878515357,-4.642367350811,2.6100001));
#4738 = ORIENTED_EDGE('',*,*,#4739,.F.);
#4739 = EDGE_CURVE('',#4711,#4733,#4740,.T.);
#4740 = B_SPLINE_CURVE_WITH_KNOTS('',1,(#4741,#4742),.UNSPECIFIED.,.F.,
  .F.,(2,2),(-3.88176288755E-02,0.),.PIECEWISE_BEZIER_KNOTS.);
#4741 = CARTESIAN_POINT('',(13.458878515357,-4.681184979687,2.6200001));
#4742 = CARTESIAN_POINT('',(13.458878515357,-4.642367350811,2.6200001));
#4743 = ORIENTED_EDGE('',*,*,#4710,.T.);
#4744 = B_SPLINE_SURFACE_WITH_KNOTS('',1,1,(
    (#4745,#4746)
    ,(#4747,#4748)),.UNSPECIFIED.,.F.,.F.,.F.,(2,2),(2,2),(-1.E-02,0.),(
    -3.88176288755E-02,0.),.PIECEWISE_BEZIER_KNOTS.);
#4745 = CARTESIAN_POINT('',(13.458878515357,-4.681184979687,2.6100001));
#4746 = CARTESIAN_POINT('',(13.458878515357,-4.642367350811,2.6100001));
#4747 = CARTESIAN_POINT('',(13.458878515357,-4.681184979687,2.6200001));
#4748 = CARTESIAN_POINT('',(13.458878515357,-4.642367350811,2.6200001));
#4749 = ADVANCED_FACE('',(#4750),#4766,.F.);
#4750 = FACE_BOUND('',#4751,.T.);
#4751 = EDGE_LOOP('',(#4752,#4753,#4760,#4765));
#4752 = ORIENTED_EDGE('',*,*,#1554,.T.);
#4753 = ORIENTED_EDGE('',*,*,#4754,.F.);
#4754 = EDGE_CURVE('',#4755,#1548,#4757,.T.);
#4755 = VERTEX_POINT('',#4756);
#4756 = CARTESIAN_POINT('',(13.337660071612,-4.642367350811,2.6200001));
#4757 = B_SPLINE_CURVE_WITH_KNOTS('',1,(#4758,#4759),.UNSPECIFIED.,.F.,
  .F.,(2,2),(-0.,1.E-02),.PIECEWISE_BEZIER_KNOTS.);
#4758 = CARTESIAN_POINT('',(13.337660071612,-4.642367350811,2.6200001));
#4759 = CARTESIAN_POINT('',(13.337660071612,-4.642367350811,2.6100001));
#4760 = ORIENTED_EDGE('',*,*,#4761,.F.);
#4761 = EDGE_CURVE('',#4733,#4755,#4762,.T.);
#4762 = B_SPLINE_CURVE_WITH_KNOTS('',1,(#4763,#4764),.UNSPECIFIED.,.F.,
  .F.,(2,2),(-0.121218443744,-0.),.PIECEWISE_BEZIER_KNOTS.);
#4763 = CARTESIAN_POINT('',(13.458878515357,-4.642367350811,2.6200001));
#4764 = CARTESIAN_POINT('',(13.337660071612,-4.642367350811,2.6200001));
#4765 = ORIENTED_EDGE('',*,*,#4732,.T.);
#4766 = B_SPLINE_SURFACE_WITH_KNOTS('',1,1,(
    (#4767,#4768)
    ,(#4769,#4770
    )),.UNSPECIFIED.,.F.,.F.,.F.,(2,2),(2,2),(0.,1.E-02),(0.,
    0.121218443744),.PIECEWISE_BEZIER_KNOTS.);
#4767 = CARTESIAN_POINT('',(13.337660071612,-4.642367350811,2.6200001));
#4768 = CARTESIAN_POINT('',(13.458878515357,-4.642367350811,2.6200001));
#4769 = CARTESIAN_POINT('',(13.337660071612,-4.642367350811,2.6100001));
#4770 = CARTESIAN_POINT('',(13.458878515357,-4.642367350811,2.6100001));
#4771 = ADVANCED_FACE('',(#4772),#4788,.F.);
#4772 = FACE_BOUND('',#4773,.T.);
#4773 = EDGE_LOOP('',(#4774,#4775,#4782,#4787));
#4774 = ORIENTED_EDGE('',*,*,#1547,.T.);
#4775 = ORIENTED_EDGE('',*,*,#4776,.F.);
#4776 = EDGE_CURVE('',#4777,#1541,#4779,.T.);
#4777 = VERTEX_POINT('',#4778);
#4778 = CARTESIAN_POINT('',(13.337660071612,-4.533885941541,2.6200001));
#4779 = B_SPLINE_CURVE_WITH_KNOTS('',1,(#4780,#4781),.UNSPECIFIED.,.F.,
  .F.,(2,2),(-0.,1.E-02),.PIECEWISE_BEZIER_KNOTS.);
#4780 = CARTESIAN_POINT('',(13.337660071612,-4.533885941541,2.6200001));
#4781 = CARTESIAN_POINT('',(13.337660071612,-4.533885941541,2.6100001));
#4782 = ORIENTED_EDGE('',*,*,#4783,.F.);
#4783 = EDGE_CURVE('',#4755,#4777,#4784,.T.);
#4784 = B_SPLINE_CURVE_WITH_KNOTS('',1,(#4785,#4786),.UNSPECIFIED.,.F.,
  .F.,(2,2),(-0.10848140927,0.),.PIECEWISE_BEZIER_KNOTS.);
#4785 = CARTESIAN_POINT('',(13.337660071612,-4.642367350811,2.6200001));
#4786 = CARTESIAN_POINT('',(13.337660071612,-4.533885941541,2.6200001));
#4787 = ORIENTED_EDGE('',*,*,#4754,.T.);
#4788 = B_SPLINE_SURFACE_WITH_KNOTS('',1,1,(
    (#4789,#4790)
    ,(#4791,#4792
    )),.UNSPECIFIED.,.F.,.F.,.F.,(2,2),(2,2),(-1.E-02,0.),(
    -0.10848140927,0.),.PIECEWISE_BEZIER_KNOTS.);
#4789 = CARTESIAN_POINT('',(13.337660071612,-4.642367350811,2.6100001));
#4790 = CARTESIAN_POINT('',(13.337660071612,-4.533885941541,2.6100001));
#4791 = CARTESIAN_POINT('',(13.337660071612,-4.642367350811,2.6200001));
#4792 = CARTESIAN_POINT('',(13.337660071612,-4.533885941541,2.6200001));
#4793 = ADVANCED_FACE('',(#4794),#4810,.F.);
#4794 = FACE_BOUND('',#4795,.T.);
#4795 = EDGE_LOOP('',(#4796,#4797,#4804,#4809));
#4796 = ORIENTED_EDGE('',*,*,#1540,.T.);
#4797 = ORIENTED_EDGE('',*,*,#4798,.F.);
#4798 = EDGE_CURVE('',#4799,#1534,#4801,.T.);
#4799 = VERTEX_POINT('',#4800);
#4800 = CARTESIAN_POINT('',(13.468496276082,-4.533885941541,2.6200001));
#4801 = B_SPLINE_CURVE_WITH_KNOTS('',1,(#4802,#4803),.UNSPECIFIED.,.F.,
  .F.,(2,2),(-0.,1.E-02),.PIECEWISE_BEZIER_KNOTS.);
#4802 = CARTESIAN_POINT('',(13.468496276082,-4.533885941541,2.6200001));
#4803 = CARTESIAN_POINT('',(13.468496276082,-4.533885941541,2.6100001));
#4804 = ORIENTED_EDGE('',*,*,#4805,.F.);
#4805 = EDGE_CURVE('',#4777,#4799,#4806,.T.);
#4806 = B_SPLINE_CURVE_WITH_KNOTS('',1,(#4807,#4808),.UNSPECIFIED.,.F.,
  .F.,(2,2),(-0.13083620447,0.),.PIECEWISE_BEZIER_KNOTS.);
#4807 = CARTESIAN_POINT('',(13.337660071612,-4.533885941541,2.6200001));
#4808 = CARTESIAN_POINT('',(13.468496276082,-4.533885941541,2.6200001));
#4809 = ORIENTED_EDGE('',*,*,#4776,.T.);
#4810 = B_SPLINE_SURFACE_WITH_KNOTS('',1,1,(
    (#4811,#4812)
    ,(#4813,#4814
    )),.UNSPECIFIED.,.F.,.F.,.F.,(2,2),(2,2),(-1.E-02,0.),(
    -0.13083620447,0.),.PIECEWISE_BEZIER_KNOTS.);
#4811 = CARTESIAN_POINT('',(13.337660071612,-4.533885941541,2.6100001));
#4812 = CARTESIAN_POINT('',(13.468496276082,-4.533885941541,2.6100001));
#4813 = CARTESIAN_POINT('',(13.337660071612,-4.533885941541,2.6200001));
#4814 = CARTESIAN_POINT('',(13.468496276082,-4.533885941541,2.6200001));
#4815 = ADVANCED_FACE('',(#4816),#4832,.F.);
#4816 = FACE_BOUND('',#4817,.T.);
#4817 = EDGE_LOOP('',(#4818,#4819,#4826,#4831));
#4818 = ORIENTED_EDGE('',*,*,#1533,.T.);
#4819 = ORIENTED_EDGE('',*,*,#4820,.F.);
#4820 = EDGE_CURVE('',#4821,#1527,#4823,.T.);
#4821 = VERTEX_POINT('',#4822);
#4822 = CARTESIAN_POINT('',(13.468496276082,-4.49489501968,2.6200001));
#4823 = B_SPLINE_CURVE_WITH_KNOTS('',1,(#4824,#4825),.UNSPECIFIED.,.F.,
  .F.,(2,2),(-0.,1.E-02),.PIECEWISE_BEZIER_KNOTS.);
#4824 = CARTESIAN_POINT('',(13.468496276082,-4.49489501968,2.6200001));
#4825 = CARTESIAN_POINT('',(13.468496276082,-4.49489501968,2.6100001));
#4826 = ORIENTED_EDGE('',*,*,#4827,.F.);
#4827 = EDGE_CURVE('',#4799,#4821,#4828,.T.);
#4828 = B_SPLINE_CURVE_WITH_KNOTS('',1,(#4829,#4830),.UNSPECIFIED.,.F.,
  .F.,(2,2),(-3.899092186135E-02,0.),.PIECEWISE_BEZIER_KNOTS.);
#4829 = CARTESIAN_POINT('',(13.468496276082,-4.533885941541,2.6200001));
#4830 = CARTESIAN_POINT('',(13.468496276082,-4.49489501968,2.6200001));
#4831 = ORIENTED_EDGE('',*,*,#4798,.T.);
#4832 = B_SPLINE_SURFACE_WITH_KNOTS('',1,1,(
    (#4833,#4834)
    ,(#4835,#4836)),.UNSPECIFIED.,.F.,.F.,.F.,(2,2),(2,2),(-1.E-02,0.),(
    -3.899092186135E-02,0.),.PIECEWISE_BEZIER_KNOTS.);
#4833 = CARTESIAN_POINT('',(13.468496276082,-4.533885941541,2.6100001));
#4834 = CARTESIAN_POINT('',(13.468496276082,-4.49489501968,2.6100001));
#4835 = CARTESIAN_POINT('',(13.468496276082,-4.533885941541,2.6200001));
#4836 = CARTESIAN_POINT('',(13.468496276082,-4.49489501968,2.6200001));
#4837 = ADVANCED_FACE('',(#4838),#4854,.F.);
#4838 = FACE_BOUND('',#4839,.T.);
#4839 = EDGE_LOOP('',(#4840,#4841,#4848,#4853));
#4840 = ORIENTED_EDGE('',*,*,#1526,.T.);
#4841 = ORIENTED_EDGE('',*,*,#4842,.F.);
#4842 = EDGE_CURVE('',#4843,#1520,#4845,.T.);
#4843 = VERTEX_POINT('',#4844);
#4844 = CARTESIAN_POINT('',(13.293903592634,-4.49489501968,2.6200001));
#4845 = B_SPLINE_CURVE_WITH_KNOTS('',1,(#4846,#4847),.UNSPECIFIED.,.F.,
  .F.,(2,2),(-0.,1.E-02),.PIECEWISE_BEZIER_KNOTS.);
#4846 = CARTESIAN_POINT('',(13.293903592634,-4.49489501968,2.6200001));
#4847 = CARTESIAN_POINT('',(13.293903592634,-4.49489501968,2.6100001));
#4848 = ORIENTED_EDGE('',*,*,#4849,.F.);
#4849 = EDGE_CURVE('',#4821,#4843,#4850,.T.);
#4850 = B_SPLINE_CURVE_WITH_KNOTS('',1,(#4851,#4852),.UNSPECIFIED.,.F.,
  .F.,(2,2),(-0.174592683448,-0.),.PIECEWISE_BEZIER_KNOTS.);
#4851 = CARTESIAN_POINT('',(13.468496276082,-4.49489501968,2.6200001));
#4852 = CARTESIAN_POINT('',(13.293903592634,-4.49489501968,2.6200001));
#4853 = ORIENTED_EDGE('',*,*,#4820,.T.);
#4854 = B_SPLINE_SURFACE_WITH_KNOTS('',1,1,(
    (#4855,#4856)
    ,(#4857,#4858
    )),.UNSPECIFIED.,.F.,.F.,.F.,(2,2),(2,2),(0.,1.E-02),(0.,
    0.174592683448),.PIECEWISE_BEZIER_KNOTS.);
#4855 = CARTESIAN_POINT('',(13.293903592634,-4.49489501968,2.6200001));
#4856 = CARTESIAN_POINT('',(13.468496276082,-4.49489501968,2.6200001));
#4857 = CARTESIAN_POINT('',(13.293903592634,-4.49489501968,2.6100001));
#4858 = CARTESIAN_POINT('',(13.468496276082,-4.49489501968,2.6100001));
#4859 = ADVANCED_FACE('',(#4860),#4876,.F.);
#4860 = FACE_BOUND('',#4861,.T.);
#4861 = EDGE_LOOP('',(#4862,#4863,#4870,#4875));
#4862 = ORIENTED_EDGE('',*,*,#1519,.T.);
#4863 = ORIENTED_EDGE('',*,*,#4864,.F.);
#4864 = EDGE_CURVE('',#4865,#1513,#4867,.T.);
#4865 = VERTEX_POINT('',#4866);
#4866 = CARTESIAN_POINT('',(13.293903592634,-4.833856100399,2.6200001));
#4867 = B_SPLINE_CURVE_WITH_KNOTS('',1,(#4868,#4869),.UNSPECIFIED.,.F.,
  .F.,(2,2),(-0.,1.E-02),.PIECEWISE_BEZIER_KNOTS.);
#4868 = CARTESIAN_POINT('',(13.293903592634,-4.833856100399,2.6200001));
#4869 = CARTESIAN_POINT('',(13.293903592634,-4.833856100399,2.6100001));
#4870 = ORIENTED_EDGE('',*,*,#4871,.F.);
#4871 = EDGE_CURVE('',#4843,#4865,#4872,.T.);
#4872 = B_SPLINE_CURVE_WITH_KNOTS('',1,(#4873,#4874),.UNSPECIFIED.,.F.,
  .F.,(2,2),(-0.338961080719,-0.),.PIECEWISE_BEZIER_KNOTS.);
#4873 = CARTESIAN_POINT('',(13.293903592634,-4.49489501968,2.6200001));
#4874 = CARTESIAN_POINT('',(13.293903592634,-4.833856100399,2.6200001));
#4875 = ORIENTED_EDGE('',*,*,#4842,.T.);
#4876 = B_SPLINE_SURFACE_WITH_KNOTS('',1,1,(
    (#4877,#4878)
    ,(#4879,#4880
    )),.UNSPECIFIED.,.F.,.F.,.F.,(2,2),(2,2),(0.,1.E-02),(0.,
    0.338961080719),.PIECEWISE_BEZIER_KNOTS.);
#4877 = CARTESIAN_POINT('',(13.293903592634,-4.833856100399,2.6200001));
#4878 = CARTESIAN_POINT('',(13.293903592634,-4.49489501968,2.6200001));
#4879 = CARTESIAN_POINT('',(13.293903592634,-4.833856100399,2.6100001));
#4880 = CARTESIAN_POINT('',(13.293903592634,-4.49489501968,2.6100001));
#4881 = ADVANCED_FACE('',(#4882),#4892,.F.);
#4882 = FACE_BOUND('',#4883,.T.);
#4883 = EDGE_LOOP('',(#4884,#4885,#4886,#4891));
#4884 = ORIENTED_EDGE('',*,*,#1512,.T.);
#4885 = ORIENTED_EDGE('',*,*,#4652,.F.);
#4886 = ORIENTED_EDGE('',*,*,#4887,.F.);
#4887 = EDGE_CURVE('',#4865,#4646,#4888,.T.);
#4888 = B_SPLINE_CURVE_WITH_KNOTS('',1,(#4889,#4890),.UNSPECIFIED.,.F.,
  .F.,(2,2),(-0.182304221328,0.),.PIECEWISE_BEZIER_KNOTS.);
#4889 = CARTESIAN_POINT('',(13.293903592634,-4.833856100399,2.6200001));
#4890 = CARTESIAN_POINT('',(13.476207813962,-4.833856100399,2.6200001));
#4891 = ORIENTED_EDGE('',*,*,#4864,.T.);
#4892 = B_SPLINE_SURFACE_WITH_KNOTS('',1,1,(
    (#4893,#4894)
    ,(#4895,#4896
    )),.UNSPECIFIED.,.F.,.F.,.F.,(2,2),(2,2),(-1.E-02,0.),(
    -0.182304221328,0.),.PIECEWISE_BEZIER_KNOTS.);
#4893 = CARTESIAN_POINT('',(13.293903592634,-4.833856100399,2.6100001));
#4894 = CARTESIAN_POINT('',(13.476207813962,-4.833856100399,2.6100001));
#4895 = CARTESIAN_POINT('',(13.293903592634,-4.833856100399,2.6200001));
#4896 = CARTESIAN_POINT('',(13.476207813962,-4.833856100399,2.6200001));
#4897 = ADVANCED_FACE('',(#4898),#4912,.F.);
#4898 = FACE_BOUND('',#4899,.T.);
#4899 = EDGE_LOOP('',(#4900,#4901,#4902,#4903,#4904,#4905,#4906,#4907,
    #4908,#4909,#4910,#4911));
#4900 = ORIENTED_EDGE('',*,*,#4645,.T.);
#4901 = ORIENTED_EDGE('',*,*,#4673,.T.);
#4902 = ORIENTED_EDGE('',*,*,#4695,.T.);
#4903 = ORIENTED_EDGE('',*,*,#4717,.T.);
#4904 = ORIENTED_EDGE('',*,*,#4739,.T.);
#4905 = ORIENTED_EDGE('',*,*,#4761,.T.);
#4906 = ORIENTED_EDGE('',*,*,#4783,.T.);
#4907 = ORIENTED_EDGE('',*,*,#4805,.T.);
#4908 = ORIENTED_EDGE('',*,*,#4827,.T.);
#4909 = ORIENTED_EDGE('',*,*,#4849,.T.);
#4910 = ORIENTED_EDGE('',*,*,#4871,.T.);
#4911 = ORIENTED_EDGE('',*,*,#4887,.T.);
#4912 = B_SPLINE_SURFACE_WITH_KNOTS('',1,1,(
    (#4913,#4914)
    ,(#4915,#4916
    )),.UNSPECIFIED.,.F.,.F.,.F.,(2,2),(2,2),(-13.47620781396,
    -13.29390359263),(-4.833856100399,-4.49489501968),
  .PIECEWISE_BEZIER_KNOTS.);
#4913 = CARTESIAN_POINT('',(13.476207813962,-4.833856100399,2.6200001));
#4914 = CARTESIAN_POINT('',(13.476207813962,-4.49489501968,2.6200001));
#4915 = CARTESIAN_POINT('',(13.293903592634,-4.833856100399,2.6200001));
#4916 = CARTESIAN_POINT('',(13.293903592634,-4.49489501968,2.6200001));
#4917 = ADVANCED_FACE('',(#4918,#5034),#5104,.T.);
#4918 = FACE_BOUND('',#4919,.T.);
#4919 = EDGE_LOOP('',(#4920,#4931,#4938,#4947,#4956,#4963,#4972,#4981,
    #4990,#4999,#5006,#5013,#5020,#5027));
#4920 = ORIENTED_EDGE('',*,*,#4921,.T.);
#4921 = EDGE_CURVE('',#4922,#4924,#4926,.T.);
#4922 = VERTEX_POINT('',#4923);
#4923 = CARTESIAN_POINT('',(13.623853438079,-4.586220423329,2.6200001));
#4924 = VERTEX_POINT('',#4925);
#4925 = CARTESIAN_POINT('',(13.540499511787,-4.608748511516,2.6200001));
#4926 = B_SPLINE_CURVE_WITH_KNOTS('',3,(#4927,#4928,#4929,#4930),
  .UNSPECIFIED.,.F.,.F.,(4,4),(0.,1.),.PIECEWISE_BEZIER_KNOTS.);
#4927 = CARTESIAN_POINT('',(13.623853438079,-4.586220423329,2.6200001));
#4928 = CARTESIAN_POINT('',(13.592314114618,-4.586220423329,2.6200001));
#4929 = CARTESIAN_POINT('',(13.564500590356,-4.59367202173,2.6200001));
#4930 = CARTESIAN_POINT('',(13.540499511787,-4.608748511516,2.6200001));
#4931 = ORIENTED_EDGE('',*,*,#4932,.T.);
#4932 = EDGE_CURVE('',#4924,#4933,#4935,.T.);
#4933 = VERTEX_POINT('',#4934);
#4934 = CARTESIAN_POINT('',(13.540499511787,-4.649992242198,2.6200001));
#4935 = B_SPLINE_CURVE_WITH_KNOTS('',1,(#4936,#4937),.UNSPECIFIED.,.F.,
  .F.,(2,2),(-4.12437306821E-02,-0.),.PIECEWISE_BEZIER_KNOTS.);
#4936 = CARTESIAN_POINT('',(13.540499511787,-4.608748511516,2.6200001));
#4937 = CARTESIAN_POINT('',(13.540499511787,-4.649992242198,2.6200001));
#4938 = ORIENTED_EDGE('',*,*,#4939,.T.);
#4939 = EDGE_CURVE('',#4933,#4940,#4942,.T.);
#4940 = VERTEX_POINT('',#4941);
#4941 = CARTESIAN_POINT('',(13.6198676994,-4.620705727554,2.6200001));
#4942 = B_SPLINE_CURVE_WITH_KNOTS('',3,(#4943,#4944,#4945,#4946),
  .UNSPECIFIED.,.F.,.F.,(4,4),(12.,13.),.PIECEWISE_BEZIER_KNOTS.);
#4943 = CARTESIAN_POINT('',(13.540499511787,-4.649992242198,2.6200001));
#4944 = CARTESIAN_POINT('',(13.564413943863,-4.630583427759,2.6200001));
#4945 = CARTESIAN_POINT('',(13.590841124236,-4.620705727554,2.6200001));
#4946 = CARTESIAN_POINT('',(13.6198676994,-4.620705727554,2.6200001));
#4947 = ORIENTED_EDGE('',*,*,#4948,.T.);
#4948 = EDGE_CURVE('',#4940,#4949,#4951,.T.);
#4949 = VERTEX_POINT('',#4950);
#4950 = CARTESIAN_POINT('',(13.668909614453,-4.679971928783,2.6200001));
#4951 = B_SPLINE_CURVE_WITH_KNOTS('',3,(#4952,#4953,#4954,#4955),
  .UNSPECIFIED.,.F.,.F.,(4,4),(11.,12.),.PIECEWISE_BEZIER_KNOTS.);
#4952 = CARTESIAN_POINT('',(13.6198676994,-4.620705727554,2.6200001));
#4953 = CARTESIAN_POINT('',(13.652533427271,-4.620705727554,2.6200001));
#4954 = CARTESIAN_POINT('',(13.668909614453,-4.640461127965,2.6200001));
#4955 = CARTESIAN_POINT('',(13.668909614453,-4.679971928783,2.6200001));
#4956 = ORIENTED_EDGE('',*,*,#4957,.T.);
#4957 = EDGE_CURVE('',#4949,#4958,#4960,.T.);
#4958 = VERTEX_POINT('',#4959);
#4959 = CARTESIAN_POINT('',(13.597166318226,-4.690022921975,2.6200001));
#4960 = B_SPLINE_CURVE_WITH_KNOTS('',1,(#4961,#4962),.UNSPECIFIED.,.F.,
  .F.,(2,2),(-7.244393016341E-02,-0.),.PIECEWISE_BEZIER_KNOTS.);
#4961 = CARTESIAN_POINT('',(13.668909614453,-4.679971928783,2.6200001));
#4962 = CARTESIAN_POINT('',(13.597166318226,-4.690022921975,2.6200001));
#4963 = ORIENTED_EDGE('',*,*,#4964,.T.);
#4964 = EDGE_CURVE('',#4958,#4965,#4967,.T.);
#4965 = VERTEX_POINT('',#4966);
#4966 = CARTESIAN_POINT('',(13.516845019191,-4.769044523615,2.6200001));
#4967 = B_SPLINE_CURVE_WITH_KNOTS('',3,(#4968,#4969,#4970,#4971),
  .UNSPECIFIED.,.F.,.F.,(4,4),(9.,10.),.PIECEWISE_BEZIER_KNOTS.);
#4968 = CARTESIAN_POINT('',(13.597166318226,-4.690022921975,2.6200001));
#4969 = CARTESIAN_POINT('',(13.543618785537,-4.697474520376,2.6200001));
#4970 = CARTESIAN_POINT('',(13.516845019191,-4.723815054256,2.6200001));
#4971 = CARTESIAN_POINT('',(13.516845019191,-4.769044523615,2.6200001));
#4972 = ORIENTED_EDGE('',*,*,#4973,.T.);
#4973 = EDGE_CURVE('',#4965,#4974,#4976,.T.);
#4974 = VERTEX_POINT('',#4975);
#4975 = CARTESIAN_POINT('',(13.537640177518,-4.820512540474,2.6200001));
#4976 = B_SPLINE_CURVE_WITH_KNOTS('',3,(#4977,#4978,#4979,#4980),
  .UNSPECIFIED.,.F.,.F.,(4,4),(8.,9.),.PIECEWISE_BEZIER_KNOTS.);
#4977 = CARTESIAN_POINT('',(13.516845019191,-4.769044523615,2.6200001));
#4978 = CARTESIAN_POINT('',(13.516845019191,-4.790706146872,2.6200001));
#4979 = CARTESIAN_POINT('',(13.523776738634,-4.807862152493,2.6200001));
#4980 = CARTESIAN_POINT('',(13.537640177518,-4.820512540474,2.6200001));
#4981 = ORIENTED_EDGE('',*,*,#4982,.T.);
#4982 = EDGE_CURVE('',#4974,#4983,#4985,.T.);
#4983 = VERTEX_POINT('',#4984);
#4984 = CARTESIAN_POINT('',(13.593613812013,-4.839574768939,2.6200001));
#4985 = B_SPLINE_CURVE_WITH_KNOTS('',3,(#4986,#4987,#4988,#4989),
  .UNSPECIFIED.,.F.,.F.,(4,4),(7.,8.),.PIECEWISE_BEZIER_KNOTS.);
#4986 = CARTESIAN_POINT('',(13.537640177518,-4.820512540474,2.6200001));
#4987 = CARTESIAN_POINT('',(13.551503616402,-4.833162928455,2.6200001));
#4988 = CARTESIAN_POINT('',(13.570132612403,-4.839574768939,2.6200001));
#4989 = CARTESIAN_POINT('',(13.593613812013,-4.839574768939,2.6200001));
#4990 = ORIENTED_EDGE('',*,*,#4991,.T.);
#4991 = EDGE_CURVE('',#4983,#4992,#4994,.T.);
#4992 = VERTEX_POINT('',#4993);
#4993 = CARTESIAN_POINT('',(13.667783210043,-4.796424815412,2.6200001));
#4994 = B_SPLINE_CURVE_WITH_KNOTS('',3,(#4995,#4996,#4997,#4998),
  .UNSPECIFIED.,.F.,.F.,(4,4),(6.,7.),.PIECEWISE_BEZIER_KNOTS.);
#4995 = CARTESIAN_POINT('',(13.593613812013,-4.839574768939,2.6200001));
#4996 = CARTESIAN_POINT('',(13.626279539884,-4.839574768939,2.6200001));
#4997 = CARTESIAN_POINT('',(13.65106043689,-4.825191451097,2.6200001));
#4998 = CARTESIAN_POINT('',(13.667783210043,-4.796424815412,2.6200001));
#4999 = ORIENTED_EDGE('',*,*,#5000,.T.);
#5000 = EDGE_CURVE('',#4992,#5001,#5003,.T.);
#5001 = VERTEX_POINT('',#5002);
#5002 = CARTESIAN_POINT('',(13.668909614453,-4.796424815412,2.6200001));
#5003 = B_SPLINE_CURVE_WITH_KNOTS('',1,(#5004,#5005),.UNSPECIFIED.,.F.,
  .F.,(2,2),(-1.126404409211E-03,0.),.PIECEWISE_BEZIER_KNOTS.);
#5004 = CARTESIAN_POINT('',(13.667783210043,-4.796424815412,2.6200001));
#5005 = CARTESIAN_POINT('',(13.668909614453,-4.796424815412,2.6200001));
#5006 = ORIENTED_EDGE('',*,*,#5007,.T.);
#5007 = EDGE_CURVE('',#5001,#5008,#5010,.T.);
#5008 = VERTEX_POINT('',#5009);
#5009 = CARTESIAN_POINT('',(13.668909614453,-4.833856100399,2.6200001));
#5010 = B_SPLINE_CURVE_WITH_KNOTS('',1,(#5011,#5012),.UNSPECIFIED.,.F.,
  .F.,(2,2),(-3.743128498634E-02,-0.),.PIECEWISE_BEZIER_KNOTS.);
#5011 = CARTESIAN_POINT('',(13.668909614453,-4.796424815412,2.6200001));
#5012 = CARTESIAN_POINT('',(13.668909614453,-4.833856100399,2.6200001));
#5013 = ORIENTED_EDGE('',*,*,#5014,.T.);
#5014 = EDGE_CURVE('',#5008,#5015,#5017,.T.);
#5015 = VERTEX_POINT('',#5016);
#5016 = CARTESIAN_POINT('',(13.711366396036,-4.833856100399,2.6200001));
#5017 = B_SPLINE_CURVE_WITH_KNOTS('',1,(#5018,#5019),.UNSPECIFIED.,.F.,
  .F.,(2,2),(-4.245678158308E-02,0.),.PIECEWISE_BEZIER_KNOTS.);
#5018 = CARTESIAN_POINT('',(13.668909614453,-4.833856100399,2.6200001));
#5019 = CARTESIAN_POINT('',(13.711366396036,-4.833856100399,2.6200001));
#5020 = ORIENTED_EDGE('',*,*,#5021,.T.);
#5021 = EDGE_CURVE('',#5015,#5022,#5024,.T.);
#5022 = VERTEX_POINT('',#5023);
#5023 = CARTESIAN_POINT('',(13.711366396036,-4.678065705939,2.6200001));
#5024 = B_SPLINE_CURVE_WITH_KNOTS('',1,(#5025,#5026),.UNSPECIFIED.,.F.,
  .F.,(2,2),(-0.15579039446,0.),.PIECEWISE_BEZIER_KNOTS.);
#5025 = CARTESIAN_POINT('',(13.711366396036,-4.833856100399,2.6200001));
#5026 = CARTESIAN_POINT('',(13.711366396036,-4.678065705939,2.6200001));
#5027 = ORIENTED_EDGE('',*,*,#5028,.T.);
#5028 = EDGE_CURVE('',#5022,#4922,#5029,.T.);
#5029 = B_SPLINE_CURVE_WITH_KNOTS('',3,(#5030,#5031,#5032,#5033),
  .UNSPECIFIED.,.F.,.F.,(4,4),(1.,2.),.PIECEWISE_BEZIER_KNOTS.);
#5030 = CARTESIAN_POINT('',(13.711366396036,-4.678065705939,2.6200001));
#5031 = CARTESIAN_POINT('',(13.711366396036,-4.616719988875,2.6200001));
#5032 = CARTESIAN_POINT('',(13.682166527886,-4.586220423329,2.6200001));
#5033 = CARTESIAN_POINT('',(13.623853438079,-4.586220423329,2.6200001));
#5034 = FACE_BOUND('',#5035,.T.);
#5035 = EDGE_LOOP('',(#5036,#5047,#5056,#5063,#5070,#5079,#5088,#5097));
#5036 = ORIENTED_EDGE('',*,*,#5037,.F.);
#5037 = EDGE_CURVE('',#5038,#5040,#5042,.T.);
#5038 = VERTEX_POINT('',#5039);
#5039 = CARTESIAN_POINT('',(13.571172370319,-4.734905805364,2.6200001));
#5040 = VERTEX_POINT('',#5041);
#5041 = CARTESIAN_POINT('',(13.559908326226,-4.765578663895,2.6200001));
#5042 = B_SPLINE_CURVE_WITH_KNOTS('',3,(#5043,#5044,#5045,#5046),
  .UNSPECIFIED.,.F.,.F.,(4,4),(1.,2.),.PIECEWISE_BEZIER_KNOTS.);
#5043 = CARTESIAN_POINT('',(13.571172370319,-4.734905805364,2.6200001));
#5044 = CARTESIAN_POINT('',(13.563720771918,-4.742184110777,2.6200001));
#5045 = CARTESIAN_POINT('',(13.559908326226,-4.752408396954,2.6200001));
#5046 = CARTESIAN_POINT('',(13.559908326226,-4.765578663895,2.6200001));
#5047 = ORIENTED_EDGE('',*,*,#5048,.F.);
#5048 = EDGE_CURVE('',#5049,#5038,#5051,.T.);
#5049 = VERTEX_POINT('',#5050);
#5050 = CARTESIAN_POINT('',(13.612242808013,-4.720002608562,2.6200001));
#5051 = B_SPLINE_CURVE_WITH_KNOTS('',3,(#5052,#5053,#5054,#5055),
  .UNSPECIFIED.,.F.,.F.,(4,4),(0.,1.),.PIECEWISE_BEZIER_KNOTS.);
#5052 = CARTESIAN_POINT('',(13.612242808013,-4.720002608562,2.6200001));
#5053 = CARTESIAN_POINT('',(13.592400761111,-4.722775296341,2.6200001));
#5054 = CARTESIAN_POINT('',(13.578710615212,-4.727627499949,2.6200001));
#5055 = CARTESIAN_POINT('',(13.571172370319,-4.734905805364,2.6200001));
#5056 = ORIENTED_EDGE('',*,*,#5057,.F.);
#5057 = EDGE_CURVE('',#5058,#5049,#5060,.T.);
#5058 = VERTEX_POINT('',#5059);
#5059 = CARTESIAN_POINT('',(13.668909614453,-4.712377717175,2.6200001));
#5060 = B_SPLINE_CURVE_WITH_KNOTS('',1,(#5061,#5062),.UNSPECIFIED.,.F.,
  .F.,(2,2),(0.,5.717749487955E-02),.PIECEWISE_BEZIER_KNOTS.);
#5061 = CARTESIAN_POINT('',(13.668909614453,-4.712377717175,2.6200001));
#5062 = CARTESIAN_POINT('',(13.612242808013,-4.720002608562,2.6200001));
#5063 = ORIENTED_EDGE('',*,*,#5064,.F.);
#5064 = EDGE_CURVE('',#5065,#5058,#5067,.T.);
#5065 = VERTEX_POINT('',#5066);
#5066 = CARTESIAN_POINT('',(13.668909614453,-4.735598977308,2.6200001));
#5067 = B_SPLINE_CURVE_WITH_KNOTS('',1,(#5068,#5069),.UNSPECIFIED.,.F.,
  .F.,(2,2),(0.,2.322126013233E-02),.PIECEWISE_BEZIER_KNOTS.);
#5068 = CARTESIAN_POINT('',(13.668909614453,-4.735598977308,2.6200001));
#5069 = CARTESIAN_POINT('',(13.668909614453,-4.712377717175,2.6200001));
#5070 = ORIENTED_EDGE('',*,*,#5071,.F.);
#5071 = EDGE_CURVE('',#5072,#5065,#5074,.T.);
#5072 = VERTEX_POINT('',#5073);
#5073 = CARTESIAN_POINT('',(13.650713850917,-4.784987478332,2.6200001));
#5074 = B_SPLINE_CURVE_WITH_KNOTS('',3,(#5075,#5076,#5077,#5078),
  .UNSPECIFIED.,.F.,.F.,(4,4),(5.,6.),.PIECEWISE_BEZIER_KNOTS.);
#5075 = CARTESIAN_POINT('',(13.650713850917,-4.784987478332,2.6200001));
#5076 = CARTESIAN_POINT('',(13.662844359941,-4.771990504379,2.6200001));
#5077 = CARTESIAN_POINT('',(13.668909614453,-4.755527670704,2.6200001));
#5078 = CARTESIAN_POINT('',(13.668909614453,-4.735598977308,2.6200001));
#5079 = ORIENTED_EDGE('',*,*,#5080,.F.);
#5080 = EDGE_CURVE('',#5081,#5072,#5083,.T.);
#5081 = VERTEX_POINT('',#5082);
#5082 = CARTESIAN_POINT('',(13.604617916627,-4.804742878743,2.6200001));
#5083 = B_SPLINE_CURVE_WITH_KNOTS('',3,(#5084,#5085,#5086,#5087),
  .UNSPECIFIED.,.F.,.F.,(4,4),(4.,5.),.PIECEWISE_BEZIER_KNOTS.);
#5084 = CARTESIAN_POINT('',(13.604617916627,-4.804742878743,2.6200001));
#5085 = CARTESIAN_POINT('',(13.623246912628,-4.804742878743,2.6200001));
#5086 = CARTESIAN_POINT('',(13.638669988386,-4.798157745273,2.6200001));
#5087 = CARTESIAN_POINT('',(13.650713850917,-4.784987478332,2.6200001));
#5088 = ORIENTED_EDGE('',*,*,#5089,.F.);
#5089 = EDGE_CURVE('',#5090,#5081,#5092,.T.);
#5090 = VERTEX_POINT('',#5091);
#5091 = CARTESIAN_POINT('',(13.572212128236,-4.793825420622,2.6200001));
#5092 = B_SPLINE_CURVE_WITH_KNOTS('',3,(#5093,#5094,#5095,#5096),
  .UNSPECIFIED.,.F.,.F.,(4,4),(3.,4.),.PIECEWISE_BEZIER_KNOTS.);
#5093 = CARTESIAN_POINT('',(13.572212128236,-4.793825420622,2.6200001));
#5094 = CARTESIAN_POINT('',(13.58035689858,-4.801103726035,2.6200001));
#5095 = CARTESIAN_POINT('',(13.591187710207,-4.804742878743,2.6200001));
#5096 = CARTESIAN_POINT('',(13.604617916627,-4.804742878743,2.6200001));
#5097 = ORIENTED_EDGE('',*,*,#5098,.F.);
#5098 = EDGE_CURVE('',#5040,#5090,#5099,.T.);
#5099 = B_SPLINE_CURVE_WITH_KNOTS('',3,(#5100,#5101,#5102,#5103),
  .UNSPECIFIED.,.F.,.F.,(4,4),(2.,3.),.PIECEWISE_BEZIER_KNOTS.);
#5100 = CARTESIAN_POINT('',(13.559908326226,-4.765578663895,2.6200001));
#5101 = CARTESIAN_POINT('',(13.559908326226,-4.777189293959,2.6200001));
#5102 = CARTESIAN_POINT('',(13.563980711398,-4.786547115207,2.6200001));
#5103 = CARTESIAN_POINT('',(13.572212128236,-4.793825420622,2.6200001));
#5104 = B_SPLINE_SURFACE_WITH_KNOTS('',1,1,(
    (#5105,#5106)
    ,(#5107,#5108
    )),.UNSPECIFIED.,.F.,.F.,.F.,(2,2),(2,2),(-6.250461390718E-02,
    0.132016762937),(-0.247743985186,5.610360423712E-03),
  .PIECEWISE_BEZIER_KNOTS.);
#5105 = CARTESIAN_POINT('',(13.516845019191,-4.839574768939,2.6200001));
#5106 = CARTESIAN_POINT('',(13.516845019191,-4.586220423329,2.6200001));
#5107 = CARTESIAN_POINT('',(13.711366396036,-4.839574768939,2.6200001));
#5108 = CARTESIAN_POINT('',(13.711366396036,-4.586220423329,2.6200001));
#5109 = ADVANCED_FACE('',(#5110),#5124,.F.);
#5110 = FACE_BOUND('',#5111,.F.);
#5111 = EDGE_LOOP('',(#5112,#5117,#5118,#5123));
#5112 = ORIENTED_EDGE('',*,*,#5113,.F.);
#5113 = EDGE_CURVE('',#4922,#959,#5114,.T.);
#5114 = B_SPLINE_CURVE_WITH_KNOTS('',1,(#5115,#5116),.UNSPECIFIED.,.F.,
  .F.,(2,2),(-0.,1.E-02),.PIECEWISE_BEZIER_KNOTS.);
#5115 = CARTESIAN_POINT('',(13.623853438079,-4.586220423329,2.6200001));
#5116 = CARTESIAN_POINT('',(13.623853438079,-4.586220423329,2.6100001));
#5117 = ORIENTED_EDGE('',*,*,#4921,.T.);
#5118 = ORIENTED_EDGE('',*,*,#5119,.T.);
#5119 = EDGE_CURVE('',#4924,#950,#5120,.T.);
#5120 = B_SPLINE_CURVE_WITH_KNOTS('',1,(#5121,#5122),.UNSPECIFIED.,.F.,
  .F.,(2,2),(-0.,1.E-02),.PIECEWISE_BEZIER_KNOTS.);
#5121 = CARTESIAN_POINT('',(13.540499511787,-4.608748511516,2.6200001));
#5122 = CARTESIAN_POINT('',(13.540499511787,-4.608748511516,2.6100001));
#5123 = ORIENTED_EDGE('',*,*,#958,.F.);
#5124 = B_SPLINE_SURFACE_WITH_KNOTS('',3,1,(
    (#5125,#5126)
    ,(#5127,#5128)
    ,(#5129,#5130)
    ,(#5131,#5132
    )),.UNSPECIFIED.,.F.,.F.,.F.,(4,4),(2,2),(0.,1.),(0.,1.),
  .PIECEWISE_BEZIER_KNOTS.);
#5125 = CARTESIAN_POINT('',(13.623853438079,-4.586220423329,2.6200001));
#5126 = CARTESIAN_POINT('',(13.623853438079,-4.586220423329,2.6100001));
#5127 = CARTESIAN_POINT('',(13.592314114618,-4.586220423329,2.6200001));
#5128 = CARTESIAN_POINT('',(13.592314114618,-4.586220423329,2.6100001));
#5129 = CARTESIAN_POINT('',(13.564500590356,-4.59367202173,2.6200001));
#5130 = CARTESIAN_POINT('',(13.564500590356,-4.59367202173,2.6100001));
#5131 = CARTESIAN_POINT('',(13.540499511787,-4.608748511516,2.6200001));
#5132 = CARTESIAN_POINT('',(13.540499511787,-4.608748511516,2.6100001));
#5133 = ADVANCED_FACE('',(#5134),#5144,.F.);
#5134 = FACE_BOUND('',#5135,.T.);
#5135 = EDGE_LOOP('',(#5136,#5137,#5142,#5143));
#5136 = ORIENTED_EDGE('',*,*,#949,.T.);
#5137 = ORIENTED_EDGE('',*,*,#5138,.F.);
#5138 = EDGE_CURVE('',#4933,#952,#5139,.T.);
#5139 = B_SPLINE_CURVE_WITH_KNOTS('',1,(#5140,#5141),.UNSPECIFIED.,.F.,
  .F.,(2,2),(-0.,1.E-02),.PIECEWISE_BEZIER_KNOTS.);
#5140 = CARTESIAN_POINT('',(13.540499511787,-4.649992242198,2.6200001));
#5141 = CARTESIAN_POINT('',(13.540499511787,-4.649992242198,2.6100001));
#5142 = ORIENTED_EDGE('',*,*,#4932,.F.);
#5143 = ORIENTED_EDGE('',*,*,#5119,.T.);
#5144 = B_SPLINE_SURFACE_WITH_KNOTS('',1,1,(
    (#5145,#5146)
    ,(#5147,#5148
    )),.UNSPECIFIED.,.F.,.F.,.F.,(2,2),(2,2),(0.,1.E-02),(0.,
    4.12437306821E-02),.PIECEWISE_BEZIER_KNOTS.);
#5145 = CARTESIAN_POINT('',(13.540499511787,-4.649992242198,2.6200001));
#5146 = CARTESIAN_POINT('',(13.540499511787,-4.608748511516,2.6200001));
#5147 = CARTESIAN_POINT('',(13.540499511787,-4.649992242198,2.6100001));
#5148 = CARTESIAN_POINT('',(13.540499511787,-4.608748511516,2.6100001));
#5149 = ADVANCED_FACE('',(#5150),#5160,.F.);
#5150 = FACE_BOUND('',#5151,.F.);
#5151 = EDGE_LOOP('',(#5152,#5153,#5154,#5159));
#5152 = ORIENTED_EDGE('',*,*,#5138,.F.);
#5153 = ORIENTED_EDGE('',*,*,#4939,.T.);
#5154 = ORIENTED_EDGE('',*,*,#5155,.T.);
#5155 = EDGE_CURVE('',#4940,#1048,#5156,.T.);
#5156 = B_SPLINE_CURVE_WITH_KNOTS('',1,(#5157,#5158),.UNSPECIFIED.,.F.,
  .F.,(2,2),(-0.,1.E-02),.PIECEWISE_BEZIER_KNOTS.);
#5157 = CARTESIAN_POINT('',(13.6198676994,-4.620705727554,2.6200001));
#5158 = CARTESIAN_POINT('',(13.6198676994,-4.620705727554,2.6100001));
#5159 = ORIENTED_EDGE('',*,*,#1056,.F.);
#5160 = B_SPLINE_SURFACE_WITH_KNOTS('',3,1,(
    (#5161,#5162)
    ,(#5163,#5164)
    ,(#5165,#5166)
    ,(#5167,#5168
    )),.UNSPECIFIED.,.F.,.F.,.F.,(4,4),(2,2),(12.,13.),(0.,1.),
  .PIECEWISE_BEZIER_KNOTS.);
#5161 = CARTESIAN_POINT('',(13.540499511787,-4.649992242198,2.6200001));
#5162 = CARTESIAN_POINT('',(13.540499511787,-4.649992242198,2.6100001));
#5163 = CARTESIAN_POINT('',(13.564413943863,-4.630583427759,2.6200001));
#5164 = CARTESIAN_POINT('',(13.564413943863,-4.630583427759,2.6100001));
#5165 = CARTESIAN_POINT('',(13.590841124236,-4.620705727554,2.6200001));
#5166 = CARTESIAN_POINT('',(13.590841124236,-4.620705727554,2.6100001));
#5167 = CARTESIAN_POINT('',(13.6198676994,-4.620705727554,2.6200001));
#5168 = CARTESIAN_POINT('',(13.6198676994,-4.620705727554,2.6100001));
#5169 = ADVANCED_FACE('',(#5170),#5180,.F.);
#5170 = FACE_BOUND('',#5171,.F.);
#5171 = EDGE_LOOP('',(#5172,#5173,#5174,#5179));
#5172 = ORIENTED_EDGE('',*,*,#5155,.F.);
#5173 = ORIENTED_EDGE('',*,*,#4948,.T.);
#5174 = ORIENTED_EDGE('',*,*,#5175,.T.);
#5175 = EDGE_CURVE('',#4949,#1041,#5176,.T.);
#5176 = B_SPLINE_CURVE_WITH_KNOTS('',1,(#5177,#5178),.UNSPECIFIED.,.F.,
  .F.,(2,2),(-0.,1.E-02),.PIECEWISE_BEZIER_KNOTS.);
#5177 = CARTESIAN_POINT('',(13.668909614453,-4.679971928783,2.6200001));
#5178 = CARTESIAN_POINT('',(13.668909614453,-4.679971928783,2.6100001));
#5179 = ORIENTED_EDGE('',*,*,#1047,.F.);
#5180 = B_SPLINE_SURFACE_WITH_KNOTS('',3,1,(
    (#5181,#5182)
    ,(#5183,#5184)
    ,(#5185,#5186)
    ,(#5187,#5188
    )),.UNSPECIFIED.,.F.,.F.,.F.,(4,4),(2,2),(11.,12.),(0.,1.),
  .PIECEWISE_BEZIER_KNOTS.);
#5181 = CARTESIAN_POINT('',(13.6198676994,-4.620705727554,2.6200001));
#5182 = CARTESIAN_POINT('',(13.6198676994,-4.620705727554,2.6100001));
#5183 = CARTESIAN_POINT('',(13.652533427271,-4.620705727554,2.6200001));
#5184 = CARTESIAN_POINT('',(13.652533427271,-4.620705727554,2.6100001));
#5185 = CARTESIAN_POINT('',(13.668909614453,-4.640461127965,2.6200001));
#5186 = CARTESIAN_POINT('',(13.668909614453,-4.640461127965,2.6100001));
#5187 = CARTESIAN_POINT('',(13.668909614453,-4.679971928783,2.6200001));
#5188 = CARTESIAN_POINT('',(13.668909614453,-4.679971928783,2.6100001));
#5189 = ADVANCED_FACE('',(#5190),#5200,.F.);
#5190 = FACE_BOUND('',#5191,.T.);
#5191 = EDGE_LOOP('',(#5192,#5193,#5198,#5199));
#5192 = ORIENTED_EDGE('',*,*,#1040,.T.);
#5193 = ORIENTED_EDGE('',*,*,#5194,.F.);
#5194 = EDGE_CURVE('',#4958,#1032,#5195,.T.);
#5195 = B_SPLINE_CURVE_WITH_KNOTS('',1,(#5196,#5197),.UNSPECIFIED.,.F.,
  .F.,(2,2),(-0.,1.E-02),.PIECEWISE_BEZIER_KNOTS.);
#5196 = CARTESIAN_POINT('',(13.597166318226,-4.690022921975,2.6200001));
#5197 = CARTESIAN_POINT('',(13.597166318226,-4.690022921975,2.6100001));
#5198 = ORIENTED_EDGE('',*,*,#4957,.F.);
#5199 = ORIENTED_EDGE('',*,*,#5175,.T.);
#5200 = B_SPLINE_SURFACE_WITH_KNOTS('',1,1,(
    (#5201,#5202)
    ,(#5203,#5204
    )),.UNSPECIFIED.,.F.,.F.,.F.,(2,2),(2,2),(0.,7.244393016341E-02),(
    -1.E-02,0.),.PIECEWISE_BEZIER_KNOTS.);
#5201 = CARTESIAN_POINT('',(13.597166318226,-4.690022921975,2.6100001));
#5202 = CARTESIAN_POINT('',(13.597166318226,-4.690022921975,2.6200001));
#5203 = CARTESIAN_POINT('',(13.668909614453,-4.679971928783,2.6100001));
#5204 = CARTESIAN_POINT('',(13.668909614453,-4.679971928783,2.6200001));
#5205 = ADVANCED_FACE('',(#5206),#5216,.F.);
#5206 = FACE_BOUND('',#5207,.F.);
#5207 = EDGE_LOOP('',(#5208,#5209,#5210,#5215));
#5208 = ORIENTED_EDGE('',*,*,#5194,.F.);
#5209 = ORIENTED_EDGE('',*,*,#4964,.T.);
#5210 = ORIENTED_EDGE('',*,*,#5211,.T.);
#5211 = EDGE_CURVE('',#4965,#1023,#5212,.T.);
#5212 = B_SPLINE_CURVE_WITH_KNOTS('',1,(#5213,#5214),.UNSPECIFIED.,.F.,
  .F.,(2,2),(-0.,1.E-02),.PIECEWISE_BEZIER_KNOTS.);
#5213 = CARTESIAN_POINT('',(13.516845019191,-4.769044523615,2.6200001));
#5214 = CARTESIAN_POINT('',(13.516845019191,-4.769044523615,2.6100001));
#5215 = ORIENTED_EDGE('',*,*,#1031,.F.);
#5216 = B_SPLINE_SURFACE_WITH_KNOTS('',3,1,(
    (#5217,#5218)
    ,(#5219,#5220)
    ,(#5221,#5222)
    ,(#5223,#5224
    )),.UNSPECIFIED.,.F.,.F.,.F.,(4,4),(2,2),(9.,10.),(0.,1.),
  .PIECEWISE_BEZIER_KNOTS.);
#5217 = CARTESIAN_POINT('',(13.597166318226,-4.690022921975,2.6200001));
#5218 = CARTESIAN_POINT('',(13.597166318226,-4.690022921975,2.6100001));
#5219 = CARTESIAN_POINT('',(13.543618785537,-4.697474520376,2.6200001));
#5220 = CARTESIAN_POINT('',(13.543618785537,-4.697474520376,2.6100001));
#5221 = CARTESIAN_POINT('',(13.516845019191,-4.723815054256,2.6200001));
#5222 = CARTESIAN_POINT('',(13.516845019191,-4.723815054256,2.6100001));
#5223 = CARTESIAN_POINT('',(13.516845019191,-4.769044523615,2.6200001));
#5224 = CARTESIAN_POINT('',(13.516845019191,-4.769044523615,2.6100001));
#5225 = ADVANCED_FACE('',(#5226),#5236,.F.);
#5226 = FACE_BOUND('',#5227,.F.);
#5227 = EDGE_LOOP('',(#5228,#5229,#5230,#5235));
#5228 = ORIENTED_EDGE('',*,*,#5211,.F.);
#5229 = ORIENTED_EDGE('',*,*,#4973,.T.);
#5230 = ORIENTED_EDGE('',*,*,#5231,.T.);
#5231 = EDGE_CURVE('',#4974,#1014,#5232,.T.);
#5232 = B_SPLINE_CURVE_WITH_KNOTS('',1,(#5233,#5234),.UNSPECIFIED.,.F.,
  .F.,(2,2),(-0.,1.E-02),.PIECEWISE_BEZIER_KNOTS.);
#5233 = CARTESIAN_POINT('',(13.537640177518,-4.820512540474,2.6200001));
#5234 = CARTESIAN_POINT('',(13.537640177518,-4.820512540474,2.6100001));
#5235 = ORIENTED_EDGE('',*,*,#1022,.F.);
#5236 = B_SPLINE_SURFACE_WITH_KNOTS('',3,1,(
    (#5237,#5238)
    ,(#5239,#5240)
    ,(#5241,#5242)
    ,(#5243,#5244
    )),.UNSPECIFIED.,.F.,.F.,.F.,(4,4),(2,2),(8.,9.),(0.,1.),
  .PIECEWISE_BEZIER_KNOTS.);
#5237 = CARTESIAN_POINT('',(13.516845019191,-4.769044523615,2.6200001));
#5238 = CARTESIAN_POINT('',(13.516845019191,-4.769044523615,2.6100001));
#5239 = CARTESIAN_POINT('',(13.516845019191,-4.790706146872,2.6200001));
#5240 = CARTESIAN_POINT('',(13.516845019191,-4.790706146872,2.6100001));
#5241 = CARTESIAN_POINT('',(13.523776738634,-4.807862152493,2.6200001));
#5242 = CARTESIAN_POINT('',(13.523776738634,-4.807862152493,2.6100001));
#5243 = CARTESIAN_POINT('',(13.537640177518,-4.820512540474,2.6200001));
#5244 = CARTESIAN_POINT('',(13.537640177518,-4.820512540474,2.6100001));
#5245 = ADVANCED_FACE('',(#5246),#5256,.F.);
#5246 = FACE_BOUND('',#5247,.F.);
#5247 = EDGE_LOOP('',(#5248,#5249,#5250,#5255));
#5248 = ORIENTED_EDGE('',*,*,#5231,.F.);
#5249 = ORIENTED_EDGE('',*,*,#4982,.T.);
#5250 = ORIENTED_EDGE('',*,*,#5251,.T.);
#5251 = EDGE_CURVE('',#4983,#1005,#5252,.T.);
#5252 = B_SPLINE_CURVE_WITH_KNOTS('',1,(#5253,#5254),.UNSPECIFIED.,.F.,
  .F.,(2,2),(-0.,1.E-02),.PIECEWISE_BEZIER_KNOTS.);
#5253 = CARTESIAN_POINT('',(13.593613812013,-4.839574768939,2.6200001));
#5254 = CARTESIAN_POINT('',(13.593613812013,-4.839574768939,2.6100001));
#5255 = ORIENTED_EDGE('',*,*,#1013,.F.);
#5256 = B_SPLINE_SURFACE_WITH_KNOTS('',3,1,(
    (#5257,#5258)
    ,(#5259,#5260)
    ,(#5261,#5262)
    ,(#5263,#5264
    )),.UNSPECIFIED.,.F.,.F.,.F.,(4,4),(2,2),(7.,8.),(0.,1.),
  .PIECEWISE_BEZIER_KNOTS.);
#5257 = CARTESIAN_POINT('',(13.537640177518,-4.820512540474,2.6200001));
#5258 = CARTESIAN_POINT('',(13.537640177518,-4.820512540474,2.6100001));
#5259 = CARTESIAN_POINT('',(13.551503616402,-4.833162928455,2.6200001));
#5260 = CARTESIAN_POINT('',(13.551503616402,-4.833162928455,2.6100001));
#5261 = CARTESIAN_POINT('',(13.570132612403,-4.839574768939,2.6200001));
#5262 = CARTESIAN_POINT('',(13.570132612403,-4.839574768939,2.6100001));
#5263 = CARTESIAN_POINT('',(13.593613812013,-4.839574768939,2.6200001));
#5264 = CARTESIAN_POINT('',(13.593613812013,-4.839574768939,2.6100001));
#5265 = ADVANCED_FACE('',(#5266),#5276,.F.);
#5266 = FACE_BOUND('',#5267,.F.);
#5267 = EDGE_LOOP('',(#5268,#5269,#5270,#5275));
#5268 = ORIENTED_EDGE('',*,*,#5251,.F.);
#5269 = ORIENTED_EDGE('',*,*,#4991,.T.);
#5270 = ORIENTED_EDGE('',*,*,#5271,.T.);
#5271 = EDGE_CURVE('',#4992,#998,#5272,.T.);
#5272 = B_SPLINE_CURVE_WITH_KNOTS('',1,(#5273,#5274),.UNSPECIFIED.,.F.,
  .F.,(2,2),(-0.,1.E-02),.PIECEWISE_BEZIER_KNOTS.);
#5273 = CARTESIAN_POINT('',(13.667783210043,-4.796424815412,2.6200001));
#5274 = CARTESIAN_POINT('',(13.667783210043,-4.796424815412,2.6100001));
#5275 = ORIENTED_EDGE('',*,*,#1004,.F.);
#5276 = B_SPLINE_SURFACE_WITH_KNOTS('',3,1,(
    (#5277,#5278)
    ,(#5279,#5280)
    ,(#5281,#5282)
    ,(#5283,#5284
    )),.UNSPECIFIED.,.F.,.F.,.F.,(4,4),(2,2),(6.,7.),(0.,1.),
  .PIECEWISE_BEZIER_KNOTS.);
#5277 = CARTESIAN_POINT('',(13.593613812013,-4.839574768939,2.6200001));
#5278 = CARTESIAN_POINT('',(13.593613812013,-4.839574768939,2.6100001));
#5279 = CARTESIAN_POINT('',(13.626279539884,-4.839574768939,2.6200001));
#5280 = CARTESIAN_POINT('',(13.626279539884,-4.839574768939,2.6100001));
#5281 = CARTESIAN_POINT('',(13.65106043689,-4.825191451097,2.6200001));
#5282 = CARTESIAN_POINT('',(13.65106043689,-4.825191451097,2.6100001));
#5283 = CARTESIAN_POINT('',(13.667783210043,-4.796424815412,2.6200001));
#5284 = CARTESIAN_POINT('',(13.667783210043,-4.796424815412,2.6100001));
#5285 = ADVANCED_FACE('',(#5286),#5296,.F.);
#5286 = FACE_BOUND('',#5287,.T.);
#5287 = EDGE_LOOP('',(#5288,#5289,#5294,#5295));
#5288 = ORIENTED_EDGE('',*,*,#997,.T.);
#5289 = ORIENTED_EDGE('',*,*,#5290,.F.);
#5290 = EDGE_CURVE('',#5001,#991,#5291,.T.);
#5291 = B_SPLINE_CURVE_WITH_KNOTS('',1,(#5292,#5293),.UNSPECIFIED.,.F.,
  .F.,(2,2),(-0.,1.E-02),.PIECEWISE_BEZIER_KNOTS.);
#5292 = CARTESIAN_POINT('',(13.668909614453,-4.796424815412,2.6200001));
#5293 = CARTESIAN_POINT('',(13.668909614453,-4.796424815412,2.6100001));
#5294 = ORIENTED_EDGE('',*,*,#5000,.F.);
#5295 = ORIENTED_EDGE('',*,*,#5271,.T.);
#5296 = B_SPLINE_SURFACE_WITH_KNOTS('',1,1,(
    (#5297,#5298)
    ,(#5299,#5300)),.UNSPECIFIED.,.F.,.F.,.F.,(2,2),(2,2),(-1.E-02,0.),(
    -1.126404409211E-03,0.),.PIECEWISE_BEZIER_KNOTS.);
#5297 = CARTESIAN_POINT('',(13.667783210043,-4.796424815412,2.6100001));
#5298 = CARTESIAN_POINT('',(13.668909614453,-4.796424815412,2.6100001));
#5299 = CARTESIAN_POINT('',(13.667783210043,-4.796424815412,2.6200001));
#5300 = CARTESIAN_POINT('',(13.668909614453,-4.796424815412,2.6200001));
#5301 = ADVANCED_FACE('',(#5302),#5312,.F.);
#5302 = FACE_BOUND('',#5303,.T.);
#5303 = EDGE_LOOP('',(#5304,#5305,#5310,#5311));
#5304 = ORIENTED_EDGE('',*,*,#990,.T.);
#5305 = ORIENTED_EDGE('',*,*,#5306,.F.);
#5306 = EDGE_CURVE('',#5008,#984,#5307,.T.);
#5307 = B_SPLINE_CURVE_WITH_KNOTS('',1,(#5308,#5309),.UNSPECIFIED.,.F.,
  .F.,(2,2),(-0.,1.E-02),.PIECEWISE_BEZIER_KNOTS.);
#5308 = CARTESIAN_POINT('',(13.668909614453,-4.833856100399,2.6200001));
#5309 = CARTESIAN_POINT('',(13.668909614453,-4.833856100399,2.6100001));
#5310 = ORIENTED_EDGE('',*,*,#5007,.F.);
#5311 = ORIENTED_EDGE('',*,*,#5290,.T.);
#5312 = B_SPLINE_SURFACE_WITH_KNOTS('',1,1,(
    (#5313,#5314)
    ,(#5315,#5316
    )),.UNSPECIFIED.,.F.,.F.,.F.,(2,2),(2,2),(0.,1.E-02),(0.,
    3.743128498634E-02),.PIECEWISE_BEZIER_KNOTS.);
#5313 = CARTESIAN_POINT('',(13.668909614453,-4.833856100399,2.6200001));
#5314 = CARTESIAN_POINT('',(13.668909614453,-4.796424815412,2.6200001));
#5315 = CARTESIAN_POINT('',(13.668909614453,-4.833856100399,2.6100001));
#5316 = CARTESIAN_POINT('',(13.668909614453,-4.796424815412,2.6100001));
#5317 = ADVANCED_FACE('',(#5318),#5328,.F.);
#5318 = FACE_BOUND('',#5319,.T.);
#5319 = EDGE_LOOP('',(#5320,#5321,#5326,#5327));
#5320 = ORIENTED_EDGE('',*,*,#983,.T.);
#5321 = ORIENTED_EDGE('',*,*,#5322,.F.);
#5322 = EDGE_CURVE('',#5015,#977,#5323,.T.);
#5323 = B_SPLINE_CURVE_WITH_KNOTS('',1,(#5324,#5325),.UNSPECIFIED.,.F.,
  .F.,(2,2),(-0.,1.E-02),.PIECEWISE_BEZIER_KNOTS.);
#5324 = CARTESIAN_POINT('',(13.711366396036,-4.833856100399,2.6200001));
#5325 = CARTESIAN_POINT('',(13.711366396036,-4.833856100399,2.6100001));
#5326 = ORIENTED_EDGE('',*,*,#5014,.F.);
#5327 = ORIENTED_EDGE('',*,*,#5306,.T.);
#5328 = B_SPLINE_SURFACE_WITH_KNOTS('',1,1,(
    (#5329,#5330)
    ,(#5331,#5332)),.UNSPECIFIED.,.F.,.F.,.F.,(2,2),(2,2),(-1.E-02,0.),(
    -4.245678158308E-02,0.),.PIECEWISE_BEZIER_KNOTS.);
#5329 = CARTESIAN_POINT('',(13.668909614453,-4.833856100399,2.6100001));
#5330 = CARTESIAN_POINT('',(13.711366396036,-4.833856100399,2.6100001));
#5331 = CARTESIAN_POINT('',(13.668909614453,-4.833856100399,2.6200001));
#5332 = CARTESIAN_POINT('',(13.711366396036,-4.833856100399,2.6200001));
#5333 = ADVANCED_FACE('',(#5334),#5344,.F.);
#5334 = FACE_BOUND('',#5335,.T.);
#5335 = EDGE_LOOP('',(#5336,#5337,#5342,#5343));
#5336 = ORIENTED_EDGE('',*,*,#976,.T.);
#5337 = ORIENTED_EDGE('',*,*,#5338,.F.);
#5338 = EDGE_CURVE('',#5022,#968,#5339,.T.);
#5339 = B_SPLINE_CURVE_WITH_KNOTS('',1,(#5340,#5341),.UNSPECIFIED.,.F.,
  .F.,(2,2),(-0.,1.E-02),.PIECEWISE_BEZIER_KNOTS.);
#5340 = CARTESIAN_POINT('',(13.711366396036,-4.678065705939,2.6200001));
#5341 = CARTESIAN_POINT('',(13.711366396036,-4.678065705939,2.6100001));
#5342 = ORIENTED_EDGE('',*,*,#5021,.F.);
#5343 = ORIENTED_EDGE('',*,*,#5322,.T.);
#5344 = B_SPLINE_SURFACE_WITH_KNOTS('',1,1,(
    (#5345,#5346)
    ,(#5347,#5348
    )),.UNSPECIFIED.,.F.,.F.,.F.,(2,2),(2,2),(-1.E-02,0.),(
    -0.15579039446,8.881784197001E-16),.PIECEWISE_BEZIER_KNOTS.);
#5345 = CARTESIAN_POINT('',(13.711366396036,-4.833856100399,2.6100001));
#5346 = CARTESIAN_POINT('',(13.711366396036,-4.678065705939,2.6100001));
#5347 = CARTESIAN_POINT('',(13.711366396036,-4.833856100399,2.6200001));
#5348 = CARTESIAN_POINT('',(13.711366396036,-4.678065705939,2.6200001));
#5349 = ADVANCED_FACE('',(#5350),#5356,.F.);
#5350 = FACE_BOUND('',#5351,.F.);
#5351 = EDGE_LOOP('',(#5352,#5353,#5354,#5355));
#5352 = ORIENTED_EDGE('',*,*,#5338,.F.);
#5353 = ORIENTED_EDGE('',*,*,#5028,.T.);
#5354 = ORIENTED_EDGE('',*,*,#5113,.T.);
#5355 = ORIENTED_EDGE('',*,*,#967,.F.);
#5356 = B_SPLINE_SURFACE_WITH_KNOTS('',3,1,(
    (#5357,#5358)
    ,(#5359,#5360)
    ,(#5361,#5362)
    ,(#5363,#5364
    )),.UNSPECIFIED.,.F.,.F.,.F.,(4,4),(2,2),(1.,2.),(0.,1.),
  .PIECEWISE_BEZIER_KNOTS.);
#5357 = CARTESIAN_POINT('',(13.711366396036,-4.678065705939,2.6200001));
#5358 = CARTESIAN_POINT('',(13.711366396036,-4.678065705939,2.6100001));
#5359 = CARTESIAN_POINT('',(13.711366396036,-4.616719988875,2.6200001));
#5360 = CARTESIAN_POINT('',(13.711366396036,-4.616719988875,2.6100001));
#5361 = CARTESIAN_POINT('',(13.682166527886,-4.586220423329,2.6200001));
#5362 = CARTESIAN_POINT('',(13.682166527886,-4.586220423329,2.6100001));
#5363 = CARTESIAN_POINT('',(13.623853438079,-4.586220423329,2.6200001));
#5364 = CARTESIAN_POINT('',(13.623853438079,-4.586220423329,2.6100001));
#5365 = ADVANCED_FACE('',(#5366),#5390,.T.);
#5366 = FACE_BOUND('',#5367,.T.);
#5367 = EDGE_LOOP('',(#5368,#5379,#5384,#5385));
#5368 = ORIENTED_EDGE('',*,*,#5369,.F.);
#5369 = EDGE_CURVE('',#5370,#5372,#5374,.T.);
#5370 = VERTEX_POINT('',#5371);
#5371 = CARTESIAN_POINT('',(13.612242808013,-4.720002608562,2.6100001));
#5372 = VERTEX_POINT('',#5373);
#5373 = CARTESIAN_POINT('',(13.571172370319,-4.734905805364,2.6100001));
#5374 = B_SPLINE_CURVE_WITH_KNOTS('',3,(#5375,#5376,#5377,#5378),
  .UNSPECIFIED.,.F.,.F.,(4,4),(0.,1.),.PIECEWISE_BEZIER_KNOTS.);
#5375 = CARTESIAN_POINT('',(13.612242808013,-4.720002608562,2.6100001));
#5376 = CARTESIAN_POINT('',(13.592400761111,-4.722775296341,2.6100001));
#5377 = CARTESIAN_POINT('',(13.578710615212,-4.727627499949,2.6100001));
#5378 = CARTESIAN_POINT('',(13.571172370319,-4.734905805364,2.6100001));
#5379 = ORIENTED_EDGE('',*,*,#5380,.F.);
#5380 = EDGE_CURVE('',#5049,#5370,#5381,.T.);
#5381 = B_SPLINE_CURVE_WITH_KNOTS('',1,(#5382,#5383),.UNSPECIFIED.,.F.,
  .F.,(2,2),(-0.,1.E-02),.PIECEWISE_BEZIER_KNOTS.);
#5382 = CARTESIAN_POINT('',(13.612242808013,-4.720002608562,2.6200001));
#5383 = CARTESIAN_POINT('',(13.612242808013,-4.720002608562,2.6100001));
#5384 = ORIENTED_EDGE('',*,*,#5048,.T.);
#5385 = ORIENTED_EDGE('',*,*,#5386,.T.);
#5386 = EDGE_CURVE('',#5038,#5372,#5387,.T.);
#5387 = B_SPLINE_CURVE_WITH_KNOTS('',1,(#5388,#5389),.UNSPECIFIED.,.F.,
  .F.,(2,2),(-0.,1.E-02),.PIECEWISE_BEZIER_KNOTS.);
#5388 = CARTESIAN_POINT('',(13.571172370319,-4.734905805364,2.6200001));
#5389 = CARTESIAN_POINT('',(13.571172370319,-4.734905805364,2.6100001));
#5390 = B_SPLINE_SURFACE_WITH_KNOTS('',3,1,(
    (#5391,#5392)
    ,(#5393,#5394)
    ,(#5395,#5396)
    ,(#5397,#5398
    )),.UNSPECIFIED.,.F.,.F.,.F.,(4,4),(2,2),(0.,1.),(0.,1.),
  .PIECEWISE_BEZIER_KNOTS.);
#5391 = CARTESIAN_POINT('',(13.612242808013,-4.720002608562,2.6200001));
#5392 = CARTESIAN_POINT('',(13.612242808013,-4.720002608562,2.6100001));
#5393 = CARTESIAN_POINT('',(13.592400761111,-4.722775296341,2.6200001));
#5394 = CARTESIAN_POINT('',(13.592400761111,-4.722775296341,2.6100001));
#5395 = CARTESIAN_POINT('',(13.578710615212,-4.727627499949,2.6200001));
#5396 = CARTESIAN_POINT('',(13.578710615212,-4.727627499949,2.6100001));
#5397 = CARTESIAN_POINT('',(13.571172370319,-4.734905805364,2.6200001));
#5398 = CARTESIAN_POINT('',(13.571172370319,-4.734905805364,2.6100001));
#5399 = ADVANCED_FACE('',(#5400),#5418,.T.);
#5400 = FACE_BOUND('',#5401,.T.);
#5401 = EDGE_LOOP('',(#5402,#5411,#5412,#5413));
#5402 = ORIENTED_EDGE('',*,*,#5403,.F.);
#5403 = EDGE_CURVE('',#5372,#5404,#5406,.T.);
#5404 = VERTEX_POINT('',#5405);
#5405 = CARTESIAN_POINT('',(13.559908326226,-4.765578663895,2.6100001));
#5406 = B_SPLINE_CURVE_WITH_KNOTS('',3,(#5407,#5408,#5409,#5410),
  .UNSPECIFIED.,.F.,.F.,(4,4),(1.,2.),.PIECEWISE_BEZIER_KNOTS.);
#5407 = CARTESIAN_POINT('',(13.571172370319,-4.734905805364,2.6100001));
#5408 = CARTESIAN_POINT('',(13.563720771918,-4.742184110777,2.6100001));
#5409 = CARTESIAN_POINT('',(13.559908326226,-4.752408396954,2.6100001));
#5410 = CARTESIAN_POINT('',(13.559908326226,-4.765578663895,2.6100001));
#5411 = ORIENTED_EDGE('',*,*,#5386,.F.);
#5412 = ORIENTED_EDGE('',*,*,#5037,.T.);
#5413 = ORIENTED_EDGE('',*,*,#5414,.T.);
#5414 = EDGE_CURVE('',#5040,#5404,#5415,.T.);
#5415 = B_SPLINE_CURVE_WITH_KNOTS('',1,(#5416,#5417),.UNSPECIFIED.,.F.,
  .F.,(2,2),(-0.,1.E-02),.PIECEWISE_BEZIER_KNOTS.);
#5416 = CARTESIAN_POINT('',(13.559908326226,-4.765578663895,2.6200001));
#5417 = CARTESIAN_POINT('',(13.559908326226,-4.765578663895,2.6100001));
#5418 = B_SPLINE_SURFACE_WITH_KNOTS('',3,1,(
    (#5419,#5420)
    ,(#5421,#5422)
    ,(#5423,#5424)
    ,(#5425,#5426
    )),.UNSPECIFIED.,.F.,.F.,.F.,(4,4),(2,2),(1.,2.),(0.,1.),
  .PIECEWISE_BEZIER_KNOTS.);
#5419 = CARTESIAN_POINT('',(13.571172370319,-4.734905805364,2.6200001));
#5420 = CARTESIAN_POINT('',(13.571172370319,-4.734905805364,2.6100001));
#5421 = CARTESIAN_POINT('',(13.563720771918,-4.742184110777,2.6200001));
#5422 = CARTESIAN_POINT('',(13.563720771918,-4.742184110777,2.6100001));
#5423 = CARTESIAN_POINT('',(13.559908326226,-4.752408396954,2.6200001));
#5424 = CARTESIAN_POINT('',(13.559908326226,-4.752408396954,2.6100001));
#5425 = CARTESIAN_POINT('',(13.559908326226,-4.765578663895,2.6200001));
#5426 = CARTESIAN_POINT('',(13.559908326226,-4.765578663895,2.6100001));
#5427 = ADVANCED_FACE('',(#5428),#5446,.T.);
#5428 = FACE_BOUND('',#5429,.T.);
#5429 = EDGE_LOOP('',(#5430,#5439,#5440,#5441));
#5430 = ORIENTED_EDGE('',*,*,#5431,.F.);
#5431 = EDGE_CURVE('',#5404,#5432,#5434,.T.);
#5432 = VERTEX_POINT('',#5433);
#5433 = CARTESIAN_POINT('',(13.572212128236,-4.793825420622,2.6100001));
#5434 = B_SPLINE_CURVE_WITH_KNOTS('',3,(#5435,#5436,#5437,#5438),
  .UNSPECIFIED.,.F.,.F.,(4,4),(2.,3.),.PIECEWISE_BEZIER_KNOTS.);
#5435 = CARTESIAN_POINT('',(13.559908326226,-4.765578663895,2.6100001));
#5436 = CARTESIAN_POINT('',(13.559908326226,-4.777189293959,2.6100001));
#5437 = CARTESIAN_POINT('',(13.563980711398,-4.786547115207,2.6100001));
#5438 = CARTESIAN_POINT('',(13.572212128236,-4.793825420622,2.6100001));
#5439 = ORIENTED_EDGE('',*,*,#5414,.F.);
#5440 = ORIENTED_EDGE('',*,*,#5098,.T.);
#5441 = ORIENTED_EDGE('',*,*,#5442,.T.);
#5442 = EDGE_CURVE('',#5090,#5432,#5443,.T.);
#5443 = B_SPLINE_CURVE_WITH_KNOTS('',1,(#5444,#5445),.UNSPECIFIED.,.F.,
  .F.,(2,2),(-0.,1.E-02),.PIECEWISE_BEZIER_KNOTS.);
#5444 = CARTESIAN_POINT('',(13.572212128236,-4.793825420622,2.6200001));
#5445 = CARTESIAN_POINT('',(13.572212128236,-4.793825420622,2.6100001));
#5446 = B_SPLINE_SURFACE_WITH_KNOTS('',3,1,(
    (#5447,#5448)
    ,(#5449,#5450)
    ,(#5451,#5452)
    ,(#5453,#5454
    )),.UNSPECIFIED.,.F.,.F.,.F.,(4,4),(2,2),(2.,3.),(0.,1.),
  .PIECEWISE_BEZIER_KNOTS.);
#5447 = CARTESIAN_POINT('',(13.559908326226,-4.765578663895,2.6200001));
#5448 = CARTESIAN_POINT('',(13.559908326226,-4.765578663895,2.6100001));
#5449 = CARTESIAN_POINT('',(13.559908326226,-4.777189293959,2.6200001));
#5450 = CARTESIAN_POINT('',(13.559908326226,-4.777189293959,2.6100001));
#5451 = CARTESIAN_POINT('',(13.563980711398,-4.786547115207,2.6200001));
#5452 = CARTESIAN_POINT('',(13.563980711398,-4.786547115207,2.6100001));
#5453 = CARTESIAN_POINT('',(13.572212128236,-4.793825420622,2.6200001));
#5454 = CARTESIAN_POINT('',(13.572212128236,-4.793825420622,2.6100001));
#5455 = ADVANCED_FACE('',(#5456),#5474,.T.);
#5456 = FACE_BOUND('',#5457,.T.);
#5457 = EDGE_LOOP('',(#5458,#5467,#5468,#5469));
#5458 = ORIENTED_EDGE('',*,*,#5459,.F.);
#5459 = EDGE_CURVE('',#5432,#5460,#5462,.T.);
#5460 = VERTEX_POINT('',#5461);
#5461 = CARTESIAN_POINT('',(13.604617916627,-4.804742878743,2.6100001));
#5462 = B_SPLINE_CURVE_WITH_KNOTS('',3,(#5463,#5464,#5465,#5466),
  .UNSPECIFIED.,.F.,.F.,(4,4),(3.,4.),.PIECEWISE_BEZIER_KNOTS.);
#5463 = CARTESIAN_POINT('',(13.572212128236,-4.793825420622,2.6100001));
#5464 = CARTESIAN_POINT('',(13.58035689858,-4.801103726035,2.6100001));
#5465 = CARTESIAN_POINT('',(13.591187710207,-4.804742878743,2.6100001));
#5466 = CARTESIAN_POINT('',(13.604617916627,-4.804742878743,2.6100001));
#5467 = ORIENTED_EDGE('',*,*,#5442,.F.);
#5468 = ORIENTED_EDGE('',*,*,#5089,.T.);
#5469 = ORIENTED_EDGE('',*,*,#5470,.T.);
#5470 = EDGE_CURVE('',#5081,#5460,#5471,.T.);
#5471 = B_SPLINE_CURVE_WITH_KNOTS('',1,(#5472,#5473),.UNSPECIFIED.,.F.,
  .F.,(2,2),(-0.,1.E-02),.PIECEWISE_BEZIER_KNOTS.);
#5472 = CARTESIAN_POINT('',(13.604617916627,-4.804742878743,2.6200001));
#5473 = CARTESIAN_POINT('',(13.604617916627,-4.804742878743,2.6100001));
#5474 = B_SPLINE_SURFACE_WITH_KNOTS('',3,1,(
    (#5475,#5476)
    ,(#5477,#5478)
    ,(#5479,#5480)
    ,(#5481,#5482
    )),.UNSPECIFIED.,.F.,.F.,.F.,(4,4),(2,2),(3.,4.),(0.,1.),
  .PIECEWISE_BEZIER_KNOTS.);
#5475 = CARTESIAN_POINT('',(13.572212128236,-4.793825420622,2.6200001));
#5476 = CARTESIAN_POINT('',(13.572212128236,-4.793825420622,2.6100001));
#5477 = CARTESIAN_POINT('',(13.58035689858,-4.801103726035,2.6200001));
#5478 = CARTESIAN_POINT('',(13.58035689858,-4.801103726035,2.6100001));
#5479 = CARTESIAN_POINT('',(13.591187710207,-4.804742878743,2.6200001));
#5480 = CARTESIAN_POINT('',(13.591187710207,-4.804742878743,2.6100001));
#5481 = CARTESIAN_POINT('',(13.604617916627,-4.804742878743,2.6200001));
#5482 = CARTESIAN_POINT('',(13.604617916627,-4.804742878743,2.6100001));
#5483 = ADVANCED_FACE('',(#5484),#5502,.T.);
#5484 = FACE_BOUND('',#5485,.T.);
#5485 = EDGE_LOOP('',(#5486,#5495,#5496,#5497));
#5486 = ORIENTED_EDGE('',*,*,#5487,.F.);
#5487 = EDGE_CURVE('',#5460,#5488,#5490,.T.);
#5488 = VERTEX_POINT('',#5489);
#5489 = CARTESIAN_POINT('',(13.650713850917,-4.784987478332,2.6100001));
#5490 = B_SPLINE_CURVE_WITH_KNOTS('',3,(#5491,#5492,#5493,#5494),
  .UNSPECIFIED.,.F.,.F.,(4,4),(4.,5.),.PIECEWISE_BEZIER_KNOTS.);
#5491 = CARTESIAN_POINT('',(13.604617916627,-4.804742878743,2.6100001));
#5492 = CARTESIAN_POINT('',(13.623246912628,-4.804742878743,2.6100001));
#5493 = CARTESIAN_POINT('',(13.638669988386,-4.798157745273,2.6100001));
#5494 = CARTESIAN_POINT('',(13.650713850917,-4.784987478332,2.6100001));
#5495 = ORIENTED_EDGE('',*,*,#5470,.F.);
#5496 = ORIENTED_EDGE('',*,*,#5080,.T.);
#5497 = ORIENTED_EDGE('',*,*,#5498,.T.);
#5498 = EDGE_CURVE('',#5072,#5488,#5499,.T.);
#5499 = B_SPLINE_CURVE_WITH_KNOTS('',1,(#5500,#5501),.UNSPECIFIED.,.F.,
  .F.,(2,2),(-0.,1.E-02),.PIECEWISE_BEZIER_KNOTS.);
#5500 = CARTESIAN_POINT('',(13.650713850917,-4.784987478332,2.6200001));
#5501 = CARTESIAN_POINT('',(13.650713850917,-4.784987478332,2.6100001));
#5502 = B_SPLINE_SURFACE_WITH_KNOTS('',3,1,(
    (#5503,#5504)
    ,(#5505,#5506)
    ,(#5507,#5508)
    ,(#5509,#5510
    )),.UNSPECIFIED.,.F.,.F.,.F.,(4,4),(2,2),(4.,5.),(0.,1.),
  .PIECEWISE_BEZIER_KNOTS.);
#5503 = CARTESIAN_POINT('',(13.604617916627,-4.804742878743,2.6200001));
#5504 = CARTESIAN_POINT('',(13.604617916627,-4.804742878743,2.6100001));
#5505 = CARTESIAN_POINT('',(13.623246912628,-4.804742878743,2.6200001));
#5506 = CARTESIAN_POINT('',(13.623246912628,-4.804742878743,2.6100001));
#5507 = CARTESIAN_POINT('',(13.638669988386,-4.798157745273,2.6200001));
#5508 = CARTESIAN_POINT('',(13.638669988386,-4.798157745273,2.6100001));
#5509 = CARTESIAN_POINT('',(13.650713850917,-4.784987478332,2.6200001));
#5510 = CARTESIAN_POINT('',(13.650713850917,-4.784987478332,2.6100001));
#5511 = ADVANCED_FACE('',(#5512),#5530,.T.);
#5512 = FACE_BOUND('',#5513,.T.);
#5513 = EDGE_LOOP('',(#5514,#5523,#5524,#5525));
#5514 = ORIENTED_EDGE('',*,*,#5515,.F.);
#5515 = EDGE_CURVE('',#5488,#5516,#5518,.T.);
#5516 = VERTEX_POINT('',#5517);
#5517 = CARTESIAN_POINT('',(13.668909614453,-4.735598977308,2.6100001));
#5518 = B_SPLINE_CURVE_WITH_KNOTS('',3,(#5519,#5520,#5521,#5522),
  .UNSPECIFIED.,.F.,.F.,(4,4),(5.,6.),.PIECEWISE_BEZIER_KNOTS.);
#5519 = CARTESIAN_POINT('',(13.650713850917,-4.784987478332,2.6100001));
#5520 = CARTESIAN_POINT('',(13.662844359941,-4.771990504379,2.6100001));
#5521 = CARTESIAN_POINT('',(13.668909614453,-4.755527670704,2.6100001));
#5522 = CARTESIAN_POINT('',(13.668909614453,-4.735598977308,2.6100001));
#5523 = ORIENTED_EDGE('',*,*,#5498,.F.);
#5524 = ORIENTED_EDGE('',*,*,#5071,.T.);
#5525 = ORIENTED_EDGE('',*,*,#5526,.T.);
#5526 = EDGE_CURVE('',#5065,#5516,#5527,.T.);
#5527 = B_SPLINE_CURVE_WITH_KNOTS('',1,(#5528,#5529),.UNSPECIFIED.,.F.,
  .F.,(2,2),(-0.,1.E-02),.PIECEWISE_BEZIER_KNOTS.);
#5528 = CARTESIAN_POINT('',(13.668909614453,-4.735598977308,2.6200001));
#5529 = CARTESIAN_POINT('',(13.668909614453,-4.735598977308,2.6100001));
#5530 = B_SPLINE_SURFACE_WITH_KNOTS('',3,1,(
    (#5531,#5532)
    ,(#5533,#5534)
    ,(#5535,#5536)
    ,(#5537,#5538
    )),.UNSPECIFIED.,.F.,.F.,.F.,(4,4),(2,2),(5.,6.),(0.,1.),
  .PIECEWISE_BEZIER_KNOTS.);
#5531 = CARTESIAN_POINT('',(13.650713850917,-4.784987478332,2.6200001));
#5532 = CARTESIAN_POINT('',(13.650713850917,-4.784987478332,2.6100001));
#5533 = CARTESIAN_POINT('',(13.662844359941,-4.771990504379,2.6200001));
#5534 = CARTESIAN_POINT('',(13.662844359941,-4.771990504379,2.6100001));
#5535 = CARTESIAN_POINT('',(13.668909614453,-4.755527670704,2.6200001));
#5536 = CARTESIAN_POINT('',(13.668909614453,-4.755527670704,2.6100001));
#5537 = CARTESIAN_POINT('',(13.668909614453,-4.735598977308,2.6200001));
#5538 = CARTESIAN_POINT('',(13.668909614453,-4.735598977308,2.6100001));
#5539 = ADVANCED_FACE('',(#5540),#5556,.T.);
#5540 = FACE_BOUND('',#5541,.T.);
#5541 = EDGE_LOOP('',(#5542,#5549,#5550,#5551));
#5542 = ORIENTED_EDGE('',*,*,#5543,.F.);
#5543 = EDGE_CURVE('',#5516,#5544,#5546,.T.);
#5544 = VERTEX_POINT('',#5545);
#5545 = CARTESIAN_POINT('',(13.668909614453,-4.712377717175,2.6100001));
#5546 = B_SPLINE_CURVE_WITH_KNOTS('',1,(#5547,#5548),.UNSPECIFIED.,.F.,
  .F.,(2,2),(0.,2.322126013233E-02),.PIECEWISE_BEZIER_KNOTS.);
#5547 = CARTESIAN_POINT('',(13.668909614453,-4.735598977308,2.6100001));
#5548 = CARTESIAN_POINT('',(13.668909614453,-4.712377717175,2.6100001));
#5549 = ORIENTED_EDGE('',*,*,#5526,.F.);
#5550 = ORIENTED_EDGE('',*,*,#5064,.T.);
#5551 = ORIENTED_EDGE('',*,*,#5552,.T.);
#5552 = EDGE_CURVE('',#5058,#5544,#5553,.T.);
#5553 = B_SPLINE_CURVE_WITH_KNOTS('',1,(#5554,#5555),.UNSPECIFIED.,.F.,
  .F.,(2,2),(-0.,1.E-02),.PIECEWISE_BEZIER_KNOTS.);
#5554 = CARTESIAN_POINT('',(13.668909614453,-4.712377717175,2.6200001));
#5555 = CARTESIAN_POINT('',(13.668909614453,-4.712377717175,2.6100001));
#5556 = B_SPLINE_SURFACE_WITH_KNOTS('',1,1,(
    (#5557,#5558)
    ,(#5559,#5560
    )),.UNSPECIFIED.,.F.,.F.,.F.,(2,2),(2,2),(-1.E-02,0.),(0.,
    2.322126013233E-02),.PIECEWISE_BEZIER_KNOTS.);
#5557 = CARTESIAN_POINT('',(13.668909614453,-4.735598977308,2.6100001));
#5558 = CARTESIAN_POINT('',(13.668909614453,-4.712377717175,2.6100001));
#5559 = CARTESIAN_POINT('',(13.668909614453,-4.735598977308,2.6200001));
#5560 = CARTESIAN_POINT('',(13.668909614453,-4.712377717175,2.6200001));
#5561 = ADVANCED_FACE('',(#5562),#5572,.T.);
#5562 = FACE_BOUND('',#5563,.T.);
#5563 = EDGE_LOOP('',(#5564,#5569,#5570,#5571));
#5564 = ORIENTED_EDGE('',*,*,#5565,.F.);
#5565 = EDGE_CURVE('',#5544,#5370,#5566,.T.);
#5566 = B_SPLINE_CURVE_WITH_KNOTS('',1,(#5567,#5568),.UNSPECIFIED.,.F.,
  .F.,(2,2),(0.,5.717749487955E-02),.PIECEWISE_BEZIER_KNOTS.);
#5567 = CARTESIAN_POINT('',(13.668909614453,-4.712377717175,2.6100001));
#5568 = CARTESIAN_POINT('',(13.612242808013,-4.720002608562,2.6100001));
#5569 = ORIENTED_EDGE('',*,*,#5552,.F.);
#5570 = ORIENTED_EDGE('',*,*,#5057,.T.);
#5571 = ORIENTED_EDGE('',*,*,#5380,.T.);
#5572 = B_SPLINE_SURFACE_WITH_KNOTS('',1,1,(
    (#5573,#5574)
    ,(#5575,#5576
    )),.UNSPECIFIED.,.F.,.F.,.F.,(2,2),(2,2),(-5.717749487955E-02,0.),(
    -1.E-02,0.),.PIECEWISE_BEZIER_KNOTS.);
#5573 = CARTESIAN_POINT('',(13.612242808013,-4.720002608562,2.6100001));
#5574 = CARTESIAN_POINT('',(13.612242808013,-4.720002608562,2.6200001));
#5575 = CARTESIAN_POINT('',(13.668909614453,-4.712377717175,2.6100001));
#5576 = CARTESIAN_POINT('',(13.668909614453,-4.712377717175,2.6200001));
#5577 = ADVANCED_FACE('',(#5578),#5588,.T.);
#5578 = FACE_BOUND('',#5579,.T.);
#5579 = EDGE_LOOP('',(#5580,#5581,#5582,#5583,#5584,#5585,#5586,#5587));
#5580 = ORIENTED_EDGE('',*,*,#5369,.T.);
#5581 = ORIENTED_EDGE('',*,*,#5403,.T.);
#5582 = ORIENTED_EDGE('',*,*,#5431,.T.);
#5583 = ORIENTED_EDGE('',*,*,#5459,.T.);
#5584 = ORIENTED_EDGE('',*,*,#5487,.T.);
#5585 = ORIENTED_EDGE('',*,*,#5515,.T.);
#5586 = ORIENTED_EDGE('',*,*,#5543,.T.);
#5587 = ORIENTED_EDGE('',*,*,#5565,.T.);
#5588 = B_SPLINE_SURFACE_WITH_KNOTS('',1,1,(
    (#5589,#5590)
    ,(#5591,#5592
    )),.UNSPECIFIED.,.F.,.F.,.F.,(2,2),(2,2),(13.559908326226,
    13.668909614453),(-4.804742878743,-4.712377717175),
  .PIECEWISE_BEZIER_KNOTS.);
#5589 = CARTESIAN_POINT('',(13.559908326226,-4.804742878743,2.6100001));
#5590 = CARTESIAN_POINT('',(13.559908326226,-4.712377717175,2.6100001));
#5591 = CARTESIAN_POINT('',(13.668909614453,-4.804742878743,2.6100001));
#5592 = CARTESIAN_POINT('',(13.668909614453,-4.712377717175,2.6100001));
#5593 = ADVANCED_FACE('',(#5594),#5618,.F.);
#5594 = FACE_BOUND('',#5595,.F.);
#5595 = EDGE_LOOP('',(#5596,#5603,#5612,#5617));
#5596 = ORIENTED_EDGE('',*,*,#5597,.F.);
#5597 = EDGE_CURVE('',#5598,#772,#5600,.T.);
#5598 = VERTEX_POINT('',#5599);
#5599 = CARTESIAN_POINT('',(13.838736740785,-4.804916171728,2.6200001));
#5600 = B_SPLINE_CURVE_WITH_KNOTS('',1,(#5601,#5602),.UNSPECIFIED.,.F.,
  .F.,(2,2),(-0.,1.E-02),.PIECEWISE_BEZIER_KNOTS.);
#5601 = CARTESIAN_POINT('',(13.838736740785,-4.804916171728,2.6200001));
#5602 = CARTESIAN_POINT('',(13.838736740785,-4.804916171728,2.6100001));
#5603 = ORIENTED_EDGE('',*,*,#5604,.T.);
#5604 = EDGE_CURVE('',#5598,#5605,#5607,.T.);
#5605 = VERTEX_POINT('',#5606);
#5606 = CARTESIAN_POINT('',(13.768899667405,-4.781521618612,2.6200001));
#5607 = B_SPLINE_CURVE_WITH_KNOTS('',3,(#5608,#5609,#5610,#5611),
  .UNSPECIFIED.,.F.,.F.,(4,4),(0.,1.),.PIECEWISE_BEZIER_KNOTS.);
#5608 = CARTESIAN_POINT('',(13.838736740785,-4.804916171728,2.6200001));
#5609 = CARTESIAN_POINT('',(13.813782550793,-4.804916171728,2.6200001));
#5610 = CARTESIAN_POINT('',(13.790561290662,-4.797117987356,2.6200001));
#5611 = CARTESIAN_POINT('',(13.768899667405,-4.781521618612,2.6200001));
#5612 = ORIENTED_EDGE('',*,*,#5613,.T.);
#5613 = EDGE_CURVE('',#5605,#763,#5614,.T.);
#5614 = B_SPLINE_CURVE_WITH_KNOTS('',1,(#5615,#5616),.UNSPECIFIED.,.F.,
  .F.,(2,2),(-0.,1.E-02),.PIECEWISE_BEZIER_KNOTS.);
#5615 = CARTESIAN_POINT('',(13.768899667405,-4.781521618612,2.6200001));
#5616 = CARTESIAN_POINT('',(13.768899667405,-4.781521618612,2.6100001));
#5617 = ORIENTED_EDGE('',*,*,#771,.F.);
#5618 = B_SPLINE_SURFACE_WITH_KNOTS('',3,1,(
    (#5619,#5620)
    ,(#5621,#5622)
    ,(#5623,#5624)
    ,(#5625,#5626
    )),.UNSPECIFIED.,.F.,.F.,.F.,(4,4),(2,2),(0.,1.),(0.,1.),
  .PIECEWISE_BEZIER_KNOTS.);
#5619 = CARTESIAN_POINT('',(13.838736740785,-4.804916171728,2.6200001));
#5620 = CARTESIAN_POINT('',(13.838736740785,-4.804916171728,2.6100001));
#5621 = CARTESIAN_POINT('',(13.813782550793,-4.804916171728,2.6200001));
#5622 = CARTESIAN_POINT('',(13.813782550793,-4.804916171728,2.6100001));
#5623 = CARTESIAN_POINT('',(13.790561290662,-4.797117987356,2.6200001));
#5624 = CARTESIAN_POINT('',(13.790561290662,-4.797117987356,2.6100001));
#5625 = CARTESIAN_POINT('',(13.768899667405,-4.781521618612,2.6200001));
#5626 = CARTESIAN_POINT('',(13.768899667405,-4.781521618612,2.6100001));
#5627 = ADVANCED_FACE('',(#5628),#5644,.F.);
#5628 = FACE_BOUND('',#5629,.T.);
#5629 = EDGE_LOOP('',(#5630,#5631,#5638,#5643));
#5630 = ORIENTED_EDGE('',*,*,#762,.T.);
#5631 = ORIENTED_EDGE('',*,*,#5632,.F.);
#5632 = EDGE_CURVE('',#5633,#765,#5635,.T.);
#5633 = VERTEX_POINT('',#5634);
#5634 = CARTESIAN_POINT('',(13.768899667405,-4.825364744082,2.6200001));
#5635 = B_SPLINE_CURVE_WITH_KNOTS('',1,(#5636,#5637),.UNSPECIFIED.,.F.,
  .F.,(2,2),(-0.,1.E-02),.PIECEWISE_BEZIER_KNOTS.);
#5636 = CARTESIAN_POINT('',(13.768899667405,-4.825364744082,2.6200001));
#5637 = CARTESIAN_POINT('',(13.768899667405,-4.825364744082,2.6100001));
#5638 = ORIENTED_EDGE('',*,*,#5639,.F.);
#5639 = EDGE_CURVE('',#5605,#5633,#5640,.T.);
#5640 = B_SPLINE_CURVE_WITH_KNOTS('',1,(#5641,#5642),.UNSPECIFIED.,.F.,
  .F.,(2,2),(-4.384312546991E-02,-0.),.PIECEWISE_BEZIER_KNOTS.);
#5641 = CARTESIAN_POINT('',(13.768899667405,-4.781521618612,2.6200001));
#5642 = CARTESIAN_POINT('',(13.768899667405,-4.825364744082,2.6200001));
#5643 = ORIENTED_EDGE('',*,*,#5613,.T.);
#5644 = B_SPLINE_SURFACE_WITH_KNOTS('',1,1,(
    (#5645,#5646)
    ,(#5647,#5648
    )),.UNSPECIFIED.,.F.,.F.,.F.,(2,2),(2,2),(0.,1.E-02),(0.,
    4.384312546991E-02),.PIECEWISE_BEZIER_KNOTS.);
#5645 = CARTESIAN_POINT('',(13.768899667405,-4.825364744082,2.6200001));
#5646 = CARTESIAN_POINT('',(13.768899667405,-4.781521618612,2.6200001));
#5647 = CARTESIAN_POINT('',(13.768899667405,-4.825364744082,2.6100001));
#5648 = CARTESIAN_POINT('',(13.768899667405,-4.781521618612,2.6100001));
#5649 = ADVANCED_FACE('',(#5650),#5668,.F.);
#5650 = FACE_BOUND('',#5651,.F.);
#5651 = EDGE_LOOP('',(#5652,#5653,#5662,#5667));
#5652 = ORIENTED_EDGE('',*,*,#5632,.F.);
#5653 = ORIENTED_EDGE('',*,*,#5654,.T.);
#5654 = EDGE_CURVE('',#5633,#5655,#5657,.T.);
#5655 = VERTEX_POINT('',#5656);
#5656 = CARTESIAN_POINT('',(13.83457770912,-4.839574768939,2.6200001));
#5657 = B_SPLINE_CURVE_WITH_KNOTS('',3,(#5658,#5659,#5660,#5661),
  .UNSPECIFIED.,.F.,.F.,(4,4),(19.,20.),.PIECEWISE_BEZIER_KNOTS.);
#5658 = CARTESIAN_POINT('',(13.768899667405,-4.825364744082,2.6200001));
#5659 = CARTESIAN_POINT('',(13.787615309899,-4.83472256533,2.6200001));
#5660 = CARTESIAN_POINT('',(13.809450226142,-4.839574768939,2.6200001));
#5661 = CARTESIAN_POINT('',(13.83457770912,-4.839574768939,2.6200001));
#5662 = ORIENTED_EDGE('',*,*,#5663,.T.);
#5663 = EDGE_CURVE('',#5655,#932,#5664,.T.);
#5664 = B_SPLINE_CURVE_WITH_KNOTS('',1,(#5665,#5666),.UNSPECIFIED.,.F.,
  .F.,(2,2),(-0.,1.E-02),.PIECEWISE_BEZIER_KNOTS.);
#5665 = CARTESIAN_POINT('',(13.83457770912,-4.839574768939,2.6200001));
#5666 = CARTESIAN_POINT('',(13.83457770912,-4.839574768939,2.6100001));
#5667 = ORIENTED_EDGE('',*,*,#940,.F.);
#5668 = B_SPLINE_SURFACE_WITH_KNOTS('',3,1,(
    (#5669,#5670)
    ,(#5671,#5672)
    ,(#5673,#5674)
    ,(#5675,#5676
    )),.UNSPECIFIED.,.F.,.F.,.F.,(4,4),(2,2),(19.,20.),(0.,1.),
  .PIECEWISE_BEZIER_KNOTS.);
#5669 = CARTESIAN_POINT('',(13.768899667405,-4.825364744082,2.6200001));
#5670 = CARTESIAN_POINT('',(13.768899667405,-4.825364744082,2.6100001));
#5671 = CARTESIAN_POINT('',(13.787615309899,-4.83472256533,2.6200001));
#5672 = CARTESIAN_POINT('',(13.787615309899,-4.83472256533,2.6100001));
#5673 = CARTESIAN_POINT('',(13.809450226142,-4.839574768939,2.6200001));
#5674 = CARTESIAN_POINT('',(13.809450226142,-4.839574768939,2.6100001));
#5675 = CARTESIAN_POINT('',(13.83457770912,-4.839574768939,2.6200001));
#5676 = CARTESIAN_POINT('',(13.83457770912,-4.839574768939,2.6100001));
#5677 = ADVANCED_FACE('',(#5678),#5696,.F.);
#5678 = FACE_BOUND('',#5679,.F.);
#5679 = EDGE_LOOP('',(#5680,#5681,#5690,#5695));
#5680 = ORIENTED_EDGE('',*,*,#5663,.F.);
#5681 = ORIENTED_EDGE('',*,*,#5682,.T.);
#5682 = EDGE_CURVE('',#5655,#5683,#5685,.T.);
#5683 = VERTEX_POINT('',#5684);
#5684 = CARTESIAN_POINT('',(13.905107954443,-4.820339247488,2.6200001));
#5685 = B_SPLINE_CURVE_WITH_KNOTS('',3,(#5686,#5687,#5688,#5689),
  .UNSPECIFIED.,.F.,.F.,(4,4),(18.,19.),.PIECEWISE_BEZIER_KNOTS.);
#5686 = CARTESIAN_POINT('',(13.83457770912,-4.839574768939,2.6200001));
#5687 = CARTESIAN_POINT('',(13.863430991297,-4.839574768939,2.6200001));
#5688 = CARTESIAN_POINT('',(13.8869988374,-4.833162928455,2.6200001));
#5689 = CARTESIAN_POINT('',(13.905107954443,-4.820339247488,2.6200001));
#5690 = ORIENTED_EDGE('',*,*,#5691,.T.);
#5691 = EDGE_CURVE('',#5683,#923,#5692,.T.);
#5692 = B_SPLINE_CURVE_WITH_KNOTS('',1,(#5693,#5694),.UNSPECIFIED.,.F.,
  .F.,(2,2),(-0.,1.E-02),.PIECEWISE_BEZIER_KNOTS.);
#5693 = CARTESIAN_POINT('',(13.905107954443,-4.820339247488,2.6200001));
#5694 = CARTESIAN_POINT('',(13.905107954443,-4.820339247488,2.6100001));
#5695 = ORIENTED_EDGE('',*,*,#931,.F.);
#5696 = B_SPLINE_SURFACE_WITH_KNOTS('',3,1,(
    (#5697,#5698)
    ,(#5699,#5700)
    ,(#5701,#5702)
    ,(#5703,#5704
    )),.UNSPECIFIED.,.F.,.F.,.F.,(4,4),(2,2),(18.,19.),(0.,1.),
  .PIECEWISE_BEZIER_KNOTS.);
#5697 = CARTESIAN_POINT('',(13.83457770912,-4.839574768939,2.6200001));
#5698 = CARTESIAN_POINT('',(13.83457770912,-4.839574768939,2.6100001));
#5699 = CARTESIAN_POINT('',(13.863430991297,-4.839574768939,2.6200001));
#5700 = CARTESIAN_POINT('',(13.863430991297,-4.839574768939,2.6100001));
#5701 = CARTESIAN_POINT('',(13.8869988374,-4.833162928455,2.6200001));
#5702 = CARTESIAN_POINT('',(13.8869988374,-4.833162928455,2.6100001));
#5703 = CARTESIAN_POINT('',(13.905107954443,-4.820339247488,2.6200001));
#5704 = CARTESIAN_POINT('',(13.905107954443,-4.820339247488,2.6100001));
#5705 = ADVANCED_FACE('',(#5706),#5724,.F.);
#5706 = FACE_BOUND('',#5707,.F.);
#5707 = EDGE_LOOP('',(#5708,#5709,#5718,#5723));
#5708 = ORIENTED_EDGE('',*,*,#5691,.F.);
#5709 = ORIENTED_EDGE('',*,*,#5710,.T.);
#5710 = EDGE_CURVE('',#5683,#5711,#5713,.T.);
#5711 = VERTEX_POINT('',#5712);
#5712 = CARTESIAN_POINT('',(13.932401599746,-4.7680047657,2.6200001));
#5713 = B_SPLINE_CURVE_WITH_KNOTS('',3,(#5714,#5715,#5716,#5717),
  .UNSPECIFIED.,.F.,.F.,(4,4),(17.,18.),.PIECEWISE_BEZIER_KNOTS.);
#5714 = CARTESIAN_POINT('',(13.905107954443,-4.820339247488,2.6200001));
#5715 = CARTESIAN_POINT('',(13.923303717978,-4.807688859504,2.6200001));
#5716 = CARTESIAN_POINT('',(13.932401599746,-4.790186267915,2.6200001));
#5717 = CARTESIAN_POINT('',(13.932401599746,-4.7680047657,2.6200001));
#5718 = ORIENTED_EDGE('',*,*,#5719,.T.);
#5719 = EDGE_CURVE('',#5711,#914,#5720,.T.);
#5720 = B_SPLINE_CURVE_WITH_KNOTS('',1,(#5721,#5722),.UNSPECIFIED.,.F.,
  .F.,(2,2),(-0.,1.E-02),.PIECEWISE_BEZIER_KNOTS.);
#5721 = CARTESIAN_POINT('',(13.932401599746,-4.7680047657,2.6200001));
#5722 = CARTESIAN_POINT('',(13.932401599746,-4.7680047657,2.6100001));
#5723 = ORIENTED_EDGE('',*,*,#922,.F.);
#5724 = B_SPLINE_SURFACE_WITH_KNOTS('',3,1,(
    (#5725,#5726)
    ,(#5727,#5728)
    ,(#5729,#5730)
    ,(#5731,#5732
    )),.UNSPECIFIED.,.F.,.F.,.F.,(4,4),(2,2),(17.,18.),(0.,1.),
  .PIECEWISE_BEZIER_KNOTS.);
#5725 = CARTESIAN_POINT('',(13.905107954443,-4.820339247488,2.6200001));
#5726 = CARTESIAN_POINT('',(13.905107954443,-4.820339247488,2.6100001));
#5727 = CARTESIAN_POINT('',(13.923303717978,-4.807688859504,2.6200001));
#5728 = CARTESIAN_POINT('',(13.923303717978,-4.807688859504,2.6100001));
#5729 = CARTESIAN_POINT('',(13.932401599746,-4.790186267915,2.6200001));
#5730 = CARTESIAN_POINT('',(13.932401599746,-4.790186267915,2.6100001));
#5731 = CARTESIAN_POINT('',(13.932401599746,-4.7680047657,2.6200001));
#5732 = CARTESIAN_POINT('',(13.932401599746,-4.7680047657,2.6100001));
#5733 = ADVANCED_FACE('',(#5734),#5752,.F.);
#5734 = FACE_BOUND('',#5735,.F.);
#5735 = EDGE_LOOP('',(#5736,#5737,#5746,#5751));
#5736 = ORIENTED_EDGE('',*,*,#5719,.F.);
#5737 = ORIENTED_EDGE('',*,*,#5738,.T.);
#5738 = EDGE_CURVE('',#5711,#5739,#5741,.T.);
#5739 = VERTEX_POINT('',#5740);
#5740 = CARTESIAN_POINT('',(13.91819157489,-4.727974085921,2.6200001));
#5741 = B_SPLINE_CURVE_WITH_KNOTS('',3,(#5742,#5743,#5744,#5745),
  .UNSPECIFIED.,.F.,.F.,(4,4),(16.,17.),.PIECEWISE_BEZIER_KNOTS.);
#5742 = CARTESIAN_POINT('',(13.932401599746,-4.7680047657,2.6200001));
#5743 = CARTESIAN_POINT('',(13.932401599746,-4.752061810982,2.6200001));
#5744 = CARTESIAN_POINT('',(13.927636042629,-4.738718251055,2.6200001));
#5745 = CARTESIAN_POINT('',(13.91819157489,-4.727974085921,2.6200001));
#5746 = ORIENTED_EDGE('',*,*,#5747,.T.);
#5747 = EDGE_CURVE('',#5739,#905,#5748,.T.);
#5748 = B_SPLINE_CURVE_WITH_KNOTS('',1,(#5749,#5750),.UNSPECIFIED.,.F.,
  .F.,(2,2),(-0.,1.E-02),.PIECEWISE_BEZIER_KNOTS.);
#5749 = CARTESIAN_POINT('',(13.91819157489,-4.727974085921,2.6200001));
#5750 = CARTESIAN_POINT('',(13.91819157489,-4.727974085921,2.6100001));
#5751 = ORIENTED_EDGE('',*,*,#913,.F.);
#5752 = B_SPLINE_SURFACE_WITH_KNOTS('',3,1,(
    (#5753,#5754)
    ,(#5755,#5756)
    ,(#5757,#5758)
    ,(#5759,#5760
    )),.UNSPECIFIED.,.F.,.F.,.F.,(4,4),(2,2),(16.,17.),(0.,1.),
  .PIECEWISE_BEZIER_KNOTS.);
#5753 = CARTESIAN_POINT('',(13.932401599746,-4.7680047657,2.6200001));
#5754 = CARTESIAN_POINT('',(13.932401599746,-4.7680047657,2.6100001));
#5755 = CARTESIAN_POINT('',(13.932401599746,-4.752061810982,2.6200001));
#5756 = CARTESIAN_POINT('',(13.932401599746,-4.752061810982,2.6100001));
#5757 = CARTESIAN_POINT('',(13.927636042629,-4.738718251055,2.6200001));
#5758 = CARTESIAN_POINT('',(13.927636042629,-4.738718251055,2.6100001));
#5759 = CARTESIAN_POINT('',(13.91819157489,-4.727974085921,2.6200001));
#5760 = CARTESIAN_POINT('',(13.91819157489,-4.727974085921,2.6100001));
#5761 = ADVANCED_FACE('',(#5762),#5780,.F.);
#5762 = FACE_BOUND('',#5763,.F.);
#5763 = EDGE_LOOP('',(#5764,#5765,#5774,#5779));
#5764 = ORIENTED_EDGE('',*,*,#5747,.F.);
#5765 = ORIENTED_EDGE('',*,*,#5766,.T.);
#5766 = EDGE_CURVE('',#5739,#5767,#5769,.T.);
#5767 = VERTEX_POINT('',#5768);
#5768 = CARTESIAN_POINT('',(13.863430991297,-4.696608055446,2.6200001));
#5769 = B_SPLINE_CURVE_WITH_KNOTS('',3,(#5770,#5771,#5772,#5773),
  .UNSPECIFIED.,.F.,.F.,(4,4),(15.,16.),.PIECEWISE_BEZIER_KNOTS.);
#5770 = CARTESIAN_POINT('',(13.91819157489,-4.727974085921,2.6200001));
#5771 = CARTESIAN_POINT('',(13.908660460657,-4.717229920786,2.6200001));
#5772 = CARTESIAN_POINT('',(13.890464697122,-4.706659048638,2.6200001));
#5773 = CARTESIAN_POINT('',(13.863430991297,-4.696608055446,2.6200001));
#5774 = ORIENTED_EDGE('',*,*,#5775,.T.);
#5775 = EDGE_CURVE('',#5767,#896,#5776,.T.);
#5776 = B_SPLINE_CURVE_WITH_KNOTS('',1,(#5777,#5778),.UNSPECIFIED.,.F.,
  .F.,(2,2),(-0.,1.E-02),.PIECEWISE_BEZIER_KNOTS.);
#5777 = CARTESIAN_POINT('',(13.863430991297,-4.696608055446,2.6200001));
#5778 = CARTESIAN_POINT('',(13.863430991297,-4.696608055446,2.6100001));
#5779 = ORIENTED_EDGE('',*,*,#904,.F.);
#5780 = B_SPLINE_SURFACE_WITH_KNOTS('',3,1,(
    (#5781,#5782)
    ,(#5783,#5784)
    ,(#5785,#5786)
    ,(#5787,#5788
    )),.UNSPECIFIED.,.F.,.F.,.F.,(4,4),(2,2),(15.,16.),(0.,1.),
  .PIECEWISE_BEZIER_KNOTS.);
#5781 = CARTESIAN_POINT('',(13.91819157489,-4.727974085921,2.6200001));
#5782 = CARTESIAN_POINT('',(13.91819157489,-4.727974085921,2.6100001));
#5783 = CARTESIAN_POINT('',(13.908660460657,-4.717229920786,2.6200001));
#5784 = CARTESIAN_POINT('',(13.908660460657,-4.717229920786,2.6100001));
#5785 = CARTESIAN_POINT('',(13.890464697122,-4.706659048638,2.6200001));
#5786 = CARTESIAN_POINT('',(13.890464697122,-4.706659048638,2.6100001));
#5787 = CARTESIAN_POINT('',(13.863430991297,-4.696608055446,2.6200001));
#5788 = CARTESIAN_POINT('',(13.863430991297,-4.696608055446,2.6100001));
#5789 = ADVANCED_FACE('',(#5790),#5808,.F.);
#5790 = FACE_BOUND('',#5791,.F.);
#5791 = EDGE_LOOP('',(#5792,#5793,#5802,#5807));
#5792 = ORIENTED_EDGE('',*,*,#5775,.F.);
#5793 = ORIENTED_EDGE('',*,*,#5794,.T.);
#5794 = EDGE_CURVE('',#5767,#5795,#5797,.T.);
#5795 = VERTEX_POINT('',#5796);
#5796 = CARTESIAN_POINT('',(13.822187260616,-4.675812897118,2.6200001));
#5797 = B_SPLINE_CURVE_WITH_KNOTS('',3,(#5798,#5799,#5800,#5801),
  .UNSPECIFIED.,.F.,.F.,(4,4),(14.,15.),.PIECEWISE_BEZIER_KNOTS.);
#5798 = CARTESIAN_POINT('',(13.863430991297,-4.696608055446,2.6200001));
#5799 = CARTESIAN_POINT('',(13.842115954013,-4.688289992116,2.6200001));
#5800 = CARTESIAN_POINT('',(13.828425808115,-4.681358272673,2.6200001));
#5801 = CARTESIAN_POINT('',(13.822187260616,-4.675812897118,2.6200001));
#5802 = ORIENTED_EDGE('',*,*,#5803,.T.);
#5803 = EDGE_CURVE('',#5795,#887,#5804,.T.);
#5804 = B_SPLINE_CURVE_WITH_KNOTS('',1,(#5805,#5806),.UNSPECIFIED.,.F.,
  .F.,(2,2),(-0.,1.E-02),.PIECEWISE_BEZIER_KNOTS.);
#5805 = CARTESIAN_POINT('',(13.822187260616,-4.675812897118,2.6200001));
#5806 = CARTESIAN_POINT('',(13.822187260616,-4.675812897118,2.6100001));
#5807 = ORIENTED_EDGE('',*,*,#895,.F.);
#5808 = B_SPLINE_SURFACE_WITH_KNOTS('',3,1,(
    (#5809,#5810)
    ,(#5811,#5812)
    ,(#5813,#5814)
    ,(#5815,#5816
    )),.UNSPECIFIED.,.F.,.F.,.F.,(4,4),(2,2),(14.,15.),(0.,1.),
  .PIECEWISE_BEZIER_KNOTS.);
#5809 = CARTESIAN_POINT('',(13.863430991297,-4.696608055446,2.6200001));
#5810 = CARTESIAN_POINT('',(13.863430991297,-4.696608055446,2.6100001));
#5811 = CARTESIAN_POINT('',(13.842115954013,-4.688289992116,2.6200001));
#5812 = CARTESIAN_POINT('',(13.842115954013,-4.688289992116,2.6100001));
#5813 = CARTESIAN_POINT('',(13.828425808115,-4.681358272673,2.6200001));
#5814 = CARTESIAN_POINT('',(13.828425808115,-4.681358272673,2.6100001));
#5815 = CARTESIAN_POINT('',(13.822187260616,-4.675812897118,2.6200001));
#5816 = CARTESIAN_POINT('',(13.822187260616,-4.675812897118,2.6100001));
#5817 = ADVANCED_FACE('',(#5818),#5836,.F.);
#5818 = FACE_BOUND('',#5819,.F.);
#5819 = EDGE_LOOP('',(#5820,#5821,#5830,#5835));
#5820 = ORIENTED_EDGE('',*,*,#5803,.F.);
#5821 = ORIENTED_EDGE('',*,*,#5822,.T.);
#5822 = EDGE_CURVE('',#5795,#5823,#5825,.T.);
#5823 = VERTEX_POINT('',#5824);
#5824 = CARTESIAN_POINT('',(13.812916085862,-4.653284808932,2.6200001));
#5825 = B_SPLINE_CURVE_WITH_KNOTS('',3,(#5826,#5827,#5828,#5829),
  .UNSPECIFIED.,.F.,.F.,(4,4),(13.,14.),.PIECEWISE_BEZIER_KNOTS.);
#5826 = CARTESIAN_POINT('',(13.822187260616,-4.675812897118,2.6200001));
#5827 = CARTESIAN_POINT('',(13.816035359611,-4.670440814552,2.6200001));
#5828 = CARTESIAN_POINT('',(13.812916085862,-4.662989216151,2.6200001));
#5829 = CARTESIAN_POINT('',(13.812916085862,-4.653284808932,2.6200001));
#5830 = ORIENTED_EDGE('',*,*,#5831,.T.);
#5831 = EDGE_CURVE('',#5823,#878,#5832,.T.);
#5832 = B_SPLINE_CURVE_WITH_KNOTS('',1,(#5833,#5834),.UNSPECIFIED.,.F.,
  .F.,(2,2),(-0.,1.E-02),.PIECEWISE_BEZIER_KNOTS.);
#5833 = CARTESIAN_POINT('',(13.812916085862,-4.653284808932,2.6200001));
#5834 = CARTESIAN_POINT('',(13.812916085862,-4.653284808932,2.6100001));
#5835 = ORIENTED_EDGE('',*,*,#886,.F.);
#5836 = B_SPLINE_SURFACE_WITH_KNOTS('',3,1,(
    (#5837,#5838)
    ,(#5839,#5840)
    ,(#5841,#5842)
    ,(#5843,#5844
    )),.UNSPECIFIED.,.F.,.F.,.F.,(4,4),(2,2),(13.,14.),(0.,1.),
  .PIECEWISE_BEZIER_KNOTS.);
#5837 = CARTESIAN_POINT('',(13.822187260616,-4.675812897118,2.6200001));
#5838 = CARTESIAN_POINT('',(13.822187260616,-4.675812897118,2.6100001));
#5839 = CARTESIAN_POINT('',(13.816035359611,-4.670440814552,2.6200001));
#5840 = CARTESIAN_POINT('',(13.816035359611,-4.670440814552,2.6100001));
#5841 = CARTESIAN_POINT('',(13.812916085862,-4.662989216151,2.6200001));
#5842 = CARTESIAN_POINT('',(13.812916085862,-4.662989216151,2.6100001));
#5843 = CARTESIAN_POINT('',(13.812916085862,-4.653284808932,2.6200001));
#5844 = CARTESIAN_POINT('',(13.812916085862,-4.653284808932,2.6100001));
#5845 = ADVANCED_FACE('',(#5846),#5864,.F.);
#5846 = FACE_BOUND('',#5847,.F.);
#5847 = EDGE_LOOP('',(#5848,#5849,#5858,#5863));
#5848 = ORIENTED_EDGE('',*,*,#5831,.F.);
#5849 = ORIENTED_EDGE('',*,*,#5850,.T.);
#5850 = EDGE_CURVE('',#5823,#5851,#5853,.T.);
#5851 = VERTEX_POINT('',#5852);
#5852 = CARTESIAN_POINT('',(13.825826413324,-4.62971696283,2.6200001));
#5853 = B_SPLINE_CURVE_WITH_KNOTS('',3,(#5854,#5855,#5856,#5857),
  .UNSPECIFIED.,.F.,.F.,(4,4),(12.,13.),.PIECEWISE_BEZIER_KNOTS.);
#5854 = CARTESIAN_POINT('',(13.812916085862,-4.653284808932,2.6200001));
#5855 = CARTESIAN_POINT('',(13.812916085862,-4.643580401715,2.6200001));
#5856 = CARTESIAN_POINT('',(13.817248410515,-4.635608924356,2.6200001));
#5857 = CARTESIAN_POINT('',(13.825826413324,-4.62971696283,2.6200001));
#5858 = ORIENTED_EDGE('',*,*,#5859,.T.);
#5859 = EDGE_CURVE('',#5851,#869,#5860,.T.);
#5860 = B_SPLINE_CURVE_WITH_KNOTS('',1,(#5861,#5862),.UNSPECIFIED.,.F.,
  .F.,(2,2),(-0.,1.E-02),.PIECEWISE_BEZIER_KNOTS.);
#5861 = CARTESIAN_POINT('',(13.825826413324,-4.62971696283,2.6200001));
#5862 = CARTESIAN_POINT('',(13.825826413324,-4.62971696283,2.6100001));
#5863 = ORIENTED_EDGE('',*,*,#877,.F.);
#5864 = B_SPLINE_SURFACE_WITH_KNOTS('',3,1,(
    (#5865,#5866)
    ,(#5867,#5868)
    ,(#5869,#5870)
    ,(#5871,#5872
    )),.UNSPECIFIED.,.F.,.F.,.F.,(4,4),(2,2),(12.,13.),(0.,1.),
  .PIECEWISE_BEZIER_KNOTS.);
#5865 = CARTESIAN_POINT('',(13.812916085862,-4.653284808932,2.6200001));
#5866 = CARTESIAN_POINT('',(13.812916085862,-4.653284808932,2.6100001));
#5867 = CARTESIAN_POINT('',(13.812916085862,-4.643580401715,2.6200001));
#5868 = CARTESIAN_POINT('',(13.812916085862,-4.643580401715,2.6100001));
#5869 = CARTESIAN_POINT('',(13.817248410515,-4.635608924356,2.6200001));
#5870 = CARTESIAN_POINT('',(13.817248410515,-4.635608924356,2.6100001));
#5871 = CARTESIAN_POINT('',(13.825826413324,-4.62971696283,2.6200001));
#5872 = CARTESIAN_POINT('',(13.825826413324,-4.62971696283,2.6100001));
#5873 = ADVANCED_FACE('',(#5874),#5892,.F.);
#5874 = FACE_BOUND('',#5875,.F.);
#5875 = EDGE_LOOP('',(#5876,#5877,#5886,#5891));
#5876 = ORIENTED_EDGE('',*,*,#5859,.F.);
#5877 = ORIENTED_EDGE('',*,*,#5878,.T.);
#5878 = EDGE_CURVE('',#5851,#5879,#5881,.T.);
#5879 = VERTEX_POINT('',#5880);
#5880 = CARTESIAN_POINT('',(13.859271959632,-4.620705727554,2.6200001));
#5881 = B_SPLINE_CURVE_WITH_KNOTS('',3,(#5882,#5883,#5884,#5885),
  .UNSPECIFIED.,.F.,.F.,(4,4),(11.,12.),.PIECEWISE_BEZIER_KNOTS.);
#5882 = CARTESIAN_POINT('',(13.825826413324,-4.62971696283,2.6200001));
#5883 = CARTESIAN_POINT('',(13.834404416133,-4.623651708318,2.6200001));
#5884 = CARTESIAN_POINT('',(13.845581813734,-4.620705727554,2.6200001));
#5885 = CARTESIAN_POINT('',(13.859271959632,-4.620705727554,2.6200001));
#5886 = ORIENTED_EDGE('',*,*,#5887,.T.);
#5887 = EDGE_CURVE('',#5879,#860,#5888,.T.);
#5888 = B_SPLINE_CURVE_WITH_KNOTS('',1,(#5889,#5890),.UNSPECIFIED.,.F.,
  .F.,(2,2),(-0.,1.E-02),.PIECEWISE_BEZIER_KNOTS.);
#5889 = CARTESIAN_POINT('',(13.859271959632,-4.620705727554,2.6200001));
#5890 = CARTESIAN_POINT('',(13.859271959632,-4.620705727554,2.6100001));
#5891 = ORIENTED_EDGE('',*,*,#868,.F.);
#5892 = B_SPLINE_SURFACE_WITH_KNOTS('',3,1,(
    (#5893,#5894)
    ,(#5895,#5896)
    ,(#5897,#5898)
    ,(#5899,#5900
    )),.UNSPECIFIED.,.F.,.F.,.F.,(4,4),(2,2),(11.,12.),(0.,1.),
  .PIECEWISE_BEZIER_KNOTS.);
#5893 = CARTESIAN_POINT('',(13.825826413324,-4.62971696283,2.6200001));
#5894 = CARTESIAN_POINT('',(13.825826413324,-4.62971696283,2.6100001));
#5895 = CARTESIAN_POINT('',(13.834404416133,-4.623651708318,2.6200001));
#5896 = CARTESIAN_POINT('',(13.834404416133,-4.623651708318,2.6100001));
#5897 = CARTESIAN_POINT('',(13.845581813734,-4.620705727554,2.6200001));
#5898 = CARTESIAN_POINT('',(13.845581813734,-4.620705727554,2.6100001));
#5899 = CARTESIAN_POINT('',(13.859271959632,-4.620705727554,2.6200001));
#5900 = CARTESIAN_POINT('',(13.859271959632,-4.620705727554,2.6100001));
#5901 = ADVANCED_FACE('',(#5902),#5920,.F.);
#5902 = FACE_BOUND('',#5903,.F.);
#5903 = EDGE_LOOP('',(#5904,#5905,#5914,#5919));
#5904 = ORIENTED_EDGE('',*,*,#5887,.F.);
#5905 = ORIENTED_EDGE('',*,*,#5906,.T.);
#5906 = EDGE_CURVE('',#5879,#5907,#5909,.T.);
#5907 = VERTEX_POINT('',#5908);
#5908 = CARTESIAN_POINT('',(13.920790969681,-4.638208319146,2.6200001));
#5909 = B_SPLINE_CURVE_WITH_KNOTS('',3,(#5910,#5911,#5912,#5913),
  .UNSPECIFIED.,.F.,.F.,(4,4),(10.,11.),.PIECEWISE_BEZIER_KNOTS.);
#5910 = CARTESIAN_POINT('',(13.859271959632,-4.620705727554,2.6200001));
#5911 = CARTESIAN_POINT('',(13.882233280284,-4.620705727554,2.6200001));
#5912 = CARTESIAN_POINT('',(13.902681852638,-4.62659768908,2.6200001));
#5913 = CARTESIAN_POINT('',(13.920790969681,-4.638208319146,2.6200001));
#5914 = ORIENTED_EDGE('',*,*,#5915,.T.);
#5915 = EDGE_CURVE('',#5907,#853,#5916,.T.);
#5916 = B_SPLINE_CURVE_WITH_KNOTS('',1,(#5917,#5918),.UNSPECIFIED.,.F.,
  .F.,(2,2),(-0.,1.E-02),.PIECEWISE_BEZIER_KNOTS.);
#5917 = CARTESIAN_POINT('',(13.920790969681,-4.638208319146,2.6200001));
#5918 = CARTESIAN_POINT('',(13.920790969681,-4.638208319146,2.6100001));
#5919 = ORIENTED_EDGE('',*,*,#859,.F.);
#5920 = B_SPLINE_SURFACE_WITH_KNOTS('',3,1,(
    (#5921,#5922)
    ,(#5923,#5924)
    ,(#5925,#5926)
    ,(#5927,#5928
    )),.UNSPECIFIED.,.F.,.F.,.F.,(4,4),(2,2),(10.,11.),(0.,1.),
  .PIECEWISE_BEZIER_KNOTS.);
#5921 = CARTESIAN_POINT('',(13.859271959632,-4.620705727554,2.6200001));
#5922 = CARTESIAN_POINT('',(13.859271959632,-4.620705727554,2.6100001));
#5923 = CARTESIAN_POINT('',(13.882233280284,-4.620705727554,2.6200001));
#5924 = CARTESIAN_POINT('',(13.882233280284,-4.620705727554,2.6100001));
#5925 = CARTESIAN_POINT('',(13.902681852638,-4.62659768908,2.6200001));
#5926 = CARTESIAN_POINT('',(13.902681852638,-4.62659768908,2.6100001));
#5927 = CARTESIAN_POINT('',(13.920790969681,-4.638208319146,2.6200001));
#5928 = CARTESIAN_POINT('',(13.920790969681,-4.638208319146,2.6100001));
#5929 = ADVANCED_FACE('',(#5930),#5946,.F.);
#5930 = FACE_BOUND('',#5931,.T.);
#5931 = EDGE_LOOP('',(#5932,#5933,#5940,#5945));
#5932 = ORIENTED_EDGE('',*,*,#852,.T.);
#5933 = ORIENTED_EDGE('',*,*,#5934,.F.);
#5934 = EDGE_CURVE('',#5935,#844,#5937,.T.);
#5935 = VERTEX_POINT('',#5936);
#5936 = CARTESIAN_POINT('',(13.920790969681,-4.596964588466,2.6200001));
#5937 = B_SPLINE_CURVE_WITH_KNOTS('',1,(#5938,#5939),.UNSPECIFIED.,.F.,
  .F.,(2,2),(-0.,1.E-02),.PIECEWISE_BEZIER_KNOTS.);
#5938 = CARTESIAN_POINT('',(13.920790969681,-4.596964588466,2.6200001));
#5939 = CARTESIAN_POINT('',(13.920790969681,-4.596964588466,2.6100001));
#5940 = ORIENTED_EDGE('',*,*,#5941,.F.);
#5941 = EDGE_CURVE('',#5907,#5935,#5942,.T.);
#5942 = B_SPLINE_CURVE_WITH_KNOTS('',1,(#5943,#5944),.UNSPECIFIED.,.F.,
  .F.,(2,2),(-4.124373067977E-02,0.),.PIECEWISE_BEZIER_KNOTS.);
#5943 = CARTESIAN_POINT('',(13.920790969681,-4.638208319146,2.6200001));
#5944 = CARTESIAN_POINT('',(13.920790969681,-4.596964588466,2.6200001));
#5945 = ORIENTED_EDGE('',*,*,#5915,.T.);
#5946 = B_SPLINE_SURFACE_WITH_KNOTS('',1,1,(
    (#5947,#5948)
    ,(#5949,#5950)),.UNSPECIFIED.,.F.,.F.,.F.,(2,2),(2,2),(-1.E-02,0.),(
    -4.124373067977E-02,0.),.PIECEWISE_BEZIER_KNOTS.);
#5947 = CARTESIAN_POINT('',(13.920790969681,-4.638208319146,2.6100001));
#5948 = CARTESIAN_POINT('',(13.920790969681,-4.596964588466,2.6100001));
#5949 = CARTESIAN_POINT('',(13.920790969681,-4.638208319146,2.6200001));
#5950 = CARTESIAN_POINT('',(13.920790969681,-4.596964588466,2.6200001));
#5951 = ADVANCED_FACE('',(#5952),#5970,.F.);
#5952 = FACE_BOUND('',#5953,.F.);
#5953 = EDGE_LOOP('',(#5954,#5955,#5964,#5969));
#5954 = ORIENTED_EDGE('',*,*,#5934,.F.);
#5955 = ORIENTED_EDGE('',*,*,#5956,.T.);
#5956 = EDGE_CURVE('',#5935,#5957,#5959,.T.);
#5957 = VERTEX_POINT('',#5958);
#5958 = CARTESIAN_POINT('',(13.863430991297,-4.586220423329,2.6200001));
#5959 = B_SPLINE_CURVE_WITH_KNOTS('',3,(#5960,#5961,#5962,#5963),
  .UNSPECIFIED.,.F.,.F.,(4,4),(8.,9.),.PIECEWISE_BEZIER_KNOTS.);
#5960 = CARTESIAN_POINT('',(13.920790969681,-4.596964588466,2.6200001));
#5961 = CARTESIAN_POINT('',(13.903115085103,-4.589686283051,2.6200001));
#5962 = CARTESIAN_POINT('',(13.884052856637,-4.586220423329,2.6200001));
#5963 = CARTESIAN_POINT('',(13.863430991297,-4.586220423329,2.6200001));
#5964 = ORIENTED_EDGE('',*,*,#5965,.T.);
#5965 = EDGE_CURVE('',#5957,#835,#5966,.T.);
#5966 = B_SPLINE_CURVE_WITH_KNOTS('',1,(#5967,#5968),.UNSPECIFIED.,.F.,
  .F.,(2,2),(-0.,1.E-02),.PIECEWISE_BEZIER_KNOTS.);
#5967 = CARTESIAN_POINT('',(13.863430991297,-4.586220423329,2.6200001));
#5968 = CARTESIAN_POINT('',(13.863430991297,-4.586220423329,2.6100001));
#5969 = ORIENTED_EDGE('',*,*,#843,.F.);
#5970 = B_SPLINE_SURFACE_WITH_KNOTS('',3,1,(
    (#5971,#5972)
    ,(#5973,#5974)
    ,(#5975,#5976)
    ,(#5977,#5978
    )),.UNSPECIFIED.,.F.,.F.,.F.,(4,4),(2,2),(8.,9.),(0.,1.),
  .PIECEWISE_BEZIER_KNOTS.);
#5971 = CARTESIAN_POINT('',(13.920790969681,-4.596964588466,2.6200001));
#5972 = CARTESIAN_POINT('',(13.920790969681,-4.596964588466,2.6100001));
#5973 = CARTESIAN_POINT('',(13.903115085103,-4.589686283051,2.6200001));
#5974 = CARTESIAN_POINT('',(13.903115085103,-4.589686283051,2.6100001));
#5975 = CARTESIAN_POINT('',(13.884052856637,-4.586220423329,2.6200001));
#5976 = CARTESIAN_POINT('',(13.884052856637,-4.586220423329,2.6100001));
#5977 = CARTESIAN_POINT('',(13.863430991297,-4.586220423329,2.6200001));
#5978 = CARTESIAN_POINT('',(13.863430991297,-4.586220423329,2.6100001));
#5979 = ADVANCED_FACE('',(#5980),#5998,.F.);
#5980 = FACE_BOUND('',#5981,.F.);
#5981 = EDGE_LOOP('',(#5982,#5983,#5992,#5997));
#5982 = ORIENTED_EDGE('',*,*,#5965,.F.);
#5983 = ORIENTED_EDGE('',*,*,#5984,.T.);
#5984 = EDGE_CURVE('',#5957,#5985,#5987,.T.);
#5985 = VERTEX_POINT('',#5986);
#5986 = CARTESIAN_POINT('',(13.796366605695,-4.605455944782,2.6200001));
#5987 = B_SPLINE_CURVE_WITH_KNOTS('',3,(#5988,#5989,#5990,#5991),
  .UNSPECIFIED.,.F.,.F.,(4,4),(7.,8.),.PIECEWISE_BEZIER_KNOTS.);
#5988 = CARTESIAN_POINT('',(13.863430991297,-4.586220423329,2.6200001));
#5989 = CARTESIAN_POINT('',(13.836917164431,-4.586220423329,2.6200001));
#5990 = CARTESIAN_POINT('',(13.81456236923,-4.592632263813,2.6200001));
#5991 = CARTESIAN_POINT('',(13.796366605695,-4.605455944782,2.6200001));
#5992 = ORIENTED_EDGE('',*,*,#5993,.T.);
#5993 = EDGE_CURVE('',#5985,#826,#5994,.T.);
#5994 = B_SPLINE_CURVE_WITH_KNOTS('',1,(#5995,#5996),.UNSPECIFIED.,.F.,
  .F.,(2,2),(-0.,1.E-02),.PIECEWISE_BEZIER_KNOTS.);
#5995 = CARTESIAN_POINT('',(13.796366605695,-4.605455944782,2.6200001));
#5996 = CARTESIAN_POINT('',(13.796366605695,-4.605455944782,2.6100001));
#5997 = ORIENTED_EDGE('',*,*,#834,.F.);
#5998 = B_SPLINE_SURFACE_WITH_KNOTS('',3,1,(
    (#5999,#6000)
    ,(#6001,#6002)
    ,(#6003,#6004)
    ,(#6005,#6006
    )),.UNSPECIFIED.,.F.,.F.,.F.,(4,4),(2,2),(7.,8.),(0.,1.),
  .PIECEWISE_BEZIER_KNOTS.);
#5999 = CARTESIAN_POINT('',(13.863430991297,-4.586220423329,2.6200001));
#6000 = CARTESIAN_POINT('',(13.863430991297,-4.586220423329,2.6100001));
#6001 = CARTESIAN_POINT('',(13.836917164431,-4.586220423329,2.6200001));
#6002 = CARTESIAN_POINT('',(13.836917164431,-4.586220423329,2.6100001));
#6003 = CARTESIAN_POINT('',(13.81456236923,-4.592632263813,2.6200001));
#6004 = CARTESIAN_POINT('',(13.81456236923,-4.592632263813,2.6100001));
#6005 = CARTESIAN_POINT('',(13.796366605695,-4.605455944782,2.6200001));
#6006 = CARTESIAN_POINT('',(13.796366605695,-4.605455944782,2.6100001));
#6007 = ADVANCED_FACE('',(#6008),#6026,.F.);
#6008 = FACE_BOUND('',#6009,.F.);
#6009 = EDGE_LOOP('',(#6010,#6011,#6020,#6025));
#6010 = ORIENTED_EDGE('',*,*,#5993,.F.);
#6011 = ORIENTED_EDGE('',*,*,#6012,.T.);
#6012 = EDGE_CURVE('',#5985,#6013,#6015,.T.);
#6013 = VERTEX_POINT('',#6014);
#6014 = CARTESIAN_POINT('',(13.769159606884,-4.657097254625,2.6200001));
#6015 = B_SPLINE_CURVE_WITH_KNOTS('',3,(#6016,#6017,#6018,#6019),
  .UNSPECIFIED.,.F.,.F.,(4,4),(6.,7.),.PIECEWISE_BEZIER_KNOTS.);
#6016 = CARTESIAN_POINT('',(13.796366605695,-4.605455944782,2.6200001));
#6017 = CARTESIAN_POINT('',(13.778257488652,-4.618452918735,2.6200001));
#6018 = CARTESIAN_POINT('',(13.769159606884,-4.635608924356,2.6200001));
#6019 = CARTESIAN_POINT('',(13.769159606884,-4.657097254625,2.6200001));
#6020 = ORIENTED_EDGE('',*,*,#6021,.T.);
#6021 = EDGE_CURVE('',#6013,#817,#6022,.T.);
#6022 = B_SPLINE_CURVE_WITH_KNOTS('',1,(#6023,#6024),.UNSPECIFIED.,.F.,
  .F.,(2,2),(-0.,1.E-02),.PIECEWISE_BEZIER_KNOTS.);
#6023 = CARTESIAN_POINT('',(13.769159606884,-4.657097254625,2.6200001));
#6024 = CARTESIAN_POINT('',(13.769159606884,-4.657097254625,2.6100001));
#6025 = ORIENTED_EDGE('',*,*,#825,.F.);
#6026 = B_SPLINE_SURFACE_WITH_KNOTS('',3,1,(
    (#6027,#6028)
    ,(#6029,#6030)
    ,(#6031,#6032)
    ,(#6033,#6034
    )),.UNSPECIFIED.,.F.,.F.,.F.,(4,4),(2,2),(6.,7.),(0.,1.),
  .PIECEWISE_BEZIER_KNOTS.);
#6027 = CARTESIAN_POINT('',(13.796366605695,-4.605455944782,2.6200001));
#6028 = CARTESIAN_POINT('',(13.796366605695,-4.605455944782,2.6100001));
#6029 = CARTESIAN_POINT('',(13.778257488652,-4.618452918735,2.6200001));
#6030 = CARTESIAN_POINT('',(13.778257488652,-4.618452918735,2.6100001));
#6031 = CARTESIAN_POINT('',(13.769159606884,-4.635608924356,2.6200001));
#6032 = CARTESIAN_POINT('',(13.769159606884,-4.635608924356,2.6100001));
#6033 = CARTESIAN_POINT('',(13.769159606884,-4.657097254625,2.6200001));
#6034 = CARTESIAN_POINT('',(13.769159606884,-4.657097254625,2.6100001));
#6035 = ADVANCED_FACE('',(#6036),#6054,.F.);
#6036 = FACE_BOUND('',#6037,.F.);
#6037 = EDGE_LOOP('',(#6038,#6039,#6048,#6053));
#6038 = ORIENTED_EDGE('',*,*,#6021,.F.);
#6039 = ORIENTED_EDGE('',*,*,#6040,.T.);
#6040 = EDGE_CURVE('',#6013,#6041,#6043,.T.);
#6041 = VERTEX_POINT('',#6042);
#6042 = CARTESIAN_POINT('',(13.781203469415,-4.695395004543,2.6200001));
#6043 = B_SPLINE_CURVE_WITH_KNOTS('',3,(#6044,#6045,#6046,#6047),
  .UNSPECIFIED.,.F.,.F.,(4,4),(5.,6.),.PIECEWISE_BEZIER_KNOTS.);
#6044 = CARTESIAN_POINT('',(13.769159606884,-4.657097254625,2.6200001));
#6045 = CARTESIAN_POINT('',(13.769159606884,-4.672000451427,2.6200001));
#6046 = CARTESIAN_POINT('',(13.773145345564,-4.684824132394,2.6200001));
#6047 = CARTESIAN_POINT('',(13.781203469415,-4.695395004543,2.6200001));
#6048 = ORIENTED_EDGE('',*,*,#6049,.T.);
#6049 = EDGE_CURVE('',#6041,#808,#6050,.T.);
#6050 = B_SPLINE_CURVE_WITH_KNOTS('',1,(#6051,#6052),.UNSPECIFIED.,.F.,
  .F.,(2,2),(-0.,1.E-02),.PIECEWISE_BEZIER_KNOTS.);
#6051 = CARTESIAN_POINT('',(13.781203469415,-4.695395004543,2.6200001));
#6052 = CARTESIAN_POINT('',(13.781203469415,-4.695395004543,2.6100001));
#6053 = ORIENTED_EDGE('',*,*,#816,.F.);
#6054 = B_SPLINE_SURFACE_WITH_KNOTS('',3,1,(
    (#6055,#6056)
    ,(#6057,#6058)
    ,(#6059,#6060)
    ,(#6061,#6062
    )),.UNSPECIFIED.,.F.,.F.,.F.,(4,4),(2,2),(5.,6.),(0.,1.),
  .PIECEWISE_BEZIER_KNOTS.);
#6055 = CARTESIAN_POINT('',(13.769159606884,-4.657097254625,2.6200001));
#6056 = CARTESIAN_POINT('',(13.769159606884,-4.657097254625,2.6100001));
#6057 = CARTESIAN_POINT('',(13.769159606884,-4.672000451427,2.6200001));
#6058 = CARTESIAN_POINT('',(13.769159606884,-4.672000451427,2.6100001));
#6059 = CARTESIAN_POINT('',(13.773145345564,-4.684824132394,2.6200001));
#6060 = CARTESIAN_POINT('',(13.773145345564,-4.684824132394,2.6100001));
#6061 = CARTESIAN_POINT('',(13.781203469415,-4.695395004543,2.6200001));
#6062 = CARTESIAN_POINT('',(13.781203469415,-4.695395004543,2.6100001));
#6063 = ADVANCED_FACE('',(#6064),#6082,.F.);
#6064 = FACE_BOUND('',#6065,.F.);
#6065 = EDGE_LOOP('',(#6066,#6067,#6076,#6081));
#6066 = ORIENTED_EDGE('',*,*,#6049,.F.);
#6067 = ORIENTED_EDGE('',*,*,#6068,.T.);
#6068 = EDGE_CURVE('',#6041,#6069,#6071,.T.);
#6069 = VERTEX_POINT('',#6070);
#6070 = CARTESIAN_POINT('',(13.833451304711,-4.727454206963,2.6200001));
#6071 = B_SPLINE_CURVE_WITH_KNOTS('',3,(#6072,#6073,#6074,#6075),
  .UNSPECIFIED.,.F.,.F.,(4,4),(4.,5.),.PIECEWISE_BEZIER_KNOTS.);
#6072 = CARTESIAN_POINT('',(13.781203469415,-4.695395004543,2.6200001));
#6073 = CARTESIAN_POINT('',(13.789174946774,-4.705965876692,2.6200001));
#6074 = CARTESIAN_POINT('',(13.806677538365,-4.716710041829,2.6200001));
#6075 = CARTESIAN_POINT('',(13.833451304711,-4.727454206963,2.6200001));
#6076 = ORIENTED_EDGE('',*,*,#6077,.T.);
#6077 = EDGE_CURVE('',#6069,#799,#6078,.T.);
#6078 = B_SPLINE_CURVE_WITH_KNOTS('',1,(#6079,#6080),.UNSPECIFIED.,.F.,
  .F.,(2,2),(-0.,1.E-02),.PIECEWISE_BEZIER_KNOTS.);
#6079 = CARTESIAN_POINT('',(13.833451304711,-4.727454206963,2.6200001));
#6080 = CARTESIAN_POINT('',(13.833451304711,-4.727454206963,2.6100001));
#6081 = ORIENTED_EDGE('',*,*,#807,.F.);
#6082 = B_SPLINE_SURFACE_WITH_KNOTS('',3,1,(
    (#6083,#6084)
    ,(#6085,#6086)
    ,(#6087,#6088)
    ,(#6089,#6090
    )),.UNSPECIFIED.,.F.,.F.,.F.,(4,4),(2,2),(4.,5.),(0.,1.),
  .PIECEWISE_BEZIER_KNOTS.);
#6083 = CARTESIAN_POINT('',(13.781203469415,-4.695395004543,2.6200001));
#6084 = CARTESIAN_POINT('',(13.781203469415,-4.695395004543,2.6100001));
#6085 = CARTESIAN_POINT('',(13.789174946774,-4.705965876692,2.6200001));
#6086 = CARTESIAN_POINT('',(13.789174946774,-4.705965876692,2.6100001));
#6087 = CARTESIAN_POINT('',(13.806677538365,-4.716710041829,2.6200001));
#6088 = CARTESIAN_POINT('',(13.806677538365,-4.716710041829,2.6100001));
#6089 = CARTESIAN_POINT('',(13.833451304711,-4.727454206963,2.6200001));
#6090 = CARTESIAN_POINT('',(13.833451304711,-4.727454206963,2.6100001));
#6091 = ADVANCED_FACE('',(#6092),#6110,.F.);
#6092 = FACE_BOUND('',#6093,.F.);
#6093 = EDGE_LOOP('',(#6094,#6095,#6104,#6109));
#6094 = ORIENTED_EDGE('',*,*,#6077,.F.);
#6095 = ORIENTED_EDGE('',*,*,#6096,.T.);
#6096 = EDGE_CURVE('',#6069,#6097,#6099,.T.);
#6097 = VERTEX_POINT('',#6098);
#6098 = CARTESIAN_POINT('',(13.877900955632,-4.749115830221,2.6200001));
#6099 = B_SPLINE_CURVE_WITH_KNOTS('',3,(#6100,#6101,#6102,#6103),
  .UNSPECIFIED.,.F.,.F.,(4,4),(3.,4.),.PIECEWISE_BEZIER_KNOTS.);
#6100 = CARTESIAN_POINT('',(13.833451304711,-4.727454206963,2.6200001));
#6101 = CARTESIAN_POINT('',(13.855806099911,-4.735772270294,2.6200001));
#6102 = CARTESIAN_POINT('',(13.870622650218,-4.743050575709,2.6200001));
#6103 = CARTESIAN_POINT('',(13.877900955632,-4.749115830221,2.6200001));
#6104 = ORIENTED_EDGE('',*,*,#6105,.T.);
#6105 = EDGE_CURVE('',#6097,#790,#6106,.T.);
#6106 = B_SPLINE_CURVE_WITH_KNOTS('',1,(#6107,#6108),.UNSPECIFIED.,.F.,
  .F.,(2,2),(-0.,1.E-02),.PIECEWISE_BEZIER_KNOTS.);
#6107 = CARTESIAN_POINT('',(13.877900955632,-4.749115830221,2.6200001));
#6108 = CARTESIAN_POINT('',(13.877900955632,-4.749115830221,2.6100001));
#6109 = ORIENTED_EDGE('',*,*,#798,.F.);
#6110 = B_SPLINE_SURFACE_WITH_KNOTS('',3,1,(
    (#6111,#6112)
    ,(#6113,#6114)
    ,(#6115,#6116)
    ,(#6117,#6118
    )),.UNSPECIFIED.,.F.,.F.,.F.,(4,4),(2,2),(3.,4.),(0.,1.),
  .PIECEWISE_BEZIER_KNOTS.);
#6111 = CARTESIAN_POINT('',(13.833451304711,-4.727454206963,2.6200001));
#6112 = CARTESIAN_POINT('',(13.833451304711,-4.727454206963,2.6100001));
#6113 = CARTESIAN_POINT('',(13.855806099911,-4.735772270294,2.6200001));
#6114 = CARTESIAN_POINT('',(13.855806099911,-4.735772270294,2.6100001));
#6115 = CARTESIAN_POINT('',(13.870622650218,-4.743050575709,2.6200001));
#6116 = CARTESIAN_POINT('',(13.870622650218,-4.743050575709,2.6100001));
#6117 = CARTESIAN_POINT('',(13.877900955632,-4.749115830221,2.6200001));
#6118 = CARTESIAN_POINT('',(13.877900955632,-4.749115830221,2.6100001));
#6119 = ADVANCED_FACE('',(#6120),#6138,.F.);
#6120 = FACE_BOUND('',#6121,.F.);
#6121 = EDGE_LOOP('',(#6122,#6123,#6132,#6137));
#6122 = ORIENTED_EDGE('',*,*,#6105,.F.);
#6123 = ORIENTED_EDGE('',*,*,#6124,.T.);
#6124 = EDGE_CURVE('',#6097,#6125,#6127,.T.);
#6125 = VERTEX_POINT('',#6126);
#6126 = CARTESIAN_POINT('',(13.888818413754,-4.772163797365,2.6200001));
#6127 = B_SPLINE_CURVE_WITH_KNOTS('',3,(#6128,#6129,#6130,#6131),
  .UNSPECIFIED.,.F.,.F.,(4,4),(2.,3.),.PIECEWISE_BEZIER_KNOTS.);
#6128 = CARTESIAN_POINT('',(13.877900955632,-4.749115830221,2.6200001));
#6129 = CARTESIAN_POINT('',(13.885179261047,-4.755181084732,2.6200001));
#6130 = CARTESIAN_POINT('',(13.888818413754,-4.762805976117,2.6200001));
#6131 = CARTESIAN_POINT('',(13.888818413754,-4.772163797365,2.6200001));
#6132 = ORIENTED_EDGE('',*,*,#6133,.T.);
#6133 = EDGE_CURVE('',#6125,#781,#6134,.T.);
#6134 = B_SPLINE_CURVE_WITH_KNOTS('',1,(#6135,#6136),.UNSPECIFIED.,.F.,
  .F.,(2,2),(-0.,1.E-02),.PIECEWISE_BEZIER_KNOTS.);
#6135 = CARTESIAN_POINT('',(13.888818413754,-4.772163797365,2.6200001));
#6136 = CARTESIAN_POINT('',(13.888818413754,-4.772163797365,2.6100001));
#6137 = ORIENTED_EDGE('',*,*,#789,.F.);
#6138 = B_SPLINE_SURFACE_WITH_KNOTS('',3,1,(
    (#6139,#6140)
    ,(#6141,#6142)
    ,(#6143,#6144)
    ,(#6145,#6146
    )),.UNSPECIFIED.,.F.,.F.,.F.,(4,4),(2,2),(2.,3.),(0.,1.),
  .PIECEWISE_BEZIER_KNOTS.);
#6139 = CARTESIAN_POINT('',(13.877900955632,-4.749115830221,2.6200001));
#6140 = CARTESIAN_POINT('',(13.877900955632,-4.749115830221,2.6100001));
#6141 = CARTESIAN_POINT('',(13.885179261047,-4.755181084732,2.6200001));
#6142 = CARTESIAN_POINT('',(13.885179261047,-4.755181084732,2.6100001));
#6143 = CARTESIAN_POINT('',(13.888818413754,-4.762805976117,2.6200001));
#6144 = CARTESIAN_POINT('',(13.888818413754,-4.762805976117,2.6100001));
#6145 = CARTESIAN_POINT('',(13.888818413754,-4.772163797365,2.6200001));
#6146 = CARTESIAN_POINT('',(13.888818413754,-4.772163797365,2.6100001));
#6147 = ADVANCED_FACE('',(#6148),#6160,.F.);
#6148 = FACE_BOUND('',#6149,.F.);
#6149 = EDGE_LOOP('',(#6150,#6151,#6158,#6159));
#6150 = ORIENTED_EDGE('',*,*,#6133,.F.);
#6151 = ORIENTED_EDGE('',*,*,#6152,.T.);
#6152 = EDGE_CURVE('',#6125,#5598,#6153,.T.);
#6153 = B_SPLINE_CURVE_WITH_KNOTS('',3,(#6154,#6155,#6156,#6157),
  .UNSPECIFIED.,.F.,.F.,(4,4),(1.,2.),.PIECEWISE_BEZIER_KNOTS.);
#6154 = CARTESIAN_POINT('',(13.888818413754,-4.772163797365,2.6200001));
#6155 = CARTESIAN_POINT('',(13.888818413754,-4.793998713608,2.6200001));
#6156 = CARTESIAN_POINT('',(13.8720956406,-4.804916171728,2.6200001));
#6157 = CARTESIAN_POINT('',(13.838736740785,-4.804916171728,2.6200001));
#6158 = ORIENTED_EDGE('',*,*,#5597,.T.);
#6159 = ORIENTED_EDGE('',*,*,#780,.F.);
#6160 = B_SPLINE_SURFACE_WITH_KNOTS('',3,1,(
    (#6161,#6162)
    ,(#6163,#6164)
    ,(#6165,#6166)
    ,(#6167,#6168
    )),.UNSPECIFIED.,.F.,.F.,.F.,(4,4),(2,2),(1.,2.),(0.,1.),
  .PIECEWISE_BEZIER_KNOTS.);
#6161 = CARTESIAN_POINT('',(13.888818413754,-4.772163797365,2.6200001));
#6162 = CARTESIAN_POINT('',(13.888818413754,-4.772163797365,2.6100001));
#6163 = CARTESIAN_POINT('',(13.888818413754,-4.793998713608,2.6200001));
#6164 = CARTESIAN_POINT('',(13.888818413754,-4.793998713608,2.6100001));
#6165 = CARTESIAN_POINT('',(13.8720956406,-4.804916171728,2.6200001));
#6166 = CARTESIAN_POINT('',(13.8720956406,-4.804916171728,2.6100001));
#6167 = CARTESIAN_POINT('',(13.838736740785,-4.804916171728,2.6200001));
#6168 = CARTESIAN_POINT('',(13.838736740785,-4.804916171728,2.6100001));
#6169 = ADVANCED_FACE('',(#6170),#6193,.F.);
#6170 = FACE_BOUND('',#6171,.T.);
#6171 = EDGE_LOOP('',(#6172,#6173,#6174,#6175,#6176,#6177,#6178,#6179,
    #6180,#6181,#6182,#6183,#6184,#6185,#6186,#6187,#6188,#6189,#6190,
    #6191,#6192));
#6172 = ORIENTED_EDGE('',*,*,#5604,.T.);
#6173 = ORIENTED_EDGE('',*,*,#5639,.T.);
#6174 = ORIENTED_EDGE('',*,*,#5654,.T.);
#6175 = ORIENTED_EDGE('',*,*,#5682,.T.);
#6176 = ORIENTED_EDGE('',*,*,#5710,.T.);
#6177 = ORIENTED_EDGE('',*,*,#5738,.T.);
#6178 = ORIENTED_EDGE('',*,*,#5766,.T.);
#6179 = ORIENTED_EDGE('',*,*,#5794,.T.);
#6180 = ORIENTED_EDGE('',*,*,#5822,.T.);
#6181 = ORIENTED_EDGE('',*,*,#5850,.T.);
#6182 = ORIENTED_EDGE('',*,*,#5878,.T.);
#6183 = ORIENTED_EDGE('',*,*,#5906,.T.);
#6184 = ORIENTED_EDGE('',*,*,#5941,.T.);
#6185 = ORIENTED_EDGE('',*,*,#5956,.T.);
#6186 = ORIENTED_EDGE('',*,*,#5984,.T.);
#6187 = ORIENTED_EDGE('',*,*,#6012,.T.);
#6188 = ORIENTED_EDGE('',*,*,#6040,.T.);
#6189 = ORIENTED_EDGE('',*,*,#6068,.T.);
#6190 = ORIENTED_EDGE('',*,*,#6096,.T.);
#6191 = ORIENTED_EDGE('',*,*,#6124,.T.);
#6192 = ORIENTED_EDGE('',*,*,#6152,.T.);
#6193 = B_SPLINE_SURFACE_WITH_KNOTS('',1,1,(
    (#6194,#6195)
    ,(#6196,#6197
    )),.UNSPECIFIED.,.F.,.F.,.F.,(2,2),(2,2),(-0.129818108177,
    3.368382416375E-02),(-4.050723548961E-02,0.21284711012),
  .PIECEWISE_BEZIER_KNOTS.);
#6194 = CARTESIAN_POINT('',(13.932401599746,-4.839574768939,2.6200001));
#6195 = CARTESIAN_POINT('',(13.932401599746,-4.586220423329,2.6200001));
#6196 = CARTESIAN_POINT('',(13.768899667405,-4.839574768939,2.6200001));
#6197 = CARTESIAN_POINT('',(13.768899667405,-4.586220423329,2.6200001));
#6198 = ADVANCED_FACE('',(#6199),#6221,.F.);
#6199 = FACE_BOUND('',#6200,.T.);
#6200 = EDGE_LOOP('',(#6201,#6202,#6209,#6216));
#6201 = ORIENTED_EDGE('',*,*,#654,.T.);
#6202 = ORIENTED_EDGE('',*,*,#6203,.F.);
#6203 = EDGE_CURVE('',#6204,#646,#6206,.T.);
#6204 = VERTEX_POINT('',#6205);
#6205 = CARTESIAN_POINT('',(14.142865931309,-4.591765798884,2.6200001));
#6206 = B_SPLINE_CURVE_WITH_KNOTS('',1,(#6207,#6208),.UNSPECIFIED.,.F.,
  .F.,(2,2),(-0.,1.E-02),.PIECEWISE_BEZIER_KNOTS.);
#6207 = CARTESIAN_POINT('',(14.142865931309,-4.591765798884,2.6200001));
#6208 = CARTESIAN_POINT('',(14.142865931309,-4.591765798884,2.6100001));
#6209 = ORIENTED_EDGE('',*,*,#6210,.F.);
#6210 = EDGE_CURVE('',#6211,#6204,#6213,.T.);
#6211 = VERTEX_POINT('',#6212);
#6212 = CARTESIAN_POINT('',(14.186882349764,-4.591765798884,2.6200001));
#6213 = B_SPLINE_CURVE_WITH_KNOTS('',1,(#6214,#6215),.UNSPECIFIED.,.F.,
  .F.,(2,2),(-4.401641845579E-02,-0.),.PIECEWISE_BEZIER_KNOTS.);
#6214 = CARTESIAN_POINT('',(14.186882349764,-4.591765798884,2.6200001));
#6215 = CARTESIAN_POINT('',(14.142865931309,-4.591765798884,2.6200001));
#6216 = ORIENTED_EDGE('',*,*,#6217,.T.);
#6217 = EDGE_CURVE('',#6211,#655,#6218,.T.);
#6218 = B_SPLINE_CURVE_WITH_KNOTS('',1,(#6219,#6220),.UNSPECIFIED.,.F.,
  .F.,(2,2),(-0.,1.E-02),.PIECEWISE_BEZIER_KNOTS.);
#6219 = CARTESIAN_POINT('',(14.186882349764,-4.591765798884,2.6200001));
#6220 = CARTESIAN_POINT('',(14.186882349764,-4.591765798884,2.6100001));
#6221 = B_SPLINE_SURFACE_WITH_KNOTS('',1,1,(
    (#6222,#6223)
    ,(#6224,#6225
    )),.UNSPECIFIED.,.F.,.F.,.F.,(2,2),(2,2),(0.,1.E-02),(0.,
    4.401641845579E-02),.PIECEWISE_BEZIER_KNOTS.);
#6222 = CARTESIAN_POINT('',(14.142865931309,-4.591765798884,2.6200001));
#6223 = CARTESIAN_POINT('',(14.186882349764,-4.591765798884,2.6200001));
#6224 = CARTESIAN_POINT('',(14.142865931309,-4.591765798884,2.6100001));
#6225 = CARTESIAN_POINT('',(14.186882349764,-4.591765798884,2.6100001));
#6226 = ADVANCED_FACE('',(#6227),#6243,.F.);
#6227 = FACE_BOUND('',#6228,.T.);
#6228 = EDGE_LOOP('',(#6229,#6230,#6237,#6242));
#6229 = ORIENTED_EDGE('',*,*,#645,.T.);
#6230 = ORIENTED_EDGE('',*,*,#6231,.F.);
#6231 = EDGE_CURVE('',#6232,#648,#6234,.T.);
#6232 = VERTEX_POINT('',#6233);
#6233 = CARTESIAN_POINT('',(14.076754657129,-4.774070020211,2.6200001));
#6234 = B_SPLINE_CURVE_WITH_KNOTS('',1,(#6235,#6236),.UNSPECIFIED.,.F.,
  .F.,(2,2),(-0.,1.E-02),.PIECEWISE_BEZIER_KNOTS.);
#6235 = CARTESIAN_POINT('',(14.076754657129,-4.774070020211,2.6200001));
#6236 = CARTESIAN_POINT('',(14.076754657129,-4.774070020211,2.6100001));
#6237 = ORIENTED_EDGE('',*,*,#6238,.F.);
#6238 = EDGE_CURVE('',#6204,#6232,#6239,.T.);
#6239 = B_SPLINE_CURVE_WITH_KNOTS('',1,(#6240,#6241),.UNSPECIFIED.,.F.,
  .F.,(2,2),(-0.193921452366,-0.),.PIECEWISE_BEZIER_KNOTS.);
#6240 = CARTESIAN_POINT('',(14.142865931309,-4.591765798884,2.6200001));
#6241 = CARTESIAN_POINT('',(14.076754657129,-4.774070020211,2.6200001));
#6242 = ORIENTED_EDGE('',*,*,#6203,.T.);
#6243 = B_SPLINE_SURFACE_WITH_KNOTS('',1,1,(
    (#6244,#6245)
    ,(#6246,#6247
    )),.UNSPECIFIED.,.F.,.F.,.F.,(2,2),(2,2),(0.,0.193921452366),(
    -1.E-02,0.),.PIECEWISE_BEZIER_KNOTS.);
#6244 = CARTESIAN_POINT('',(14.076754657129,-4.774070020211,2.6100001));
#6245 = CARTESIAN_POINT('',(14.076754657129,-4.774070020211,2.6200001));
#6246 = CARTESIAN_POINT('',(14.142865931309,-4.591765798884,2.6100001));
#6247 = CARTESIAN_POINT('',(14.142865931309,-4.591765798884,2.6200001));
#6248 = ADVANCED_FACE('',(#6249),#6267,.F.);
#6249 = FACE_BOUND('',#6250,.F.);
#6250 = EDGE_LOOP('',(#6251,#6252,#6261,#6266));
#6251 = ORIENTED_EDGE('',*,*,#6231,.F.);
#6252 = ORIENTED_EDGE('',*,*,#6253,.T.);
#6253 = EDGE_CURVE('',#6232,#6254,#6256,.T.);
#6254 = VERTEX_POINT('',#6255);
#6255 = CARTESIAN_POINT('',(14.071555867546,-4.793652127636,2.6200001));
#6256 = B_SPLINE_CURVE_WITH_KNOTS('',3,(#6257,#6258,#6259,#6260),
  .UNSPECIFIED.,.F.,.F.,(4,4),(12.,13.),.PIECEWISE_BEZIER_KNOTS.);
#6257 = CARTESIAN_POINT('',(14.076754657129,-4.774070020211,2.6200001));
#6258 = CARTESIAN_POINT('',(14.074155262339,-4.782561376528,2.6200001));
#6259 = CARTESIAN_POINT('',(14.072422332475,-4.789146509997,2.6200001));
#6260 = CARTESIAN_POINT('',(14.071555867546,-4.793652127636,2.6200001));
#6261 = ORIENTED_EDGE('',*,*,#6262,.T.);
#6262 = EDGE_CURVE('',#6254,#747,#6263,.T.);
#6263 = B_SPLINE_CURVE_WITH_KNOTS('',1,(#6264,#6265),.UNSPECIFIED.,.F.,
  .F.,(2,2),(-0.,1.E-02),.PIECEWISE_BEZIER_KNOTS.);
#6264 = CARTESIAN_POINT('',(14.071555867546,-4.793652127636,2.6200001));
#6265 = CARTESIAN_POINT('',(14.071555867546,-4.793652127636,2.6100001));
#6266 = ORIENTED_EDGE('',*,*,#753,.F.);
#6267 = B_SPLINE_SURFACE_WITH_KNOTS('',3,1,(
    (#6268,#6269)
    ,(#6270,#6271)
    ,(#6272,#6273)
    ,(#6274,#6275
    )),.UNSPECIFIED.,.F.,.F.,.F.,(4,4),(2,2),(12.,13.),(0.,1.),
  .PIECEWISE_BEZIER_KNOTS.);
#6268 = CARTESIAN_POINT('',(14.076754657129,-4.774070020211,2.6200001));
#6269 = CARTESIAN_POINT('',(14.076754657129,-4.774070020211,2.6100001));
#6270 = CARTESIAN_POINT('',(14.074155262339,-4.782561376528,2.6200001));
#6271 = CARTESIAN_POINT('',(14.074155262339,-4.782561376528,2.6100001));
#6272 = CARTESIAN_POINT('',(14.072422332475,-4.789146509997,2.6200001));
#6273 = CARTESIAN_POINT('',(14.072422332475,-4.789146509997,2.6100001));
#6274 = CARTESIAN_POINT('',(14.071555867546,-4.793652127636,2.6200001));
#6275 = CARTESIAN_POINT('',(14.071555867546,-4.793652127636,2.6100001));
#6276 = ADVANCED_FACE('',(#6277),#6293,.F.);
#6277 = FACE_BOUND('',#6278,.T.);
#6278 = EDGE_LOOP('',(#6279,#6280,#6287,#6292));
#6279 = ORIENTED_EDGE('',*,*,#746,.T.);
#6280 = ORIENTED_EDGE('',*,*,#6281,.F.);
#6281 = EDGE_CURVE('',#6282,#740,#6284,.T.);
#6282 = VERTEX_POINT('',#6283);
#6283 = CARTESIAN_POINT('',(14.070429463138,-4.793652127636,2.6200001));
#6284 = B_SPLINE_CURVE_WITH_KNOTS('',1,(#6285,#6286),.UNSPECIFIED.,.F.,
  .F.,(2,2),(-0.,1.E-02),.PIECEWISE_BEZIER_KNOTS.);
#6285 = CARTESIAN_POINT('',(14.070429463138,-4.793652127636,2.6200001));
#6286 = CARTESIAN_POINT('',(14.070429463138,-4.793652127636,2.6100001));
#6287 = ORIENTED_EDGE('',*,*,#6288,.F.);
#6288 = EDGE_CURVE('',#6254,#6282,#6289,.T.);
#6289 = B_SPLINE_CURVE_WITH_KNOTS('',1,(#6290,#6291),.UNSPECIFIED.,.F.,
  .F.,(2,2),(-1.126404408057E-03,-0.),.PIECEWISE_BEZIER_KNOTS.);
#6290 = CARTESIAN_POINT('',(14.071555867546,-4.793652127636,2.6200001));
#6291 = CARTESIAN_POINT('',(14.070429463138,-4.793652127636,2.6200001));
#6292 = ORIENTED_EDGE('',*,*,#6262,.T.);
#6293 = B_SPLINE_SURFACE_WITH_KNOTS('',1,1,(
    (#6294,#6295)
    ,(#6296,#6297
    )),.UNSPECIFIED.,.F.,.F.,.F.,(2,2),(2,2),(0.,1.E-02),(0.,
    1.126404408057E-03),.PIECEWISE_BEZIER_KNOTS.);
#6294 = CARTESIAN_POINT('',(14.070429463138,-4.793652127636,2.6200001));
#6295 = CARTESIAN_POINT('',(14.071555867546,-4.793652127636,2.6200001));
#6296 = CARTESIAN_POINT('',(14.070429463138,-4.793652127636,2.6100001));
#6297 = CARTESIAN_POINT('',(14.071555867546,-4.793652127636,2.6100001));
#6298 = ADVANCED_FACE('',(#6299),#6315,.F.);
#6299 = FACE_BOUND('',#6300,.T.);
#6300 = EDGE_LOOP('',(#6301,#6302,#6309,#6314));
#6301 = ORIENTED_EDGE('',*,*,#739,.T.);
#6302 = ORIENTED_EDGE('',*,*,#6303,.F.);
#6303 = EDGE_CURVE('',#6304,#733,#6306,.T.);
#6304 = VERTEX_POINT('',#6305);
#6305 = CARTESIAN_POINT('',(14.065230673555,-4.77372343424,2.6200001));
#6306 = B_SPLINE_CURVE_WITH_KNOTS('',1,(#6307,#6308),.UNSPECIFIED.,.F.,
  .F.,(2,2),(-0.,1.E-02),.PIECEWISE_BEZIER_KNOTS.);
#6307 = CARTESIAN_POINT('',(14.065230673555,-4.77372343424,2.6200001));
#6308 = CARTESIAN_POINT('',(14.065230673555,-4.77372343424,2.6100001));
#6309 = ORIENTED_EDGE('',*,*,#6310,.F.);
#6310 = EDGE_CURVE('',#6282,#6304,#6311,.T.);
#6311 = B_SPLINE_CURVE_WITH_KNOTS('',1,(#6312,#6313),.UNSPECIFIED.,.F.,
  .F.,(2,2),(-2.059563627603E-02,0.),.PIECEWISE_BEZIER_KNOTS.);
#6312 = CARTESIAN_POINT('',(14.070429463138,-4.793652127636,2.6200001));
#6313 = CARTESIAN_POINT('',(14.065230673555,-4.77372343424,2.6200001));
#6314 = ORIENTED_EDGE('',*,*,#6281,.T.);
#6315 = B_SPLINE_SURFACE_WITH_KNOTS('',1,1,(
    (#6316,#6317)
    ,(#6318,#6319
    )),.UNSPECIFIED.,.F.,.F.,.F.,(2,2),(2,2),(0.,2.059563627603E-02),(
    -1.E-02,0.),.PIECEWISE_BEZIER_KNOTS.);
#6316 = CARTESIAN_POINT('',(14.065230673555,-4.77372343424,2.6100001));
#6317 = CARTESIAN_POINT('',(14.065230673555,-4.77372343424,2.6200001));
#6318 = CARTESIAN_POINT('',(14.070429463138,-4.793652127636,2.6100001));
#6319 = CARTESIAN_POINT('',(14.070429463138,-4.793652127636,2.6200001));
#6320 = ADVANCED_FACE('',(#6321),#6337,.F.);
#6321 = FACE_BOUND('',#6322,.T.);
#6322 = EDGE_LOOP('',(#6323,#6324,#6331,#6336));
#6323 = ORIENTED_EDGE('',*,*,#732,.T.);
#6324 = ORIENTED_EDGE('',*,*,#6325,.F.);
#6325 = EDGE_CURVE('',#6326,#726,#6328,.T.);
#6326 = VERTEX_POINT('',#6327);
#6327 = CARTESIAN_POINT('',(14.001978733647,-4.591765798884,2.6200001));
#6328 = B_SPLINE_CURVE_WITH_KNOTS('',1,(#6329,#6330),.UNSPECIFIED.,.F.,
  .F.,(2,2),(-0.,1.E-02),.PIECEWISE_BEZIER_KNOTS.);
#6329 = CARTESIAN_POINT('',(14.001978733647,-4.591765798884,2.6200001));
#6330 = CARTESIAN_POINT('',(14.001978733647,-4.591765798884,2.6100001));
#6331 = ORIENTED_EDGE('',*,*,#6332,.F.);
#6332 = EDGE_CURVE('',#6304,#6326,#6333,.T.);
#6333 = B_SPLINE_CURVE_WITH_KNOTS('',1,(#6334,#6335),.UNSPECIFIED.,.F.,
  .F.,(2,2),(-0.192637973844,0.),.PIECEWISE_BEZIER_KNOTS.);
#6334 = CARTESIAN_POINT('',(14.065230673555,-4.77372343424,2.6200001));
#6335 = CARTESIAN_POINT('',(14.001978733647,-4.591765798884,2.6200001));
#6336 = ORIENTED_EDGE('',*,*,#6303,.T.);
#6337 = B_SPLINE_SURFACE_WITH_KNOTS('',1,1,(
    (#6338,#6339)
    ,(#6340,#6341
    )),.UNSPECIFIED.,.F.,.F.,.F.,(2,2),(2,2),(0.,0.192637973844),(
    -1.E-02,0.),.PIECEWISE_BEZIER_KNOTS.);
#6338 = CARTESIAN_POINT('',(14.001978733647,-4.591765798884,2.6100001));
#6339 = CARTESIAN_POINT('',(14.001978733647,-4.591765798884,2.6200001));
#6340 = CARTESIAN_POINT('',(14.065230673555,-4.77372343424,2.6100001));
#6341 = CARTESIAN_POINT('',(14.065230673555,-4.77372343424,2.6200001));
#6342 = ADVANCED_FACE('',(#6343),#6359,.F.);
#6343 = FACE_BOUND('',#6344,.T.);
#6344 = EDGE_LOOP('',(#6345,#6346,#6353,#6358));
#6345 = ORIENTED_EDGE('',*,*,#725,.T.);
#6346 = ORIENTED_EDGE('',*,*,#6347,.F.);
#6347 = EDGE_CURVE('',#6348,#719,#6350,.T.);
#6348 = VERTEX_POINT('',#6349);
#6349 = CARTESIAN_POINT('',(13.954496455468,-4.591765798884,2.6200001));
#6350 = B_SPLINE_CURVE_WITH_KNOTS('',1,(#6351,#6352),.UNSPECIFIED.,.F.,
  .F.,(2,2),(-0.,1.E-02),.PIECEWISE_BEZIER_KNOTS.);
#6351 = CARTESIAN_POINT('',(13.954496455468,-4.591765798884,2.6200001));
#6352 = CARTESIAN_POINT('',(13.954496455468,-4.591765798884,2.6100001));
#6353 = ORIENTED_EDGE('',*,*,#6354,.F.);
#6354 = EDGE_CURVE('',#6326,#6348,#6355,.T.);
#6355 = B_SPLINE_CURVE_WITH_KNOTS('',1,(#6356,#6357),.UNSPECIFIED.,.F.,
  .F.,(2,2),(-4.748227817866E-02,-0.),.PIECEWISE_BEZIER_KNOTS.);
#6356 = CARTESIAN_POINT('',(14.001978733647,-4.591765798884,2.6200001));
#6357 = CARTESIAN_POINT('',(13.954496455468,-4.591765798884,2.6200001));
#6358 = ORIENTED_EDGE('',*,*,#6325,.T.);
#6359 = B_SPLINE_SURFACE_WITH_KNOTS('',1,1,(
    (#6360,#6361)
    ,(#6362,#6363
    )),.UNSPECIFIED.,.F.,.F.,.F.,(2,2),(2,2),(0.,1.E-02),(0.,
    4.748227817866E-02),.PIECEWISE_BEZIER_KNOTS.);
#6360 = CARTESIAN_POINT('',(13.954496455468,-4.591765798884,2.6200001));
#6361 = CARTESIAN_POINT('',(14.001978733647,-4.591765798884,2.6200001));
#6362 = CARTESIAN_POINT('',(13.954496455468,-4.591765798884,2.6100001));
#6363 = CARTESIAN_POINT('',(14.001978733647,-4.591765798884,2.6100001));
#6364 = ADVANCED_FACE('',(#6365),#6381,.F.);
#6365 = FACE_BOUND('',#6366,.T.);
#6366 = EDGE_LOOP('',(#6367,#6368,#6375,#6380));
#6367 = ORIENTED_EDGE('',*,*,#718,.T.);
#6368 = ORIENTED_EDGE('',*,*,#6369,.F.);
#6369 = EDGE_CURVE('',#6370,#712,#6372,.T.);
#6370 = VERTEX_POINT('',#6371);
#6371 = CARTESIAN_POINT('',(14.049461011825,-4.833336221441,2.6200001));
#6372 = B_SPLINE_CURVE_WITH_KNOTS('',1,(#6373,#6374),.UNSPECIFIED.,.F.,
  .F.,(2,2),(-0.,1.E-02),.PIECEWISE_BEZIER_KNOTS.);
#6373 = CARTESIAN_POINT('',(14.049461011825,-4.833336221441,2.6200001));
#6374 = CARTESIAN_POINT('',(14.049461011825,-4.833336221441,2.6100001));
#6375 = ORIENTED_EDGE('',*,*,#6376,.F.);
#6376 = EDGE_CURVE('',#6348,#6370,#6377,.T.);
#6377 = B_SPLINE_CURVE_WITH_KNOTS('',1,(#6378,#6379),.UNSPECIFIED.,.F.,
  .F.,(2,2),(-0.259566053286,0.),.PIECEWISE_BEZIER_KNOTS.);
#6378 = CARTESIAN_POINT('',(13.954496455468,-4.591765798884,2.6200001));
#6379 = CARTESIAN_POINT('',(14.049461011825,-4.833336221441,2.6200001));
#6380 = ORIENTED_EDGE('',*,*,#6347,.T.);
#6381 = B_SPLINE_SURFACE_WITH_KNOTS('',1,1,(
    (#6382,#6383)
    ,(#6384,#6385
    )),.UNSPECIFIED.,.F.,.F.,.F.,(2,2),(2,2),(0.,0.259566053286),(
    -1.E-02,0.),.PIECEWISE_BEZIER_KNOTS.);
#6382 = CARTESIAN_POINT('',(14.049461011825,-4.833336221441,2.6100001));
#6383 = CARTESIAN_POINT('',(14.049461011825,-4.833336221441,2.6200001));
#6384 = CARTESIAN_POINT('',(13.954496455468,-4.591765798884,2.6100001));
#6385 = CARTESIAN_POINT('',(13.954496455468,-4.591765798884,2.6200001));
#6386 = ADVANCED_FACE('',(#6387),#6403,.F.);
#6387 = FACE_BOUND('',#6388,.T.);
#6388 = EDGE_LOOP('',(#6389,#6390,#6397,#6402));
#6389 = ORIENTED_EDGE('',*,*,#711,.T.);
#6390 = ORIENTED_EDGE('',*,*,#6391,.F.);
#6391 = EDGE_CURVE('',#6392,#703,#6394,.T.);
#6392 = VERTEX_POINT('',#6393);
#6393 = CARTESIAN_POINT('',(14.030832015824,-4.877352639899,2.6200001));
#6394 = B_SPLINE_CURVE_WITH_KNOTS('',1,(#6395,#6396),.UNSPECIFIED.,.F.,
  .F.,(2,2),(-0.,1.E-02),.PIECEWISE_BEZIER_KNOTS.);
#6395 = CARTESIAN_POINT('',(14.030832015824,-4.877352639899,2.6200001));
#6396 = CARTESIAN_POINT('',(14.030832015824,-4.877352639899,2.6100001));
#6397 = ORIENTED_EDGE('',*,*,#6398,.F.);
#6398 = EDGE_CURVE('',#6370,#6392,#6399,.T.);
#6399 = B_SPLINE_CURVE_WITH_KNOTS('',1,(#6400,#6401),.UNSPECIFIED.,.F.,
  .F.,(2,2),(-4.779628213468E-02,-0.),.PIECEWISE_BEZIER_KNOTS.);
#6400 = CARTESIAN_POINT('',(14.049461011825,-4.833336221441,2.6200001));
#6401 = CARTESIAN_POINT('',(14.030832015824,-4.877352639899,2.6200001));
#6402 = ORIENTED_EDGE('',*,*,#6369,.T.);
#6403 = B_SPLINE_SURFACE_WITH_KNOTS('',1,1,(
    (#6404,#6405)
    ,(#6406,#6407
    )),.UNSPECIFIED.,.F.,.F.,.F.,(2,2),(2,2),(0.,4.779628213468E-02),(
    -1.E-02,0.),.PIECEWISE_BEZIER_KNOTS.);
#6404 = CARTESIAN_POINT('',(14.030832015824,-4.877352639899,2.6100001));
#6405 = CARTESIAN_POINT('',(14.030832015824,-4.877352639899,2.6200001));
#6406 = CARTESIAN_POINT('',(14.049461011825,-4.833336221441,2.6100001));
#6407 = CARTESIAN_POINT('',(14.049461011825,-4.833336221441,2.6200001));
#6408 = ADVANCED_FACE('',(#6409),#6427,.F.);
#6409 = FACE_BOUND('',#6410,.F.);
#6410 = EDGE_LOOP('',(#6411,#6412,#6421,#6426));
#6411 = ORIENTED_EDGE('',*,*,#6391,.F.);
#6412 = ORIENTED_EDGE('',*,*,#6413,.T.);
#6413 = EDGE_CURVE('',#6392,#6414,#6416,.T.);
#6414 = VERTEX_POINT('',#6415);
#6415 = CARTESIAN_POINT('',(13.987335476324,-4.911491358152,2.6200001));
#6416 = B_SPLINE_CURVE_WITH_KNOTS('',3,(#6417,#6418,#6419,#6420),
  .UNSPECIFIED.,.F.,.F.,(4,4),(5.,6.),.PIECEWISE_BEZIER_KNOTS.);
#6417 = CARTESIAN_POINT('',(14.030832015824,-4.877352639899,2.6200001));
#6418 = CARTESIAN_POINT('',(14.021214255098,-4.900227314057,2.6200001));
#6419 = CARTESIAN_POINT('',(14.006744290763,-4.911491358152,2.6200001));
#6420 = CARTESIAN_POINT('',(13.987335476324,-4.911491358152,2.6200001));
#6421 = ORIENTED_EDGE('',*,*,#6422,.T.);
#6422 = EDGE_CURVE('',#6414,#694,#6423,.T.);
#6423 = B_SPLINE_CURVE_WITH_KNOTS('',1,(#6424,#6425),.UNSPECIFIED.,.F.,
  .F.,(2,2),(-0.,1.E-02),.PIECEWISE_BEZIER_KNOTS.);
#6424 = CARTESIAN_POINT('',(13.987335476324,-4.911491358152,2.6200001));
#6425 = CARTESIAN_POINT('',(13.987335476324,-4.911491358152,2.6100001));
#6426 = ORIENTED_EDGE('',*,*,#702,.F.);
#6427 = B_SPLINE_SURFACE_WITH_KNOTS('',3,1,(
    (#6428,#6429)
    ,(#6430,#6431)
    ,(#6432,#6433)
    ,(#6434,#6435
    )),.UNSPECIFIED.,.F.,.F.,.F.,(4,4),(2,2),(5.,6.),(0.,1.),
  .PIECEWISE_BEZIER_KNOTS.);
#6428 = CARTESIAN_POINT('',(14.030832015824,-4.877352639899,2.6200001));
#6429 = CARTESIAN_POINT('',(14.030832015824,-4.877352639899,2.6100001));
#6430 = CARTESIAN_POINT('',(14.021214255098,-4.900227314057,2.6200001));
#6431 = CARTESIAN_POINT('',(14.021214255098,-4.900227314057,2.6100001));
#6432 = CARTESIAN_POINT('',(14.006744290763,-4.911491358152,2.6200001));
#6433 = CARTESIAN_POINT('',(14.006744290763,-4.911491358152,2.6100001));
#6434 = CARTESIAN_POINT('',(13.987335476324,-4.911491358152,2.6200001));
#6435 = CARTESIAN_POINT('',(13.987335476324,-4.911491358152,2.6100001));
#6436 = ADVANCED_FACE('',(#6437),#6455,.F.);
#6437 = FACE_BOUND('',#6438,.F.);
#6438 = EDGE_LOOP('',(#6439,#6440,#6449,#6454));
#6439 = ORIENTED_EDGE('',*,*,#6422,.F.);
#6440 = ORIENTED_EDGE('',*,*,#6441,.T.);
#6441 = EDGE_CURVE('',#6414,#6442,#6444,.T.);
#6442 = VERTEX_POINT('',#6443);
#6443 = CARTESIAN_POINT('',(13.963247751264,-4.906639154541,2.6200001));
#6444 = B_SPLINE_CURVE_WITH_KNOTS('',3,(#6445,#6446,#6447,#6448),
  .UNSPECIFIED.,.F.,.F.,(4,4),(4.,5.),.PIECEWISE_BEZIER_KNOTS.);
#6445 = CARTESIAN_POINT('',(13.987335476324,-4.911491358152,2.6200001));
#6446 = CARTESIAN_POINT('',(13.979537291953,-4.911491358152,2.6200001));
#6447 = CARTESIAN_POINT('',(13.971565814594,-4.909931721277,2.6200001));
#6448 = CARTESIAN_POINT('',(13.963247751264,-4.906639154541,2.6200001));
#6449 = ORIENTED_EDGE('',*,*,#6450,.T.);
#6450 = EDGE_CURVE('',#6442,#687,#6451,.T.);
#6451 = B_SPLINE_CURVE_WITH_KNOTS('',1,(#6452,#6453),.UNSPECIFIED.,.F.,
  .F.,(2,2),(-0.,1.E-02),.PIECEWISE_BEZIER_KNOTS.);
#6452 = CARTESIAN_POINT('',(13.963247751264,-4.906639154541,2.6200001));
#6453 = CARTESIAN_POINT('',(13.963247751264,-4.906639154541,2.6100001));
#6454 = ORIENTED_EDGE('',*,*,#693,.F.);
#6455 = B_SPLINE_SURFACE_WITH_KNOTS('',3,1,(
    (#6456,#6457)
    ,(#6458,#6459)
    ,(#6460,#6461)
    ,(#6462,#6463
    )),.UNSPECIFIED.,.F.,.F.,.F.,(4,4),(2,2),(4.,5.),(0.,1.),
  .PIECEWISE_BEZIER_KNOTS.);
#6456 = CARTESIAN_POINT('',(13.987335476324,-4.911491358152,2.6200001));
#6457 = CARTESIAN_POINT('',(13.987335476324,-4.911491358152,2.6100001));
#6458 = CARTESIAN_POINT('',(13.979537291953,-4.911491358152,2.6200001));
#6459 = CARTESIAN_POINT('',(13.979537291953,-4.911491358152,2.6100001));
#6460 = CARTESIAN_POINT('',(13.971565814594,-4.909931721277,2.6200001));
#6461 = CARTESIAN_POINT('',(13.971565814594,-4.909931721277,2.6100001));
#6462 = CARTESIAN_POINT('',(13.963247751264,-4.906639154541,2.6200001));
#6463 = CARTESIAN_POINT('',(13.963247751264,-4.906639154541,2.6100001));
#6464 = ADVANCED_FACE('',(#6465),#6481,.F.);
#6465 = FACE_BOUND('',#6466,.T.);
#6466 = EDGE_LOOP('',(#6467,#6468,#6475,#6480));
#6467 = ORIENTED_EDGE('',*,*,#686,.T.);
#6468 = ORIENTED_EDGE('',*,*,#6469,.F.);
#6469 = EDGE_CURVE('',#6470,#678,#6472,.T.);
#6470 = VERTEX_POINT('',#6471);
#6471 = CARTESIAN_POINT('',(13.963247751264,-4.944417025501,2.6200001));
#6472 = B_SPLINE_CURVE_WITH_KNOTS('',1,(#6473,#6474),.UNSPECIFIED.,.F.,
  .F.,(2,2),(-0.,1.E-02),.PIECEWISE_BEZIER_KNOTS.);
#6473 = CARTESIAN_POINT('',(13.963247751264,-4.944417025501,2.6200001));
#6474 = CARTESIAN_POINT('',(13.963247751264,-4.944417025501,2.6100001));
#6475 = ORIENTED_EDGE('',*,*,#6476,.F.);
#6476 = EDGE_CURVE('',#6442,#6470,#6477,.T.);
#6477 = B_SPLINE_CURVE_WITH_KNOTS('',1,(#6478,#6479),.UNSPECIFIED.,.F.,
  .F.,(2,2),(-3.777787096036E-02,-0.),.PIECEWISE_BEZIER_KNOTS.);
#6478 = CARTESIAN_POINT('',(13.963247751264,-4.906639154541,2.6200001));
#6479 = CARTESIAN_POINT('',(13.963247751264,-4.944417025501,2.6200001));
#6480 = ORIENTED_EDGE('',*,*,#6450,.T.);
#6481 = B_SPLINE_SURFACE_WITH_KNOTS('',1,1,(
    (#6482,#6483)
    ,(#6484,#6485
    )),.UNSPECIFIED.,.F.,.F.,.F.,(2,2),(2,2),(0.,1.E-02),(0.,
    3.777787096036E-02),.PIECEWISE_BEZIER_KNOTS.);
#6482 = CARTESIAN_POINT('',(13.963247751264,-4.944417025501,2.6200001));
#6483 = CARTESIAN_POINT('',(13.963247751264,-4.906639154541,2.6200001));
#6484 = CARTESIAN_POINT('',(13.963247751264,-4.944417025501,2.6100001));
#6485 = CARTESIAN_POINT('',(13.963247751264,-4.906639154541,2.6100001));
#6486 = ADVANCED_FACE('',(#6487),#6505,.F.);
#6487 = FACE_BOUND('',#6488,.F.);
#6488 = EDGE_LOOP('',(#6489,#6490,#6499,#6504));
#6489 = ORIENTED_EDGE('',*,*,#6469,.F.);
#6490 = ORIENTED_EDGE('',*,*,#6491,.T.);
#6491 = EDGE_CURVE('',#6470,#6492,#6494,.T.);
#6492 = VERTEX_POINT('',#6493);
#6493 = CARTESIAN_POINT('',(13.99062804306,-4.947882885223,2.6200001));
#6494 = B_SPLINE_CURVE_WITH_KNOTS('',3,(#6495,#6496,#6497,#6498),
  .UNSPECIFIED.,.F.,.F.,(4,4),(2.,3.),.PIECEWISE_BEZIER_KNOTS.);
#6495 = CARTESIAN_POINT('',(13.963247751264,-4.944417025501,2.6200001));
#6496 = CARTESIAN_POINT('',(13.970785996157,-4.94666983432,2.6200001));
#6497 = CARTESIAN_POINT('',(13.979970524418,-4.947882885223,2.6200001));
#6498 = CARTESIAN_POINT('',(13.99062804306,-4.947882885223,2.6200001));
#6499 = ORIENTED_EDGE('',*,*,#6500,.T.);
#6500 = EDGE_CURVE('',#6492,#669,#6501,.T.);
#6501 = B_SPLINE_CURVE_WITH_KNOTS('',1,(#6502,#6503),.UNSPECIFIED.,.F.,
  .F.,(2,2),(-0.,1.E-02),.PIECEWISE_BEZIER_KNOTS.);
#6502 = CARTESIAN_POINT('',(13.99062804306,-4.947882885223,2.6200001));
#6503 = CARTESIAN_POINT('',(13.99062804306,-4.947882885223,2.6100001));
#6504 = ORIENTED_EDGE('',*,*,#677,.F.);
#6505 = B_SPLINE_SURFACE_WITH_KNOTS('',3,1,(
    (#6506,#6507)
    ,(#6508,#6509)
    ,(#6510,#6511)
    ,(#6512,#6513
    )),.UNSPECIFIED.,.F.,.F.,.F.,(4,4),(2,2),(2.,3.),(0.,1.),
  .PIECEWISE_BEZIER_KNOTS.);
#6506 = CARTESIAN_POINT('',(13.963247751264,-4.944417025501,2.6200001));
#6507 = CARTESIAN_POINT('',(13.963247751264,-4.944417025501,2.6100001));
#6508 = CARTESIAN_POINT('',(13.970785996157,-4.94666983432,2.6200001));
#6509 = CARTESIAN_POINT('',(13.970785996157,-4.94666983432,2.6100001));
#6510 = CARTESIAN_POINT('',(13.979970524418,-4.947882885223,2.6200001));
#6511 = CARTESIAN_POINT('',(13.979970524418,-4.947882885223,2.6100001));
#6512 = CARTESIAN_POINT('',(13.99062804306,-4.947882885223,2.6200001));
#6513 = CARTESIAN_POINT('',(13.99062804306,-4.947882885223,2.6100001));
#6514 = ADVANCED_FACE('',(#6515),#6533,.F.);
#6515 = FACE_BOUND('',#6516,.F.);
#6516 = EDGE_LOOP('',(#6517,#6518,#6527,#6532));
#6517 = ORIENTED_EDGE('',*,*,#6500,.F.);
#6518 = ORIENTED_EDGE('',*,*,#6519,.T.);
#6519 = EDGE_CURVE('',#6492,#6520,#6522,.T.);
#6520 = VERTEX_POINT('',#6521);
#6521 = CARTESIAN_POINT('',(14.077014596607,-4.870420920456,2.6200001));
#6522 = B_SPLINE_CURVE_WITH_KNOTS('',3,(#6523,#6524,#6525,#6526),
  .UNSPECIFIED.,.F.,.F.,(4,4),(1.,2.),.PIECEWISE_BEZIER_KNOTS.);
#6523 = CARTESIAN_POINT('',(13.99062804306,-4.947882885223,2.6200001));
#6524 = CARTESIAN_POINT('',(14.027799388568,-4.947882885223,2.6200001));
#6525 = CARTESIAN_POINT('',(14.056566024253,-4.922062230301,2.6200001));
#6526 = CARTESIAN_POINT('',(14.077014596607,-4.870420920456,2.6200001));
#6527 = ORIENTED_EDGE('',*,*,#6528,.T.);
#6528 = EDGE_CURVE('',#6520,#662,#6529,.T.);
#6529 = B_SPLINE_CURVE_WITH_KNOTS('',1,(#6530,#6531),.UNSPECIFIED.,.F.,
  .F.,(2,2),(-0.,1.E-02),.PIECEWISE_BEZIER_KNOTS.);
#6530 = CARTESIAN_POINT('',(14.077014596607,-4.870420920456,2.6200001));
#6531 = CARTESIAN_POINT('',(14.077014596607,-4.870420920456,2.6100001));
#6532 = ORIENTED_EDGE('',*,*,#668,.F.);
#6533 = B_SPLINE_SURFACE_WITH_KNOTS('',3,1,(
    (#6534,#6535)
    ,(#6536,#6537)
    ,(#6538,#6539)
    ,(#6540,#6541
    )),.UNSPECIFIED.,.F.,.F.,.F.,(4,4),(2,2),(1.,2.),(0.,1.),
  .PIECEWISE_BEZIER_KNOTS.);
#6534 = CARTESIAN_POINT('',(13.99062804306,-4.947882885223,2.6200001));
#6535 = CARTESIAN_POINT('',(13.99062804306,-4.947882885223,2.6100001));
#6536 = CARTESIAN_POINT('',(14.027799388568,-4.947882885223,2.6200001));
#6537 = CARTESIAN_POINT('',(14.027799388568,-4.947882885223,2.6100001));
#6538 = CARTESIAN_POINT('',(14.056566024253,-4.922062230301,2.6200001));
#6539 = CARTESIAN_POINT('',(14.056566024253,-4.922062230301,2.6100001));
#6540 = CARTESIAN_POINT('',(14.077014596607,-4.870420920456,2.6200001));
#6541 = CARTESIAN_POINT('',(14.077014596607,-4.870420920456,2.6100001));
#6542 = ADVANCED_FACE('',(#6543),#6553,.F.);
#6543 = FACE_BOUND('',#6544,.T.);
#6544 = EDGE_LOOP('',(#6545,#6546,#6547,#6552));
#6545 = ORIENTED_EDGE('',*,*,#661,.T.);
#6546 = ORIENTED_EDGE('',*,*,#6217,.F.);
#6547 = ORIENTED_EDGE('',*,*,#6548,.F.);
#6548 = EDGE_CURVE('',#6520,#6211,#6549,.T.);
#6549 = B_SPLINE_CURVE_WITH_KNOTS('',1,(#6550,#6551),.UNSPECIFIED.,.F.,
  .F.,(2,2),(-0.299532302034,0.),.PIECEWISE_BEZIER_KNOTS.);
#6550 = CARTESIAN_POINT('',(14.077014596607,-4.870420920456,2.6200001));
#6551 = CARTESIAN_POINT('',(14.186882349764,-4.591765798884,2.6200001));
#6552 = ORIENTED_EDGE('',*,*,#6528,.T.);
#6553 = B_SPLINE_SURFACE_WITH_KNOTS('',1,1,(
    (#6554,#6555)
    ,(#6556,#6557
    )),.UNSPECIFIED.,.F.,.F.,.F.,(2,2),(2,2),(-0.,0.299532302034),(
    -1.E-02,0.),.PIECEWISE_BEZIER_KNOTS.);
#6554 = CARTESIAN_POINT('',(14.186882349764,-4.591765798884,2.6100001));
#6555 = CARTESIAN_POINT('',(14.186882349764,-4.591765798884,2.6200001));
#6556 = CARTESIAN_POINT('',(14.077014596607,-4.870420920456,2.6100001));
#6557 = CARTESIAN_POINT('',(14.077014596607,-4.870420920456,2.6200001));
#6558 = ADVANCED_FACE('',(#6559),#6576,.T.);
#6559 = FACE_BOUND('',#6560,.T.);
#6560 = EDGE_LOOP('',(#6561,#6562,#6563,#6564,#6565,#6566,#6567,#6568,
    #6569,#6570,#6571,#6572,#6573,#6574,#6575));
#6561 = ORIENTED_EDGE('',*,*,#6210,.T.);
#6562 = ORIENTED_EDGE('',*,*,#6238,.T.);
#6563 = ORIENTED_EDGE('',*,*,#6253,.T.);
#6564 = ORIENTED_EDGE('',*,*,#6288,.T.);
#6565 = ORIENTED_EDGE('',*,*,#6310,.T.);
#6566 = ORIENTED_EDGE('',*,*,#6332,.T.);
#6567 = ORIENTED_EDGE('',*,*,#6354,.T.);
#6568 = ORIENTED_EDGE('',*,*,#6376,.T.);
#6569 = ORIENTED_EDGE('',*,*,#6398,.T.);
#6570 = ORIENTED_EDGE('',*,*,#6413,.T.);
#6571 = ORIENTED_EDGE('',*,*,#6441,.T.);
#6572 = ORIENTED_EDGE('',*,*,#6476,.T.);
#6573 = ORIENTED_EDGE('',*,*,#6491,.T.);
#6574 = ORIENTED_EDGE('',*,*,#6519,.T.);
#6575 = ORIENTED_EDGE('',*,*,#6548,.T.);
#6576 = B_SPLINE_SURFACE_WITH_KNOTS('',1,1,(
    (#6577,#6578)
    ,(#6579,#6580
    )),.UNSPECIFIED.,.F.,.F.,.F.,(2,2),(2,2),(-8.559590429854E-02,
    0.146789989998),(-1.936549119186E-02,0.336751595148),
  .PIECEWISE_BEZIER_KNOTS.);
#6577 = CARTESIAN_POINT('',(13.954496455468,-4.947882885223,2.6200001));
#6578 = CARTESIAN_POINT('',(13.954496455468,-4.591765798884,2.6200001));
#6579 = CARTESIAN_POINT('',(14.186882349764,-4.947882885223,2.6200001));
#6580 = CARTESIAN_POINT('',(14.186882349764,-4.591765798884,2.6200001));
#6581 = ADVANCED_FACE('',(#6582),#6604,.F.);
#6582 = FACE_BOUND('',#6583,.T.);
#6583 = EDGE_LOOP('',(#6584,#6585,#6592,#6599));
#6584 = ORIENTED_EDGE('',*,*,#568,.T.);
#6585 = ORIENTED_EDGE('',*,*,#6586,.F.);
#6586 = EDGE_CURVE('',#6587,#560,#6589,.T.);
#6587 = VERTEX_POINT('',#6588);
#6588 = CARTESIAN_POINT('',(14.414935919411,-4.795211764509,2.6200001));
#6589 = B_SPLINE_CURVE_WITH_KNOTS('',1,(#6590,#6591),.UNSPECIFIED.,.F.,
  .F.,(2,2),(-0.,1.E-02),.PIECEWISE_BEZIER_KNOTS.);
#6590 = CARTESIAN_POINT('',(14.414935919411,-4.795211764509,2.6200001));
#6591 = CARTESIAN_POINT('',(14.414935919411,-4.795211764509,2.6100001));
#6592 = ORIENTED_EDGE('',*,*,#6593,.F.);
#6593 = EDGE_CURVE('',#6594,#6587,#6596,.T.);
#6594 = VERTEX_POINT('',#6595);
#6595 = CARTESIAN_POINT('',(14.414935919411,-4.833856100399,2.6200001));
#6596 = B_SPLINE_CURVE_WITH_KNOTS('',1,(#6597,#6598),.UNSPECIFIED.,.F.,
  .F.,(2,2),(-3.864433588965E-02,0.),.PIECEWISE_BEZIER_KNOTS.);
#6597 = CARTESIAN_POINT('',(14.414935919411,-4.833856100399,2.6200001));
#6598 = CARTESIAN_POINT('',(14.414935919411,-4.795211764509,2.6200001));
#6599 = ORIENTED_EDGE('',*,*,#6600,.T.);
#6600 = EDGE_CURVE('',#6594,#569,#6601,.T.);
#6601 = B_SPLINE_CURVE_WITH_KNOTS('',1,(#6602,#6603),.UNSPECIFIED.,.F.,
  .F.,(2,2),(-0.,1.E-02),.PIECEWISE_BEZIER_KNOTS.);
#6602 = CARTESIAN_POINT('',(14.414935919411,-4.833856100399,2.6200001));
#6603 = CARTESIAN_POINT('',(14.414935919411,-4.833856100399,2.6100001));
#6604 = B_SPLINE_SURFACE_WITH_KNOTS('',1,1,(
    (#6605,#6606)
    ,(#6607,#6608)),.UNSPECIFIED.,.F.,.F.,.F.,(2,2),(2,2),(-1.E-02,0.),(
    -3.864433588965E-02,0.),.PIECEWISE_BEZIER_KNOTS.);
#6605 = CARTESIAN_POINT('',(14.414935919411,-4.833856100399,2.6100001));
#6606 = CARTESIAN_POINT('',(14.414935919411,-4.795211764509,2.6100001));
#6607 = CARTESIAN_POINT('',(14.414935919411,-4.833856100399,2.6200001));
#6608 = CARTESIAN_POINT('',(14.414935919411,-4.795211764509,2.6200001));
#6609 = ADVANCED_FACE('',(#6610),#6626,.F.);
#6610 = FACE_BOUND('',#6611,.T.);
#6611 = EDGE_LOOP('',(#6612,#6613,#6620,#6625));
#6612 = ORIENTED_EDGE('',*,*,#559,.T.);
#6613 = ORIENTED_EDGE('',*,*,#6614,.F.);
#6614 = EDGE_CURVE('',#6615,#562,#6617,.T.);
#6615 = VERTEX_POINT('',#6616);
#6616 = CARTESIAN_POINT('',(14.276388177063,-4.795211764509,2.6200001));
#6617 = B_SPLINE_CURVE_WITH_KNOTS('',1,(#6618,#6619),.UNSPECIFIED.,.F.,
  .F.,(2,2),(-0.,1.E-02),.PIECEWISE_BEZIER_KNOTS.);
#6618 = CARTESIAN_POINT('',(14.276388177063,-4.795211764509,2.6200001));
#6619 = CARTESIAN_POINT('',(14.276388177063,-4.795211764509,2.6100001));
#6620 = ORIENTED_EDGE('',*,*,#6621,.F.);
#6621 = EDGE_CURVE('',#6587,#6615,#6622,.T.);
#6622 = B_SPLINE_CURVE_WITH_KNOTS('',1,(#6623,#6624),.UNSPECIFIED.,.F.,
  .F.,(2,2),(-0.138547742348,-0.),.PIECEWISE_BEZIER_KNOTS.);
#6623 = CARTESIAN_POINT('',(14.414935919411,-4.795211764509,2.6200001));
#6624 = CARTESIAN_POINT('',(14.276388177063,-4.795211764509,2.6200001));
#6625 = ORIENTED_EDGE('',*,*,#6586,.T.);
#6626 = B_SPLINE_SURFACE_WITH_KNOTS('',1,1,(
    (#6627,#6628)
    ,(#6629,#6630
    )),.UNSPECIFIED.,.F.,.F.,.F.,(2,2),(2,2),(0.,1.E-02),(0.,
    0.138547742348),.PIECEWISE_BEZIER_KNOTS.);
#6627 = CARTESIAN_POINT('',(14.276388177063,-4.795211764509,2.6200001));
#6628 = CARTESIAN_POINT('',(14.414935919411,-4.795211764509,2.6200001));
#6629 = CARTESIAN_POINT('',(14.276388177063,-4.795211764509,2.6100001));
#6630 = CARTESIAN_POINT('',(14.414935919411,-4.795211764509,2.6100001));
#6631 = ADVANCED_FACE('',(#6632),#6648,.F.);
#6632 = FACE_BOUND('',#6633,.T.);
#6633 = EDGE_LOOP('',(#6634,#6635,#6642,#6647));
#6634 = ORIENTED_EDGE('',*,*,#638,.T.);
#6635 = ORIENTED_EDGE('',*,*,#6636,.F.);
#6636 = EDGE_CURVE('',#6637,#632,#6639,.T.);
#6637 = VERTEX_POINT('',#6638);
#6638 = CARTESIAN_POINT('',(14.276388177063,-4.681184979687,2.6200001));
#6639 = B_SPLINE_CURVE_WITH_KNOTS('',1,(#6640,#6641),.UNSPECIFIED.,.F.,
  .F.,(2,2),(-0.,1.E-02),.PIECEWISE_BEZIER_KNOTS.);
#6640 = CARTESIAN_POINT('',(14.276388177063,-4.681184979687,2.6200001));
#6641 = CARTESIAN_POINT('',(14.276388177063,-4.681184979687,2.6100001));
#6642 = ORIENTED_EDGE('',*,*,#6643,.F.);
#6643 = EDGE_CURVE('',#6615,#6637,#6644,.T.);
#6644 = B_SPLINE_CURVE_WITH_KNOTS('',1,(#6645,#6646),.UNSPECIFIED.,.F.,
  .F.,(2,2),(-0.114026784822,0.),.PIECEWISE_BEZIER_KNOTS.);
#6645 = CARTESIAN_POINT('',(14.276388177063,-4.795211764509,2.6200001));
#6646 = CARTESIAN_POINT('',(14.276388177063,-4.681184979687,2.6200001));
#6647 = ORIENTED_EDGE('',*,*,#6614,.T.);
#6648 = B_SPLINE_SURFACE_WITH_KNOTS('',1,1,(
    (#6649,#6650)
    ,(#6651,#6652
    )),.UNSPECIFIED.,.F.,.F.,.F.,(2,2),(2,2),(-1.E-02,0.),(
    -0.114026784822,0.),.PIECEWISE_BEZIER_KNOTS.);
#6649 = CARTESIAN_POINT('',(14.276388177063,-4.795211764509,2.6100001));
#6650 = CARTESIAN_POINT('',(14.276388177063,-4.681184979687,2.6100001));
#6651 = CARTESIAN_POINT('',(14.276388177063,-4.795211764509,2.6200001));
#6652 = CARTESIAN_POINT('',(14.276388177063,-4.681184979687,2.6200001));
#6653 = ADVANCED_FACE('',(#6654),#6670,.F.);
#6654 = FACE_BOUND('',#6655,.T.);
#6655 = EDGE_LOOP('',(#6656,#6657,#6664,#6669));
#6656 = ORIENTED_EDGE('',*,*,#631,.T.);
#6657 = ORIENTED_EDGE('',*,*,#6658,.F.);
#6658 = EDGE_CURVE('',#6659,#625,#6661,.T.);
#6659 = VERTEX_POINT('',#6660);
#6660 = CARTESIAN_POINT('',(14.397606620805,-4.681184979687,2.6200001));
#6661 = B_SPLINE_CURVE_WITH_KNOTS('',1,(#6662,#6663),.UNSPECIFIED.,.F.,
  .F.,(2,2),(-0.,1.E-02),.PIECEWISE_BEZIER_KNOTS.);
#6662 = CARTESIAN_POINT('',(14.397606620805,-4.681184979687,2.6200001));
#6663 = CARTESIAN_POINT('',(14.397606620805,-4.681184979687,2.6100001));
#6664 = ORIENTED_EDGE('',*,*,#6665,.F.);
#6665 = EDGE_CURVE('',#6637,#6659,#6666,.T.);
#6666 = B_SPLINE_CURVE_WITH_KNOTS('',1,(#6667,#6668),.UNSPECIFIED.,.F.,
  .F.,(2,2),(-0.121218443742,0.),.PIECEWISE_BEZIER_KNOTS.);
#6667 = CARTESIAN_POINT('',(14.276388177063,-4.681184979687,2.6200001));
#6668 = CARTESIAN_POINT('',(14.397606620805,-4.681184979687,2.6200001));
#6669 = ORIENTED_EDGE('',*,*,#6636,.T.);
#6670 = B_SPLINE_SURFACE_WITH_KNOTS('',1,1,(
    (#6671,#6672)
    ,(#6673,#6674
    )),.UNSPECIFIED.,.F.,.F.,.F.,(2,2),(2,2),(-1.E-02,0.),(
    -0.121218443742,0.),.PIECEWISE_BEZIER_KNOTS.);
#6671 = CARTESIAN_POINT('',(14.276388177063,-4.681184979687,2.6100001));
#6672 = CARTESIAN_POINT('',(14.397606620805,-4.681184979687,2.6100001));
#6673 = CARTESIAN_POINT('',(14.276388177063,-4.681184979687,2.6200001));
#6674 = CARTESIAN_POINT('',(14.397606620805,-4.681184979687,2.6200001));
#6675 = ADVANCED_FACE('',(#6676),#6692,.F.);
#6676 = FACE_BOUND('',#6677,.T.);
#6677 = EDGE_LOOP('',(#6678,#6679,#6686,#6691));
#6678 = ORIENTED_EDGE('',*,*,#624,.T.);
#6679 = ORIENTED_EDGE('',*,*,#6680,.F.);
#6680 = EDGE_CURVE('',#6681,#618,#6683,.T.);
#6681 = VERTEX_POINT('',#6682);
#6682 = CARTESIAN_POINT('',(14.397606620805,-4.642367350811,2.6200001));
#6683 = B_SPLINE_CURVE_WITH_KNOTS('',1,(#6684,#6685),.UNSPECIFIED.,.F.,
  .F.,(2,2),(-0.,1.E-02),.PIECEWISE_BEZIER_KNOTS.);
#6684 = CARTESIAN_POINT('',(14.397606620805,-4.642367350811,2.6200001));
#6685 = CARTESIAN_POINT('',(14.397606620805,-4.642367350811,2.6100001));
#6686 = ORIENTED_EDGE('',*,*,#6687,.F.);
#6687 = EDGE_CURVE('',#6659,#6681,#6688,.T.);
#6688 = B_SPLINE_CURVE_WITH_KNOTS('',1,(#6689,#6690),.UNSPECIFIED.,.F.,
  .F.,(2,2),(-3.88176288755E-02,0.),.PIECEWISE_BEZIER_KNOTS.);
#6689 = CARTESIAN_POINT('',(14.397606620805,-4.681184979687,2.6200001));
#6690 = CARTESIAN_POINT('',(14.397606620805,-4.642367350811,2.6200001));
#6691 = ORIENTED_EDGE('',*,*,#6658,.T.);
#6692 = B_SPLINE_SURFACE_WITH_KNOTS('',1,1,(
    (#6693,#6694)
    ,(#6695,#6696)),.UNSPECIFIED.,.F.,.F.,.F.,(2,2),(2,2),(-1.E-02,0.),(
    -3.88176288755E-02,0.),.PIECEWISE_BEZIER_KNOTS.);
#6693 = CARTESIAN_POINT('',(14.397606620805,-4.681184979687,2.6100001));
#6694 = CARTESIAN_POINT('',(14.397606620805,-4.642367350811,2.6100001));
#6695 = CARTESIAN_POINT('',(14.397606620805,-4.681184979687,2.6200001));
#6696 = CARTESIAN_POINT('',(14.397606620805,-4.642367350811,2.6200001));
#6697 = ADVANCED_FACE('',(#6698),#6714,.F.);
#6698 = FACE_BOUND('',#6699,.T.);
#6699 = EDGE_LOOP('',(#6700,#6701,#6708,#6713));
#6700 = ORIENTED_EDGE('',*,*,#617,.T.);
#6701 = ORIENTED_EDGE('',*,*,#6702,.F.);
#6702 = EDGE_CURVE('',#6703,#611,#6705,.T.);
#6703 = VERTEX_POINT('',#6704);
#6704 = CARTESIAN_POINT('',(14.276388177063,-4.642367350811,2.6200001));
#6705 = B_SPLINE_CURVE_WITH_KNOTS('',1,(#6706,#6707),.UNSPECIFIED.,.F.,
  .F.,(2,2),(-0.,1.E-02),.PIECEWISE_BEZIER_KNOTS.);
#6706 = CARTESIAN_POINT('',(14.276388177063,-4.642367350811,2.6200001));
#6707 = CARTESIAN_POINT('',(14.276388177063,-4.642367350811,2.6100001));
#6708 = ORIENTED_EDGE('',*,*,#6709,.F.);
#6709 = EDGE_CURVE('',#6681,#6703,#6710,.T.);
#6710 = B_SPLINE_CURVE_WITH_KNOTS('',1,(#6711,#6712),.UNSPECIFIED.,.F.,
  .F.,(2,2),(-0.121218443742,-0.),.PIECEWISE_BEZIER_KNOTS.);
#6711 = CARTESIAN_POINT('',(14.397606620805,-4.642367350811,2.6200001));
#6712 = CARTESIAN_POINT('',(14.276388177063,-4.642367350811,2.6200001));
#6713 = ORIENTED_EDGE('',*,*,#6680,.T.);
#6714 = B_SPLINE_SURFACE_WITH_KNOTS('',1,1,(
    (#6715,#6716)
    ,(#6717,#6718
    )),.UNSPECIFIED.,.F.,.F.,.F.,(2,2),(2,2),(0.,1.E-02),(0.,
    0.121218443742),.PIECEWISE_BEZIER_KNOTS.);
#6715 = CARTESIAN_POINT('',(14.276388177063,-4.642367350811,2.6200001));
#6716 = CARTESIAN_POINT('',(14.397606620805,-4.642367350811,2.6200001));
#6717 = CARTESIAN_POINT('',(14.276388177063,-4.642367350811,2.6100001));
#6718 = CARTESIAN_POINT('',(14.397606620805,-4.642367350811,2.6100001));
#6719 = ADVANCED_FACE('',(#6720),#6736,.F.);
#6720 = FACE_BOUND('',#6721,.T.);
#6721 = EDGE_LOOP('',(#6722,#6723,#6730,#6735));
#6722 = ORIENTED_EDGE('',*,*,#610,.T.);
#6723 = ORIENTED_EDGE('',*,*,#6724,.F.);
#6724 = EDGE_CURVE('',#6725,#604,#6727,.T.);
#6725 = VERTEX_POINT('',#6726);
#6726 = CARTESIAN_POINT('',(14.276388177063,-4.533885941541,2.6200001));
#6727 = B_SPLINE_CURVE_WITH_KNOTS('',1,(#6728,#6729),.UNSPECIFIED.,.F.,
  .F.,(2,2),(-0.,1.E-02),.PIECEWISE_BEZIER_KNOTS.);
#6728 = CARTESIAN_POINT('',(14.276388177063,-4.533885941541,2.6200001));
#6729 = CARTESIAN_POINT('',(14.276388177063,-4.533885941541,2.6100001));
#6730 = ORIENTED_EDGE('',*,*,#6731,.F.);
#6731 = EDGE_CURVE('',#6703,#6725,#6732,.T.);
#6732 = B_SPLINE_CURVE_WITH_KNOTS('',1,(#6733,#6734),.UNSPECIFIED.,.F.,
  .F.,(2,2),(-0.10848140927,0.),.PIECEWISE_BEZIER_KNOTS.);
#6733 = CARTESIAN_POINT('',(14.276388177063,-4.642367350811,2.6200001));
#6734 = CARTESIAN_POINT('',(14.276388177063,-4.533885941541,2.6200001));
#6735 = ORIENTED_EDGE('',*,*,#6702,.T.);
#6736 = B_SPLINE_SURFACE_WITH_KNOTS('',1,1,(
    (#6737,#6738)
    ,(#6739,#6740
    )),.UNSPECIFIED.,.F.,.F.,.F.,(2,2),(2,2),(-1.E-02,0.),(
    -0.10848140927,0.),.PIECEWISE_BEZIER_KNOTS.);
#6737 = CARTESIAN_POINT('',(14.276388177063,-4.642367350811,2.6100001));
#6738 = CARTESIAN_POINT('',(14.276388177063,-4.533885941541,2.6100001));
#6739 = CARTESIAN_POINT('',(14.276388177063,-4.642367350811,2.6200001));
#6740 = CARTESIAN_POINT('',(14.276388177063,-4.533885941541,2.6200001));
#6741 = ADVANCED_FACE('',(#6742),#6758,.F.);
#6742 = FACE_BOUND('',#6743,.T.);
#6743 = EDGE_LOOP('',(#6744,#6745,#6752,#6757));
#6744 = ORIENTED_EDGE('',*,*,#603,.T.);
#6745 = ORIENTED_EDGE('',*,*,#6746,.F.);
#6746 = EDGE_CURVE('',#6747,#597,#6749,.T.);
#6747 = VERTEX_POINT('',#6748);
#6748 = CARTESIAN_POINT('',(14.407224381531,-4.533885941541,2.6200001));
#6749 = B_SPLINE_CURVE_WITH_KNOTS('',1,(#6750,#6751),.UNSPECIFIED.,.F.,
  .F.,(2,2),(-0.,1.E-02),.PIECEWISE_BEZIER_KNOTS.);
#6750 = CARTESIAN_POINT('',(14.407224381531,-4.533885941541,2.6200001));
#6751 = CARTESIAN_POINT('',(14.407224381531,-4.533885941541,2.6100001));
#6752 = ORIENTED_EDGE('',*,*,#6753,.F.);
#6753 = EDGE_CURVE('',#6725,#6747,#6754,.T.);
#6754 = B_SPLINE_CURVE_WITH_KNOTS('',1,(#6755,#6756),.UNSPECIFIED.,.F.,
  .F.,(2,2),(-0.130836204469,0.),.PIECEWISE_BEZIER_KNOTS.);
#6755 = CARTESIAN_POINT('',(14.276388177063,-4.533885941541,2.6200001));
#6756 = CARTESIAN_POINT('',(14.407224381531,-4.533885941541,2.6200001));
#6757 = ORIENTED_EDGE('',*,*,#6724,.T.);
#6758 = B_SPLINE_SURFACE_WITH_KNOTS('',1,1,(
    (#6759,#6760)
    ,(#6761,#6762
    )),.UNSPECIFIED.,.F.,.F.,.F.,(2,2),(2,2),(-1.E-02,0.),(
    -0.130836204469,0.),.PIECEWISE_BEZIER_KNOTS.);
#6759 = CARTESIAN_POINT('',(14.276388177063,-4.533885941541,2.6100001));
#6760 = CARTESIAN_POINT('',(14.407224381531,-4.533885941541,2.6100001));
#6761 = CARTESIAN_POINT('',(14.276388177063,-4.533885941541,2.6200001));
#6762 = CARTESIAN_POINT('',(14.407224381531,-4.533885941541,2.6200001));
#6763 = ADVANCED_FACE('',(#6764),#6780,.F.);
#6764 = FACE_BOUND('',#6765,.T.);
#6765 = EDGE_LOOP('',(#6766,#6767,#6774,#6779));
#6766 = ORIENTED_EDGE('',*,*,#596,.T.);
#6767 = ORIENTED_EDGE('',*,*,#6768,.F.);
#6768 = EDGE_CURVE('',#6769,#590,#6771,.T.);
#6769 = VERTEX_POINT('',#6770);
#6770 = CARTESIAN_POINT('',(14.407224381531,-4.49489501968,2.6200001));
#6771 = B_SPLINE_CURVE_WITH_KNOTS('',1,(#6772,#6773),.UNSPECIFIED.,.F.,
  .F.,(2,2),(-0.,1.E-02),.PIECEWISE_BEZIER_KNOTS.);
#6772 = CARTESIAN_POINT('',(14.407224381531,-4.49489501968,2.6200001));
#6773 = CARTESIAN_POINT('',(14.407224381531,-4.49489501968,2.6100001));
#6774 = ORIENTED_EDGE('',*,*,#6775,.F.);
#6775 = EDGE_CURVE('',#6747,#6769,#6776,.T.);
#6776 = B_SPLINE_CURVE_WITH_KNOTS('',1,(#6777,#6778),.UNSPECIFIED.,.F.,
  .F.,(2,2),(-3.899092186135E-02,0.),.PIECEWISE_BEZIER_KNOTS.);
#6777 = CARTESIAN_POINT('',(14.407224381531,-4.533885941541,2.6200001));
#6778 = CARTESIAN_POINT('',(14.407224381531,-4.49489501968,2.6200001));
#6779 = ORIENTED_EDGE('',*,*,#6746,.T.);
#6780 = B_SPLINE_SURFACE_WITH_KNOTS('',1,1,(
    (#6781,#6782)
    ,(#6783,#6784)),.UNSPECIFIED.,.F.,.F.,.F.,(2,2),(2,2),(-1.E-02,0.),(
    -3.899092186135E-02,0.),.PIECEWISE_BEZIER_KNOTS.);
#6781 = CARTESIAN_POINT('',(14.407224381531,-4.533885941541,2.6100001));
#6782 = CARTESIAN_POINT('',(14.407224381531,-4.49489501968,2.6100001));
#6783 = CARTESIAN_POINT('',(14.407224381531,-4.533885941541,2.6200001));
#6784 = CARTESIAN_POINT('',(14.407224381531,-4.49489501968,2.6200001));
#6785 = ADVANCED_FACE('',(#6786),#6802,.F.);
#6786 = FACE_BOUND('',#6787,.T.);
#6787 = EDGE_LOOP('',(#6788,#6789,#6796,#6801));
#6788 = ORIENTED_EDGE('',*,*,#589,.T.);
#6789 = ORIENTED_EDGE('',*,*,#6790,.F.);
#6790 = EDGE_CURVE('',#6791,#583,#6793,.T.);
#6791 = VERTEX_POINT('',#6792);
#6792 = CARTESIAN_POINT('',(14.232631698083,-4.49489501968,2.6200001));
#6793 = B_SPLINE_CURVE_WITH_KNOTS('',1,(#6794,#6795),.UNSPECIFIED.,.F.,
  .F.,(2,2),(-0.,1.E-02),.PIECEWISE_BEZIER_KNOTS.);
#6794 = CARTESIAN_POINT('',(14.232631698083,-4.49489501968,2.6200001));
#6795 = CARTESIAN_POINT('',(14.232631698083,-4.49489501968,2.6100001));
#6796 = ORIENTED_EDGE('',*,*,#6797,.F.);
#6797 = EDGE_CURVE('',#6769,#6791,#6798,.T.);
#6798 = B_SPLINE_CURVE_WITH_KNOTS('',1,(#6799,#6800),.UNSPECIFIED.,.F.,
  .F.,(2,2),(-0.174592683448,-0.),.PIECEWISE_BEZIER_KNOTS.);
#6799 = CARTESIAN_POINT('',(14.407224381531,-4.49489501968,2.6200001));
#6800 = CARTESIAN_POINT('',(14.232631698083,-4.49489501968,2.6200001));
#6801 = ORIENTED_EDGE('',*,*,#6768,.T.);
#6802 = B_SPLINE_SURFACE_WITH_KNOTS('',1,1,(
    (#6803,#6804)
    ,(#6805,#6806
    )),.UNSPECIFIED.,.F.,.F.,.F.,(2,2),(2,2),(0.,1.E-02),(0.,
    0.174592683448),.PIECEWISE_BEZIER_KNOTS.);
#6803 = CARTESIAN_POINT('',(14.232631698083,-4.49489501968,2.6200001));
#6804 = CARTESIAN_POINT('',(14.407224381531,-4.49489501968,2.6200001));
#6805 = CARTESIAN_POINT('',(14.232631698083,-4.49489501968,2.6100001));
#6806 = CARTESIAN_POINT('',(14.407224381531,-4.49489501968,2.6100001));
#6807 = ADVANCED_FACE('',(#6808),#6824,.F.);
#6808 = FACE_BOUND('',#6809,.T.);
#6809 = EDGE_LOOP('',(#6810,#6811,#6818,#6823));
#6810 = ORIENTED_EDGE('',*,*,#582,.T.);
#6811 = ORIENTED_EDGE('',*,*,#6812,.F.);
#6812 = EDGE_CURVE('',#6813,#576,#6815,.T.);
#6813 = VERTEX_POINT('',#6814);
#6814 = CARTESIAN_POINT('',(14.232631698083,-4.833856100399,2.6200001));
#6815 = B_SPLINE_CURVE_WITH_KNOTS('',1,(#6816,#6817),.UNSPECIFIED.,.F.,
  .F.,(2,2),(-0.,1.E-02),.PIECEWISE_BEZIER_KNOTS.);
#6816 = CARTESIAN_POINT('',(14.232631698083,-4.833856100399,2.6200001));
#6817 = CARTESIAN_POINT('',(14.232631698083,-4.833856100399,2.6100001));
#6818 = ORIENTED_EDGE('',*,*,#6819,.F.);
#6819 = EDGE_CURVE('',#6791,#6813,#6820,.T.);
#6820 = B_SPLINE_CURVE_WITH_KNOTS('',1,(#6821,#6822),.UNSPECIFIED.,.F.,
  .F.,(2,2),(-0.338961080719,-0.),.PIECEWISE_BEZIER_KNOTS.);
#6821 = CARTESIAN_POINT('',(14.232631698083,-4.49489501968,2.6200001));
#6822 = CARTESIAN_POINT('',(14.232631698083,-4.833856100399,2.6200001));
#6823 = ORIENTED_EDGE('',*,*,#6790,.T.);
#6824 = B_SPLINE_SURFACE_WITH_KNOTS('',1,1,(
    (#6825,#6826)
    ,(#6827,#6828
    )),.UNSPECIFIED.,.F.,.F.,.F.,(2,2),(2,2),(0.,1.E-02),(0.,
    0.338961080719),.PIECEWISE_BEZIER_KNOTS.);
#6825 = CARTESIAN_POINT('',(14.232631698083,-4.833856100399,2.6200001));
#6826 = CARTESIAN_POINT('',(14.232631698083,-4.49489501968,2.6200001));
#6827 = CARTESIAN_POINT('',(14.232631698083,-4.833856100399,2.6100001));
#6828 = CARTESIAN_POINT('',(14.232631698083,-4.49489501968,2.6100001));
#6829 = ADVANCED_FACE('',(#6830),#6840,.F.);
#6830 = FACE_BOUND('',#6831,.T.);
#6831 = EDGE_LOOP('',(#6832,#6833,#6834,#6839));
#6832 = ORIENTED_EDGE('',*,*,#575,.T.);
#6833 = ORIENTED_EDGE('',*,*,#6600,.F.);
#6834 = ORIENTED_EDGE('',*,*,#6835,.F.);
#6835 = EDGE_CURVE('',#6813,#6594,#6836,.T.);
#6836 = B_SPLINE_CURVE_WITH_KNOTS('',1,(#6837,#6838),.UNSPECIFIED.,.F.,
  .F.,(2,2),(-0.182304221328,0.),.PIECEWISE_BEZIER_KNOTS.);
#6837 = CARTESIAN_POINT('',(14.232631698083,-4.833856100399,2.6200001));
#6838 = CARTESIAN_POINT('',(14.414935919411,-4.833856100399,2.6200001));
#6839 = ORIENTED_EDGE('',*,*,#6812,.T.);
#6840 = B_SPLINE_SURFACE_WITH_KNOTS('',1,1,(
    (#6841,#6842)
    ,(#6843,#6844
    )),.UNSPECIFIED.,.F.,.F.,.F.,(2,2),(2,2),(-1.E-02,0.),(
    -0.182304221328,0.),.PIECEWISE_BEZIER_KNOTS.);
#6841 = CARTESIAN_POINT('',(14.232631698083,-4.833856100399,2.6100001));
#6842 = CARTESIAN_POINT('',(14.414935919411,-4.833856100399,2.6100001));
#6843 = CARTESIAN_POINT('',(14.232631698083,-4.833856100399,2.6200001));
#6844 = CARTESIAN_POINT('',(14.414935919411,-4.833856100399,2.6200001));
#6845 = ADVANCED_FACE('',(#6846),#6860,.F.);
#6846 = FACE_BOUND('',#6847,.T.);
#6847 = EDGE_LOOP('',(#6848,#6849,#6850,#6851,#6852,#6853,#6854,#6855,
    #6856,#6857,#6858,#6859));
#6848 = ORIENTED_EDGE('',*,*,#6593,.T.);
#6849 = ORIENTED_EDGE('',*,*,#6621,.T.);
#6850 = ORIENTED_EDGE('',*,*,#6643,.T.);
#6851 = ORIENTED_EDGE('',*,*,#6665,.T.);
#6852 = ORIENTED_EDGE('',*,*,#6687,.T.);
#6853 = ORIENTED_EDGE('',*,*,#6709,.T.);
#6854 = ORIENTED_EDGE('',*,*,#6731,.T.);
#6855 = ORIENTED_EDGE('',*,*,#6753,.T.);
#6856 = ORIENTED_EDGE('',*,*,#6775,.T.);
#6857 = ORIENTED_EDGE('',*,*,#6797,.T.);
#6858 = ORIENTED_EDGE('',*,*,#6819,.T.);
#6859 = ORIENTED_EDGE('',*,*,#6835,.T.);
#6860 = B_SPLINE_SURFACE_WITH_KNOTS('',1,1,(
    (#6861,#6862)
    ,(#6863,#6864
    )),.UNSPECIFIED.,.F.,.F.,.F.,(2,2),(2,2),(-14.41493591941,
    -14.23263169808),(-4.833856100399,-4.49489501968),
  .PIECEWISE_BEZIER_KNOTS.);
#6861 = CARTESIAN_POINT('',(14.414935919411,-4.833856100399,2.6200001));
#6862 = CARTESIAN_POINT('',(14.414935919411,-4.49489501968,2.6200001));
#6863 = CARTESIAN_POINT('',(14.232631698083,-4.833856100399,2.6200001));
#6864 = CARTESIAN_POINT('',(14.232631698083,-4.49489501968,2.6200001));
#6865 = ADVANCED_FACE('',(#6866,#6925),#6984,.T.);
#6866 = FACE_BOUND('',#6867,.T.);
#6867 = EDGE_LOOP('',(#6868,#6877,#6886,#6895,#6904,#6913,#6920));
#6868 = ORIENTED_EDGE('',*,*,#6869,.T.);
#6869 = EDGE_CURVE('',#6870,#6872,#6874,.T.);
#6870 = VERTEX_POINT('',#6871);
#6871 = CARTESIAN_POINT('',(14.478967677759,-4.833856100399,2.6200001));
#6872 = VERTEX_POINT('',#6873);
#6873 = CARTESIAN_POINT('',(14.572199304255,-4.833856100399,2.6200001));
#6874 = B_SPLINE_CURVE_WITH_KNOTS('',1,(#6875,#6876),.UNSPECIFIED.,.F.,
  .F.,(2,2),(-9.323162649646E-02,0.),.PIECEWISE_BEZIER_KNOTS.);
#6875 = CARTESIAN_POINT('',(14.478967677759,-4.833856100399,2.6200001));
#6876 = CARTESIAN_POINT('',(14.572199304255,-4.833856100399,2.6200001));
#6877 = ORIENTED_EDGE('',*,*,#6878,.T.);
#6878 = EDGE_CURVE('',#6872,#6879,#6881,.T.);
#6879 = VERTEX_POINT('',#6880);
#6880 = CARTESIAN_POINT('',(14.70381532716,-4.786373822221,2.6200001));
#6881 = B_SPLINE_CURVE_WITH_KNOTS('',3,(#6882,#6883,#6884,#6885),
  .UNSPECIFIED.,.F.,.F.,(4,4),(5.,6.),.PIECEWISE_BEZIER_KNOTS.);
#6882 = CARTESIAN_POINT('',(14.572199304255,-4.833856100399,2.6200001));
#6883 = CARTESIAN_POINT('',(14.625833483437,-4.833856100399,2.6200001));
#6884 = CARTESIAN_POINT('',(14.669763255403,-4.81808643867,2.6200001));
#6885 = CARTESIAN_POINT('',(14.70381532716,-4.786373822221,2.6200001));
#6886 = ORIENTED_EDGE('',*,*,#6887,.T.);
#6887 = EDGE_CURVE('',#6879,#6888,#6890,.T.);
#6888 = VERTEX_POINT('',#6889);
#6889 = CARTESIAN_POINT('',(14.754936758048,-4.660043235389,2.6200001));
#6890 = B_SPLINE_CURVE_WITH_KNOTS('',3,(#6891,#6892,#6893,#6894),
  .UNSPECIFIED.,.F.,.F.,(4,4),(4.,5.),.PIECEWISE_BEZIER_KNOTS.);
#6891 = CARTESIAN_POINT('',(14.70381532716,-4.786373822221,2.6200001));
#6892 = CARTESIAN_POINT('',(14.73786739892,-4.754661205773,2.6200001));
#6893 = CARTESIAN_POINT('',(14.754936758048,-4.712551010164,2.6200001));
#6894 = CARTESIAN_POINT('',(14.754936758048,-4.660043235389,2.6200001));
#6895 = ORIENTED_EDGE('',*,*,#6896,.T.);
#6896 = EDGE_CURVE('',#6888,#6897,#6899,.T.);
#6897 = VERTEX_POINT('',#6898);
#6898 = CARTESIAN_POINT('',(14.70381532716,-4.539777903067,2.6200001));
#6899 = B_SPLINE_CURVE_WITH_KNOTS('',3,(#6900,#6901,#6902,#6903),
  .UNSPECIFIED.,.F.,.F.,(4,4),(3.,4.),.PIECEWISE_BEZIER_KNOTS.);
#6900 = CARTESIAN_POINT('',(14.754936758048,-4.660043235389,2.6200001));
#6901 = CARTESIAN_POINT('',(14.754936758048,-4.609788269433,2.6200001));
#6902 = CARTESIAN_POINT('',(14.73786739892,-4.569757589655,2.6200001));
#6903 = CARTESIAN_POINT('',(14.70381532716,-4.539777903067,2.6200001));
#6904 = ORIENTED_EDGE('',*,*,#6905,.T.);
#6905 = EDGE_CURVE('',#6897,#6906,#6908,.T.);
#6906 = VERTEX_POINT('',#6907);
#6907 = CARTESIAN_POINT('',(14.575665163975,-4.49489501968,2.6200001));
#6908 = B_SPLINE_CURVE_WITH_KNOTS('',3,(#6909,#6910,#6911,#6912),
  .UNSPECIFIED.,.F.,.F.,(4,4),(2.,3.),.PIECEWISE_BEZIER_KNOTS.);
#6909 = CARTESIAN_POINT('',(14.70381532716,-4.539777903067,2.6200001));
#6910 = CARTESIAN_POINT('',(14.669763255403,-4.509798216482,2.6200001));
#6911 = CARTESIAN_POINT('',(14.627046534338,-4.49489501968,2.6200001));
#6912 = CARTESIAN_POINT('',(14.575665163975,-4.49489501968,2.6200001));
#6913 = ORIENTED_EDGE('',*,*,#6914,.T.);
#6914 = EDGE_CURVE('',#6906,#6915,#6917,.T.);
#6915 = VERTEX_POINT('',#6916);
#6916 = CARTESIAN_POINT('',(14.478967677759,-4.49489501968,2.6200001));
#6917 = B_SPLINE_CURVE_WITH_KNOTS('',1,(#6918,#6919),.UNSPECIFIED.,.F.,
  .F.,(2,2),(-9.669748621587E-02,-0.),.PIECEWISE_BEZIER_KNOTS.);
#6918 = CARTESIAN_POINT('',(14.575665163975,-4.49489501968,2.6200001));
#6919 = CARTESIAN_POINT('',(14.478967677759,-4.49489501968,2.6200001));
#6920 = ORIENTED_EDGE('',*,*,#6921,.T.);
#6921 = EDGE_CURVE('',#6915,#6870,#6922,.T.);
#6922 = B_SPLINE_CURVE_WITH_KNOTS('',1,(#6923,#6924),.UNSPECIFIED.,.F.,
  .F.,(2,2),(-0.338961080719,-0.),.PIECEWISE_BEZIER_KNOTS.);
#6923 = CARTESIAN_POINT('',(14.478967677759,-4.49489501968,2.6200001));
#6924 = CARTESIAN_POINT('',(14.478967677759,-4.833856100399,2.6200001));
#6925 = FACE_BOUND('',#6926,.T.);
#6926 = EDGE_LOOP('',(#6927,#6936,#6943,#6952,#6961,#6970,#6979));
#6927 = ORIENTED_EDGE('',*,*,#6928,.F.);
#6928 = EDGE_CURVE('',#6929,#6931,#6933,.T.);
#6929 = VERTEX_POINT('',#6930);
#6930 = CARTESIAN_POINT('',(14.522724156736,-4.533885941541,2.6200001));
#6931 = VERTEX_POINT('',#6932);
#6932 = CARTESIAN_POINT('',(14.522724156736,-4.795211764509,2.6200001));
#6933 = B_SPLINE_CURVE_WITH_KNOTS('',1,(#6934,#6935),.UNSPECIFIED.,.F.,
  .F.,(2,2),(0.,0.261325822968),.PIECEWISE_BEZIER_KNOTS.);
#6934 = CARTESIAN_POINT('',(14.522724156736,-4.533885941541,2.6200001));
#6935 = CARTESIAN_POINT('',(14.522724156736,-4.795211764509,2.6200001));
#6936 = ORIENTED_EDGE('',*,*,#6937,.F.);
#6937 = EDGE_CURVE('',#6938,#6929,#6940,.T.);
#6938 = VERTEX_POINT('',#6939);
#6939 = CARTESIAN_POINT('',(14.573932234114,-4.533885941541,2.6200001));
#6940 = B_SPLINE_CURVE_WITH_KNOTS('',1,(#6941,#6942),.UNSPECIFIED.,.F.,
  .F.,(2,2),(0.,5.120807737801E-02),.PIECEWISE_BEZIER_KNOTS.);
#6941 = CARTESIAN_POINT('',(14.573932234114,-4.533885941541,2.6200001));
#6942 = CARTESIAN_POINT('',(14.522724156736,-4.533885941541,2.6200001));
#6943 = ORIENTED_EDGE('',*,*,#6944,.F.);
#6944 = EDGE_CURVE('',#6945,#6938,#6947,.T.);
#6945 = VERTEX_POINT('',#6946);
#6946 = CARTESIAN_POINT('',(14.67175612474,-4.565771850975,2.6200001));
#6947 = B_SPLINE_CURVE_WITH_KNOTS('',3,(#6948,#6949,#6950,#6951),
  .UNSPECIFIED.,.F.,.F.,(4,4),(5.,6.),.PIECEWISE_BEZIER_KNOTS.);
#6948 = CARTESIAN_POINT('',(14.67175612474,-4.565771850975,2.6200001));
#6949 = CARTESIAN_POINT('',(14.646975227735,-4.544456813692,2.6200001));
#6950 = CARTESIAN_POINT('',(14.614309499864,-4.533885941541,2.6200001));
#6951 = CARTESIAN_POINT('',(14.573932234114,-4.533885941541,2.6200001));
#6952 = ORIENTED_EDGE('',*,*,#6953,.F.);
#6953 = EDGE_CURVE('',#6954,#6945,#6956,.T.);
#6954 = VERTEX_POINT('',#6955);
#6955 = CARTESIAN_POINT('',(14.708927470247,-4.66125628629,2.6200001));
#6956 = B_SPLINE_CURVE_WITH_KNOTS('',3,(#6957,#6958,#6959,#6960),
  .UNSPECIFIED.,.F.,.F.,(4,4),(4.,5.),.PIECEWISE_BEZIER_KNOTS.);
#6957 = CARTESIAN_POINT('',(14.708927470247,-4.66125628629,2.6200001));
#6958 = CARTESIAN_POINT('',(14.708927470247,-4.618972797693,2.6200001));
#6959 = CARTESIAN_POINT('',(14.696537021745,-4.587086888261,2.6200001));
#6960 = CARTESIAN_POINT('',(14.67175612474,-4.565771850975,2.6200001));
#6961 = ORIENTED_EDGE('',*,*,#6962,.F.);
#6962 = EDGE_CURVE('',#6963,#6954,#6965,.T.);
#6963 = VERTEX_POINT('',#6964);
#6964 = CARTESIAN_POINT('',(14.672709236164,-4.759859995355,2.6200001));
#6965 = B_SPLINE_CURVE_WITH_KNOTS('',3,(#6966,#6967,#6968,#6969),
  .UNSPECIFIED.,.F.,.F.,(4,4),(3.,4.),.PIECEWISE_BEZIER_KNOTS.);
#6966 = CARTESIAN_POINT('',(14.672709236164,-4.759859995355,2.6200001));
#6967 = CARTESIAN_POINT('',(14.696883607719,-4.736465442237,2.6200001));
#6968 = CARTESIAN_POINT('',(14.708927470247,-4.703539774887,2.6200001));
#6969 = CARTESIAN_POINT('',(14.708927470247,-4.66125628629,2.6200001));
#6970 = ORIENTED_EDGE('',*,*,#6971,.F.);
#6971 = EDGE_CURVE('',#6972,#6963,#6974,.T.);
#6972 = VERTEX_POINT('',#6973);
#6973 = CARTESIAN_POINT('',(14.571939364774,-4.795211764509,2.6200001));
#6974 = B_SPLINE_CURVE_WITH_KNOTS('',3,(#6975,#6976,#6977,#6978),
  .UNSPECIFIED.,.F.,.F.,(4,4),(2.,3.),.PIECEWISE_BEZIER_KNOTS.);
#6975 = CARTESIAN_POINT('',(14.571939364774,-4.795211764509,2.6200001));
#6976 = CARTESIAN_POINT('',(14.615002671808,-4.795211764509,2.6200001));
#6977 = CARTESIAN_POINT('',(14.648621511103,-4.783427841459,2.6200001));
#6978 = CARTESIAN_POINT('',(14.672709236164,-4.759859995355,2.6200001));
#6979 = ORIENTED_EDGE('',*,*,#6980,.F.);
#6980 = EDGE_CURVE('',#6931,#6972,#6981,.T.);
#6981 = B_SPLINE_CURVE_WITH_KNOTS('',1,(#6982,#6983),.UNSPECIFIED.,.F.,
  .F.,(2,2),(0.,4.921520803837E-02),.PIECEWISE_BEZIER_KNOTS.);
#6982 = CARTESIAN_POINT('',(14.522724156736,-4.795211764509,2.6200001));
#6983 = CARTESIAN_POINT('',(14.571939364774,-4.795211764509,2.6200001));
#6984 = B_SPLINE_SURFACE_WITH_KNOTS('',1,1,(
    (#6985,#6986)
    ,(#6987,#6988
    )),.UNSPECIFIED.,.F.,.F.,.F.,(2,2),(2,2),(-0.167271054786,
    0.108698025503),(-0.327762021495,1.119905922419E-02),
  .PIECEWISE_BEZIER_KNOTS.);
#6985 = CARTESIAN_POINT('',(14.478967677759,-4.833856100399,2.6200001));
#6986 = CARTESIAN_POINT('',(14.478967677759,-4.49489501968,2.6200001));
#6987 = CARTESIAN_POINT('',(14.754936758048,-4.833856100399,2.6200001));
#6988 = CARTESIAN_POINT('',(14.754936758048,-4.49489501968,2.6200001));
#6989 = ADVANCED_FACE('',(#6990),#7004,.F.);
#6990 = FACE_BOUND('',#6991,.T.);
#6991 = EDGE_LOOP('',(#6992,#6993,#6998,#6999));
#6992 = ORIENTED_EDGE('',*,*,#1593,.T.);
#6993 = ORIENTED_EDGE('',*,*,#6994,.F.);
#6994 = EDGE_CURVE('',#6872,#1583,#6995,.T.);
#6995 = B_SPLINE_CURVE_WITH_KNOTS('',1,(#6996,#6997),.UNSPECIFIED.,.F.,
  .F.,(2,2),(-0.,1.E-02),.PIECEWISE_BEZIER_KNOTS.);
#6996 = CARTESIAN_POINT('',(14.572199304255,-4.833856100399,2.6200001));
#6997 = CARTESIAN_POINT('',(14.572199304255,-4.833856100399,2.6100001));
#6998 = ORIENTED_EDGE('',*,*,#6869,.F.);
#6999 = ORIENTED_EDGE('',*,*,#7000,.T.);
#7000 = EDGE_CURVE('',#6870,#1594,#7001,.T.);
#7001 = B_SPLINE_CURVE_WITH_KNOTS('',1,(#7002,#7003),.UNSPECIFIED.,.F.,
  .F.,(2,2),(-0.,1.E-02),.PIECEWISE_BEZIER_KNOTS.);
#7002 = CARTESIAN_POINT('',(14.478967677759,-4.833856100399,2.6200001));
#7003 = CARTESIAN_POINT('',(14.478967677759,-4.833856100399,2.6100001));
#7004 = B_SPLINE_SURFACE_WITH_KNOTS('',1,1,(
    (#7005,#7006)
    ,(#7007,#7008)),.UNSPECIFIED.,.F.,.F.,.F.,(2,2),(2,2),(-1.E-02,0.),(
    -9.323162649646E-02,0.),.PIECEWISE_BEZIER_KNOTS.);
#7005 = CARTESIAN_POINT('',(14.478967677759,-4.833856100399,2.6100001));
#7006 = CARTESIAN_POINT('',(14.572199304255,-4.833856100399,2.6100001));
#7007 = CARTESIAN_POINT('',(14.478967677759,-4.833856100399,2.6200001));
#7008 = CARTESIAN_POINT('',(14.572199304255,-4.833856100399,2.6200001));
#7009 = ADVANCED_FACE('',(#7010),#7020,.F.);
#7010 = FACE_BOUND('',#7011,.F.);
#7011 = EDGE_LOOP('',(#7012,#7013,#7014,#7019));
#7012 = ORIENTED_EDGE('',*,*,#6994,.F.);
#7013 = ORIENTED_EDGE('',*,*,#6878,.T.);
#7014 = ORIENTED_EDGE('',*,*,#7015,.T.);
#7015 = EDGE_CURVE('',#6879,#1585,#7016,.T.);
#7016 = B_SPLINE_CURVE_WITH_KNOTS('',1,(#7017,#7018),.UNSPECIFIED.,.F.,
  .F.,(2,2),(-0.,1.E-02),.PIECEWISE_BEZIER_KNOTS.);
#7017 = CARTESIAN_POINT('',(14.70381532716,-4.786373822221,2.6200001));
#7018 = CARTESIAN_POINT('',(14.70381532716,-4.786373822221,2.6100001));
#7019 = ORIENTED_EDGE('',*,*,#1582,.F.);
#7020 = B_SPLINE_SURFACE_WITH_KNOTS('',3,1,(
    (#7021,#7022)
    ,(#7023,#7024)
    ,(#7025,#7026)
    ,(#7027,#7028
    )),.UNSPECIFIED.,.F.,.F.,.F.,(4,4),(2,2),(5.,6.),(0.,1.),
  .PIECEWISE_BEZIER_KNOTS.);
#7021 = CARTESIAN_POINT('',(14.572199304255,-4.833856100399,2.6200001));
#7022 = CARTESIAN_POINT('',(14.572199304255,-4.833856100399,2.6100001));
#7023 = CARTESIAN_POINT('',(14.625833483437,-4.833856100399,2.6200001));
#7024 = CARTESIAN_POINT('',(14.625833483437,-4.833856100399,2.6100001));
#7025 = CARTESIAN_POINT('',(14.669763255403,-4.81808643867,2.6200001));
#7026 = CARTESIAN_POINT('',(14.669763255403,-4.81808643867,2.6100001));
#7027 = CARTESIAN_POINT('',(14.70381532716,-4.786373822221,2.6200001));
#7028 = CARTESIAN_POINT('',(14.70381532716,-4.786373822221,2.6100001));
#7029 = ADVANCED_FACE('',(#7030),#7040,.F.);
#7030 = FACE_BOUND('',#7031,.F.);
#7031 = EDGE_LOOP('',(#7032,#7033,#7034,#7039));
#7032 = ORIENTED_EDGE('',*,*,#7015,.F.);
#7033 = ORIENTED_EDGE('',*,*,#6887,.T.);
#7034 = ORIENTED_EDGE('',*,*,#7035,.T.);
#7035 = EDGE_CURVE('',#6888,#1624,#7036,.T.);
#7036 = B_SPLINE_CURVE_WITH_KNOTS('',1,(#7037,#7038),.UNSPECIFIED.,.F.,
  .F.,(2,2),(-0.,1.E-02),.PIECEWISE_BEZIER_KNOTS.);
#7037 = CARTESIAN_POINT('',(14.754936758048,-4.660043235389,2.6200001));
#7038 = CARTESIAN_POINT('',(14.754936758048,-4.660043235389,2.6100001));
#7039 = ORIENTED_EDGE('',*,*,#1632,.F.);
#7040 = B_SPLINE_SURFACE_WITH_KNOTS('',3,1,(
    (#7041,#7042)
    ,(#7043,#7044)
    ,(#7045,#7046)
    ,(#7047,#7048
    )),.UNSPECIFIED.,.F.,.F.,.F.,(4,4),(2,2),(4.,5.),(0.,1.),
  .PIECEWISE_BEZIER_KNOTS.);
#7041 = CARTESIAN_POINT('',(14.70381532716,-4.786373822221,2.6200001));
#7042 = CARTESIAN_POINT('',(14.70381532716,-4.786373822221,2.6100001));
#7043 = CARTESIAN_POINT('',(14.73786739892,-4.754661205773,2.6200001));
#7044 = CARTESIAN_POINT('',(14.73786739892,-4.754661205773,2.6100001));
#7045 = CARTESIAN_POINT('',(14.754936758048,-4.712551010164,2.6200001));
#7046 = CARTESIAN_POINT('',(14.754936758048,-4.712551010164,2.6100001));
#7047 = CARTESIAN_POINT('',(14.754936758048,-4.660043235389,2.6200001));
#7048 = CARTESIAN_POINT('',(14.754936758048,-4.660043235389,2.6100001));
#7049 = ADVANCED_FACE('',(#7050),#7060,.F.);
#7050 = FACE_BOUND('',#7051,.F.);
#7051 = EDGE_LOOP('',(#7052,#7053,#7054,#7059));
#7052 = ORIENTED_EDGE('',*,*,#7035,.F.);
#7053 = ORIENTED_EDGE('',*,*,#6896,.T.);
#7054 = ORIENTED_EDGE('',*,*,#7055,.T.);
#7055 = EDGE_CURVE('',#6897,#1615,#7056,.T.);
#7056 = B_SPLINE_CURVE_WITH_KNOTS('',1,(#7057,#7058),.UNSPECIFIED.,.F.,
  .F.,(2,2),(-0.,1.E-02),.PIECEWISE_BEZIER_KNOTS.);
#7057 = CARTESIAN_POINT('',(14.70381532716,-4.539777903067,2.6200001));
#7058 = CARTESIAN_POINT('',(14.70381532716,-4.539777903067,2.6100001));
#7059 = ORIENTED_EDGE('',*,*,#1623,.F.);
#7060 = B_SPLINE_SURFACE_WITH_KNOTS('',3,1,(
    (#7061,#7062)
    ,(#7063,#7064)
    ,(#7065,#7066)
    ,(#7067,#7068
    )),.UNSPECIFIED.,.F.,.F.,.F.,(4,4),(2,2),(3.,4.),(0.,1.),
  .PIECEWISE_BEZIER_KNOTS.);
#7061 = CARTESIAN_POINT('',(14.754936758048,-4.660043235389,2.6200001));
#7062 = CARTESIAN_POINT('',(14.754936758048,-4.660043235389,2.6100001));
#7063 = CARTESIAN_POINT('',(14.754936758048,-4.609788269433,2.6200001));
#7064 = CARTESIAN_POINT('',(14.754936758048,-4.609788269433,2.6100001));
#7065 = CARTESIAN_POINT('',(14.73786739892,-4.569757589655,2.6200001));
#7066 = CARTESIAN_POINT('',(14.73786739892,-4.569757589655,2.6100001));
#7067 = CARTESIAN_POINT('',(14.70381532716,-4.539777903067,2.6200001));
#7068 = CARTESIAN_POINT('',(14.70381532716,-4.539777903067,2.6100001));
#7069 = ADVANCED_FACE('',(#7070),#7080,.F.);
#7070 = FACE_BOUND('',#7071,.F.);
#7071 = EDGE_LOOP('',(#7072,#7073,#7074,#7079));
#7072 = ORIENTED_EDGE('',*,*,#7055,.F.);
#7073 = ORIENTED_EDGE('',*,*,#6905,.T.);
#7074 = ORIENTED_EDGE('',*,*,#7075,.T.);
#7075 = EDGE_CURVE('',#6906,#1608,#7076,.T.);
#7076 = B_SPLINE_CURVE_WITH_KNOTS('',1,(#7077,#7078),.UNSPECIFIED.,.F.,
  .F.,(2,2),(-0.,1.E-02),.PIECEWISE_BEZIER_KNOTS.);
#7077 = CARTESIAN_POINT('',(14.575665163975,-4.49489501968,2.6200001));
#7078 = CARTESIAN_POINT('',(14.575665163975,-4.49489501968,2.6100001));
#7079 = ORIENTED_EDGE('',*,*,#1614,.F.);
#7080 = B_SPLINE_SURFACE_WITH_KNOTS('',3,1,(
    (#7081,#7082)
    ,(#7083,#7084)
    ,(#7085,#7086)
    ,(#7087,#7088
    )),.UNSPECIFIED.,.F.,.F.,.F.,(4,4),(2,2),(2.,3.),(0.,1.),
  .PIECEWISE_BEZIER_KNOTS.);
#7081 = CARTESIAN_POINT('',(14.70381532716,-4.539777903067,2.6200001));
#7082 = CARTESIAN_POINT('',(14.70381532716,-4.539777903067,2.6100001));
#7083 = CARTESIAN_POINT('',(14.669763255403,-4.509798216482,2.6200001));
#7084 = CARTESIAN_POINT('',(14.669763255403,-4.509798216482,2.6100001));
#7085 = CARTESIAN_POINT('',(14.627046534338,-4.49489501968,2.6200001));
#7086 = CARTESIAN_POINT('',(14.627046534338,-4.49489501968,2.6100001));
#7087 = CARTESIAN_POINT('',(14.575665163975,-4.49489501968,2.6200001));
#7088 = CARTESIAN_POINT('',(14.575665163975,-4.49489501968,2.6100001));
#7089 = ADVANCED_FACE('',(#7090),#7100,.F.);
#7090 = FACE_BOUND('',#7091,.T.);
#7091 = EDGE_LOOP('',(#7092,#7093,#7098,#7099));
#7092 = ORIENTED_EDGE('',*,*,#1607,.T.);
#7093 = ORIENTED_EDGE('',*,*,#7094,.F.);
#7094 = EDGE_CURVE('',#6915,#1601,#7095,.T.);
#7095 = B_SPLINE_CURVE_WITH_KNOTS('',1,(#7096,#7097),.UNSPECIFIED.,.F.,
  .F.,(2,2),(-0.,1.E-02),.PIECEWISE_BEZIER_KNOTS.);
#7096 = CARTESIAN_POINT('',(14.478967677759,-4.49489501968,2.6200001));
#7097 = CARTESIAN_POINT('',(14.478967677759,-4.49489501968,2.6100001));
#7098 = ORIENTED_EDGE('',*,*,#6914,.F.);
#7099 = ORIENTED_EDGE('',*,*,#7075,.T.);
#7100 = B_SPLINE_SURFACE_WITH_KNOTS('',1,1,(
    (#7101,#7102)
    ,(#7103,#7104
    )),.UNSPECIFIED.,.F.,.F.,.F.,(2,2),(2,2),(0.,1.E-02),(0.,
    9.669748621587E-02),.PIECEWISE_BEZIER_KNOTS.);
#7101 = CARTESIAN_POINT('',(14.478967677759,-4.49489501968,2.6200001));
#7102 = CARTESIAN_POINT('',(14.575665163975,-4.49489501968,2.6200001));
#7103 = CARTESIAN_POINT('',(14.478967677759,-4.49489501968,2.6100001));
#7104 = CARTESIAN_POINT('',(14.575665163975,-4.49489501968,2.6100001));
#7105 = ADVANCED_FACE('',(#7106),#7112,.F.);
#7106 = FACE_BOUND('',#7107,.T.);
#7107 = EDGE_LOOP('',(#7108,#7109,#7110,#7111));
#7108 = ORIENTED_EDGE('',*,*,#1600,.T.);
#7109 = ORIENTED_EDGE('',*,*,#7000,.F.);
#7110 = ORIENTED_EDGE('',*,*,#6921,.F.);
#7111 = ORIENTED_EDGE('',*,*,#7094,.T.);
#7112 = B_SPLINE_SURFACE_WITH_KNOTS('',1,1,(
    (#7113,#7114)
    ,(#7115,#7116
    )),.UNSPECIFIED.,.F.,.F.,.F.,(2,2),(2,2),(0.,1.E-02),(0.,
    0.338961080719),.PIECEWISE_BEZIER_KNOTS.);
#7113 = CARTESIAN_POINT('',(14.478967677759,-4.833856100399,2.6200001));
#7114 = CARTESIAN_POINT('',(14.478967677759,-4.49489501968,2.6200001));
#7115 = CARTESIAN_POINT('',(14.478967677759,-4.833856100399,2.6100001));
#7116 = CARTESIAN_POINT('',(14.478967677759,-4.49489501968,2.6100001));
#7117 = ADVANCED_FACE('',(#7118),#7140,.T.);
#7118 = FACE_BOUND('',#7119,.T.);
#7119 = EDGE_LOOP('',(#7120,#7129,#7134,#7135));
#7120 = ORIENTED_EDGE('',*,*,#7121,.F.);
#7121 = EDGE_CURVE('',#7122,#7124,#7126,.T.);
#7122 = VERTEX_POINT('',#7123);
#7123 = CARTESIAN_POINT('',(14.573932234114,-4.533885941541,2.6100001));
#7124 = VERTEX_POINT('',#7125);
#7125 = CARTESIAN_POINT('',(14.522724156736,-4.533885941541,2.6100001));
#7126 = B_SPLINE_CURVE_WITH_KNOTS('',1,(#7127,#7128),.UNSPECIFIED.,.F.,
  .F.,(2,2),(0.,5.120807737801E-02),.PIECEWISE_BEZIER_KNOTS.);
#7127 = CARTESIAN_POINT('',(14.573932234114,-4.533885941541,2.6100001));
#7128 = CARTESIAN_POINT('',(14.522724156736,-4.533885941541,2.6100001));
#7129 = ORIENTED_EDGE('',*,*,#7130,.F.);
#7130 = EDGE_CURVE('',#6938,#7122,#7131,.T.);
#7131 = B_SPLINE_CURVE_WITH_KNOTS('',1,(#7132,#7133),.UNSPECIFIED.,.F.,
  .F.,(2,2),(-0.,1.E-02),.PIECEWISE_BEZIER_KNOTS.);
#7132 = CARTESIAN_POINT('',(14.573932234114,-4.533885941541,2.6200001));
#7133 = CARTESIAN_POINT('',(14.573932234114,-4.533885941541,2.6100001));
#7134 = ORIENTED_EDGE('',*,*,#6937,.T.);
#7135 = ORIENTED_EDGE('',*,*,#7136,.T.);
#7136 = EDGE_CURVE('',#6929,#7124,#7137,.T.);
#7137 = B_SPLINE_CURVE_WITH_KNOTS('',1,(#7138,#7139),.UNSPECIFIED.,.F.,
  .F.,(2,2),(-0.,1.E-02),.PIECEWISE_BEZIER_KNOTS.);
#7138 = CARTESIAN_POINT('',(14.522724156736,-4.533885941541,2.6200001));
#7139 = CARTESIAN_POINT('',(14.522724156736,-4.533885941541,2.6100001));
#7140 = B_SPLINE_SURFACE_WITH_KNOTS('',1,1,(
    (#7141,#7142)
    ,(#7143,#7144)),.UNSPECIFIED.,.F.,.F.,.F.,(2,2),(2,2),(0.,1.E-02),(
    -5.120807737801E-02,0.),.PIECEWISE_BEZIER_KNOTS.);
#7141 = CARTESIAN_POINT('',(14.522724156736,-4.533885941541,2.6200001));
#7142 = CARTESIAN_POINT('',(14.573932234114,-4.533885941541,2.6200001));
#7143 = CARTESIAN_POINT('',(14.522724156736,-4.533885941541,2.6100001));
#7144 = CARTESIAN_POINT('',(14.573932234114,-4.533885941541,2.6100001));
#7145 = ADVANCED_FACE('',(#7146),#7162,.T.);
#7146 = FACE_BOUND('',#7147,.T.);
#7147 = EDGE_LOOP('',(#7148,#7155,#7156,#7157));
#7148 = ORIENTED_EDGE('',*,*,#7149,.F.);
#7149 = EDGE_CURVE('',#7124,#7150,#7152,.T.);
#7150 = VERTEX_POINT('',#7151);
#7151 = CARTESIAN_POINT('',(14.522724156736,-4.795211764509,2.6100001));
#7152 = B_SPLINE_CURVE_WITH_KNOTS('',1,(#7153,#7154),.UNSPECIFIED.,.F.,
  .F.,(2,2),(0.,0.261325822968),.PIECEWISE_BEZIER_KNOTS.);
#7153 = CARTESIAN_POINT('',(14.522724156736,-4.533885941541,2.6100001));
#7154 = CARTESIAN_POINT('',(14.522724156736,-4.795211764509,2.6100001));
#7155 = ORIENTED_EDGE('',*,*,#7136,.F.);
#7156 = ORIENTED_EDGE('',*,*,#6928,.T.);
#7157 = ORIENTED_EDGE('',*,*,#7158,.T.);
#7158 = EDGE_CURVE('',#6931,#7150,#7159,.T.);
#7159 = B_SPLINE_CURVE_WITH_KNOTS('',1,(#7160,#7161),.UNSPECIFIED.,.F.,
  .F.,(2,2),(-0.,1.E-02),.PIECEWISE_BEZIER_KNOTS.);
#7160 = CARTESIAN_POINT('',(14.522724156736,-4.795211764509,2.6200001));
#7161 = CARTESIAN_POINT('',(14.522724156736,-4.795211764509,2.6100001));
#7162 = B_SPLINE_SURFACE_WITH_KNOTS('',1,1,(
    (#7163,#7164)
    ,(#7165,#7166
    )),.UNSPECIFIED.,.F.,.F.,.F.,(2,2),(2,2),(0.,1.E-02),(
    -0.261325822968,0.),.PIECEWISE_BEZIER_KNOTS.);
#7163 = CARTESIAN_POINT('',(14.522724156736,-4.795211764509,2.6200001));
#7164 = CARTESIAN_POINT('',(14.522724156736,-4.533885941541,2.6200001));
#7165 = CARTESIAN_POINT('',(14.522724156736,-4.795211764509,2.6100001));
#7166 = CARTESIAN_POINT('',(14.522724156736,-4.533885941541,2.6100001));
#7167 = ADVANCED_FACE('',(#7168),#7184,.T.);
#7168 = FACE_BOUND('',#7169,.T.);
#7169 = EDGE_LOOP('',(#7170,#7177,#7178,#7179));
#7170 = ORIENTED_EDGE('',*,*,#7171,.F.);
#7171 = EDGE_CURVE('',#7150,#7172,#7174,.T.);
#7172 = VERTEX_POINT('',#7173);
#7173 = CARTESIAN_POINT('',(14.571939364774,-4.795211764509,2.6100001));
#7174 = B_SPLINE_CURVE_WITH_KNOTS('',1,(#7175,#7176),.UNSPECIFIED.,.F.,
  .F.,(2,2),(0.,4.921520803837E-02),.PIECEWISE_BEZIER_KNOTS.);
#7175 = CARTESIAN_POINT('',(14.522724156736,-4.795211764509,2.6100001));
#7176 = CARTESIAN_POINT('',(14.571939364774,-4.795211764509,2.6100001));
#7177 = ORIENTED_EDGE('',*,*,#7158,.F.);
#7178 = ORIENTED_EDGE('',*,*,#6980,.T.);
#7179 = ORIENTED_EDGE('',*,*,#7180,.T.);
#7180 = EDGE_CURVE('',#6972,#7172,#7181,.T.);
#7181 = B_SPLINE_CURVE_WITH_KNOTS('',1,(#7182,#7183),.UNSPECIFIED.,.F.,
  .F.,(2,2),(-0.,1.E-02),.PIECEWISE_BEZIER_KNOTS.);
#7182 = CARTESIAN_POINT('',(14.571939364774,-4.795211764509,2.6200001));
#7183 = CARTESIAN_POINT('',(14.571939364774,-4.795211764509,2.6100001));
#7184 = B_SPLINE_SURFACE_WITH_KNOTS('',1,1,(
    (#7185,#7186)
    ,(#7187,#7188
    )),.UNSPECIFIED.,.F.,.F.,.F.,(2,2),(2,2),(-1.E-02,0.),(0.,
    4.921520803837E-02),.PIECEWISE_BEZIER_KNOTS.);
#7185 = CARTESIAN_POINT('',(14.522724156736,-4.795211764509,2.6100001));
#7186 = CARTESIAN_POINT('',(14.571939364774,-4.795211764509,2.6100001));
#7187 = CARTESIAN_POINT('',(14.522724156736,-4.795211764509,2.6200001));
#7188 = CARTESIAN_POINT('',(14.571939364774,-4.795211764509,2.6200001));
#7189 = ADVANCED_FACE('',(#7190),#7208,.T.);
#7190 = FACE_BOUND('',#7191,.T.);
#7191 = EDGE_LOOP('',(#7192,#7201,#7202,#7203));
#7192 = ORIENTED_EDGE('',*,*,#7193,.F.);
#7193 = EDGE_CURVE('',#7172,#7194,#7196,.T.);
#7194 = VERTEX_POINT('',#7195);
#7195 = CARTESIAN_POINT('',(14.672709236164,-4.759859995355,2.6100001));
#7196 = B_SPLINE_CURVE_WITH_KNOTS('',3,(#7197,#7198,#7199,#7200),
  .UNSPECIFIED.,.F.,.F.,(4,4),(2.,3.),.PIECEWISE_BEZIER_KNOTS.);
#7197 = CARTESIAN_POINT('',(14.571939364774,-4.795211764509,2.6100001));
#7198 = CARTESIAN_POINT('',(14.615002671808,-4.795211764509,2.6100001));
#7199 = CARTESIAN_POINT('',(14.648621511103,-4.783427841459,2.6100001));
#7200 = CARTESIAN_POINT('',(14.672709236164,-4.759859995355,2.6100001));
#7201 = ORIENTED_EDGE('',*,*,#7180,.F.);
#7202 = ORIENTED_EDGE('',*,*,#6971,.T.);
#7203 = ORIENTED_EDGE('',*,*,#7204,.T.);
#7204 = EDGE_CURVE('',#6963,#7194,#7205,.T.);
#7205 = B_SPLINE_CURVE_WITH_KNOTS('',1,(#7206,#7207),.UNSPECIFIED.,.F.,
  .F.,(2,2),(-0.,1.E-02),.PIECEWISE_BEZIER_KNOTS.);
#7206 = CARTESIAN_POINT('',(14.672709236164,-4.759859995355,2.6200001));
#7207 = CARTESIAN_POINT('',(14.672709236164,-4.759859995355,2.6100001));
#7208 = B_SPLINE_SURFACE_WITH_KNOTS('',3,1,(
    (#7209,#7210)
    ,(#7211,#7212)
    ,(#7213,#7214)
    ,(#7215,#7216
    )),.UNSPECIFIED.,.F.,.F.,.F.,(4,4),(2,2),(2.,3.),(0.,1.),
  .PIECEWISE_BEZIER_KNOTS.);
#7209 = CARTESIAN_POINT('',(14.571939364774,-4.795211764509,2.6200001));
#7210 = CARTESIAN_POINT('',(14.571939364774,-4.795211764509,2.6100001));
#7211 = CARTESIAN_POINT('',(14.615002671808,-4.795211764509,2.6200001));
#7212 = CARTESIAN_POINT('',(14.615002671808,-4.795211764509,2.6100001));
#7213 = CARTESIAN_POINT('',(14.648621511103,-4.783427841459,2.6200001));
#7214 = CARTESIAN_POINT('',(14.648621511103,-4.783427841459,2.6100001));
#7215 = CARTESIAN_POINT('',(14.672709236164,-4.759859995355,2.6200001));
#7216 = CARTESIAN_POINT('',(14.672709236164,-4.759859995355,2.6100001));
#7217 = ADVANCED_FACE('',(#7218),#7236,.T.);
#7218 = FACE_BOUND('',#7219,.T.);
#7219 = EDGE_LOOP('',(#7220,#7229,#7230,#7231));
#7220 = ORIENTED_EDGE('',*,*,#7221,.F.);
#7221 = EDGE_CURVE('',#7194,#7222,#7224,.T.);
#7222 = VERTEX_POINT('',#7223);
#7223 = CARTESIAN_POINT('',(14.708927470247,-4.66125628629,2.6100001));
#7224 = B_SPLINE_CURVE_WITH_KNOTS('',3,(#7225,#7226,#7227,#7228),
  .UNSPECIFIED.,.F.,.F.,(4,4),(3.,4.),.PIECEWISE_BEZIER_KNOTS.);
#7225 = CARTESIAN_POINT('',(14.672709236164,-4.759859995355,2.6100001));
#7226 = CARTESIAN_POINT('',(14.696883607719,-4.736465442237,2.6100001));
#7227 = CARTESIAN_POINT('',(14.708927470247,-4.703539774887,2.6100001));
#7228 = CARTESIAN_POINT('',(14.708927470247,-4.66125628629,2.6100001));
#7229 = ORIENTED_EDGE('',*,*,#7204,.F.);
#7230 = ORIENTED_EDGE('',*,*,#6962,.T.);
#7231 = ORIENTED_EDGE('',*,*,#7232,.T.);
#7232 = EDGE_CURVE('',#6954,#7222,#7233,.T.);
#7233 = B_SPLINE_CURVE_WITH_KNOTS('',1,(#7234,#7235),.UNSPECIFIED.,.F.,
  .F.,(2,2),(-0.,1.E-02),.PIECEWISE_BEZIER_KNOTS.);
#7234 = CARTESIAN_POINT('',(14.708927470247,-4.66125628629,2.6200001));
#7235 = CARTESIAN_POINT('',(14.708927470247,-4.66125628629,2.6100001));
#7236 = B_SPLINE_SURFACE_WITH_KNOTS('',3,1,(
    (#7237,#7238)
    ,(#7239,#7240)
    ,(#7241,#7242)
    ,(#7243,#7244
    )),.UNSPECIFIED.,.F.,.F.,.F.,(4,4),(2,2),(3.,4.),(0.,1.),
  .PIECEWISE_BEZIER_KNOTS.);
#7237 = CARTESIAN_POINT('',(14.672709236164,-4.759859995355,2.6200001));
#7238 = CARTESIAN_POINT('',(14.672709236164,-4.759859995355,2.6100001));
#7239 = CARTESIAN_POINT('',(14.696883607719,-4.736465442237,2.6200001));
#7240 = CARTESIAN_POINT('',(14.696883607719,-4.736465442237,2.6100001));
#7241 = CARTESIAN_POINT('',(14.708927470247,-4.703539774887,2.6200001));
#7242 = CARTESIAN_POINT('',(14.708927470247,-4.703539774887,2.6100001));
#7243 = CARTESIAN_POINT('',(14.708927470247,-4.66125628629,2.6200001));
#7244 = CARTESIAN_POINT('',(14.708927470247,-4.66125628629,2.6100001));
#7245 = ADVANCED_FACE('',(#7246),#7264,.T.);
#7246 = FACE_BOUND('',#7247,.T.);
#7247 = EDGE_LOOP('',(#7248,#7257,#7258,#7259));
#7248 = ORIENTED_EDGE('',*,*,#7249,.F.);
#7249 = EDGE_CURVE('',#7222,#7250,#7252,.T.);
#7250 = VERTEX_POINT('',#7251);
#7251 = CARTESIAN_POINT('',(14.67175612474,-4.565771850975,2.6100001));
#7252 = B_SPLINE_CURVE_WITH_KNOTS('',3,(#7253,#7254,#7255,#7256),
  .UNSPECIFIED.,.F.,.F.,(4,4),(4.,5.),.PIECEWISE_BEZIER_KNOTS.);
#7253 = CARTESIAN_POINT('',(14.708927470247,-4.66125628629,2.6100001));
#7254 = CARTESIAN_POINT('',(14.708927470247,-4.618972797693,2.6100001));
#7255 = CARTESIAN_POINT('',(14.696537021745,-4.587086888261,2.6100001));
#7256 = CARTESIAN_POINT('',(14.67175612474,-4.565771850975,2.6100001));
#7257 = ORIENTED_EDGE('',*,*,#7232,.F.);
#7258 = ORIENTED_EDGE('',*,*,#6953,.T.);
#7259 = ORIENTED_EDGE('',*,*,#7260,.T.);
#7260 = EDGE_CURVE('',#6945,#7250,#7261,.T.);
#7261 = B_SPLINE_CURVE_WITH_KNOTS('',1,(#7262,#7263),.UNSPECIFIED.,.F.,
  .F.,(2,2),(-0.,1.E-02),.PIECEWISE_BEZIER_KNOTS.);
#7262 = CARTESIAN_POINT('',(14.67175612474,-4.565771850975,2.6200001));
#7263 = CARTESIAN_POINT('',(14.67175612474,-4.565771850975,2.6100001));
#7264 = B_SPLINE_SURFACE_WITH_KNOTS('',3,1,(
    (#7265,#7266)
    ,(#7267,#7268)
    ,(#7269,#7270)
    ,(#7271,#7272
    )),.UNSPECIFIED.,.F.,.F.,.F.,(4,4),(2,2),(4.,5.),(0.,1.),
  .PIECEWISE_BEZIER_KNOTS.);
#7265 = CARTESIAN_POINT('',(14.708927470247,-4.66125628629,2.6200001));
#7266 = CARTESIAN_POINT('',(14.708927470247,-4.66125628629,2.6100001));
#7267 = CARTESIAN_POINT('',(14.708927470247,-4.618972797693,2.6200001));
#7268 = CARTESIAN_POINT('',(14.708927470247,-4.618972797693,2.6100001));
#7269 = CARTESIAN_POINT('',(14.696537021745,-4.587086888261,2.6200001));
#7270 = CARTESIAN_POINT('',(14.696537021745,-4.587086888261,2.6100001));
#7271 = CARTESIAN_POINT('',(14.67175612474,-4.565771850975,2.6200001));
#7272 = CARTESIAN_POINT('',(14.67175612474,-4.565771850975,2.6100001));
#7273 = ADVANCED_FACE('',(#7274),#7286,.T.);
#7274 = FACE_BOUND('',#7275,.T.);
#7275 = EDGE_LOOP('',(#7276,#7283,#7284,#7285));
#7276 = ORIENTED_EDGE('',*,*,#7277,.F.);
#7277 = EDGE_CURVE('',#7250,#7122,#7278,.T.);
#7278 = B_SPLINE_CURVE_WITH_KNOTS('',3,(#7279,#7280,#7281,#7282),
  .UNSPECIFIED.,.F.,.F.,(4,4),(5.,6.),.PIECEWISE_BEZIER_KNOTS.);
#7279 = CARTESIAN_POINT('',(14.67175612474,-4.565771850975,2.6100001));
#7280 = CARTESIAN_POINT('',(14.646975227735,-4.544456813692,2.6100001));
#7281 = CARTESIAN_POINT('',(14.614309499864,-4.533885941541,2.6100001));
#7282 = CARTESIAN_POINT('',(14.573932234114,-4.533885941541,2.6100001));
#7283 = ORIENTED_EDGE('',*,*,#7260,.F.);
#7284 = ORIENTED_EDGE('',*,*,#6944,.T.);
#7285 = ORIENTED_EDGE('',*,*,#7130,.T.);
#7286 = B_SPLINE_SURFACE_WITH_KNOTS('',3,1,(
    (#7287,#7288)
    ,(#7289,#7290)
    ,(#7291,#7292)
    ,(#7293,#7294
    )),.UNSPECIFIED.,.F.,.F.,.F.,(4,4),(2,2),(5.,6.),(0.,1.),
  .PIECEWISE_BEZIER_KNOTS.);
#7287 = CARTESIAN_POINT('',(14.67175612474,-4.565771850975,2.6200001));
#7288 = CARTESIAN_POINT('',(14.67175612474,-4.565771850975,2.6100001));
#7289 = CARTESIAN_POINT('',(14.646975227735,-4.544456813692,2.6200001));
#7290 = CARTESIAN_POINT('',(14.646975227735,-4.544456813692,2.6100001));
#7291 = CARTESIAN_POINT('',(14.614309499864,-4.533885941541,2.6200001));
#7292 = CARTESIAN_POINT('',(14.614309499864,-4.533885941541,2.6100001));
#7293 = CARTESIAN_POINT('',(14.573932234114,-4.533885941541,2.6200001));
#7294 = CARTESIAN_POINT('',(14.573932234114,-4.533885941541,2.6100001));
#7295 = ADVANCED_FACE('',(#7296),#7305,.T.);
#7296 = FACE_BOUND('',#7297,.T.);
#7297 = EDGE_LOOP('',(#7298,#7299,#7300,#7301,#7302,#7303,#7304));
#7298 = ORIENTED_EDGE('',*,*,#7121,.T.);
#7299 = ORIENTED_EDGE('',*,*,#7149,.T.);
#7300 = ORIENTED_EDGE('',*,*,#7171,.T.);
#7301 = ORIENTED_EDGE('',*,*,#7193,.T.);
#7302 = ORIENTED_EDGE('',*,*,#7221,.T.);
#7303 = ORIENTED_EDGE('',*,*,#7249,.T.);
#7304 = ORIENTED_EDGE('',*,*,#7277,.T.);
#7305 = B_SPLINE_SURFACE_WITH_KNOTS('',1,1,(
    (#7306,#7307)
    ,(#7308,#7309
    )),.UNSPECIFIED.,.F.,.F.,.F.,(2,2),(2,2),(14.522724156736,
    14.708927470247),(-4.795211764509,-4.533885941541),
  .PIECEWISE_BEZIER_KNOTS.);
#7306 = CARTESIAN_POINT('',(14.522724156736,-4.795211764509,2.6100001));
#7307 = CARTESIAN_POINT('',(14.522724156736,-4.533885941541,2.6100001));
#7308 = CARTESIAN_POINT('',(14.708927470247,-4.795211764509,2.6100001));
#7309 = CARTESIAN_POINT('',(14.708927470247,-4.533885941541,2.6100001));
#7310 = ADVANCED_FACE('',(#7311,#7369),#7417,.F.);
#7311 = FACE_BOUND('',#7312,.T.);
#7312 = EDGE_LOOP('',(#7313,#7322,#7329,#7336,#7343,#7350,#7357,#7364));
#7313 = ORIENTED_EDGE('',*,*,#7314,.T.);
#7314 = EDGE_CURVE('',#7315,#7317,#7319,.T.);
#7315 = VERTEX_POINT('',#7316);
#7316 = CARTESIAN_POINT('',(15.078734702486,-4.833856100399,2.6200001));
#7317 = VERTEX_POINT('',#7318);
#7318 = CARTESIAN_POINT('',(14.949631427878,-4.49489501968,2.6200001));
#7319 = B_SPLINE_CURVE_WITH_KNOTS('',1,(#7320,#7321),.UNSPECIFIED.,.F.,
  .F.,(2,2),(-0.362715135825,0.),.PIECEWISE_BEZIER_KNOTS.);
#7320 = CARTESIAN_POINT('',(15.078734702486,-4.833856100399,2.6200001));
#7321 = CARTESIAN_POINT('',(14.949631427878,-4.49489501968,2.6200001));
#7322 = ORIENTED_EDGE('',*,*,#7323,.T.);
#7323 = EDGE_CURVE('',#7317,#7324,#7326,.T.);
#7324 = VERTEX_POINT('',#7325);
#7325 = CARTESIAN_POINT('',(14.902842321641,-4.49489501968,2.6200001));
#7326 = B_SPLINE_CURVE_WITH_KNOTS('',1,(#7327,#7328),.UNSPECIFIED.,.F.,
  .F.,(2,2),(-4.67891062364E-02,-0.),.PIECEWISE_BEZIER_KNOTS.);
#7327 = CARTESIAN_POINT('',(14.949631427878,-4.49489501968,2.6200001));
#7328 = CARTESIAN_POINT('',(14.902842321641,-4.49489501968,2.6200001));
#7329 = ORIENTED_EDGE('',*,*,#7330,.T.);
#7330 = EDGE_CURVE('',#7324,#7331,#7333,.T.);
#7331 = VERTEX_POINT('',#7332);
#7332 = CARTESIAN_POINT('',(14.773739047031,-4.833856100399,2.6200001));
#7333 = B_SPLINE_CURVE_WITH_KNOTS('',1,(#7334,#7335),.UNSPECIFIED.,.F.,
  .F.,(2,2),(-0.362715135826,-0.),.PIECEWISE_BEZIER_KNOTS.);
#7334 = CARTESIAN_POINT('',(14.902842321641,-4.49489501968,2.6200001));
#7335 = CARTESIAN_POINT('',(14.773739047031,-4.833856100399,2.6200001));
#7336 = ORIENTED_EDGE('',*,*,#7337,.T.);
#7337 = EDGE_CURVE('',#7331,#7338,#7340,.T.);
#7338 = VERTEX_POINT('',#7339);
#7339 = CARTESIAN_POINT('',(14.82208779014,-4.833856100399,2.6200001));
#7340 = B_SPLINE_CURVE_WITH_KNOTS('',1,(#7341,#7342),.UNSPECIFIED.,.F.,
  .F.,(2,2),(-4.834874310909E-02,0.),.PIECEWISE_BEZIER_KNOTS.);
#7341 = CARTESIAN_POINT('',(14.773739047031,-4.833856100399,2.6200001));
#7342 = CARTESIAN_POINT('',(14.82208779014,-4.833856100399,2.6200001));
#7343 = ORIENTED_EDGE('',*,*,#7344,.T.);
#7344 = EDGE_CURVE('',#7338,#7345,#7347,.T.);
#7345 = VERTEX_POINT('',#7346);
#7346 = CARTESIAN_POINT('',(14.854666871518,-4.741144352862,2.6200001));
#7347 = B_SPLINE_CURVE_WITH_KNOTS('',1,(#7348,#7349),.UNSPECIFIED.,.F.,
  .F.,(2,2),(-9.826934758461E-02,0.),.PIECEWISE_BEZIER_KNOTS.);
#7348 = CARTESIAN_POINT('',(14.82208779014,-4.833856100399,2.6200001));
#7349 = CARTESIAN_POINT('',(14.854666871518,-4.741144352862,2.6200001));
#7350 = ORIENTED_EDGE('',*,*,#7351,.T.);
#7351 = EDGE_CURVE('',#7345,#7352,#7354,.T.);
#7352 = VERTEX_POINT('',#7353);
#7353 = CARTESIAN_POINT('',(14.995814008659,-4.741144352862,2.6200001));
#7354 = B_SPLINE_CURVE_WITH_KNOTS('',1,(#7355,#7356),.UNSPECIFIED.,.F.,
  .F.,(2,2),(-0.141147137141,0.),.PIECEWISE_BEZIER_KNOTS.);
#7355 = CARTESIAN_POINT('',(14.854666871518,-4.741144352862,2.6200001));
#7356 = CARTESIAN_POINT('',(14.995814008659,-4.741144352862,2.6200001));
#7357 = ORIENTED_EDGE('',*,*,#7358,.T.);
#7358 = EDGE_CURVE('',#7352,#7359,#7361,.T.);
#7359 = VERTEX_POINT('',#7360);
#7360 = CARTESIAN_POINT('',(15.030385959379,-4.833856100399,2.6200001));
#7361 = B_SPLINE_CURVE_WITH_KNOTS('',1,(#7362,#7363),.UNSPECIFIED.,.F.,
  .F.,(2,2),(-9.894790502003E-02,0.),.PIECEWISE_BEZIER_KNOTS.);
#7362 = CARTESIAN_POINT('',(14.995814008659,-4.741144352862,2.6200001));
#7363 = CARTESIAN_POINT('',(15.030385959379,-4.833856100399,2.6200001));
#7364 = ORIENTED_EDGE('',*,*,#7365,.T.);
#7365 = EDGE_CURVE('',#7359,#7315,#7366,.T.);
#7366 = B_SPLINE_CURVE_WITH_KNOTS('',1,(#7367,#7368),.UNSPECIFIED.,.F.,
  .F.,(2,2),(-4.834874310678E-02,0.),.PIECEWISE_BEZIER_KNOTS.);
#7367 = CARTESIAN_POINT('',(15.030385959379,-4.833856100399,2.6200001));
#7368 = CARTESIAN_POINT('',(15.078734702486,-4.833856100399,2.6200001));
#7369 = FACE_BOUND('',#7370,.T.);
#7370 = EDGE_LOOP('',(#7371,#7380,#7387,#7396,#7403,#7412));
#7371 = ORIENTED_EDGE('',*,*,#7372,.F.);
#7372 = EDGE_CURVE('',#7373,#7375,#7377,.T.);
#7373 = VERTEX_POINT('',#7374);
#7374 = CARTESIAN_POINT('',(14.868530310405,-4.702846602944,2.6200001));
#7375 = VERTEX_POINT('',#7376);
#7376 = CARTESIAN_POINT('',(14.982297155749,-4.702846602944,2.6200001));
#7377 = B_SPLINE_CURVE_WITH_KNOTS('',1,(#7378,#7379),.UNSPECIFIED.,.F.,
  .F.,(2,2),(0.,0.113766845343),.PIECEWISE_BEZIER_KNOTS.);
#7378 = CARTESIAN_POINT('',(14.868530310405,-4.702846602944,2.6200001));
#7379 = CARTESIAN_POINT('',(14.982297155749,-4.702846602944,2.6200001));
#7380 = ORIENTED_EDGE('',*,*,#7381,.F.);
#7381 = EDGE_CURVE('',#7382,#7373,#7384,.T.);
#7382 = VERTEX_POINT('',#7383);
#7383 = CARTESIAN_POINT('',(14.919218508823,-4.561959405282,2.6200001));
#7384 = B_SPLINE_CURVE_WITH_KNOTS('',1,(#7385,#7386),.UNSPECIFIED.,.F.,
  .F.,(2,2),(-6.013590235477E-16,0.149728073266),
  .PIECEWISE_BEZIER_KNOTS.);
#7385 = CARTESIAN_POINT('',(14.919218508823,-4.561959405282,2.6200001));
#7386 = CARTESIAN_POINT('',(14.868530310405,-4.702846602944,2.6200001));
#7387 = ORIENTED_EDGE('',*,*,#7388,.F.);
#7388 = EDGE_CURVE('',#7389,#7382,#7391,.T.);
#7389 = VERTEX_POINT('',#7390);
#7390 = CARTESIAN_POINT('',(14.924763884378,-4.538218266194,2.6200001));
#7391 = B_SPLINE_CURVE_WITH_KNOTS('',3,(#7392,#7393,#7394,#7395),
  .UNSPECIFIED.,.F.,.F.,(4,4),(3.,4.),.PIECEWISE_BEZIER_KNOTS.);
#7392 = CARTESIAN_POINT('',(14.924763884378,-4.538218266194,2.6200001));
#7393 = CARTESIAN_POINT('',(14.92311760101,-4.548442552371,2.6200001));
#7394 = CARTESIAN_POINT('',(14.921298024658,-4.55641402973,2.6200001));
#7395 = CARTESIAN_POINT('',(14.919218508823,-4.561959405282,2.6200001));
#7396 = ORIENTED_EDGE('',*,*,#7397,.F.);
#7397 = EDGE_CURVE('',#7398,#7389,#7400,.T.);
#7398 = VERTEX_POINT('',#7399);
#7399 = CARTESIAN_POINT('',(14.925803642295,-4.538218266194,2.6200001));
#7400 = B_SPLINE_CURVE_WITH_KNOTS('',1,(#7401,#7402),.UNSPECIFIED.,.F.,
  .F.,(2,2),(0.,1.039757917445E-03),.PIECEWISE_BEZIER_KNOTS.);
#7401 = CARTESIAN_POINT('',(14.925803642295,-4.538218266194,2.6200001));
#7402 = CARTESIAN_POINT('',(14.924763884378,-4.538218266194,2.6200001));
#7403 = ORIENTED_EDGE('',*,*,#7404,.F.);
#7404 = EDGE_CURVE('',#7405,#7398,#7407,.T.);
#7405 = VERTEX_POINT('',#7406);
#7406 = CARTESIAN_POINT('',(14.931089078368,-4.561959405282,2.6200001));
#7407 = B_SPLINE_CURVE_WITH_KNOTS('',3,(#7408,#7409,#7410,#7411),
  .UNSPECIFIED.,.F.,.F.,(4,4),(1.,2.),.PIECEWISE_BEZIER_KNOTS.);
#7408 = CARTESIAN_POINT('',(14.931089078368,-4.561959405282,2.6200001));
#7409 = CARTESIAN_POINT('',(14.929442795003,-4.557280494659,2.6200001));
#7410 = CARTESIAN_POINT('',(14.927709865139,-4.549482310286,2.6200001));
#7411 = CARTESIAN_POINT('',(14.925803642295,-4.538218266194,2.6200001));
#7412 = ORIENTED_EDGE('',*,*,#7413,.F.);
#7413 = EDGE_CURVE('',#7375,#7405,#7414,.T.);
#7414 = B_SPLINE_CURVE_WITH_KNOTS('',1,(#7415,#7416),.UNSPECIFIED.,.F.,
  .F.,(2,2),(0.,0.14990486868),.PIECEWISE_BEZIER_KNOTS.);
#7415 = CARTESIAN_POINT('',(14.982297155749,-4.702846602944,2.6200001));
#7416 = CARTESIAN_POINT('',(14.931089078368,-4.561959405282,2.6200001));
#7417 = B_SPLINE_SURFACE_WITH_KNOTS('',1,1,(
    (#7418,#7419)
    ,(#7420,#7421
    )),.UNSPECIFIED.,.F.,.F.,.F.,(2,2),(2,2),(-15.07873470248,
    -14.77373904703),(-4.833856100399,-4.49489501968),
  .PIECEWISE_BEZIER_KNOTS.);
#7418 = CARTESIAN_POINT('',(15.078734702486,-4.833856100399,2.6200001));
#7419 = CARTESIAN_POINT('',(15.078734702486,-4.49489501968,2.6200001));
#7420 = CARTESIAN_POINT('',(14.773739047031,-4.833856100399,2.6200001));
#7421 = CARTESIAN_POINT('',(14.773739047031,-4.49489501968,2.6200001));
#7422 = ADVANCED_FACE('',(#7423),#7437,.F.);
#7423 = FACE_BOUND('',#7424,.T.);
#7424 = EDGE_LOOP('',(#7425,#7426,#7431,#7432));
#7425 = ORIENTED_EDGE('',*,*,#510,.T.);
#7426 = ORIENTED_EDGE('',*,*,#7427,.F.);
#7427 = EDGE_CURVE('',#7317,#502,#7428,.T.);
#7428 = B_SPLINE_CURVE_WITH_KNOTS('',1,(#7429,#7430),.UNSPECIFIED.,.F.,
  .F.,(2,2),(-0.,1.E-02),.PIECEWISE_BEZIER_KNOTS.);
#7429 = CARTESIAN_POINT('',(14.949631427878,-4.49489501968,2.6200001));
#7430 = CARTESIAN_POINT('',(14.949631427878,-4.49489501968,2.6100001));
#7431 = ORIENTED_EDGE('',*,*,#7314,.F.);
#7432 = ORIENTED_EDGE('',*,*,#7433,.T.);
#7433 = EDGE_CURVE('',#7315,#511,#7434,.T.);
#7434 = B_SPLINE_CURVE_WITH_KNOTS('',1,(#7435,#7436),.UNSPECIFIED.,.F.,
  .F.,(2,2),(-0.,1.E-02),.PIECEWISE_BEZIER_KNOTS.);
#7435 = CARTESIAN_POINT('',(15.078734702486,-4.833856100399,2.6200001));
#7436 = CARTESIAN_POINT('',(15.078734702486,-4.833856100399,2.6100001));
#7437 = B_SPLINE_SURFACE_WITH_KNOTS('',1,1,(
    (#7438,#7439)
    ,(#7440,#7441
    )),.UNSPECIFIED.,.F.,.F.,.F.,(2,2),(2,2),(0.,0.362715135825),(
    -1.E-02,0.),.PIECEWISE_BEZIER_KNOTS.);
#7438 = CARTESIAN_POINT('',(14.949631427878,-4.49489501968,2.6100001));
#7439 = CARTESIAN_POINT('',(14.949631427878,-4.49489501968,2.6200001));
#7440 = CARTESIAN_POINT('',(15.078734702486,-4.833856100399,2.6100001));
#7441 = CARTESIAN_POINT('',(15.078734702486,-4.833856100399,2.6200001));
#7442 = ADVANCED_FACE('',(#7443),#7453,.F.);
#7443 = FACE_BOUND('',#7444,.T.);
#7444 = EDGE_LOOP('',(#7445,#7446,#7451,#7452));
#7445 = ORIENTED_EDGE('',*,*,#501,.T.);
#7446 = ORIENTED_EDGE('',*,*,#7447,.F.);
#7447 = EDGE_CURVE('',#7324,#504,#7448,.T.);
#7448 = B_SPLINE_CURVE_WITH_KNOTS('',1,(#7449,#7450),.UNSPECIFIED.,.F.,
  .F.,(2,2),(-0.,1.E-02),.PIECEWISE_BEZIER_KNOTS.);
#7449 = CARTESIAN_POINT('',(14.902842321641,-4.49489501968,2.6200001));
#7450 = CARTESIAN_POINT('',(14.902842321641,-4.49489501968,2.6100001));
#7451 = ORIENTED_EDGE('',*,*,#7323,.F.);
#7452 = ORIENTED_EDGE('',*,*,#7427,.T.);
#7453 = B_SPLINE_SURFACE_WITH_KNOTS('',1,1,(
    (#7454,#7455)
    ,(#7456,#7457
    )),.UNSPECIFIED.,.F.,.F.,.F.,(2,2),(2,2),(0.,1.E-02),(0.,
    4.67891062364E-02),.PIECEWISE_BEZIER_KNOTS.);
#7454 = CARTESIAN_POINT('',(14.902842321641,-4.49489501968,2.6200001));
#7455 = CARTESIAN_POINT('',(14.949631427878,-4.49489501968,2.6200001));
#7456 = CARTESIAN_POINT('',(14.902842321641,-4.49489501968,2.6100001));
#7457 = CARTESIAN_POINT('',(14.949631427878,-4.49489501968,2.6100001));
#7458 = ADVANCED_FACE('',(#7459),#7469,.F.);
#7459 = FACE_BOUND('',#7460,.T.);
#7460 = EDGE_LOOP('',(#7461,#7462,#7467,#7468));
#7461 = ORIENTED_EDGE('',*,*,#552,.T.);
#7462 = ORIENTED_EDGE('',*,*,#7463,.F.);
#7463 = EDGE_CURVE('',#7331,#546,#7464,.T.);
#7464 = B_SPLINE_CURVE_WITH_KNOTS('',1,(#7465,#7466),.UNSPECIFIED.,.F.,
  .F.,(2,2),(-0.,1.E-02),.PIECEWISE_BEZIER_KNOTS.);
#7465 = CARTESIAN_POINT('',(14.773739047031,-4.833856100399,2.6200001));
#7466 = CARTESIAN_POINT('',(14.773739047031,-4.833856100399,2.6100001));
#7467 = ORIENTED_EDGE('',*,*,#7330,.F.);
#7468 = ORIENTED_EDGE('',*,*,#7447,.T.);
#7469 = B_SPLINE_SURFACE_WITH_KNOTS('',1,1,(
    (#7470,#7471)
    ,(#7472,#7473
    )),.UNSPECIFIED.,.F.,.F.,.F.,(2,2),(2,2),(0.,0.362715135826),(
    -1.E-02,0.),.PIECEWISE_BEZIER_KNOTS.);
#7470 = CARTESIAN_POINT('',(14.773739047031,-4.833856100399,2.6100001));
#7471 = CARTESIAN_POINT('',(14.773739047031,-4.833856100399,2.6200001));
#7472 = CARTESIAN_POINT('',(14.902842321641,-4.49489501968,2.6100001));
#7473 = CARTESIAN_POINT('',(14.902842321641,-4.49489501968,2.6200001));
#7474 = ADVANCED_FACE('',(#7475),#7485,.F.);
#7475 = FACE_BOUND('',#7476,.T.);
#7476 = EDGE_LOOP('',(#7477,#7478,#7483,#7484));
#7477 = ORIENTED_EDGE('',*,*,#545,.T.);
#7478 = ORIENTED_EDGE('',*,*,#7479,.F.);
#7479 = EDGE_CURVE('',#7338,#539,#7480,.T.);
#7480 = B_SPLINE_CURVE_WITH_KNOTS('',1,(#7481,#7482),.UNSPECIFIED.,.F.,
  .F.,(2,2),(-0.,1.E-02),.PIECEWISE_BEZIER_KNOTS.);
#7481 = CARTESIAN_POINT('',(14.82208779014,-4.833856100399,2.6200001));
#7482 = CARTESIAN_POINT('',(14.82208779014,-4.833856100399,2.6100001));
#7483 = ORIENTED_EDGE('',*,*,#7337,.F.);
#7484 = ORIENTED_EDGE('',*,*,#7463,.T.);
#7485 = B_SPLINE_SURFACE_WITH_KNOTS('',1,1,(
    (#7486,#7487)
    ,(#7488,#7489)),.UNSPECIFIED.,.F.,.F.,.F.,(2,2),(2,2),(-1.E-02,0.),(
    -4.834874310909E-02,0.),.PIECEWISE_BEZIER_KNOTS.);
#7486 = CARTESIAN_POINT('',(14.773739047031,-4.833856100399,2.6100001));
#7487 = CARTESIAN_POINT('',(14.82208779014,-4.833856100399,2.6100001));
#7488 = CARTESIAN_POINT('',(14.773739047031,-4.833856100399,2.6200001));
#7489 = CARTESIAN_POINT('',(14.82208779014,-4.833856100399,2.6200001));
#7490 = ADVANCED_FACE('',(#7491),#7501,.F.);
#7491 = FACE_BOUND('',#7492,.T.);
#7492 = EDGE_LOOP('',(#7493,#7494,#7499,#7500));
#7493 = ORIENTED_EDGE('',*,*,#538,.T.);
#7494 = ORIENTED_EDGE('',*,*,#7495,.F.);
#7495 = EDGE_CURVE('',#7345,#532,#7496,.T.);
#7496 = B_SPLINE_CURVE_WITH_KNOTS('',1,(#7497,#7498),.UNSPECIFIED.,.F.,
  .F.,(2,2),(-0.,1.E-02),.PIECEWISE_BEZIER_KNOTS.);
#7497 = CARTESIAN_POINT('',(14.854666871518,-4.741144352862,2.6200001));
#7498 = CARTESIAN_POINT('',(14.854666871518,-4.741144352862,2.6100001));
#7499 = ORIENTED_EDGE('',*,*,#7344,.F.);
#7500 = ORIENTED_EDGE('',*,*,#7479,.T.);
#7501 = B_SPLINE_SURFACE_WITH_KNOTS('',1,1,(
    (#7502,#7503)
    ,(#7504,#7505
    )),.UNSPECIFIED.,.F.,.F.,.F.,(2,2),(2,2),(-0.,9.826934758461E-02),(
    -1.E-02,0.),.PIECEWISE_BEZIER_KNOTS.);
#7502 = CARTESIAN_POINT('',(14.854666871518,-4.741144352862,2.6100001));
#7503 = CARTESIAN_POINT('',(14.854666871518,-4.741144352862,2.6200001));
#7504 = CARTESIAN_POINT('',(14.82208779014,-4.833856100399,2.6100001));
#7505 = CARTESIAN_POINT('',(14.82208779014,-4.833856100399,2.6200001));
#7506 = ADVANCED_FACE('',(#7507),#7517,.F.);
#7507 = FACE_BOUND('',#7508,.T.);
#7508 = EDGE_LOOP('',(#7509,#7510,#7515,#7516));
#7509 = ORIENTED_EDGE('',*,*,#531,.T.);
#7510 = ORIENTED_EDGE('',*,*,#7511,.F.);
#7511 = EDGE_CURVE('',#7352,#525,#7512,.T.);
#7512 = B_SPLINE_CURVE_WITH_KNOTS('',1,(#7513,#7514),.UNSPECIFIED.,.F.,
  .F.,(2,2),(-0.,1.E-02),.PIECEWISE_BEZIER_KNOTS.);
#7513 = CARTESIAN_POINT('',(14.995814008659,-4.741144352862,2.6200001));
#7514 = CARTESIAN_POINT('',(14.995814008659,-4.741144352862,2.6100001));
#7515 = ORIENTED_EDGE('',*,*,#7351,.F.);
#7516 = ORIENTED_EDGE('',*,*,#7495,.T.);
#7517 = B_SPLINE_SURFACE_WITH_KNOTS('',1,1,(
    (#7518,#7519)
    ,(#7520,#7521
    )),.UNSPECIFIED.,.F.,.F.,.F.,(2,2),(2,2),(-1.E-02,0.),(
    -0.141147137141,0.),.PIECEWISE_BEZIER_KNOTS.);
#7518 = CARTESIAN_POINT('',(14.854666871518,-4.741144352862,2.6100001));
#7519 = CARTESIAN_POINT('',(14.995814008659,-4.741144352862,2.6100001));
#7520 = CARTESIAN_POINT('',(14.854666871518,-4.741144352862,2.6200001));
#7521 = CARTESIAN_POINT('',(14.995814008659,-4.741144352862,2.6200001));
#7522 = ADVANCED_FACE('',(#7523),#7533,.F.);
#7523 = FACE_BOUND('',#7524,.T.);
#7524 = EDGE_LOOP('',(#7525,#7526,#7531,#7532));
#7525 = ORIENTED_EDGE('',*,*,#524,.T.);
#7526 = ORIENTED_EDGE('',*,*,#7527,.F.);
#7527 = EDGE_CURVE('',#7359,#518,#7528,.T.);
#7528 = B_SPLINE_CURVE_WITH_KNOTS('',1,(#7529,#7530),.UNSPECIFIED.,.F.,
  .F.,(2,2),(-0.,1.E-02),.PIECEWISE_BEZIER_KNOTS.);
#7529 = CARTESIAN_POINT('',(15.030385959379,-4.833856100399,2.6200001));
#7530 = CARTESIAN_POINT('',(15.030385959379,-4.833856100399,2.6100001));
#7531 = ORIENTED_EDGE('',*,*,#7358,.F.);
#7532 = ORIENTED_EDGE('',*,*,#7511,.T.);
#7533 = B_SPLINE_SURFACE_WITH_KNOTS('',1,1,(
    (#7534,#7535)
    ,(#7536,#7537
    )),.UNSPECIFIED.,.F.,.F.,.F.,(2,2),(2,2),(0.,9.894790502003E-02),(
    -1.E-02,0.),.PIECEWISE_BEZIER_KNOTS.);
#7534 = CARTESIAN_POINT('',(15.030385959379,-4.833856100399,2.6100001));
#7535 = CARTESIAN_POINT('',(15.030385959379,-4.833856100399,2.6200001));
#7536 = CARTESIAN_POINT('',(14.995814008659,-4.741144352862,2.6100001));
#7537 = CARTESIAN_POINT('',(14.995814008659,-4.741144352862,2.6200001));
#7538 = ADVANCED_FACE('',(#7539),#7545,.F.);
#7539 = FACE_BOUND('',#7540,.T.);
#7540 = EDGE_LOOP('',(#7541,#7542,#7543,#7544));
#7541 = ORIENTED_EDGE('',*,*,#517,.T.);
#7542 = ORIENTED_EDGE('',*,*,#7433,.F.);
#7543 = ORIENTED_EDGE('',*,*,#7365,.F.);
#7544 = ORIENTED_EDGE('',*,*,#7527,.T.);
#7545 = B_SPLINE_SURFACE_WITH_KNOTS('',1,1,(
    (#7546,#7547)
    ,(#7548,#7549)),.UNSPECIFIED.,.F.,.F.,.F.,(2,2),(2,2),(-1.E-02,0.),(
    -4.834874310678E-02,0.),.PIECEWISE_BEZIER_KNOTS.);
#7546 = CARTESIAN_POINT('',(15.030385959379,-4.833856100399,2.6100001));
#7547 = CARTESIAN_POINT('',(15.078734702486,-4.833856100399,2.6100001));
#7548 = CARTESIAN_POINT('',(15.030385959379,-4.833856100399,2.6200001));
#7549 = CARTESIAN_POINT('',(15.078734702486,-4.833856100399,2.6200001));
#7550 = ADVANCED_FACE('',(#7551),#7573,.T.);
#7551 = FACE_BOUND('',#7552,.T.);
#7552 = EDGE_LOOP('',(#7553,#7562,#7567,#7568));
#7553 = ORIENTED_EDGE('',*,*,#7554,.F.);
#7554 = EDGE_CURVE('',#7555,#7557,#7559,.T.);
#7555 = VERTEX_POINT('',#7556);
#7556 = CARTESIAN_POINT('',(14.868530310405,-4.702846602944,2.6100001));
#7557 = VERTEX_POINT('',#7558);
#7558 = CARTESIAN_POINT('',(14.982297155749,-4.702846602944,2.6100001));
#7559 = B_SPLINE_CURVE_WITH_KNOTS('',1,(#7560,#7561),.UNSPECIFIED.,.F.,
  .F.,(2,2),(1.7763568394E-15,0.113766845343),.PIECEWISE_BEZIER_KNOTS.);
#7560 = CARTESIAN_POINT('',(14.868530310405,-4.702846602944,2.6100001));
#7561 = CARTESIAN_POINT('',(14.982297155749,-4.702846602944,2.6100001));
#7562 = ORIENTED_EDGE('',*,*,#7563,.F.);
#7563 = EDGE_CURVE('',#7373,#7555,#7564,.T.);
#7564 = B_SPLINE_CURVE_WITH_KNOTS('',1,(#7565,#7566),.UNSPECIFIED.,.F.,
  .F.,(2,2),(-0.,1.E-02),.PIECEWISE_BEZIER_KNOTS.);
#7565 = CARTESIAN_POINT('',(14.868530310405,-4.702846602944,2.6200001));
#7566 = CARTESIAN_POINT('',(14.868530310405,-4.702846602944,2.6100001));
#7567 = ORIENTED_EDGE('',*,*,#7372,.T.);
#7568 = ORIENTED_EDGE('',*,*,#7569,.T.);
#7569 = EDGE_CURVE('',#7375,#7557,#7570,.T.);
#7570 = B_SPLINE_CURVE_WITH_KNOTS('',1,(#7571,#7572),.UNSPECIFIED.,.F.,
  .F.,(2,2),(-0.,1.E-02),.PIECEWISE_BEZIER_KNOTS.);
#7571 = CARTESIAN_POINT('',(14.982297155749,-4.702846602944,2.6200001));
#7572 = CARTESIAN_POINT('',(14.982297155749,-4.702846602944,2.6100001));
#7573 = B_SPLINE_SURFACE_WITH_KNOTS('',1,1,(
    (#7574,#7575)
    ,(#7576,#7577
    )),.UNSPECIFIED.,.F.,.F.,.F.,(2,2),(2,2),(-1.E-02,0.),(0.,
    0.113766845343),.PIECEWISE_BEZIER_KNOTS.);
#7574 = CARTESIAN_POINT('',(14.868530310405,-4.702846602944,2.6100001));
#7575 = CARTESIAN_POINT('',(14.982297155749,-4.702846602944,2.6100001));
#7576 = CARTESIAN_POINT('',(14.868530310405,-4.702846602944,2.6200001));
#7577 = CARTESIAN_POINT('',(14.982297155749,-4.702846602944,2.6200001));
#7578 = ADVANCED_FACE('',(#7579),#7595,.T.);
#7579 = FACE_BOUND('',#7580,.T.);
#7580 = EDGE_LOOP('',(#7581,#7588,#7589,#7590));
#7581 = ORIENTED_EDGE('',*,*,#7582,.F.);
#7582 = EDGE_CURVE('',#7557,#7583,#7585,.T.);
#7583 = VERTEX_POINT('',#7584);
#7584 = CARTESIAN_POINT('',(14.931089078368,-4.561959405282,2.6100001));
#7585 = B_SPLINE_CURVE_WITH_KNOTS('',1,(#7586,#7587),.UNSPECIFIED.,.F.,
  .F.,(2,2),(-8.347491957873E-16,0.14990486868),
  .PIECEWISE_BEZIER_KNOTS.);
#7586 = CARTESIAN_POINT('',(14.982297155749,-4.702846602944,2.6100001));
#7587 = CARTESIAN_POINT('',(14.931089078368,-4.561959405282,2.6100001));
#7588 = ORIENTED_EDGE('',*,*,#7569,.F.);
#7589 = ORIENTED_EDGE('',*,*,#7413,.T.);
#7590 = ORIENTED_EDGE('',*,*,#7591,.T.);
#7591 = EDGE_CURVE('',#7405,#7583,#7592,.T.);
#7592 = B_SPLINE_CURVE_WITH_KNOTS('',1,(#7593,#7594),.UNSPECIFIED.,.F.,
  .F.,(2,2),(-0.,1.E-02),.PIECEWISE_BEZIER_KNOTS.);
#7593 = CARTESIAN_POINT('',(14.931089078368,-4.561959405282,2.6200001));
#7594 = CARTESIAN_POINT('',(14.931089078368,-4.561959405282,2.6100001));
#7595 = B_SPLINE_SURFACE_WITH_KNOTS('',1,1,(
    (#7596,#7597)
    ,(#7598,#7599
    )),.UNSPECIFIED.,.F.,.F.,.F.,(2,2),(2,2),(-0.14990486868,
    8.347491957873E-16),(-1.E-02,0.),.PIECEWISE_BEZIER_KNOTS.);
#7596 = CARTESIAN_POINT('',(14.931089078368,-4.561959405282,2.6100001));
#7597 = CARTESIAN_POINT('',(14.931089078368,-4.561959405282,2.6200001));
#7598 = CARTESIAN_POINT('',(14.982297155749,-4.702846602944,2.6100001));
#7599 = CARTESIAN_POINT('',(14.982297155749,-4.702846602944,2.6200001));
#7600 = ADVANCED_FACE('',(#7601),#7619,.T.);
#7601 = FACE_BOUND('',#7602,.T.);
#7602 = EDGE_LOOP('',(#7603,#7612,#7613,#7614));
#7603 = ORIENTED_EDGE('',*,*,#7604,.F.);
#7604 = EDGE_CURVE('',#7583,#7605,#7607,.T.);
#7605 = VERTEX_POINT('',#7606);
#7606 = CARTESIAN_POINT('',(14.925803642295,-4.538218266194,2.6100001));
#7607 = B_SPLINE_CURVE_WITH_KNOTS('',3,(#7608,#7609,#7610,#7611),
  .UNSPECIFIED.,.F.,.F.,(4,4),(1.,2.),.PIECEWISE_BEZIER_KNOTS.);
#7608 = CARTESIAN_POINT('',(14.931089078368,-4.561959405282,2.6100001));
#7609 = CARTESIAN_POINT('',(14.929442795003,-4.557280494659,2.6100001));
#7610 = CARTESIAN_POINT('',(14.927709865139,-4.549482310286,2.6100001));
#7611 = CARTESIAN_POINT('',(14.925803642295,-4.538218266194,2.6100001));
#7612 = ORIENTED_EDGE('',*,*,#7591,.F.);
#7613 = ORIENTED_EDGE('',*,*,#7404,.T.);
#7614 = ORIENTED_EDGE('',*,*,#7615,.T.);
#7615 = EDGE_CURVE('',#7398,#7605,#7616,.T.);
#7616 = B_SPLINE_CURVE_WITH_KNOTS('',1,(#7617,#7618),.UNSPECIFIED.,.F.,
  .F.,(2,2),(-0.,1.E-02),.PIECEWISE_BEZIER_KNOTS.);
#7617 = CARTESIAN_POINT('',(14.925803642295,-4.538218266194,2.6200001));
#7618 = CARTESIAN_POINT('',(14.925803642295,-4.538218266194,2.6100001));
#7619 = B_SPLINE_SURFACE_WITH_KNOTS('',3,1,(
    (#7620,#7621)
    ,(#7622,#7623)
    ,(#7624,#7625)
    ,(#7626,#7627
    )),.UNSPECIFIED.,.F.,.F.,.F.,(4,4),(2,2),(1.,2.),(0.,1.),
  .PIECEWISE_BEZIER_KNOTS.);
#7620 = CARTESIAN_POINT('',(14.931089078368,-4.561959405282,2.6200001));
#7621 = CARTESIAN_POINT('',(14.931089078368,-4.561959405282,2.6100001));
#7622 = CARTESIAN_POINT('',(14.929442795003,-4.557280494659,2.6200001));
#7623 = CARTESIAN_POINT('',(14.929442795003,-4.557280494659,2.6100001));
#7624 = CARTESIAN_POINT('',(14.927709865139,-4.549482310286,2.6200001));
#7625 = CARTESIAN_POINT('',(14.927709865139,-4.549482310286,2.6100001));
#7626 = CARTESIAN_POINT('',(14.925803642295,-4.538218266194,2.6200001));
#7627 = CARTESIAN_POINT('',(14.925803642295,-4.538218266194,2.6100001));
#7628 = ADVANCED_FACE('',(#7629),#7645,.T.);
#7629 = FACE_BOUND('',#7630,.T.);
#7630 = EDGE_LOOP('',(#7631,#7638,#7639,#7640));
#7631 = ORIENTED_EDGE('',*,*,#7632,.F.);
#7632 = EDGE_CURVE('',#7605,#7633,#7635,.T.);
#7633 = VERTEX_POINT('',#7634);
#7634 = CARTESIAN_POINT('',(14.924763884378,-4.538218266194,2.6100001));
#7635 = B_SPLINE_CURVE_WITH_KNOTS('',1,(#7636,#7637),.UNSPECIFIED.,.F.,
  .F.,(2,2),(0.,1.039757917445E-03),.PIECEWISE_BEZIER_KNOTS.);
#7636 = CARTESIAN_POINT('',(14.925803642295,-4.538218266194,2.6100001));
#7637 = CARTESIAN_POINT('',(14.924763884378,-4.538218266194,2.6100001));
#7638 = ORIENTED_EDGE('',*,*,#7615,.F.);
#7639 = ORIENTED_EDGE('',*,*,#7397,.T.);
#7640 = ORIENTED_EDGE('',*,*,#7641,.T.);
#7641 = EDGE_CURVE('',#7389,#7633,#7642,.T.);
#7642 = B_SPLINE_CURVE_WITH_KNOTS('',1,(#7643,#7644),.UNSPECIFIED.,.F.,
  .F.,(2,2),(-0.,1.E-02),.PIECEWISE_BEZIER_KNOTS.);
#7643 = CARTESIAN_POINT('',(14.924763884378,-4.538218266194,2.6200001));
#7644 = CARTESIAN_POINT('',(14.924763884378,-4.538218266194,2.6100001));
#7645 = B_SPLINE_SURFACE_WITH_KNOTS('',1,1,(
    (#7646,#7647)
    ,(#7648,#7649)),.UNSPECIFIED.,.F.,.F.,.F.,(2,2),(2,2),(0.,1.E-02),(
    -1.039757917445E-03,0.),.PIECEWISE_BEZIER_KNOTS.);
#7646 = CARTESIAN_POINT('',(14.924763884378,-4.538218266194,2.6200001));
#7647 = CARTESIAN_POINT('',(14.925803642295,-4.538218266194,2.6200001));
#7648 = CARTESIAN_POINT('',(14.924763884378,-4.538218266194,2.6100001));
#7649 = CARTESIAN_POINT('',(14.925803642295,-4.538218266194,2.6100001));
#7650 = ADVANCED_FACE('',(#7651),#7669,.T.);
#7651 = FACE_BOUND('',#7652,.T.);
#7652 = EDGE_LOOP('',(#7653,#7662,#7663,#7664));
#7653 = ORIENTED_EDGE('',*,*,#7654,.F.);
#7654 = EDGE_CURVE('',#7633,#7655,#7657,.T.);
#7655 = VERTEX_POINT('',#7656);
#7656 = CARTESIAN_POINT('',(14.919218508823,-4.561959405282,2.6100001));
#7657 = B_SPLINE_CURVE_WITH_KNOTS('',3,(#7658,#7659,#7660,#7661),
  .UNSPECIFIED.,.F.,.F.,(4,4),(3.,4.),.PIECEWISE_BEZIER_KNOTS.);
#7658 = CARTESIAN_POINT('',(14.924763884378,-4.538218266194,2.6100001));
#7659 = CARTESIAN_POINT('',(14.92311760101,-4.548442552371,2.6100001));
#7660 = CARTESIAN_POINT('',(14.921298024658,-4.55641402973,2.6100001));
#7661 = CARTESIAN_POINT('',(14.919218508823,-4.561959405282,2.6100001));
#7662 = ORIENTED_EDGE('',*,*,#7641,.F.);
#7663 = ORIENTED_EDGE('',*,*,#7388,.T.);
#7664 = ORIENTED_EDGE('',*,*,#7665,.T.);
#7665 = EDGE_CURVE('',#7382,#7655,#7666,.T.);
#7666 = B_SPLINE_CURVE_WITH_KNOTS('',1,(#7667,#7668),.UNSPECIFIED.,.F.,
  .F.,(2,2),(-0.,1.E-02),.PIECEWISE_BEZIER_KNOTS.);
#7667 = CARTESIAN_POINT('',(14.919218508823,-4.561959405282,2.6200001));
#7668 = CARTESIAN_POINT('',(14.919218508823,-4.561959405282,2.6100001));
#7669 = B_SPLINE_SURFACE_WITH_KNOTS('',3,1,(
    (#7670,#7671)
    ,(#7672,#7673)
    ,(#7674,#7675)
    ,(#7676,#7677
    )),.UNSPECIFIED.,.F.,.F.,.F.,(4,4),(2,2),(3.,4.),(0.,1.),
  .PIECEWISE_BEZIER_KNOTS.);
#7670 = CARTESIAN_POINT('',(14.924763884378,-4.538218266194,2.6200001));
#7671 = CARTESIAN_POINT('',(14.924763884378,-4.538218266194,2.6100001));
#7672 = CARTESIAN_POINT('',(14.92311760101,-4.548442552371,2.6200001));
#7673 = CARTESIAN_POINT('',(14.92311760101,-4.548442552371,2.6100001));
#7674 = CARTESIAN_POINT('',(14.921298024658,-4.55641402973,2.6200001));
#7675 = CARTESIAN_POINT('',(14.921298024658,-4.55641402973,2.6100001));
#7676 = CARTESIAN_POINT('',(14.919218508823,-4.561959405282,2.6200001));
#7677 = CARTESIAN_POINT('',(14.919218508823,-4.561959405282,2.6100001));
#7678 = ADVANCED_FACE('',(#7679),#7689,.T.);
#7679 = FACE_BOUND('',#7680,.T.);
#7680 = EDGE_LOOP('',(#7681,#7686,#7687,#7688));
#7681 = ORIENTED_EDGE('',*,*,#7682,.F.);
#7682 = EDGE_CURVE('',#7655,#7555,#7683,.T.);
#7683 = B_SPLINE_CURVE_WITH_KNOTS('',1,(#7684,#7685),.UNSPECIFIED.,.F.,
  .F.,(2,2),(0.,0.149728073266),.PIECEWISE_BEZIER_KNOTS.);
#7684 = CARTESIAN_POINT('',(14.919218508823,-4.561959405282,2.6100001));
#7685 = CARTESIAN_POINT('',(14.868530310405,-4.702846602944,2.6100001));
#7686 = ORIENTED_EDGE('',*,*,#7665,.F.);
#7687 = ORIENTED_EDGE('',*,*,#7381,.T.);
#7688 = ORIENTED_EDGE('',*,*,#7563,.T.);
#7689 = B_SPLINE_SURFACE_WITH_KNOTS('',1,1,(
    (#7690,#7691)
    ,(#7692,#7693
    )),.UNSPECIFIED.,.F.,.F.,.F.,(2,2),(2,2),(-0.149728073266,
    6.013590235477E-16),(-1.E-02,0.),.PIECEWISE_BEZIER_KNOTS.);
#7690 = CARTESIAN_POINT('',(14.868530310405,-4.702846602944,2.6100001));
#7691 = CARTESIAN_POINT('',(14.868530310405,-4.702846602944,2.6200001));
#7692 = CARTESIAN_POINT('',(14.919218508823,-4.561959405282,2.6100001));
#7693 = CARTESIAN_POINT('',(14.919218508823,-4.561959405282,2.6200001));
#7694 = ADVANCED_FACE('',(#7695),#7703,.T.);
#7695 = FACE_BOUND('',#7696,.T.);
#7696 = EDGE_LOOP('',(#7697,#7698,#7699,#7700,#7701,#7702));
#7697 = ORIENTED_EDGE('',*,*,#7554,.T.);
#7698 = ORIENTED_EDGE('',*,*,#7582,.T.);
#7699 = ORIENTED_EDGE('',*,*,#7604,.T.);
#7700 = ORIENTED_EDGE('',*,*,#7632,.T.);
#7701 = ORIENTED_EDGE('',*,*,#7654,.T.);
#7702 = ORIENTED_EDGE('',*,*,#7682,.T.);
#7703 = B_SPLINE_SURFACE_WITH_KNOTS('',1,1,(
    (#7704,#7705)
    ,(#7706,#7707
    )),.UNSPECIFIED.,.F.,.F.,.F.,(2,2),(2,2),(14.868530310405,
    14.982297155749),(-4.702846602944,-4.538218266194),
  .PIECEWISE_BEZIER_KNOTS.);
#7704 = CARTESIAN_POINT('',(14.868530310405,-4.702846602944,2.6100001));
#7705 = CARTESIAN_POINT('',(14.868530310405,-4.538218266194,2.6100001));
#7706 = CARTESIAN_POINT('',(14.982297155749,-4.702846602944,2.6100001));
#7707 = CARTESIAN_POINT('',(14.982297155749,-4.538218266194,2.6100001));
#7708 = ADVANCED_FACE('',(#7709,#7998),#8023,.F.);
#7709 = FACE_BOUND('',#7710,.T.);
#7710 = EDGE_LOOP('',(#7711,#7722,#7731,#7740,#7749,#7758,#7767,#7776,
    #7785,#7794,#7803,#7812,#7821,#7830,#7837,#7844,#7851,#7860,#7869,
    #7878,#7887,#7896,#7905,#7914,#7923,#7932,#7941,#7948,#7957,#7966,
    #7975,#7982,#7991));
#7711 = ORIENTED_EDGE('',*,*,#7712,.T.);
#7712 = EDGE_CURVE('',#7713,#7715,#7717,.T.);
#7713 = VERTEX_POINT('',#7714);
#7714 = CARTESIAN_POINT('',(13.016301042143,-4.497634666335,2.6200001));
#7715 = VERTEX_POINT('',#7716);
#7716 = CARTESIAN_POINT('',(12.777713214158,-4.181927550165,2.6200001));
#7717 = B_SPLINE_CURVE_WITH_KNOTS('',3,(#7718,#7719,#7720,#7721),
  .UNSPECIFIED.,.F.,.F.,(4,4),(35.,36.),.PIECEWISE_BEZIER_KNOTS.);
#7718 = CARTESIAN_POINT('',(13.016301042143,-4.497634666335,2.6200001));
#7719 = CARTESIAN_POINT('',(13.013891100298,-4.353036041211,2.6200001));
#7720 = CARTESIAN_POINT('',(12.915081921815,-4.225307146897,2.6200001));
#7721 = CARTESIAN_POINT('',(12.777713214158,-4.181927550165,2.6200001));
#7722 = ORIENTED_EDGE('',*,*,#7723,.T.);
#7723 = EDGE_CURVE('',#7715,#7724,#7726,.T.);
#7724 = VERTEX_POINT('',#7725);
#7725 = CARTESIAN_POINT('',(12.647574332033,-3.991539237077,2.6200001));
#7726 = B_SPLINE_CURVE_WITH_KNOTS('',3,(#7727,#7728,#7729,#7730),
  .UNSPECIFIED.,.F.,.F.,(4,4),(0.,1.),.PIECEWISE_BEZIER_KNOTS.);
#7727 = CARTESIAN_POINT('',(12.777713214158,-4.181927550165,2.6200001));
#7728 = CARTESIAN_POINT('',(12.751203486138,-4.109628191639,2.6200001));
#7729 = CARTESIAN_POINT('',(12.70541385563,-4.044558773558,2.6200001));
#7730 = CARTESIAN_POINT('',(12.647574332033,-3.991539237077,2.6200001));
#7731 = ORIENTED_EDGE('',*,*,#7732,.T.);
#7732 = EDGE_CURVE('',#7724,#7733,#7735,.T.);
#7733 = VERTEX_POINT('',#7734);
#7734 = CARTESIAN_POINT('',(12.319817276809,-3.866220342064,2.6200001));
#7735 = B_SPLINE_CURVE_WITH_KNOTS('',3,(#7736,#7737,#7738,#7739),
  .UNSPECIFIED.,.F.,.F.,(4,4),(1.,2.),.PIECEWISE_BEZIER_KNOTS.);
#7736 = CARTESIAN_POINT('',(12.647574332033,-3.991539237077,2.6200001));
#7737 = CARTESIAN_POINT('',(12.55599516295,-3.912009935224,2.6200001));
#7738 = CARTESIAN_POINT('',(12.44031620769,-3.866220342064,2.6200001));
#7739 = CARTESIAN_POINT('',(12.319817276809,-3.866220342064,2.6200001));
#7740 = ORIENTED_EDGE('',*,*,#7741,.T.);
#7741 = EDGE_CURVE('',#7733,#7742,#7744,.T.);
#7742 = VERTEX_POINT('',#7743);
#7743 = CARTESIAN_POINT('',(12.030619842695,-3.960209510451,2.6200001));
#7744 = B_SPLINE_CURVE_WITH_KNOTS('',3,(#7745,#7746,#7747,#7748),
  .UNSPECIFIED.,.F.,.F.,(4,4),(2.,3.),.PIECEWISE_BEZIER_KNOTS.);
#7745 = CARTESIAN_POINT('',(12.319817276809,-3.866220342064,2.6200001));
#7746 = CARTESIAN_POINT('',(12.213778226828,-3.866220342064,2.6200001));
#7747 = CARTESIAN_POINT('',(12.114969094312,-3.899960042136,2.6200001));
#7748 = CARTESIAN_POINT('',(12.030619842695,-3.960209510451,2.6200001));
#7749 = ORIENTED_EDGE('',*,*,#7750,.T.);
#7750 = EDGE_CURVE('',#7742,#7751,#7753,.T.);
#7751 = VERTEX_POINT('',#7752);
#7752 = CARTESIAN_POINT('',(11.924580792713,-4.066248571923,2.6200001));
#7753 = B_SPLINE_CURVE_WITH_KNOTS('',3,(#7754,#7755,#7756,#7757),
  .UNSPECIFIED.,.F.,.F.,(4,4),(3.,4.),.PIECEWISE_BEZIER_KNOTS.);
#7754 = CARTESIAN_POINT('',(12.030619842695,-3.960209510451,2.6200001));
#7755 = CARTESIAN_POINT('',(11.989650187808,-3.989129260757,2.6200001));
#7756 = CARTESIAN_POINT('',(11.955910496355,-4.02527894002,2.6200001));
#7757 = CARTESIAN_POINT('',(11.924580792713,-4.066248571923,2.6200001));
#7758 = ORIENTED_EDGE('',*,*,#7759,.T.);
#7759 = EDGE_CURVE('',#7751,#7760,#7762,.T.);
#7760 = VERTEX_POINT('',#7761);
#7761 = CARTESIAN_POINT('',(11.869151302894,-4.061428619285,2.6200001));
#7762 = B_SPLINE_CURVE_WITH_KNOTS('',3,(#7763,#7764,#7765,#7766),
  .UNSPECIFIED.,.F.,.F.,(4,4),(4.,5.),.PIECEWISE_BEZIER_KNOTS.);
#7763 = CARTESIAN_POINT('',(11.924580792713,-4.066248571923,2.6200001));
#7764 = CARTESIAN_POINT('',(11.905300982158,-4.063838584112,2.6200001));
#7765 = CARTESIAN_POINT('',(11.888431113449,-4.061428619285,2.6200001));
#7766 = CARTESIAN_POINT('',(11.869151302894,-4.061428619285,2.6200001));
#7767 = ORIENTED_EDGE('',*,*,#7768,.T.);
#7768 = EDGE_CURVE('',#7760,#7769,#7771,.T.);
#7769 = VERTEX_POINT('',#7770);
#7770 = CARTESIAN_POINT('',(11.592003761868,-4.177107597528,2.6200001));
#7771 = B_SPLINE_CURVE_WITH_KNOTS('',3,(#7772,#7773,#7774,#7775),
  .UNSPECIFIED.,.F.,.F.,(4,4),(5.,6.),.PIECEWISE_BEZIER_KNOTS.);
#7772 = CARTESIAN_POINT('',(11.869151302894,-4.061428619285,2.6200001));
#7773 = CARTESIAN_POINT('',(11.76552221774,-4.061428619285,2.6200001));
#7774 = CARTESIAN_POINT('',(11.666713108207,-4.102398251186,2.6200001));
#7775 = CARTESIAN_POINT('',(11.592003761868,-4.177107597528,2.6200001));
#7776 = ORIENTED_EDGE('',*,*,#7777,.T.);
#7777 = EDGE_CURVE('',#7769,#7778,#7780,.T.);
#7778 = VERTEX_POINT('',#7779);
#7779 = CARTESIAN_POINT('',(11.478734702486,-4.451845127759,2.6200001));
#7780 = B_SPLINE_CURVE_WITH_KNOTS('',3,(#7781,#7782,#7783,#7784),
  .UNSPECIFIED.,.F.,.F.,(4,4),(6.,7.),.PIECEWISE_BEZIER_KNOTS.);
#7781 = CARTESIAN_POINT('',(11.592003761868,-4.177107597528,2.6200001));
#7782 = CARTESIAN_POINT('',(11.519704340135,-4.249406933073,2.6200001));
#7783 = CARTESIAN_POINT('',(11.478734702486,-4.34821606559,2.6200001));
#7784 = CARTESIAN_POINT('',(11.478734702486,-4.451845127759,2.6200001));
#7785 = ORIENTED_EDGE('',*,*,#7786,.T.);
#7786 = EDGE_CURVE('',#7778,#7787,#7789,.T.);
#7787 = VERTEX_POINT('',#7788);
#7788 = CARTESIAN_POINT('',(11.57995379983,-4.714532741921,2.6200001));
#7789 = B_SPLINE_CURVE_WITH_KNOTS('',3,(#7790,#7791,#7792,#7793),
  .UNSPECIFIED.,.F.,.F.,(4,4),(7.,8.),.PIECEWISE_BEZIER_KNOTS.);
#7790 = CARTESIAN_POINT('',(11.478734702486,-4.451845127759,2.6200001));
#7791 = CARTESIAN_POINT('',(11.478734702486,-4.548244272465,2.6200001));
#7792 = CARTESIAN_POINT('',(11.51488438175,-4.642233475325,2.6200001));
#7793 = CARTESIAN_POINT('',(11.57995379983,-4.714532741921,2.6200001));
#7794 = ORIENTED_EDGE('',*,*,#7795,.T.);
#7795 = EDGE_CURVE('',#7787,#7796,#7798,.T.);
#7796 = VERTEX_POINT('',#7797);
#7797 = CARTESIAN_POINT('',(11.772752089239,-4.83021169718,2.6200001));
#7798 = B_SPLINE_CURVE_WITH_KNOTS('',3,(#7799,#7800,#7801,#7802),
  .UNSPECIFIED.,.F.,.F.,(4,4),(8.,9.),.PIECEWISE_BEZIER_KNOTS.);
#7799 = CARTESIAN_POINT('',(11.57995379983,-4.714532741921,2.6200001));
#7800 = CARTESIAN_POINT('',(11.63297332482,-4.772372265518,2.6200001));
#7801 = CARTESIAN_POINT('',(11.698042765883,-4.810931886625,2.6200001));
#7802 = CARTESIAN_POINT('',(11.772752089239,-4.83021169718,2.6200001));
#7803 = ORIENTED_EDGE('',*,*,#7804,.T.);
#7804 = EDGE_CURVE('',#7796,#7805,#7807,.T.);
#7805 = VERTEX_POINT('',#7806);
#7806 = CARTESIAN_POINT('',(12.001700080897,-4.994090224792,2.6200001));
#7807 = B_SPLINE_CURVE_WITH_KNOTS('',3,(#7808,#7809,#7810,#7811),
  .UNSPECIFIED.,.F.,.F.,(4,4),(9.,10.),.PIECEWISE_BEZIER_KNOTS.);
#7808 = CARTESIAN_POINT('',(11.772752089239,-4.83021169718,2.6200001));
#7809 = CARTESIAN_POINT('',(11.804081815864,-4.926610841886,2.6200001));
#7810 = CARTESIAN_POINT('',(11.895660984948,-4.994090224792,2.6200001));
#7811 = CARTESIAN_POINT('',(12.001700080897,-4.994090224792,2.6200001));
#7812 = ORIENTED_EDGE('',*,*,#7813,.T.);
#7813 = EDGE_CURVE('',#7805,#7814,#7816,.T.);
#7814 = VERTEX_POINT('',#7815);
#7815 = CARTESIAN_POINT('',(12.24269794266,-4.75309236303,2.6200001));
#7816 = B_SPLINE_CURVE_WITH_KNOTS('',3,(#7817,#7818,#7819,#7820),
  .UNSPECIFIED.,.F.,.F.,(4,4),(10.,11.),.PIECEWISE_BEZIER_KNOTS.);
#7817 = CARTESIAN_POINT('',(12.001700080897,-4.994090224792,2.6200001));
#7818 = CARTESIAN_POINT('',(12.134248904866,-4.994090224792,2.6200001));
#7819 = CARTESIAN_POINT('',(12.24269794266,-4.885641187,2.6200001));
#7820 = CARTESIAN_POINT('',(12.24269794266,-4.75309236303,2.6200001));
#7821 = ORIENTED_EDGE('',*,*,#7822,.T.);
#7822 = EDGE_CURVE('',#7814,#7823,#7825,.T.);
#7823 = VERTEX_POINT('',#7824);
#7824 = CARTESIAN_POINT('',(12.24269794266,-4.728992576852,2.6200001));
#7825 = B_SPLINE_CURVE_WITH_KNOTS('',3,(#7826,#7827,#7828,#7829),
  .UNSPECIFIED.,.F.,.F.,(4,4),(11.,12.),.PIECEWISE_BEZIER_KNOTS.);
#7826 = CARTESIAN_POINT('',(12.24269794266,-4.75309236303,2.6200001));
#7827 = CARTESIAN_POINT('',(12.24269794266,-4.745862445563,2.6200001));
#7828 = CARTESIAN_POINT('',(12.24269794266,-4.738632528096,2.6200001));
#7829 = CARTESIAN_POINT('',(12.24269794266,-4.728992576852,2.6200001));
#7830 = ORIENTED_EDGE('',*,*,#7831,.T.);
#7831 = EDGE_CURVE('',#7823,#7832,#7834,.T.);
#7832 = VERTEX_POINT('',#7833);
#7833 = CARTESIAN_POINT('',(12.580094949127,-4.550654168342,2.6200001));
#7834 = B_SPLINE_CURVE_WITH_KNOTS('',1,(#7835,#7836),.UNSPECIFIED.,.F.,
  .F.,(2,2),(0.,0.381629831018),.PIECEWISE_BEZIER_KNOTS.);
#7835 = CARTESIAN_POINT('',(12.24269794266,-4.728992576852,2.6200001));
#7836 = CARTESIAN_POINT('',(12.580094949127,-4.550654168342,2.6200001));
#7837 = ORIENTED_EDGE('',*,*,#7838,.T.);
#7838 = EDGE_CURVE('',#7832,#7839,#7841,.T.);
#7839 = VERTEX_POINT('',#7840);
#7840 = CARTESIAN_POINT('',(12.505385648753,-4.422925274029,2.6200001));
#7841 = B_SPLINE_CURVE_WITH_KNOTS('',1,(#7842,#7843),.UNSPECIFIED.,.F.,
  .F.,(2,2),(0.,0.147973477369),.PIECEWISE_BEZIER_KNOTS.);
#7842 = CARTESIAN_POINT('',(12.580094949127,-4.550654168342,2.6200001));
#7843 = CARTESIAN_POINT('',(12.505385648753,-4.422925274029,2.6200001));
#7844 = ORIENTED_EDGE('',*,*,#7845,.T.);
#7845 = EDGE_CURVE('',#7839,#7846,#7848,.T.);
#7846 = VERTEX_POINT('',#7847);
#7847 = CARTESIAN_POINT('',(12.182448523186,-4.591623777262,2.6200001));
#7848 = B_SPLINE_CURVE_WITH_KNOTS('',1,(#7849,#7850),.UNSPECIFIED.,.F.,
  .F.,(2,2),(0.,0.364345402143),.PIECEWISE_BEZIER_KNOTS.);
#7849 = CARTESIAN_POINT('',(12.505385648753,-4.422925274029,2.6200001));
#7850 = CARTESIAN_POINT('',(12.182448523186,-4.591623777262,2.6200001));
#7851 = ORIENTED_EDGE('',*,*,#7852,.T.);
#7852 = EDGE_CURVE('',#7846,#7853,#7855,.T.);
#7853 = VERTEX_POINT('',#7854);
#7854 = CARTESIAN_POINT('',(12.001700126864,-4.509684513456,2.6200001));
#7855 = B_SPLINE_CURVE_WITH_KNOTS('',3,(#7856,#7857,#7858,#7859),
  .UNSPECIFIED.,.F.,.F.,(4,4),(15.,16.),.PIECEWISE_BEZIER_KNOTS.);
#7856 = CARTESIAN_POINT('',(12.182448523186,-4.591623777262,2.6200001));
#7857 = CARTESIAN_POINT('',(12.139068926454,-4.541014217098,2.6200001));
#7858 = CARTESIAN_POINT('',(12.073999485393,-4.509684513456,2.6200001));
#7859 = CARTESIAN_POINT('',(12.001700126864,-4.509684513456,2.6200001));
#7860 = ORIENTED_EDGE('',*,*,#7861,.T.);
#7861 = EDGE_CURVE('',#7853,#7862,#7864,.T.);
#7862 = VERTEX_POINT('',#7863);
#7863 = CARTESIAN_POINT('',(11.775162146,-4.668743111411,2.6200001));
#7864 = B_SPLINE_CURVE_WITH_KNOTS('',3,(#7865,#7866,#7867,#7868),
  .UNSPECIFIED.,.F.,.F.,(4,4),(16.,17.),.PIECEWISE_BEZIER_KNOTS.);
#7865 = CARTESIAN_POINT('',(12.001700126864,-4.509684513456,2.6200001));
#7866 = CARTESIAN_POINT('',(11.898071018726,-4.509684513456,2.6200001));
#7867 = CARTESIAN_POINT('',(11.808901837454,-4.577163896361,2.6200001));
#7868 = CARTESIAN_POINT('',(11.775162146,-4.668743111411,2.6200001));
#7869 = ORIENTED_EDGE('',*,*,#7870,.T.);
#7870 = EDGE_CURVE('',#7862,#7871,#7873,.T.);
#7871 = VERTEX_POINT('',#7872);
#7872 = CARTESIAN_POINT('',(11.630563428943,-4.447025060204,2.6200001));
#7873 = B_SPLINE_CURVE_WITH_KNOTS('',3,(#7874,#7875,#7876,#7877),
  .UNSPECIFIED.,.F.,.F.,(4,4),(17.,18.),.PIECEWISE_BEZIER_KNOTS.);
#7874 = CARTESIAN_POINT('',(11.775162146,-4.668743111411,2.6200001));
#7875 = CARTESIAN_POINT('',(11.690812894384,-4.630183444338,2.6200001));
#7876 = CARTESIAN_POINT('',(11.630563428943,-4.545834192721,2.6200001));
#7877 = CARTESIAN_POINT('',(11.630563428943,-4.447025060204,2.6200001));
#7878 = ORIENTED_EDGE('',*,*,#7879,.T.);
#7879 = EDGE_CURVE('',#7871,#7880,#7882,.T.);
#7880 = VERTEX_POINT('',#7881);
#7881 = CARTESIAN_POINT('',(11.871561290705,-4.206027198443,2.6200001));
#7882 = B_SPLINE_CURVE_WITH_KNOTS('',3,(#7883,#7884,#7885,#7886),
  .UNSPECIFIED.,.F.,.F.,(4,4),(18.,19.),.PIECEWISE_BEZIER_KNOTS.);
#7883 = CARTESIAN_POINT('',(11.630563428943,-4.447025060204,2.6200001));
#7884 = CARTESIAN_POINT('',(11.630563428943,-4.314476236235,2.6200001));
#7885 = CARTESIAN_POINT('',(11.739012466736,-4.206027198443,2.6200001));
#7886 = CARTESIAN_POINT('',(11.871561290705,-4.206027198443,2.6200001));
#7887 = ORIENTED_EDGE('',*,*,#7888,.T.);
#7888 = EDGE_CURVE('',#7880,#7889,#7891,.T.);
#7889 = VERTEX_POINT('',#7890);
#7890 = CARTESIAN_POINT('',(11.999290139052,-4.242176877708,2.6200001));
#7891 = B_SPLINE_CURVE_WITH_KNOTS('',3,(#7892,#7893,#7894,#7895),
  .UNSPECIFIED.,.F.,.F.,(4,4),(19.,20.),.PIECEWISE_BEZIER_KNOTS.);
#7892 = CARTESIAN_POINT('',(11.871561290705,-4.206027198443,2.6200001));
#7893 = CARTESIAN_POINT('',(11.917350875247,-4.206027198443,2.6200001));
#7894 = CARTESIAN_POINT('',(11.963140459789,-4.220487079341,2.6200001));
#7895 = CARTESIAN_POINT('',(11.999290139052,-4.242176877708,2.6200001));
#7896 = ORIENTED_EDGE('',*,*,#7897,.T.);
#7897 = EDGE_CURVE('',#7889,#7898,#7900,.T.);
#7898 = VERTEX_POINT('',#7899);
#7899 = CARTESIAN_POINT('',(12.322227218654,-4.010819059122,2.6200001));
#7900 = B_SPLINE_CURVE_WITH_KNOTS('',3,(#7901,#7902,#7903,#7904),
  .UNSPECIFIED.,.F.,.F.,(4,4),(20.,21.),.PIECEWISE_BEZIER_KNOTS.);
#7901 = CARTESIAN_POINT('',(11.999290139052,-4.242176877708,2.6200001));
#7902 = CARTESIAN_POINT('',(12.045079677627,-4.107218203826,2.6200001));
#7903 = CARTESIAN_POINT('',(12.17039858413,-4.010819059122,2.6200001));
#7904 = CARTESIAN_POINT('',(12.322227218654,-4.010819059122,2.6200001));
#7905 = ORIENTED_EDGE('',*,*,#7906,.T.);
#7906 = EDGE_CURVE('',#7898,#7907,#7909,.T.);
#7907 = VERTEX_POINT('',#7908);
#7908 = CARTESIAN_POINT('',(12.659624225121,-4.312066386324,2.6200001));
#7909 = B_SPLINE_CURVE_WITH_KNOTS('',3,(#7910,#7911,#7912,#7913),
  .UNSPECIFIED.,.F.,.F.,(4,4),(21.,22.),.PIECEWISE_BEZIER_KNOTS.);
#7910 = CARTESIAN_POINT('',(12.322227218654,-4.010819059122,2.6200001));
#7911 = CARTESIAN_POINT('',(12.49574569751,-4.010819059122,2.6200001));
#7912 = CARTESIAN_POINT('',(12.640344414567,-4.143367883091,2.6200001));
#7913 = CARTESIAN_POINT('',(12.659624225121,-4.312066386324,2.6200001));
#7914 = ORIENTED_EDGE('',*,*,#7915,.T.);
#7915 = EDGE_CURVE('',#7907,#7916,#7918,.T.);
#7916 = VERTEX_POINT('',#7917);
#7917 = CARTESIAN_POINT('',(12.678904035676,-4.312066386324,2.6200001));
#7918 = B_SPLINE_CURVE_WITH_KNOTS('',3,(#7919,#7920,#7921,#7922),
  .UNSPECIFIED.,.F.,.F.,(4,4),(22.,23.),.PIECEWISE_BEZIER_KNOTS.);
#7919 = CARTESIAN_POINT('',(12.659624225121,-4.312066386324,2.6200001));
#7920 = CARTESIAN_POINT('',(12.666854142587,-4.312066386324,2.6200001));
#7921 = CARTESIAN_POINT('',(12.671674118209,-4.312066386324,2.6200001));
#7922 = CARTESIAN_POINT('',(12.678904035676,-4.312066386324,2.6200001));
#7923 = ORIENTED_EDGE('',*,*,#7924,.T.);
#7924 = EDGE_CURVE('',#7916,#7925,#7927,.T.);
#7925 = VERTEX_POINT('',#7926);
#7926 = CARTESIAN_POINT('',(12.866882349463,-4.500044700112,2.6200001));
#7927 = B_SPLINE_CURVE_WITH_KNOTS('',3,(#7928,#7929,#7930,#7931),
  .UNSPECIFIED.,.F.,.F.,(4,4),(23.,24.),.PIECEWISE_BEZIER_KNOTS.);
#7928 = CARTESIAN_POINT('',(12.678904035676,-4.312066386324,2.6200001));
#7929 = CARTESIAN_POINT('',(12.782533097847,-4.312066386324,2.6200001));
#7930 = CARTESIAN_POINT('',(12.866882349463,-4.396415637941,2.6200001));
#7931 = CARTESIAN_POINT('',(12.866882349463,-4.500044700112,2.6200001));
#7932 = ORIENTED_EDGE('',*,*,#7933,.T.);
#7933 = EDGE_CURVE('',#7925,#7934,#7936,.T.);
#7934 = VERTEX_POINT('',#7935);
#7935 = CARTESIAN_POINT('',(12.693363870608,-4.688023013899,2.6200001));
#7936 = B_SPLINE_CURVE_WITH_KNOTS('',3,(#7937,#7938,#7939,#7940),
  .UNSPECIFIED.,.F.,.F.,(4,4),(24.,25.),.PIECEWISE_BEZIER_KNOTS.);
#7937 = CARTESIAN_POINT('',(12.866882349463,-4.500044700112,2.6200001));
#7938 = CARTESIAN_POINT('',(12.866882349463,-4.598853832629,2.6200001));
#7939 = CARTESIAN_POINT('',(12.79217304909,-4.680793096432,2.6200001));
#7940 = CARTESIAN_POINT('',(12.693363870608,-4.688023013899,2.6200001));
#7941 = ORIENTED_EDGE('',*,*,#7942,.T.);
#7942 = EDGE_CURVE('',#7934,#7943,#7945,.T.);
#7943 = VERTEX_POINT('',#7944);
#7944 = CARTESIAN_POINT('',(12.584914832815,-4.688023013899,2.6200001));
#7945 = B_SPLINE_CURVE_WITH_KNOTS('',1,(#7946,#7947),.UNSPECIFIED.,.F.,
  .F.,(2,2),(0.,0.108449037793),.PIECEWISE_BEZIER_KNOTS.);
#7946 = CARTESIAN_POINT('',(12.693363870608,-4.688023013899,2.6200001));
#7947 = CARTESIAN_POINT('',(12.584914832815,-4.688023013899,2.6200001));
#7948 = ORIENTED_EDGE('',*,*,#7949,.T.);
#7949 = EDGE_CURVE('',#7943,#7950,#7952,.T.);
#7950 = VERTEX_POINT('',#7951);
#7951 = CARTESIAN_POINT('',(12.570454997883,-4.685613072056,2.6200001));
#7952 = B_SPLINE_CURVE_WITH_KNOTS('',3,(#7953,#7954,#7955,#7956),
  .UNSPECIFIED.,.F.,.F.,(4,4),(26.,27.),.PIECEWISE_BEZIER_KNOTS.);
#7953 = CARTESIAN_POINT('',(12.584914832815,-4.688023013899,2.6200001));
#7954 = CARTESIAN_POINT('',(12.580094857193,-4.688023013899,2.6200001));
#7955 = CARTESIAN_POINT('',(12.575274881571,-4.685613072056,2.6200001));
#7956 = CARTESIAN_POINT('',(12.570454997883,-4.685613072056,2.6200001));
#7957 = ORIENTED_EDGE('',*,*,#7958,.T.);
#7958 = EDGE_CURVE('',#7950,#7959,#7961,.T.);
#7959 = VERTEX_POINT('',#7960);
#7960 = CARTESIAN_POINT('',(12.49574569751,-4.760322372428,2.6200001));
#7961 = B_SPLINE_CURVE_WITH_KNOTS('',3,(#7962,#7963,#7964,#7965),
  .UNSPECIFIED.,.F.,.F.,(4,4),(27.,28.),.PIECEWISE_BEZIER_KNOTS.);
#7962 = CARTESIAN_POINT('',(12.570454997883,-4.685613072056,2.6200001));
#7963 = CARTESIAN_POINT('',(12.529485342996,-4.685613072056,2.6200001));
#7964 = CARTESIAN_POINT('',(12.49574569751,-4.719352809475,2.6200001));
#7965 = CARTESIAN_POINT('',(12.49574569751,-4.760322372428,2.6200001));
#7966 = ORIENTED_EDGE('',*,*,#7967,.T.);
#7967 = EDGE_CURVE('',#7959,#7968,#7970,.T.);
#7968 = VERTEX_POINT('',#7969);
#7969 = CARTESIAN_POINT('',(12.565635114194,-4.835031672803,2.6200001));
#7970 = B_SPLINE_CURVE_WITH_KNOTS('',3,(#7971,#7972,#7973,#7974),
  .UNSPECIFIED.,.F.,.F.,(4,4),(28.,29.),.PIECEWISE_BEZIER_KNOTS.);
#7971 = CARTESIAN_POINT('',(12.49574569751,-4.760322372428,2.6200001));
#7972 = CARTESIAN_POINT('',(12.49574569751,-4.798881993537,2.6200001));
#7973 = CARTESIAN_POINT('',(12.527075401152,-4.832621730959,2.6200001));
#7974 = CARTESIAN_POINT('',(12.565635114194,-4.835031672803,2.6200001));
#7975 = ORIENTED_EDGE('',*,*,#7976,.T.);
#7976 = EDGE_CURVE('',#7968,#7977,#7979,.T.);
#7977 = VERTEX_POINT('',#7978);
#7978 = CARTESIAN_POINT('',(12.707823797474,-4.835031672803,2.6200001));
#7979 = B_SPLINE_CURVE_WITH_KNOTS('',1,(#7980,#7981),.UNSPECIFIED.,.F.,
  .F.,(2,2),(0.,0.14218868328),.PIECEWISE_BEZIER_KNOTS.);
#7980 = CARTESIAN_POINT('',(12.565635114194,-4.835031672803,2.6200001));
#7981 = CARTESIAN_POINT('',(12.707823797474,-4.835031672803,2.6200001));
#7982 = ORIENTED_EDGE('',*,*,#7983,.T.);
#7983 = EDGE_CURVE('',#7977,#7984,#7986,.T.);
#7984 = VERTEX_POINT('',#7985);
#7985 = CARTESIAN_POINT('',(12.927131814903,-4.726582635009,2.6200001));
#7986 = B_SPLINE_CURVE_WITH_KNOTS('',3,(#7987,#7988,#7989,#7990),
  .UNSPECIFIED.,.F.,.F.,(4,4),(33.,34.),.PIECEWISE_BEZIER_KNOTS.);
#7987 = CARTESIAN_POINT('',(12.707823797474,-4.835031672803,2.6200001));
#7988 = CARTESIAN_POINT('',(12.79217304909,-4.827801755336,2.6200001));
#7989 = CARTESIAN_POINT('',(12.869292383242,-4.789242042293,2.6200001));
#7990 = CARTESIAN_POINT('',(12.927131814903,-4.726582635009,2.6200001));
#7991 = ORIENTED_EDGE('',*,*,#7992,.T.);
#7992 = EDGE_CURVE('',#7984,#7713,#7993,.T.);
#7993 = B_SPLINE_CURVE_WITH_KNOTS('',3,(#7994,#7995,#7996,#7997),
  .UNSPECIFIED.,.F.,.F.,(4,4),(34.,35.),.PIECEWISE_BEZIER_KNOTS.);
#7994 = CARTESIAN_POINT('',(12.927131814903,-4.726582635009,2.6200001));
#7995 = CARTESIAN_POINT('',(12.9849713385,-4.663923227724,2.6200001));
#7996 = CARTESIAN_POINT('',(13.016301042143,-4.581983917951,2.6200001));
#7997 = CARTESIAN_POINT('',(13.016301042143,-4.497634666335,2.6200001));
#7998 = FACE_BOUND('',#7999,.T.);
#7999 = EDGE_LOOP('',(#8000,#8014));
#8000 = ORIENTED_EDGE('',*,*,#8001,.F.);
#8001 = EDGE_CURVE('',#8002,#8004,#8006,.T.);
#8002 = VERTEX_POINT('',#8003);
#8003 = CARTESIAN_POINT('',(11.999290093086,-4.849491691601,2.6200001));
#8004 = VERTEX_POINT('',#8005);
#8005 = CARTESIAN_POINT('',(11.999290093086,-4.66151328588,2.6200001));
#8006 = B_SPLINE_CURVE_WITH_KNOTS('',3,(#8007,#8008,#8009,#8010,#8011,
    #8012,#8013),.UNSPECIFIED.,.F.,.F.,(4,3,4),(0.,1.,2.),
  .PIECEWISE_BEZIER_KNOTS.);
#8007 = CARTESIAN_POINT('',(11.999290093086,-4.849491691601,2.6200001));
#8008 = CARTESIAN_POINT('',(12.052309595093,-4.849491691601,2.6200001));
#8009 = CARTESIAN_POINT('',(12.093279249979,-4.806112002938,2.6200001));
#8010 = CARTESIAN_POINT('',(12.093279249979,-4.755502488741,2.6200001));
#8011 = CARTESIAN_POINT('',(12.093279249979,-4.702482940766,2.6200001));
#8012 = CARTESIAN_POINT('',(12.049899653249,-4.66151328588,2.6200001));
#8013 = CARTESIAN_POINT('',(11.999290093086,-4.66151328588,2.6200001));
#8014 = ORIENTED_EDGE('',*,*,#8015,.F.);
#8015 = EDGE_CURVE('',#8004,#8002,#8016,.T.);
#8016 = B_SPLINE_CURVE_WITH_KNOTS('',3,(#8017,#8018,#8019,#8020,#8021,
    #8022),.UNSPECIFIED.,.F.,.F.,(4,2,4),(2.,3.,4.),.UNSPECIFIED.);
#8017 = CARTESIAN_POINT('',(11.999290093086,-4.66151328588,2.6200001));
#8018 = CARTESIAN_POINT('',(11.948680532923,-4.66151328588,2.6200001));
#8019 = CARTESIAN_POINT('',(11.905300936192,-4.702482940766,2.6200001));
#8020 = CARTESIAN_POINT('',(11.905300936192,-4.808522036715,2.6200001));
#8021 = CARTESIAN_POINT('',(11.948680532923,-4.849491691601,2.6200001));
#8022 = CARTESIAN_POINT('',(11.999290093086,-4.849491691601,2.6200001));
#8023 = B_SPLINE_SURFACE_WITH_KNOTS('',1,1,(
    (#8024,#8025)
    ,(#8026,#8027
    )),.UNSPECIFIED.,.F.,.F.,.F.,(2,2),(2,2),(-6.868437681264E-02,
    1.468881962844),(-0.692266252189,0.435603630539),
  .PIECEWISE_BEZIER_KNOTS.);
#8024 = CARTESIAN_POINT('',(13.016301042143,-4.994090224792,2.6200001));
#8025 = CARTESIAN_POINT('',(13.016301042143,-3.866220342064,2.6200001));
#8026 = CARTESIAN_POINT('',(11.478734702486,-4.994090224792,2.6200001));
#8027 = CARTESIAN_POINT('',(11.478734702486,-3.866220342064,2.6200001));
#8028 = ADVANCED_FACE('',(#8029),#8043,.F.);
#8029 = FACE_BOUND('',#8030,.F.);
#8030 = EDGE_LOOP('',(#8031,#8036,#8037,#8042));
#8031 = ORIENTED_EDGE('',*,*,#8032,.F.);
#8032 = EDGE_CURVE('',#7713,#1653,#8033,.T.);
#8033 = B_SPLINE_CURVE_WITH_KNOTS('',1,(#8034,#8035),.UNSPECIFIED.,.F.,
  .F.,(2,2),(-0.,1.E-02),.PIECEWISE_BEZIER_KNOTS.);
#8034 = CARTESIAN_POINT('',(13.016301042143,-4.497634666335,2.6200001));
#8035 = CARTESIAN_POINT('',(13.016301042143,-4.497634666335,2.6100001));
#8036 = ORIENTED_EDGE('',*,*,#7712,.T.);
#8037 = ORIENTED_EDGE('',*,*,#8038,.T.);
#8038 = EDGE_CURVE('',#7715,#1642,#8039,.T.);
#8039 = B_SPLINE_CURVE_WITH_KNOTS('',1,(#8040,#8041),.UNSPECIFIED.,.F.,
  .F.,(2,2),(-0.,1.E-02),.PIECEWISE_BEZIER_KNOTS.);
#8040 = CARTESIAN_POINT('',(12.777713214158,-4.181927550165,2.6200001));
#8041 = CARTESIAN_POINT('',(12.777713214158,-4.181927550165,2.6100001));
#8042 = ORIENTED_EDGE('',*,*,#1652,.F.);
#8043 = B_SPLINE_SURFACE_WITH_KNOTS('',3,1,(
    (#8044,#8045)
    ,(#8046,#8047)
    ,(#8048,#8049)
    ,(#8050,#8051
    )),.UNSPECIFIED.,.F.,.F.,.F.,(4,4),(2,2),(35.,36.),(0.,1.),
  .PIECEWISE_BEZIER_KNOTS.);
#8044 = CARTESIAN_POINT('',(13.016301042143,-4.497634666335,2.6200001));
#8045 = CARTESIAN_POINT('',(13.016301042143,-4.497634666335,2.6100001));
#8046 = CARTESIAN_POINT('',(13.013891100298,-4.353036041211,2.6200001));
#8047 = CARTESIAN_POINT('',(13.013891100298,-4.353036041211,2.6100001));
#8048 = CARTESIAN_POINT('',(12.915081921815,-4.225307146897,2.6200001));
#8049 = CARTESIAN_POINT('',(12.915081921815,-4.225307146897,2.6100001));
#8050 = CARTESIAN_POINT('',(12.777713214158,-4.181927550165,2.6200001));
#8051 = CARTESIAN_POINT('',(12.777713214158,-4.181927550165,2.6100001));
#8052 = ADVANCED_FACE('',(#8053),#8063,.F.);
#8053 = FACE_BOUND('',#8054,.F.);
#8054 = EDGE_LOOP('',(#8055,#8056,#8057,#8062));
#8055 = ORIENTED_EDGE('',*,*,#8038,.F.);
#8056 = ORIENTED_EDGE('',*,*,#7723,.T.);
#8057 = ORIENTED_EDGE('',*,*,#8058,.T.);
#8058 = EDGE_CURVE('',#7724,#1644,#8059,.T.);
#8059 = B_SPLINE_CURVE_WITH_KNOTS('',1,(#8060,#8061),.UNSPECIFIED.,.F.,
  .F.,(2,2),(-0.,1.E-02),.PIECEWISE_BEZIER_KNOTS.);
#8060 = CARTESIAN_POINT('',(12.647574332033,-3.991539237077,2.6200001));
#8061 = CARTESIAN_POINT('',(12.647574332033,-3.991539237077,2.6100001));
#8062 = ORIENTED_EDGE('',*,*,#1641,.F.);
#8063 = B_SPLINE_SURFACE_WITH_KNOTS('',3,1,(
    (#8064,#8065)
    ,(#8066,#8067)
    ,(#8068,#8069)
    ,(#8070,#8071
    )),.UNSPECIFIED.,.F.,.F.,.F.,(4,4),(2,2),(0.,1.),(0.,1.),
  .PIECEWISE_BEZIER_KNOTS.);
#8064 = CARTESIAN_POINT('',(12.777713214158,-4.181927550165,2.6200001));
#8065 = CARTESIAN_POINT('',(12.777713214158,-4.181927550165,2.6100001));
#8066 = CARTESIAN_POINT('',(12.751203486138,-4.109628191639,2.6200001));
#8067 = CARTESIAN_POINT('',(12.751203486138,-4.109628191639,2.6100001));
#8068 = CARTESIAN_POINT('',(12.70541385563,-4.044558773558,2.6200001));
#8069 = CARTESIAN_POINT('',(12.70541385563,-4.044558773558,2.6100001));
#8070 = CARTESIAN_POINT('',(12.647574332033,-3.991539237077,2.6200001));
#8071 = CARTESIAN_POINT('',(12.647574332033,-3.991539237077,2.6100001));
#8072 = ADVANCED_FACE('',(#8073),#8083,.F.);
#8073 = FACE_BOUND('',#8074,.F.);
#8074 = EDGE_LOOP('',(#8075,#8076,#8077,#8082));
#8075 = ORIENTED_EDGE('',*,*,#8058,.F.);
#8076 = ORIENTED_EDGE('',*,*,#7732,.T.);
#8077 = ORIENTED_EDGE('',*,*,#8078,.T.);
#8078 = EDGE_CURVE('',#7733,#1913,#8079,.T.);
#8079 = B_SPLINE_CURVE_WITH_KNOTS('',1,(#8080,#8081),.UNSPECIFIED.,.F.,
  .F.,(2,2),(-0.,1.E-02),.PIECEWISE_BEZIER_KNOTS.);
#8080 = CARTESIAN_POINT('',(12.319817276809,-3.866220342064,2.6200001));
#8081 = CARTESIAN_POINT('',(12.319817276809,-3.866220342064,2.6100001));
#8082 = ORIENTED_EDGE('',*,*,#1921,.F.);
#8083 = B_SPLINE_SURFACE_WITH_KNOTS('',3,1,(
    (#8084,#8085)
    ,(#8086,#8087)
    ,(#8088,#8089)
    ,(#8090,#8091
    )),.UNSPECIFIED.,.F.,.F.,.F.,(4,4),(2,2),(1.,2.),(0.,1.),
  .PIECEWISE_BEZIER_KNOTS.);
#8084 = CARTESIAN_POINT('',(12.647574332033,-3.991539237077,2.6200001));
#8085 = CARTESIAN_POINT('',(12.647574332033,-3.991539237077,2.6100001));
#8086 = CARTESIAN_POINT('',(12.55599516295,-3.912009935224,2.6200001));
#8087 = CARTESIAN_POINT('',(12.55599516295,-3.912009935224,2.6100001));
#8088 = CARTESIAN_POINT('',(12.44031620769,-3.866220342064,2.6200001));
#8089 = CARTESIAN_POINT('',(12.44031620769,-3.866220342064,2.6100001));
#8090 = CARTESIAN_POINT('',(12.319817276809,-3.866220342064,2.6200001));
#8091 = CARTESIAN_POINT('',(12.319817276809,-3.866220342064,2.6100001));
#8092 = ADVANCED_FACE('',(#8093),#8103,.F.);
#8093 = FACE_BOUND('',#8094,.F.);
#8094 = EDGE_LOOP('',(#8095,#8096,#8097,#8102));
#8095 = ORIENTED_EDGE('',*,*,#8078,.F.);
#8096 = ORIENTED_EDGE('',*,*,#7741,.T.);
#8097 = ORIENTED_EDGE('',*,*,#8098,.T.);
#8098 = EDGE_CURVE('',#7742,#1904,#8099,.T.);
#8099 = B_SPLINE_CURVE_WITH_KNOTS('',1,(#8100,#8101),.UNSPECIFIED.,.F.,
  .F.,(2,2),(-0.,1.E-02),.PIECEWISE_BEZIER_KNOTS.);
#8100 = CARTESIAN_POINT('',(12.030619842695,-3.960209510451,2.6200001));
#8101 = CARTESIAN_POINT('',(12.030619842695,-3.960209510451,2.6100001));
#8102 = ORIENTED_EDGE('',*,*,#1912,.F.);
#8103 = B_SPLINE_SURFACE_WITH_KNOTS('',3,1,(
    (#8104,#8105)
    ,(#8106,#8107)
    ,(#8108,#8109)
    ,(#8110,#8111
    )),.UNSPECIFIED.,.F.,.F.,.F.,(4,4),(2,2),(2.,3.),(0.,1.),
  .PIECEWISE_BEZIER_KNOTS.);
#8104 = CARTESIAN_POINT('',(12.319817276809,-3.866220342064,2.6200001));
#8105 = CARTESIAN_POINT('',(12.319817276809,-3.866220342064,2.6100001));
#8106 = CARTESIAN_POINT('',(12.213778226828,-3.866220342064,2.6200001));
#8107 = CARTESIAN_POINT('',(12.213778226828,-3.866220342064,2.6100001));
#8108 = CARTESIAN_POINT('',(12.114969094312,-3.899960042136,2.6200001));
#8109 = CARTESIAN_POINT('',(12.114969094312,-3.899960042136,2.6100001));
#8110 = CARTESIAN_POINT('',(12.030619842695,-3.960209510451,2.6200001));
#8111 = CARTESIAN_POINT('',(12.030619842695,-3.960209510451,2.6100001));
#8112 = ADVANCED_FACE('',(#8113),#8123,.F.);
#8113 = FACE_BOUND('',#8114,.F.);
#8114 = EDGE_LOOP('',(#8115,#8116,#8117,#8122));
#8115 = ORIENTED_EDGE('',*,*,#8098,.F.);
#8116 = ORIENTED_EDGE('',*,*,#7750,.T.);
#8117 = ORIENTED_EDGE('',*,*,#8118,.T.);
#8118 = EDGE_CURVE('',#7751,#1895,#8119,.T.);
#8119 = B_SPLINE_CURVE_WITH_KNOTS('',1,(#8120,#8121),.UNSPECIFIED.,.F.,
  .F.,(2,2),(-0.,1.E-02),.PIECEWISE_BEZIER_KNOTS.);
#8120 = CARTESIAN_POINT('',(11.924580792713,-4.066248571923,2.6200001));
#8121 = CARTESIAN_POINT('',(11.924580792713,-4.066248571923,2.6100001));
#8122 = ORIENTED_EDGE('',*,*,#1903,.F.);
#8123 = B_SPLINE_SURFACE_WITH_KNOTS('',3,1,(
    (#8124,#8125)
    ,(#8126,#8127)
    ,(#8128,#8129)
    ,(#8130,#8131
    )),.UNSPECIFIED.,.F.,.F.,.F.,(4,4),(2,2),(3.,4.),(0.,1.),
  .PIECEWISE_BEZIER_KNOTS.);
#8124 = CARTESIAN_POINT('',(12.030619842695,-3.960209510451,2.6200001));
#8125 = CARTESIAN_POINT('',(12.030619842695,-3.960209510451,2.6100001));
#8126 = CARTESIAN_POINT('',(11.989650187808,-3.989129260757,2.6200001));
#8127 = CARTESIAN_POINT('',(11.989650187808,-3.989129260757,2.6100001));
#8128 = CARTESIAN_POINT('',(11.955910496355,-4.02527894002,2.6200001));
#8129 = CARTESIAN_POINT('',(11.955910496355,-4.02527894002,2.6100001));
#8130 = CARTESIAN_POINT('',(11.924580792713,-4.066248571923,2.6200001));
#8131 = CARTESIAN_POINT('',(11.924580792713,-4.066248571923,2.6100001));
#8132 = ADVANCED_FACE('',(#8133),#8143,.F.);
#8133 = FACE_BOUND('',#8134,.F.);
#8134 = EDGE_LOOP('',(#8135,#8136,#8137,#8142));
#8135 = ORIENTED_EDGE('',*,*,#8118,.F.);
#8136 = ORIENTED_EDGE('',*,*,#7759,.T.);
#8137 = ORIENTED_EDGE('',*,*,#8138,.T.);
#8138 = EDGE_CURVE('',#7760,#1886,#8139,.T.);
#8139 = B_SPLINE_CURVE_WITH_KNOTS('',1,(#8140,#8141),.UNSPECIFIED.,.F.,
  .F.,(2,2),(-0.,1.E-02),.PIECEWISE_BEZIER_KNOTS.);
#8140 = CARTESIAN_POINT('',(11.869151302894,-4.061428619285,2.6200001));
#8141 = CARTESIAN_POINT('',(11.869151302894,-4.061428619285,2.6100001));
#8142 = ORIENTED_EDGE('',*,*,#1894,.F.);
#8143 = B_SPLINE_SURFACE_WITH_KNOTS('',3,1,(
    (#8144,#8145)
    ,(#8146,#8147)
    ,(#8148,#8149)
    ,(#8150,#8151
    )),.UNSPECIFIED.,.F.,.F.,.F.,(4,4),(2,2),(4.,5.),(0.,1.),
  .PIECEWISE_BEZIER_KNOTS.);
#8144 = CARTESIAN_POINT('',(11.924580792713,-4.066248571923,2.6200001));
#8145 = CARTESIAN_POINT('',(11.924580792713,-4.066248571923,2.6100001));
#8146 = CARTESIAN_POINT('',(11.905300982158,-4.063838584112,2.6200001));
#8147 = CARTESIAN_POINT('',(11.905300982158,-4.063838584112,2.6100001));
#8148 = CARTESIAN_POINT('',(11.888431113449,-4.061428619285,2.6200001));
#8149 = CARTESIAN_POINT('',(11.888431113449,-4.061428619285,2.6100001));
#8150 = CARTESIAN_POINT('',(11.869151302894,-4.061428619285,2.6200001));
#8151 = CARTESIAN_POINT('',(11.869151302894,-4.061428619285,2.6100001));
#8152 = ADVANCED_FACE('',(#8153),#8163,.F.);
#8153 = FACE_BOUND('',#8154,.F.);
#8154 = EDGE_LOOP('',(#8155,#8156,#8157,#8162));
#8155 = ORIENTED_EDGE('',*,*,#8138,.F.);
#8156 = ORIENTED_EDGE('',*,*,#7768,.T.);
#8157 = ORIENTED_EDGE('',*,*,#8158,.T.);
#8158 = EDGE_CURVE('',#7769,#1877,#8159,.T.);
#8159 = B_SPLINE_CURVE_WITH_KNOTS('',1,(#8160,#8161),.UNSPECIFIED.,.F.,
  .F.,(2,2),(-0.,1.E-02),.PIECEWISE_BEZIER_KNOTS.);
#8160 = CARTESIAN_POINT('',(11.592003761868,-4.177107597528,2.6200001));
#8161 = CARTESIAN_POINT('',(11.592003761868,-4.177107597528,2.6100001));
#8162 = ORIENTED_EDGE('',*,*,#1885,.F.);
#8163 = B_SPLINE_SURFACE_WITH_KNOTS('',3,1,(
    (#8164,#8165)
    ,(#8166,#8167)
    ,(#8168,#8169)
    ,(#8170,#8171
    )),.UNSPECIFIED.,.F.,.F.,.F.,(4,4),(2,2),(5.,6.),(0.,1.),
  .PIECEWISE_BEZIER_KNOTS.);
#8164 = CARTESIAN_POINT('',(11.869151302894,-4.061428619285,2.6200001));
#8165 = CARTESIAN_POINT('',(11.869151302894,-4.061428619285,2.6100001));
#8166 = CARTESIAN_POINT('',(11.76552221774,-4.061428619285,2.6200001));
#8167 = CARTESIAN_POINT('',(11.76552221774,-4.061428619285,2.6100001));
#8168 = CARTESIAN_POINT('',(11.666713108207,-4.102398251186,2.6200001));
#8169 = CARTESIAN_POINT('',(11.666713108207,-4.102398251186,2.6100001));
#8170 = CARTESIAN_POINT('',(11.592003761868,-4.177107597528,2.6200001));
#8171 = CARTESIAN_POINT('',(11.592003761868,-4.177107597528,2.6100001));
#8172 = ADVANCED_FACE('',(#8173),#8183,.F.);
#8173 = FACE_BOUND('',#8174,.F.);
#8174 = EDGE_LOOP('',(#8175,#8176,#8177,#8182));
#8175 = ORIENTED_EDGE('',*,*,#8158,.F.);
#8176 = ORIENTED_EDGE('',*,*,#7777,.T.);
#8177 = ORIENTED_EDGE('',*,*,#8178,.T.);
#8178 = EDGE_CURVE('',#7778,#1868,#8179,.T.);
#8179 = B_SPLINE_CURVE_WITH_KNOTS('',1,(#8180,#8181),.UNSPECIFIED.,.F.,
  .F.,(2,2),(-0.,1.E-02),.PIECEWISE_BEZIER_KNOTS.);
#8180 = CARTESIAN_POINT('',(11.478734702486,-4.451845127759,2.6200001));
#8181 = CARTESIAN_POINT('',(11.478734702486,-4.451845127759,2.6100001));
#8182 = ORIENTED_EDGE('',*,*,#1876,.F.);
#8183 = B_SPLINE_SURFACE_WITH_KNOTS('',3,1,(
    (#8184,#8185)
    ,(#8186,#8187)
    ,(#8188,#8189)
    ,(#8190,#8191
    )),.UNSPECIFIED.,.F.,.F.,.F.,(4,4),(2,2),(6.,7.),(0.,1.),
  .PIECEWISE_BEZIER_KNOTS.);
#8184 = CARTESIAN_POINT('',(11.592003761868,-4.177107597528,2.6200001));
#8185 = CARTESIAN_POINT('',(11.592003761868,-4.177107597528,2.6100001));
#8186 = CARTESIAN_POINT('',(11.519704340135,-4.249406933073,2.6200001));
#8187 = CARTESIAN_POINT('',(11.519704340135,-4.249406933073,2.6100001));
#8188 = CARTESIAN_POINT('',(11.478734702486,-4.34821606559,2.6200001));
#8189 = CARTESIAN_POINT('',(11.478734702486,-4.34821606559,2.6100001));
#8190 = CARTESIAN_POINT('',(11.478734702486,-4.451845127759,2.6200001));
#8191 = CARTESIAN_POINT('',(11.478734702486,-4.451845127759,2.6100001));
#8192 = ADVANCED_FACE('',(#8193),#8203,.F.);
#8193 = FACE_BOUND('',#8194,.F.);
#8194 = EDGE_LOOP('',(#8195,#8196,#8197,#8202));
#8195 = ORIENTED_EDGE('',*,*,#8178,.F.);
#8196 = ORIENTED_EDGE('',*,*,#7786,.T.);
#8197 = ORIENTED_EDGE('',*,*,#8198,.T.);
#8198 = EDGE_CURVE('',#7787,#1859,#8199,.T.);
#8199 = B_SPLINE_CURVE_WITH_KNOTS('',1,(#8200,#8201),.UNSPECIFIED.,.F.,
  .F.,(2,2),(-0.,1.E-02),.PIECEWISE_BEZIER_KNOTS.);
#8200 = CARTESIAN_POINT('',(11.57995379983,-4.714532741921,2.6200001));
#8201 = CARTESIAN_POINT('',(11.57995379983,-4.714532741921,2.6100001));
#8202 = ORIENTED_EDGE('',*,*,#1867,.F.);
#8203 = B_SPLINE_SURFACE_WITH_KNOTS('',3,1,(
    (#8204,#8205)
    ,(#8206,#8207)
    ,(#8208,#8209)
    ,(#8210,#8211
    )),.UNSPECIFIED.,.F.,.F.,.F.,(4,4),(2,2),(7.,8.),(0.,1.),
  .PIECEWISE_BEZIER_KNOTS.);
#8204 = CARTESIAN_POINT('',(11.478734702486,-4.451845127759,2.6200001));
#8205 = CARTESIAN_POINT('',(11.478734702486,-4.451845127759,2.6100001));
#8206 = CARTESIAN_POINT('',(11.478734702486,-4.548244272465,2.6200001));
#8207 = CARTESIAN_POINT('',(11.478734702486,-4.548244272465,2.6100001));
#8208 = CARTESIAN_POINT('',(11.51488438175,-4.642233475325,2.6200001));
#8209 = CARTESIAN_POINT('',(11.51488438175,-4.642233475325,2.6100001));
#8210 = CARTESIAN_POINT('',(11.57995379983,-4.714532741921,2.6200001));
#8211 = CARTESIAN_POINT('',(11.57995379983,-4.714532741921,2.6100001));
#8212 = ADVANCED_FACE('',(#8213),#8223,.F.);
#8213 = FACE_BOUND('',#8214,.F.);
#8214 = EDGE_LOOP('',(#8215,#8216,#8217,#8222));
#8215 = ORIENTED_EDGE('',*,*,#8198,.F.);
#8216 = ORIENTED_EDGE('',*,*,#7795,.T.);
#8217 = ORIENTED_EDGE('',*,*,#8218,.T.);
#8218 = EDGE_CURVE('',#7796,#1850,#8219,.T.);
#8219 = B_SPLINE_CURVE_WITH_KNOTS('',1,(#8220,#8221),.UNSPECIFIED.,.F.,
  .F.,(2,2),(-0.,1.E-02),.PIECEWISE_BEZIER_KNOTS.);
#8220 = CARTESIAN_POINT('',(11.772752089239,-4.83021169718,2.6200001));
#8221 = CARTESIAN_POINT('',(11.772752089239,-4.83021169718,2.6100001));
#8222 = ORIENTED_EDGE('',*,*,#1858,.F.);
#8223 = B_SPLINE_SURFACE_WITH_KNOTS('',3,1,(
    (#8224,#8225)
    ,(#8226,#8227)
    ,(#8228,#8229)
    ,(#8230,#8231
    )),.UNSPECIFIED.,.F.,.F.,.F.,(4,4),(2,2),(8.,9.),(0.,1.),
  .PIECEWISE_BEZIER_KNOTS.);
#8224 = CARTESIAN_POINT('',(11.57995379983,-4.714532741921,2.6200001));
#8225 = CARTESIAN_POINT('',(11.57995379983,-4.714532741921,2.6100001));
#8226 = CARTESIAN_POINT('',(11.63297332482,-4.772372265518,2.6200001));
#8227 = CARTESIAN_POINT('',(11.63297332482,-4.772372265518,2.6100001));
#8228 = CARTESIAN_POINT('',(11.698042765883,-4.810931886625,2.6200001));
#8229 = CARTESIAN_POINT('',(11.698042765883,-4.810931886625,2.6100001));
#8230 = CARTESIAN_POINT('',(11.772752089239,-4.83021169718,2.6200001));
#8231 = CARTESIAN_POINT('',(11.772752089239,-4.83021169718,2.6100001));
#8232 = ADVANCED_FACE('',(#8233),#8243,.F.);
#8233 = FACE_BOUND('',#8234,.F.);
#8234 = EDGE_LOOP('',(#8235,#8236,#8237,#8242));
#8235 = ORIENTED_EDGE('',*,*,#8218,.F.);
#8236 = ORIENTED_EDGE('',*,*,#7804,.T.);
#8237 = ORIENTED_EDGE('',*,*,#8238,.T.);
#8238 = EDGE_CURVE('',#7805,#1841,#8239,.T.);
#8239 = B_SPLINE_CURVE_WITH_KNOTS('',1,(#8240,#8241),.UNSPECIFIED.,.F.,
  .F.,(2,2),(-0.,1.E-02),.PIECEWISE_BEZIER_KNOTS.);
#8240 = CARTESIAN_POINT('',(12.001700080897,-4.994090224792,2.6200001));
#8241 = CARTESIAN_POINT('',(12.001700080897,-4.994090224792,2.6100001));
#8242 = ORIENTED_EDGE('',*,*,#1849,.F.);
#8243 = B_SPLINE_SURFACE_WITH_KNOTS('',3,1,(
    (#8244,#8245)
    ,(#8246,#8247)
    ,(#8248,#8249)
    ,(#8250,#8251
    )),.UNSPECIFIED.,.F.,.F.,.F.,(4,4),(2,2),(9.,10.),(0.,1.),
  .PIECEWISE_BEZIER_KNOTS.);
#8244 = CARTESIAN_POINT('',(11.772752089239,-4.83021169718,2.6200001));
#8245 = CARTESIAN_POINT('',(11.772752089239,-4.83021169718,2.6100001));
#8246 = CARTESIAN_POINT('',(11.804081815864,-4.926610841886,2.6200001));
#8247 = CARTESIAN_POINT('',(11.804081815864,-4.926610841886,2.6100001));
#8248 = CARTESIAN_POINT('',(11.895660984948,-4.994090224792,2.6200001));
#8249 = CARTESIAN_POINT('',(11.895660984948,-4.994090224792,2.6100001));
#8250 = CARTESIAN_POINT('',(12.001700080897,-4.994090224792,2.6200001));
#8251 = CARTESIAN_POINT('',(12.001700080897,-4.994090224792,2.6100001));
#8252 = ADVANCED_FACE('',(#8253),#8263,.F.);
#8253 = FACE_BOUND('',#8254,.F.);
#8254 = EDGE_LOOP('',(#8255,#8256,#8257,#8262));
#8255 = ORIENTED_EDGE('',*,*,#8238,.F.);
#8256 = ORIENTED_EDGE('',*,*,#7813,.T.);
#8257 = ORIENTED_EDGE('',*,*,#8258,.T.);
#8258 = EDGE_CURVE('',#7814,#1832,#8259,.T.);
#8259 = B_SPLINE_CURVE_WITH_KNOTS('',1,(#8260,#8261),.UNSPECIFIED.,.F.,
  .F.,(2,2),(-0.,1.E-02),.PIECEWISE_BEZIER_KNOTS.);
#8260 = CARTESIAN_POINT('',(12.24269794266,-4.75309236303,2.6200001));
#8261 = CARTESIAN_POINT('',(12.24269794266,-4.75309236303,2.6100001));
#8262 = ORIENTED_EDGE('',*,*,#1840,.F.);
#8263 = B_SPLINE_SURFACE_WITH_KNOTS('',3,1,(
    (#8264,#8265)
    ,(#8266,#8267)
    ,(#8268,#8269)
    ,(#8270,#8271
    )),.UNSPECIFIED.,.F.,.F.,.F.,(4,4),(2,2),(10.,11.),(0.,1.),
  .PIECEWISE_BEZIER_KNOTS.);
#8264 = CARTESIAN_POINT('',(12.001700080897,-4.994090224792,2.6200001));
#8265 = CARTESIAN_POINT('',(12.001700080897,-4.994090224792,2.6100001));
#8266 = CARTESIAN_POINT('',(12.134248904866,-4.994090224792,2.6200001));
#8267 = CARTESIAN_POINT('',(12.134248904866,-4.994090224792,2.6100001));
#8268 = CARTESIAN_POINT('',(12.24269794266,-4.885641187,2.6200001));
#8269 = CARTESIAN_POINT('',(12.24269794266,-4.885641187,2.6100001));
#8270 = CARTESIAN_POINT('',(12.24269794266,-4.75309236303,2.6200001));
#8271 = CARTESIAN_POINT('',(12.24269794266,-4.75309236303,2.6100001));
#8272 = ADVANCED_FACE('',(#8273),#8283,.F.);
#8273 = FACE_BOUND('',#8274,.T.);
#8274 = EDGE_LOOP('',(#8275,#8276,#8281,#8282));
#8275 = ORIENTED_EDGE('',*,*,#1831,.T.);
#8276 = ORIENTED_EDGE('',*,*,#8277,.F.);
#8277 = EDGE_CURVE('',#7823,#1825,#8278,.T.);
#8278 = B_SPLINE_CURVE_WITH_KNOTS('',1,(#8279,#8280),.UNSPECIFIED.,.F.,
  .F.,(2,2),(-0.,1.E-02),.PIECEWISE_BEZIER_KNOTS.);
#8279 = CARTESIAN_POINT('',(12.24269794266,-4.728992576852,2.6200001));
#8280 = CARTESIAN_POINT('',(12.24269794266,-4.728992576852,2.6100001));
#8281 = ORIENTED_EDGE('',*,*,#7822,.F.);
#8282 = ORIENTED_EDGE('',*,*,#8258,.T.);
#8283 = B_SPLINE_SURFACE_WITH_KNOTS('',1,1,(
    (#8284,#8285)
    ,(#8286,#8287
    )),.UNSPECIFIED.,.F.,.F.,.F.,(2,2),(2,2),(-1.E-02,0.),(0.,
    2.409978617777E-02),.PIECEWISE_BEZIER_KNOTS.);
#8284 = CARTESIAN_POINT('',(12.24269794266,-4.75309236303,2.6100001));
#8285 = CARTESIAN_POINT('',(12.24269794266,-4.728992576852,2.6100001));
#8286 = CARTESIAN_POINT('',(12.24269794266,-4.75309236303,2.6200001));
#8287 = CARTESIAN_POINT('',(12.24269794266,-4.728992576852,2.6200001));
#8288 = ADVANCED_FACE('',(#8289),#8299,.F.);
#8289 = FACE_BOUND('',#8290,.T.);
#8290 = EDGE_LOOP('',(#8291,#8292,#8297,#8298));
#8291 = ORIENTED_EDGE('',*,*,#1824,.T.);
#8292 = ORIENTED_EDGE('',*,*,#8293,.F.);
#8293 = EDGE_CURVE('',#7832,#1818,#8294,.T.);
#8294 = B_SPLINE_CURVE_WITH_KNOTS('',1,(#8295,#8296),.UNSPECIFIED.,.F.,
  .F.,(2,2),(-0.,1.E-02),.PIECEWISE_BEZIER_KNOTS.);
#8295 = CARTESIAN_POINT('',(12.580094949127,-4.550654168342,2.6200001));
#8296 = CARTESIAN_POINT('',(12.580094949127,-4.550654168342,2.6100001));
#8297 = ORIENTED_EDGE('',*,*,#7831,.F.);
#8298 = ORIENTED_EDGE('',*,*,#8277,.T.);
#8299 = B_SPLINE_SURFACE_WITH_KNOTS('',1,1,(
    (#8300,#8301)
    ,(#8302,#8303
    )),.UNSPECIFIED.,.F.,.F.,.F.,(2,2),(2,2),(-0.381629831018,0.),(
    -1.E-02,0.),.PIECEWISE_BEZIER_KNOTS.);
#8300 = CARTESIAN_POINT('',(12.580094949127,-4.550654168342,2.6100001));
#8301 = CARTESIAN_POINT('',(12.580094949127,-4.550654168342,2.6200001));
#8302 = CARTESIAN_POINT('',(12.24269794266,-4.728992576852,2.6100001));
#8303 = CARTESIAN_POINT('',(12.24269794266,-4.728992576852,2.6200001));
#8304 = ADVANCED_FACE('',(#8305),#8315,.F.);
#8305 = FACE_BOUND('',#8306,.T.);
#8306 = EDGE_LOOP('',(#8307,#8308,#8313,#8314));
#8307 = ORIENTED_EDGE('',*,*,#1817,.T.);
#8308 = ORIENTED_EDGE('',*,*,#8309,.F.);
#8309 = EDGE_CURVE('',#7839,#1811,#8310,.T.);
#8310 = B_SPLINE_CURVE_WITH_KNOTS('',1,(#8311,#8312),.UNSPECIFIED.,.F.,
  .F.,(2,2),(-0.,1.E-02),.PIECEWISE_BEZIER_KNOTS.);
#8311 = CARTESIAN_POINT('',(12.505385648753,-4.422925274029,2.6200001));
#8312 = CARTESIAN_POINT('',(12.505385648753,-4.422925274029,2.6100001));
#8313 = ORIENTED_EDGE('',*,*,#7838,.F.);
#8314 = ORIENTED_EDGE('',*,*,#8293,.T.);
#8315 = B_SPLINE_SURFACE_WITH_KNOTS('',1,1,(
    (#8316,#8317)
    ,(#8318,#8319
    )),.UNSPECIFIED.,.F.,.F.,.F.,(2,2),(2,2),(-0.147973477369,0.),(
    -1.E-02,0.),.PIECEWISE_BEZIER_KNOTS.);
#8316 = CARTESIAN_POINT('',(12.505385648753,-4.422925274029,2.6100001));
#8317 = CARTESIAN_POINT('',(12.505385648753,-4.422925274029,2.6200001));
#8318 = CARTESIAN_POINT('',(12.580094949127,-4.550654168342,2.6100001));
#8319 = CARTESIAN_POINT('',(12.580094949127,-4.550654168342,2.6200001));
#8320 = ADVANCED_FACE('',(#8321),#8331,.F.);
#8321 = FACE_BOUND('',#8322,.T.);
#8322 = EDGE_LOOP('',(#8323,#8324,#8329,#8330));
#8323 = ORIENTED_EDGE('',*,*,#1810,.T.);
#8324 = ORIENTED_EDGE('',*,*,#8325,.F.);
#8325 = EDGE_CURVE('',#7846,#1802,#8326,.T.);
#8326 = B_SPLINE_CURVE_WITH_KNOTS('',1,(#8327,#8328),.UNSPECIFIED.,.F.,
  .F.,(2,2),(-0.,1.E-02),.PIECEWISE_BEZIER_KNOTS.);
#8327 = CARTESIAN_POINT('',(12.182448523186,-4.591623777262,2.6200001));
#8328 = CARTESIAN_POINT('',(12.182448523186,-4.591623777262,2.6100001));
#8329 = ORIENTED_EDGE('',*,*,#7845,.F.);
#8330 = ORIENTED_EDGE('',*,*,#8309,.T.);
#8331 = B_SPLINE_SURFACE_WITH_KNOTS('',1,1,(
    (#8332,#8333)
    ,(#8334,#8335
    )),.UNSPECIFIED.,.F.,.F.,.F.,(2,2),(2,2),(-0.364345402143,0.),(
    -1.E-02,0.),.PIECEWISE_BEZIER_KNOTS.);
#8332 = CARTESIAN_POINT('',(12.182448523186,-4.591623777262,2.6100001));
#8333 = CARTESIAN_POINT('',(12.182448523186,-4.591623777262,2.6200001));
#8334 = CARTESIAN_POINT('',(12.505385648753,-4.422925274029,2.6100001));
#8335 = CARTESIAN_POINT('',(12.505385648753,-4.422925274029,2.6200001));
#8336 = ADVANCED_FACE('',(#8337),#8347,.F.);
#8337 = FACE_BOUND('',#8338,.F.);
#8338 = EDGE_LOOP('',(#8339,#8340,#8341,#8346));
#8339 = ORIENTED_EDGE('',*,*,#8325,.F.);
#8340 = ORIENTED_EDGE('',*,*,#7852,.T.);
#8341 = ORIENTED_EDGE('',*,*,#8342,.T.);
#8342 = EDGE_CURVE('',#7853,#1793,#8343,.T.);
#8343 = B_SPLINE_CURVE_WITH_KNOTS('',1,(#8344,#8345),.UNSPECIFIED.,.F.,
  .F.,(2,2),(-0.,1.E-02),.PIECEWISE_BEZIER_KNOTS.);
#8344 = CARTESIAN_POINT('',(12.001700126864,-4.509684513456,2.6200001));
#8345 = CARTESIAN_POINT('',(12.001700126864,-4.509684513456,2.6100001));
#8346 = ORIENTED_EDGE('',*,*,#1801,.F.);
#8347 = B_SPLINE_SURFACE_WITH_KNOTS('',3,1,(
    (#8348,#8349)
    ,(#8350,#8351)
    ,(#8352,#8353)
    ,(#8354,#8355
    )),.UNSPECIFIED.,.F.,.F.,.F.,(4,4),(2,2),(15.,16.),(0.,1.),
  .PIECEWISE_BEZIER_KNOTS.);
#8348 = CARTESIAN_POINT('',(12.182448523186,-4.591623777262,2.6200001));
#8349 = CARTESIAN_POINT('',(12.182448523186,-4.591623777262,2.6100001));
#8350 = CARTESIAN_POINT('',(12.139068926454,-4.541014217098,2.6200001));
#8351 = CARTESIAN_POINT('',(12.139068926454,-4.541014217098,2.6100001));
#8352 = CARTESIAN_POINT('',(12.073999485393,-4.509684513456,2.6200001));
#8353 = CARTESIAN_POINT('',(12.073999485393,-4.509684513456,2.6100001));
#8354 = CARTESIAN_POINT('',(12.001700126864,-4.509684513456,2.6200001));
#8355 = CARTESIAN_POINT('',(12.001700126864,-4.509684513456,2.6100001));
#8356 = ADVANCED_FACE('',(#8357),#8367,.F.);
#8357 = FACE_BOUND('',#8358,.F.);
#8358 = EDGE_LOOP('',(#8359,#8360,#8361,#8366));
#8359 = ORIENTED_EDGE('',*,*,#8342,.F.);
#8360 = ORIENTED_EDGE('',*,*,#7861,.T.);
#8361 = ORIENTED_EDGE('',*,*,#8362,.T.);
#8362 = EDGE_CURVE('',#7862,#1784,#8363,.T.);
#8363 = B_SPLINE_CURVE_WITH_KNOTS('',1,(#8364,#8365),.UNSPECIFIED.,.F.,
  .F.,(2,2),(-0.,1.E-02),.PIECEWISE_BEZIER_KNOTS.);
#8364 = CARTESIAN_POINT('',(11.775162146,-4.668743111411,2.6200001));
#8365 = CARTESIAN_POINT('',(11.775162146,-4.668743111411,2.6100001));
#8366 = ORIENTED_EDGE('',*,*,#1792,.F.);
#8367 = B_SPLINE_SURFACE_WITH_KNOTS('',3,1,(
    (#8368,#8369)
    ,(#8370,#8371)
    ,(#8372,#8373)
    ,(#8374,#8375
    )),.UNSPECIFIED.,.F.,.F.,.F.,(4,4),(2,2),(16.,17.),(0.,1.),
  .PIECEWISE_BEZIER_KNOTS.);
#8368 = CARTESIAN_POINT('',(12.001700126864,-4.509684513456,2.6200001));
#8369 = CARTESIAN_POINT('',(12.001700126864,-4.509684513456,2.6100001));
#8370 = CARTESIAN_POINT('',(11.898071018726,-4.509684513456,2.6200001));
#8371 = CARTESIAN_POINT('',(11.898071018726,-4.509684513456,2.6100001));
#8372 = CARTESIAN_POINT('',(11.808901837454,-4.577163896361,2.6200001));
#8373 = CARTESIAN_POINT('',(11.808901837454,-4.577163896361,2.6100001));
#8374 = CARTESIAN_POINT('',(11.775162146,-4.668743111411,2.6200001));
#8375 = CARTESIAN_POINT('',(11.775162146,-4.668743111411,2.6100001));
#8376 = ADVANCED_FACE('',(#8377),#8387,.F.);
#8377 = FACE_BOUND('',#8378,.F.);
#8378 = EDGE_LOOP('',(#8379,#8380,#8381,#8386));
#8379 = ORIENTED_EDGE('',*,*,#8362,.F.);
#8380 = ORIENTED_EDGE('',*,*,#7870,.T.);
#8381 = ORIENTED_EDGE('',*,*,#8382,.T.);
#8382 = EDGE_CURVE('',#7871,#1775,#8383,.T.);
#8383 = B_SPLINE_CURVE_WITH_KNOTS('',1,(#8384,#8385),.UNSPECIFIED.,.F.,
  .F.,(2,2),(-0.,1.E-02),.PIECEWISE_BEZIER_KNOTS.);
#8384 = CARTESIAN_POINT('',(11.630563428943,-4.447025060204,2.6200001));
#8385 = CARTESIAN_POINT('',(11.630563428943,-4.447025060204,2.6100001));
#8386 = ORIENTED_EDGE('',*,*,#1783,.F.);
#8387 = B_SPLINE_SURFACE_WITH_KNOTS('',3,1,(
    (#8388,#8389)
    ,(#8390,#8391)
    ,(#8392,#8393)
    ,(#8394,#8395
    )),.UNSPECIFIED.,.F.,.F.,.F.,(4,4),(2,2),(17.,18.),(0.,1.),
  .PIECEWISE_BEZIER_KNOTS.);
#8388 = CARTESIAN_POINT('',(11.775162146,-4.668743111411,2.6200001));
#8389 = CARTESIAN_POINT('',(11.775162146,-4.668743111411,2.6100001));
#8390 = CARTESIAN_POINT('',(11.690812894384,-4.630183444338,2.6200001));
#8391 = CARTESIAN_POINT('',(11.690812894384,-4.630183444338,2.6100001));
#8392 = CARTESIAN_POINT('',(11.630563428943,-4.545834192721,2.6200001));
#8393 = CARTESIAN_POINT('',(11.630563428943,-4.545834192721,2.6100001));
#8394 = CARTESIAN_POINT('',(11.630563428943,-4.447025060204,2.6200001));
#8395 = CARTESIAN_POINT('',(11.630563428943,-4.447025060204,2.6100001));
#8396 = ADVANCED_FACE('',(#8397),#8407,.F.);
#8397 = FACE_BOUND('',#8398,.F.);
#8398 = EDGE_LOOP('',(#8399,#8400,#8401,#8406));
#8399 = ORIENTED_EDGE('',*,*,#8382,.F.);
#8400 = ORIENTED_EDGE('',*,*,#7879,.T.);
#8401 = ORIENTED_EDGE('',*,*,#8402,.T.);
#8402 = EDGE_CURVE('',#7880,#1766,#8403,.T.);
#8403 = B_SPLINE_CURVE_WITH_KNOTS('',1,(#8404,#8405),.UNSPECIFIED.,.F.,
  .F.,(2,2),(-0.,1.E-02),.PIECEWISE_BEZIER_KNOTS.);
#8404 = CARTESIAN_POINT('',(11.871561290705,-4.206027198443,2.6200001));
#8405 = CARTESIAN_POINT('',(11.871561290705,-4.206027198443,2.6100001));
#8406 = ORIENTED_EDGE('',*,*,#1774,.F.);
#8407 = B_SPLINE_SURFACE_WITH_KNOTS('',3,1,(
    (#8408,#8409)
    ,(#8410,#8411)
    ,(#8412,#8413)
    ,(#8414,#8415
    )),.UNSPECIFIED.,.F.,.F.,.F.,(4,4),(2,2),(18.,19.),(0.,1.),
  .PIECEWISE_BEZIER_KNOTS.);
#8408 = CARTESIAN_POINT('',(11.630563428943,-4.447025060204,2.6200001));
#8409 = CARTESIAN_POINT('',(11.630563428943,-4.447025060204,2.6100001));
#8410 = CARTESIAN_POINT('',(11.630563428943,-4.314476236235,2.6200001));
#8411 = CARTESIAN_POINT('',(11.630563428943,-4.314476236235,2.6100001));
#8412 = CARTESIAN_POINT('',(11.739012466736,-4.206027198443,2.6200001));
#8413 = CARTESIAN_POINT('',(11.739012466736,-4.206027198443,2.6100001));
#8414 = CARTESIAN_POINT('',(11.871561290705,-4.206027198443,2.6200001));
#8415 = CARTESIAN_POINT('',(11.871561290705,-4.206027198443,2.6100001));
#8416 = ADVANCED_FACE('',(#8417),#8427,.F.);
#8417 = FACE_BOUND('',#8418,.F.);
#8418 = EDGE_LOOP('',(#8419,#8420,#8421,#8426));
#8419 = ORIENTED_EDGE('',*,*,#8402,.F.);
#8420 = ORIENTED_EDGE('',*,*,#7888,.T.);
#8421 = ORIENTED_EDGE('',*,*,#8422,.T.);
#8422 = EDGE_CURVE('',#7889,#1757,#8423,.T.);
#8423 = B_SPLINE_CURVE_WITH_KNOTS('',1,(#8424,#8425),.UNSPECIFIED.,.F.,
  .F.,(2,2),(-0.,1.E-02),.PIECEWISE_BEZIER_KNOTS.);
#8424 = CARTESIAN_POINT('',(11.999290139052,-4.242176877708,2.6200001));
#8425 = CARTESIAN_POINT('',(11.999290139052,-4.242176877708,2.6100001));
#8426 = ORIENTED_EDGE('',*,*,#1765,.F.);
#8427 = B_SPLINE_SURFACE_WITH_KNOTS('',3,1,(
    (#8428,#8429)
    ,(#8430,#8431)
    ,(#8432,#8433)
    ,(#8434,#8435
    )),.UNSPECIFIED.,.F.,.F.,.F.,(4,4),(2,2),(19.,20.),(0.,1.),
  .PIECEWISE_BEZIER_KNOTS.);
#8428 = CARTESIAN_POINT('',(11.871561290705,-4.206027198443,2.6200001));
#8429 = CARTESIAN_POINT('',(11.871561290705,-4.206027198443,2.6100001));
#8430 = CARTESIAN_POINT('',(11.917350875247,-4.206027198443,2.6200001));
#8431 = CARTESIAN_POINT('',(11.917350875247,-4.206027198443,2.6100001));
#8432 = CARTESIAN_POINT('',(11.963140459789,-4.220487079341,2.6200001));
#8433 = CARTESIAN_POINT('',(11.963140459789,-4.220487079341,2.6100001));
#8434 = CARTESIAN_POINT('',(11.999290139052,-4.242176877708,2.6200001));
#8435 = CARTESIAN_POINT('',(11.999290139052,-4.242176877708,2.6100001));
#8436 = ADVANCED_FACE('',(#8437),#8447,.F.);
#8437 = FACE_BOUND('',#8438,.F.);
#8438 = EDGE_LOOP('',(#8439,#8440,#8441,#8446));
#8439 = ORIENTED_EDGE('',*,*,#8422,.F.);
#8440 = ORIENTED_EDGE('',*,*,#7897,.T.);
#8441 = ORIENTED_EDGE('',*,*,#8442,.T.);
#8442 = EDGE_CURVE('',#7898,#1748,#8443,.T.);
#8443 = B_SPLINE_CURVE_WITH_KNOTS('',1,(#8444,#8445),.UNSPECIFIED.,.F.,
  .F.,(2,2),(-0.,1.E-02),.PIECEWISE_BEZIER_KNOTS.);
#8444 = CARTESIAN_POINT('',(12.322227218654,-4.010819059122,2.6200001));
#8445 = CARTESIAN_POINT('',(12.322227218654,-4.010819059122,2.6100001));
#8446 = ORIENTED_EDGE('',*,*,#1756,.F.);
#8447 = B_SPLINE_SURFACE_WITH_KNOTS('',3,1,(
    (#8448,#8449)
    ,(#8450,#8451)
    ,(#8452,#8453)
    ,(#8454,#8455
    )),.UNSPECIFIED.,.F.,.F.,.F.,(4,4),(2,2),(20.,21.),(0.,1.),
  .PIECEWISE_BEZIER_KNOTS.);
#8448 = CARTESIAN_POINT('',(11.999290139052,-4.242176877708,2.6200001));
#8449 = CARTESIAN_POINT('',(11.999290139052,-4.242176877708,2.6100001));
#8450 = CARTESIAN_POINT('',(12.045079677627,-4.107218203826,2.6200001));
#8451 = CARTESIAN_POINT('',(12.045079677627,-4.107218203826,2.6100001));
#8452 = CARTESIAN_POINT('',(12.17039858413,-4.010819059122,2.6200001));
#8453 = CARTESIAN_POINT('',(12.17039858413,-4.010819059122,2.6100001));
#8454 = CARTESIAN_POINT('',(12.322227218654,-4.010819059122,2.6200001));
#8455 = CARTESIAN_POINT('',(12.322227218654,-4.010819059122,2.6100001));
#8456 = ADVANCED_FACE('',(#8457),#8467,.F.);
#8457 = FACE_BOUND('',#8458,.F.);
#8458 = EDGE_LOOP('',(#8459,#8460,#8461,#8466));
#8459 = ORIENTED_EDGE('',*,*,#8442,.F.);
#8460 = ORIENTED_EDGE('',*,*,#7906,.T.);
#8461 = ORIENTED_EDGE('',*,*,#8462,.T.);
#8462 = EDGE_CURVE('',#7907,#1739,#8463,.T.);
#8463 = B_SPLINE_CURVE_WITH_KNOTS('',1,(#8464,#8465),.UNSPECIFIED.,.F.,
  .F.,(2,2),(-0.,1.E-02),.PIECEWISE_BEZIER_KNOTS.);
#8464 = CARTESIAN_POINT('',(12.659624225121,-4.312066386324,2.6200001));
#8465 = CARTESIAN_POINT('',(12.659624225121,-4.312066386324,2.6100001));
#8466 = ORIENTED_EDGE('',*,*,#1747,.F.);
#8467 = B_SPLINE_SURFACE_WITH_KNOTS('',3,1,(
    (#8468,#8469)
    ,(#8470,#8471)
    ,(#8472,#8473)
    ,(#8474,#8475
    )),.UNSPECIFIED.,.F.,.F.,.F.,(4,4),(2,2),(21.,22.),(0.,1.),
  .PIECEWISE_BEZIER_KNOTS.);
#8468 = CARTESIAN_POINT('',(12.322227218654,-4.010819059122,2.6200001));
#8469 = CARTESIAN_POINT('',(12.322227218654,-4.010819059122,2.6100001));
#8470 = CARTESIAN_POINT('',(12.49574569751,-4.010819059122,2.6200001));
#8471 = CARTESIAN_POINT('',(12.49574569751,-4.010819059122,2.6100001));
#8472 = CARTESIAN_POINT('',(12.640344414567,-4.143367883091,2.6200001));
#8473 = CARTESIAN_POINT('',(12.640344414567,-4.143367883091,2.6100001));
#8474 = CARTESIAN_POINT('',(12.659624225121,-4.312066386324,2.6200001));
#8475 = CARTESIAN_POINT('',(12.659624225121,-4.312066386324,2.6100001));
#8476 = ADVANCED_FACE('',(#8477),#8487,.F.);
#8477 = FACE_BOUND('',#8478,.T.);
#8478 = EDGE_LOOP('',(#8479,#8480,#8485,#8486));
#8479 = ORIENTED_EDGE('',*,*,#1738,.T.);
#8480 = ORIENTED_EDGE('',*,*,#8481,.F.);
#8481 = EDGE_CURVE('',#7916,#1730,#8482,.T.);
#8482 = B_SPLINE_CURVE_WITH_KNOTS('',1,(#8483,#8484),.UNSPECIFIED.,.F.,
  .F.,(2,2),(-0.,1.E-02),.PIECEWISE_BEZIER_KNOTS.);
#8483 = CARTESIAN_POINT('',(12.678904035676,-4.312066386324,2.6200001));
#8484 = CARTESIAN_POINT('',(12.678904035676,-4.312066386324,2.6100001));
#8485 = ORIENTED_EDGE('',*,*,#7915,.F.);
#8486 = ORIENTED_EDGE('',*,*,#8462,.T.);
#8487 = B_SPLINE_SURFACE_WITH_KNOTS('',1,1,(
    (#8488,#8489)
    ,(#8490,#8491
    )),.UNSPECIFIED.,.F.,.F.,.F.,(2,2),(2,2),(-1.E-02,0.),(0.,
    1.927981055462E-02),.PIECEWISE_BEZIER_KNOTS.);
#8488 = CARTESIAN_POINT('',(12.659624225121,-4.312066386324,2.6100001));
#8489 = CARTESIAN_POINT('',(12.678904035676,-4.312066386324,2.6100001));
#8490 = CARTESIAN_POINT('',(12.659624225121,-4.312066386324,2.6200001));
#8491 = CARTESIAN_POINT('',(12.678904035676,-4.312066386324,2.6200001));
#8492 = ADVANCED_FACE('',(#8493),#8503,.F.);
#8493 = FACE_BOUND('',#8494,.F.);
#8494 = EDGE_LOOP('',(#8495,#8496,#8497,#8502));
#8495 = ORIENTED_EDGE('',*,*,#8481,.F.);
#8496 = ORIENTED_EDGE('',*,*,#7924,.T.);
#8497 = ORIENTED_EDGE('',*,*,#8498,.T.);
#8498 = EDGE_CURVE('',#7925,#1721,#8499,.T.);
#8499 = B_SPLINE_CURVE_WITH_KNOTS('',1,(#8500,#8501),.UNSPECIFIED.,.F.,
  .F.,(2,2),(-0.,1.E-02),.PIECEWISE_BEZIER_KNOTS.);
#8500 = CARTESIAN_POINT('',(12.866882349463,-4.500044700112,2.6200001));
#8501 = CARTESIAN_POINT('',(12.866882349463,-4.500044700112,2.6100001));
#8502 = ORIENTED_EDGE('',*,*,#1729,.F.);
#8503 = B_SPLINE_SURFACE_WITH_KNOTS('',3,1,(
    (#8504,#8505)
    ,(#8506,#8507)
    ,(#8508,#8509)
    ,(#8510,#8511
    )),.UNSPECIFIED.,.F.,.F.,.F.,(4,4),(2,2),(23.,24.),(0.,1.),
  .PIECEWISE_BEZIER_KNOTS.);
#8504 = CARTESIAN_POINT('',(12.678904035676,-4.312066386324,2.6200001));
#8505 = CARTESIAN_POINT('',(12.678904035676,-4.312066386324,2.6100001));
#8506 = CARTESIAN_POINT('',(12.782533097847,-4.312066386324,2.6200001));
#8507 = CARTESIAN_POINT('',(12.782533097847,-4.312066386324,2.6100001));
#8508 = CARTESIAN_POINT('',(12.866882349463,-4.396415637941,2.6200001));
#8509 = CARTESIAN_POINT('',(12.866882349463,-4.396415637941,2.6100001));
#8510 = CARTESIAN_POINT('',(12.866882349463,-4.500044700112,2.6200001));
#8511 = CARTESIAN_POINT('',(12.866882349463,-4.500044700112,2.6100001));
#8512 = ADVANCED_FACE('',(#8513),#8523,.F.);
#8513 = FACE_BOUND('',#8514,.F.);
#8514 = EDGE_LOOP('',(#8515,#8516,#8517,#8522));
#8515 = ORIENTED_EDGE('',*,*,#8498,.F.);
#8516 = ORIENTED_EDGE('',*,*,#7933,.T.);
#8517 = ORIENTED_EDGE('',*,*,#8518,.T.);
#8518 = EDGE_CURVE('',#7934,#1714,#8519,.T.);
#8519 = B_SPLINE_CURVE_WITH_KNOTS('',1,(#8520,#8521),.UNSPECIFIED.,.F.,
  .F.,(2,2),(-0.,1.E-02),.PIECEWISE_BEZIER_KNOTS.);
#8520 = CARTESIAN_POINT('',(12.693363870608,-4.688023013899,2.6200001));
#8521 = CARTESIAN_POINT('',(12.693363870608,-4.688023013899,2.6100001));
#8522 = ORIENTED_EDGE('',*,*,#1720,.F.);
#8523 = B_SPLINE_SURFACE_WITH_KNOTS('',3,1,(
    (#8524,#8525)
    ,(#8526,#8527)
    ,(#8528,#8529)
    ,(#8530,#8531
    )),.UNSPECIFIED.,.F.,.F.,.F.,(4,4),(2,2),(24.,25.),(0.,1.),
  .PIECEWISE_BEZIER_KNOTS.);
#8524 = CARTESIAN_POINT('',(12.866882349463,-4.500044700112,2.6200001));
#8525 = CARTESIAN_POINT('',(12.866882349463,-4.500044700112,2.6100001));
#8526 = CARTESIAN_POINT('',(12.866882349463,-4.598853832629,2.6200001));
#8527 = CARTESIAN_POINT('',(12.866882349463,-4.598853832629,2.6100001));
#8528 = CARTESIAN_POINT('',(12.79217304909,-4.680793096432,2.6200001));
#8529 = CARTESIAN_POINT('',(12.79217304909,-4.680793096432,2.6100001));
#8530 = CARTESIAN_POINT('',(12.693363870608,-4.688023013899,2.6200001));
#8531 = CARTESIAN_POINT('',(12.693363870608,-4.688023013899,2.6100001));
#8532 = ADVANCED_FACE('',(#8533),#8543,.F.);
#8533 = FACE_BOUND('',#8534,.T.);
#8534 = EDGE_LOOP('',(#8535,#8536,#8541,#8542));
#8535 = ORIENTED_EDGE('',*,*,#1713,.T.);
#8536 = ORIENTED_EDGE('',*,*,#8537,.F.);
#8537 = EDGE_CURVE('',#7943,#1705,#8538,.T.);
#8538 = B_SPLINE_CURVE_WITH_KNOTS('',1,(#8539,#8540),.UNSPECIFIED.,.F.,
  .F.,(2,2),(-0.,1.E-02),.PIECEWISE_BEZIER_KNOTS.);
#8539 = CARTESIAN_POINT('',(12.584914832815,-4.688023013899,2.6200001));
#8540 = CARTESIAN_POINT('',(12.584914832815,-4.688023013899,2.6100001));
#8541 = ORIENTED_EDGE('',*,*,#7942,.F.);
#8542 = ORIENTED_EDGE('',*,*,#8518,.T.);
#8543 = B_SPLINE_SURFACE_WITH_KNOTS('',1,1,(
    (#8544,#8545)
    ,(#8546,#8547
    )),.UNSPECIFIED.,.F.,.F.,.F.,(2,2),(2,2),(-0.,1.E-02),(
    -0.108449037793,0.),.PIECEWISE_BEZIER_KNOTS.);
#8544 = CARTESIAN_POINT('',(12.584914832815,-4.688023013899,2.6200001));
#8545 = CARTESIAN_POINT('',(12.693363870608,-4.688023013899,2.6200001));
#8546 = CARTESIAN_POINT('',(12.584914832815,-4.688023013899,2.6100001));
#8547 = CARTESIAN_POINT('',(12.693363870608,-4.688023013899,2.6100001));
#8548 = ADVANCED_FACE('',(#8549),#8559,.F.);
#8549 = FACE_BOUND('',#8550,.F.);
#8550 = EDGE_LOOP('',(#8551,#8552,#8553,#8558));
#8551 = ORIENTED_EDGE('',*,*,#8537,.F.);
#8552 = ORIENTED_EDGE('',*,*,#7949,.T.);
#8553 = ORIENTED_EDGE('',*,*,#8554,.T.);
#8554 = EDGE_CURVE('',#7950,#1696,#8555,.T.);
#8555 = B_SPLINE_CURVE_WITH_KNOTS('',1,(#8556,#8557),.UNSPECIFIED.,.F.,
  .F.,(2,2),(-0.,1.E-02),.PIECEWISE_BEZIER_KNOTS.);
#8556 = CARTESIAN_POINT('',(12.570454997883,-4.685613072056,2.6200001));
#8557 = CARTESIAN_POINT('',(12.570454997883,-4.685613072056,2.6100001));
#8558 = ORIENTED_EDGE('',*,*,#1704,.F.);
#8559 = B_SPLINE_SURFACE_WITH_KNOTS('',3,1,(
    (#8560,#8561)
    ,(#8562,#8563)
    ,(#8564,#8565)
    ,(#8566,#8567
    )),.UNSPECIFIED.,.F.,.F.,.F.,(4,4),(2,2),(26.,27.),(0.,1.),
  .PIECEWISE_BEZIER_KNOTS.);
#8560 = CARTESIAN_POINT('',(12.584914832815,-4.688023013899,2.6200001));
#8561 = CARTESIAN_POINT('',(12.584914832815,-4.688023013899,2.6100001));
#8562 = CARTESIAN_POINT('',(12.580094857193,-4.688023013899,2.6200001));
#8563 = CARTESIAN_POINT('',(12.580094857193,-4.688023013899,2.6100001));
#8564 = CARTESIAN_POINT('',(12.575274881571,-4.685613072056,2.6200001));
#8565 = CARTESIAN_POINT('',(12.575274881571,-4.685613072056,2.6100001));
#8566 = CARTESIAN_POINT('',(12.570454997883,-4.685613072056,2.6200001));
#8567 = CARTESIAN_POINT('',(12.570454997883,-4.685613072056,2.6100001));
#8568 = ADVANCED_FACE('',(#8569),#8579,.F.);
#8569 = FACE_BOUND('',#8570,.F.);
#8570 = EDGE_LOOP('',(#8571,#8572,#8573,#8578));
#8571 = ORIENTED_EDGE('',*,*,#8554,.F.);
#8572 = ORIENTED_EDGE('',*,*,#7958,.T.);
#8573 = ORIENTED_EDGE('',*,*,#8574,.T.);
#8574 = EDGE_CURVE('',#7959,#1687,#8575,.T.);
#8575 = B_SPLINE_CURVE_WITH_KNOTS('',1,(#8576,#8577),.UNSPECIFIED.,.F.,
  .F.,(2,2),(-0.,1.E-02),.PIECEWISE_BEZIER_KNOTS.);
#8576 = CARTESIAN_POINT('',(12.49574569751,-4.760322372428,2.6200001));
#8577 = CARTESIAN_POINT('',(12.49574569751,-4.760322372428,2.6100001));
#8578 = ORIENTED_EDGE('',*,*,#1695,.F.);
#8579 = B_SPLINE_SURFACE_WITH_KNOTS('',3,1,(
    (#8580,#8581)
    ,(#8582,#8583)
    ,(#8584,#8585)
    ,(#8586,#8587
    )),.UNSPECIFIED.,.F.,.F.,.F.,(4,4),(2,2),(27.,28.),(0.,1.),
  .PIECEWISE_BEZIER_KNOTS.);
#8580 = CARTESIAN_POINT('',(12.570454997883,-4.685613072056,2.6200001));
#8581 = CARTESIAN_POINT('',(12.570454997883,-4.685613072056,2.6100001));
#8582 = CARTESIAN_POINT('',(12.529485342996,-4.685613072056,2.6200001));
#8583 = CARTESIAN_POINT('',(12.529485342996,-4.685613072056,2.6100001));
#8584 = CARTESIAN_POINT('',(12.49574569751,-4.719352809475,2.6200001));
#8585 = CARTESIAN_POINT('',(12.49574569751,-4.719352809475,2.6100001));
#8586 = CARTESIAN_POINT('',(12.49574569751,-4.760322372428,2.6200001));
#8587 = CARTESIAN_POINT('',(12.49574569751,-4.760322372428,2.6100001));
#8588 = ADVANCED_FACE('',(#8589),#8599,.F.);
#8589 = FACE_BOUND('',#8590,.F.);
#8590 = EDGE_LOOP('',(#8591,#8592,#8593,#8598));
#8591 = ORIENTED_EDGE('',*,*,#8574,.F.);
#8592 = ORIENTED_EDGE('',*,*,#7967,.T.);
#8593 = ORIENTED_EDGE('',*,*,#8594,.T.);
#8594 = EDGE_CURVE('',#7968,#1680,#8595,.T.);
#8595 = B_SPLINE_CURVE_WITH_KNOTS('',1,(#8596,#8597),.UNSPECIFIED.,.F.,
  .F.,(2,2),(-0.,1.E-02),.PIECEWISE_BEZIER_KNOTS.);
#8596 = CARTESIAN_POINT('',(12.565635114194,-4.835031672803,2.6200001));
#8597 = CARTESIAN_POINT('',(12.565635114194,-4.835031672803,2.6100001));
#8598 = ORIENTED_EDGE('',*,*,#1686,.F.);
#8599 = B_SPLINE_SURFACE_WITH_KNOTS('',3,1,(
    (#8600,#8601)
    ,(#8602,#8603)
    ,(#8604,#8605)
    ,(#8606,#8607
    )),.UNSPECIFIED.,.F.,.F.,.F.,(4,4),(2,2),(28.,29.),(0.,1.),
  .PIECEWISE_BEZIER_KNOTS.);
#8600 = CARTESIAN_POINT('',(12.49574569751,-4.760322372428,2.6200001));
#8601 = CARTESIAN_POINT('',(12.49574569751,-4.760322372428,2.6100001));
#8602 = CARTESIAN_POINT('',(12.49574569751,-4.798881993537,2.6200001));
#8603 = CARTESIAN_POINT('',(12.49574569751,-4.798881993537,2.6100001));
#8604 = CARTESIAN_POINT('',(12.527075401152,-4.832621730959,2.6200001));
#8605 = CARTESIAN_POINT('',(12.527075401152,-4.832621730959,2.6100001));
#8606 = CARTESIAN_POINT('',(12.565635114194,-4.835031672803,2.6200001));
#8607 = CARTESIAN_POINT('',(12.565635114194,-4.835031672803,2.6100001));
#8608 = ADVANCED_FACE('',(#8609),#8619,.F.);
#8609 = FACE_BOUND('',#8610,.T.);
#8610 = EDGE_LOOP('',(#8611,#8612,#8617,#8618));
#8611 = ORIENTED_EDGE('',*,*,#1679,.T.);
#8612 = ORIENTED_EDGE('',*,*,#8613,.F.);
#8613 = EDGE_CURVE('',#7977,#1671,#8614,.T.);
#8614 = B_SPLINE_CURVE_WITH_KNOTS('',1,(#8615,#8616),.UNSPECIFIED.,.F.,
  .F.,(2,2),(-0.,1.E-02),.PIECEWISE_BEZIER_KNOTS.);
#8615 = CARTESIAN_POINT('',(12.707823797474,-4.835031672803,2.6200001));
#8616 = CARTESIAN_POINT('',(12.707823797474,-4.835031672803,2.6100001));
#8617 = ORIENTED_EDGE('',*,*,#7976,.F.);
#8618 = ORIENTED_EDGE('',*,*,#8594,.T.);
#8619 = B_SPLINE_SURFACE_WITH_KNOTS('',1,1,(
    (#8620,#8621)
    ,(#8622,#8623
    )),.UNSPECIFIED.,.F.,.F.,.F.,(2,2),(2,2),(-1.E-02,0.),(
    -0.134958765813,7.22991746688E-03),.PIECEWISE_BEZIER_KNOTS.);
#8620 = CARTESIAN_POINT('',(12.565635114194,-4.835031672803,2.6100001));
#8621 = CARTESIAN_POINT('',(12.707823797474,-4.835031672803,2.6100001));
#8622 = CARTESIAN_POINT('',(12.565635114194,-4.835031672803,2.6200001));
#8623 = CARTESIAN_POINT('',(12.707823797474,-4.835031672803,2.6200001));
#8624 = ADVANCED_FACE('',(#8625),#8635,.F.);
#8625 = FACE_BOUND('',#8626,.F.);
#8626 = EDGE_LOOP('',(#8627,#8628,#8629,#8634));
#8627 = ORIENTED_EDGE('',*,*,#8613,.F.);
#8628 = ORIENTED_EDGE('',*,*,#7983,.T.);
#8629 = ORIENTED_EDGE('',*,*,#8630,.T.);
#8630 = EDGE_CURVE('',#7984,#1662,#8631,.T.);
#8631 = B_SPLINE_CURVE_WITH_KNOTS('',1,(#8632,#8633),.UNSPECIFIED.,.F.,
  .F.,(2,2),(-0.,1.E-02),.PIECEWISE_BEZIER_KNOTS.);
#8632 = CARTESIAN_POINT('',(12.927131814903,-4.726582635009,2.6200001));
#8633 = CARTESIAN_POINT('',(12.927131814903,-4.726582635009,2.6100001));
#8634 = ORIENTED_EDGE('',*,*,#1670,.F.);
#8635 = B_SPLINE_SURFACE_WITH_KNOTS('',3,1,(
    (#8636,#8637)
    ,(#8638,#8639)
    ,(#8640,#8641)
    ,(#8642,#8643
    )),.UNSPECIFIED.,.F.,.F.,.F.,(4,4),(2,2),(33.,34.),(0.,1.),
  .PIECEWISE_BEZIER_KNOTS.);
#8636 = CARTESIAN_POINT('',(12.707823797474,-4.835031672803,2.6200001));
#8637 = CARTESIAN_POINT('',(12.707823797474,-4.835031672803,2.6100001));
#8638 = CARTESIAN_POINT('',(12.79217304909,-4.827801755336,2.6200001));
#8639 = CARTESIAN_POINT('',(12.79217304909,-4.827801755336,2.6100001));
#8640 = CARTESIAN_POINT('',(12.869292383242,-4.789242042293,2.6200001));
#8641 = CARTESIAN_POINT('',(12.869292383242,-4.789242042293,2.6100001));
#8642 = CARTESIAN_POINT('',(12.927131814903,-4.726582635009,2.6200001));
#8643 = CARTESIAN_POINT('',(12.927131814903,-4.726582635009,2.6100001));
#8644 = ADVANCED_FACE('',(#8645),#8651,.F.);
#8645 = FACE_BOUND('',#8646,.F.);
#8646 = EDGE_LOOP('',(#8647,#8648,#8649,#8650));
#8647 = ORIENTED_EDGE('',*,*,#8630,.F.);
#8648 = ORIENTED_EDGE('',*,*,#7992,.T.);
#8649 = ORIENTED_EDGE('',*,*,#8032,.T.);
#8650 = ORIENTED_EDGE('',*,*,#1661,.F.);
#8651 = B_SPLINE_SURFACE_WITH_KNOTS('',3,1,(
    (#8652,#8653)
    ,(#8654,#8655)
    ,(#8656,#8657)
    ,(#8658,#8659
    )),.UNSPECIFIED.,.F.,.F.,.F.,(4,4),(2,2),(34.,35.),(0.,1.),
  .PIECEWISE_BEZIER_KNOTS.);
#8652 = CARTESIAN_POINT('',(12.927131814903,-4.726582635009,2.6200001));
#8653 = CARTESIAN_POINT('',(12.927131814903,-4.726582635009,2.6100001));
#8654 = CARTESIAN_POINT('',(12.9849713385,-4.663923227724,2.6200001));
#8655 = CARTESIAN_POINT('',(12.9849713385,-4.663923227724,2.6100001));
#8656 = CARTESIAN_POINT('',(13.016301042143,-4.581983917951,2.6200001));
#8657 = CARTESIAN_POINT('',(13.016301042143,-4.581983917951,2.6100001));
#8658 = CARTESIAN_POINT('',(13.016301042143,-4.497634666335,2.6200001));
#8659 = CARTESIAN_POINT('',(13.016301042143,-4.497634666335,2.6100001));
#8660 = ADVANCED_FACE('',(#8661),#8688,.T.);
#8661 = FACE_BOUND('',#8662,.T.);
#8662 = EDGE_LOOP('',(#8663,#8677,#8682,#8683));
#8663 = ORIENTED_EDGE('',*,*,#8664,.F.);
#8664 = EDGE_CURVE('',#8665,#8667,#8669,.T.);
#8665 = VERTEX_POINT('',#8666);
#8666 = CARTESIAN_POINT('',(11.999290093086,-4.849491691601,2.6100001));
#8667 = VERTEX_POINT('',#8668);
#8668 = CARTESIAN_POINT('',(11.999290093086,-4.66151328588,2.6100001));
#8669 = B_SPLINE_CURVE_WITH_KNOTS('',3,(#8670,#8671,#8672,#8673,#8674,
    #8675,#8676),.UNSPECIFIED.,.F.,.F.,(4,3,4),(0.,1.,2.),
  .PIECEWISE_BEZIER_KNOTS.);
#8670 = CARTESIAN_POINT('',(11.999290093086,-4.849491691601,2.6100001));
#8671 = CARTESIAN_POINT('',(12.052309595093,-4.849491691601,2.6100001));
#8672 = CARTESIAN_POINT('',(12.093279249979,-4.806112002938,2.6100001));
#8673 = CARTESIAN_POINT('',(12.093279249979,-4.755502488741,2.6100001));
#8674 = CARTESIAN_POINT('',(12.093279249979,-4.702482940766,2.6100001));
#8675 = CARTESIAN_POINT('',(12.049899653249,-4.66151328588,2.6100001));
#8676 = CARTESIAN_POINT('',(11.999290093086,-4.66151328588,2.6100001));
#8677 = ORIENTED_EDGE('',*,*,#8678,.F.);
#8678 = EDGE_CURVE('',#8002,#8665,#8679,.T.);
#8679 = B_SPLINE_CURVE_WITH_KNOTS('',1,(#8680,#8681),.UNSPECIFIED.,.F.,
  .F.,(2,2),(-0.,1.E-02),.PIECEWISE_BEZIER_KNOTS.);
#8680 = CARTESIAN_POINT('',(11.999290093086,-4.849491691601,2.6200001));
#8681 = CARTESIAN_POINT('',(11.999290093086,-4.849491691601,2.6100001));
#8682 = ORIENTED_EDGE('',*,*,#8001,.T.);
#8683 = ORIENTED_EDGE('',*,*,#8684,.T.);
#8684 = EDGE_CURVE('',#8004,#8667,#8685,.T.);
#8685 = B_SPLINE_CURVE_WITH_KNOTS('',1,(#8686,#8687),.UNSPECIFIED.,.F.,
  .F.,(2,2),(-0.,1.E-02),.PIECEWISE_BEZIER_KNOTS.);
#8686 = CARTESIAN_POINT('',(11.999290093086,-4.66151328588,2.6200001));
#8687 = CARTESIAN_POINT('',(11.999290093086,-4.66151328588,2.6100001));
#8688 = B_SPLINE_SURFACE_WITH_KNOTS('',3,1,(
    (#8689,#8690)
    ,(#8691,#8692)
    ,(#8693,#8694)
    ,(#8695,#8696)
    ,(#8697,#8698)
    ,(#8699,#8700)
    ,(#8701,#8702
    )),.UNSPECIFIED.,.F.,.F.,.F.,(4,3,4),(2,2),(0.,1.,2.),(0.,1.),
  .PIECEWISE_BEZIER_KNOTS.);
#8689 = CARTESIAN_POINT('',(11.999290093086,-4.849491691601,2.6200001));
#8690 = CARTESIAN_POINT('',(11.999290093086,-4.849491691601,2.6100001));
#8691 = CARTESIAN_POINT('',(12.052309595093,-4.849491691601,2.6200001));
#8692 = CARTESIAN_POINT('',(12.052309595093,-4.849491691601,2.6100001));
#8693 = CARTESIAN_POINT('',(12.093279249979,-4.806112002938,2.6200001));
#8694 = CARTESIAN_POINT('',(12.093279249979,-4.806112002938,2.6100001));
#8695 = CARTESIAN_POINT('',(12.093279249979,-4.755502488741,2.6200001));
#8696 = CARTESIAN_POINT('',(12.093279249979,-4.755502488741,2.6100001));
#8697 = CARTESIAN_POINT('',(12.093279249979,-4.702482940766,2.6200001));
#8698 = CARTESIAN_POINT('',(12.093279249979,-4.702482940766,2.6100001));
#8699 = CARTESIAN_POINT('',(12.049899653249,-4.66151328588,2.6200001));
#8700 = CARTESIAN_POINT('',(12.049899653249,-4.66151328588,2.6100001));
#8701 = CARTESIAN_POINT('',(11.999290093086,-4.66151328588,2.6200001));
#8702 = CARTESIAN_POINT('',(11.999290093086,-4.66151328588,2.6100001));
#8703 = ADVANCED_FACE('',(#8704),#8718,.T.);
#8704 = FACE_BOUND('',#8705,.T.);
#8705 = EDGE_LOOP('',(#8706,#8715,#8716,#8717));
#8706 = ORIENTED_EDGE('',*,*,#8707,.F.);
#8707 = EDGE_CURVE('',#8667,#8665,#8708,.T.);
#8708 = B_SPLINE_CURVE_WITH_KNOTS('',3,(#8709,#8710,#8711,#8712,#8713,
    #8714),.UNSPECIFIED.,.F.,.F.,(4,2,4),(2.,3.,4.),.UNSPECIFIED.);
#8709 = CARTESIAN_POINT('',(11.999290093086,-4.66151328588,2.6100001));
#8710 = CARTESIAN_POINT('',(11.948680532923,-4.66151328588,2.6100001));
#8711 = CARTESIAN_POINT('',(11.905300936192,-4.702482940766,2.6100001));
#8712 = CARTESIAN_POINT('',(11.905300936192,-4.808522036715,2.6100001));
#8713 = CARTESIAN_POINT('',(11.948680532923,-4.849491691601,2.6100001));
#8714 = CARTESIAN_POINT('',(11.999290093086,-4.849491691601,2.6100001));
#8715 = ORIENTED_EDGE('',*,*,#8684,.F.);
#8716 = ORIENTED_EDGE('',*,*,#8015,.T.);
#8717 = ORIENTED_EDGE('',*,*,#8678,.T.);
#8718 = B_SPLINE_SURFACE_WITH_KNOTS('',3,1,(
    (#8719,#8720)
    ,(#8721,#8722)
    ,(#8723,#8724)
    ,(#8725,#8726)
    ,(#8727,#8728)
    ,(#8729,#8730
    )),.UNSPECIFIED.,.F.,.F.,.F.,(4,2,4),(2,2),(2.,3.,4.),(0.,1.),
  .UNSPECIFIED.);
#8719 = CARTESIAN_POINT('',(11.999290093086,-4.66151328588,2.6200001));
#8720 = CARTESIAN_POINT('',(11.999290093086,-4.66151328588,2.6100001));
#8721 = CARTESIAN_POINT('',(11.948680532923,-4.66151328588,2.6200001));
#8722 = CARTESIAN_POINT('',(11.948680532923,-4.66151328588,2.6100001));
#8723 = CARTESIAN_POINT('',(11.905300936192,-4.702482940766,2.6200001));
#8724 = CARTESIAN_POINT('',(11.905300936192,-4.702482940766,2.6100001));
#8725 = CARTESIAN_POINT('',(11.905300936192,-4.808522036715,2.6200001));
#8726 = CARTESIAN_POINT('',(11.905300936192,-4.808522036715,2.6100001));
#8727 = CARTESIAN_POINT('',(11.948680532923,-4.849491691601,2.6200001));
#8728 = CARTESIAN_POINT('',(11.948680532923,-4.849491691601,2.6100001));
#8729 = CARTESIAN_POINT('',(11.999290093086,-4.849491691601,2.6200001));
#8730 = CARTESIAN_POINT('',(11.999290093086,-4.849491691601,2.6100001));
#8731 = ADVANCED_FACE('',(#8732),#8736,.T.);
#8732 = FACE_BOUND('',#8733,.T.);
#8733 = EDGE_LOOP('',(#8734,#8735));
#8734 = ORIENTED_EDGE('',*,*,#8664,.T.);
#8735 = ORIENTED_EDGE('',*,*,#8707,.T.);
#8736 = B_SPLINE_SURFACE_WITH_KNOTS('',1,1,(
    (#8737,#8738)
    ,(#8739,#8740
    )),.UNSPECIFIED.,.F.,.F.,.F.,(2,2),(2,2),(11.905300936192,
    12.093279249979),(-4.849491691601,-4.66151328588),
  .PIECEWISE_BEZIER_KNOTS.);
#8737 = CARTESIAN_POINT('',(11.905300936192,-4.849491691601,2.6100001));
#8738 = CARTESIAN_POINT('',(11.905300936192,-4.66151328588,2.6100001));
#8739 = CARTESIAN_POINT('',(12.093279249979,-4.849491691601,2.6100001));
#8740 = CARTESIAN_POINT('',(12.093279249979,-4.66151328588,2.6100001));
#8741 = ( GEOMETRIC_REPRESENTATION_CONTEXT(3) 
GLOBAL_UNCERTAINTY_ASSIGNED_CONTEXT((#8745)) 
GLOBAL_UNIT_ASSIGNED_CONTEXT((#8742,#8743,#8744)) REPRESENTATION_CONTEXT
('Context #1','3D Context with UNIT and UNCERTAINTY') );
#8742 = ( LENGTH_UNIT() NAMED_UNIT(*) SI_UNIT(.MILLI.,.METRE.) );
#8743 = ( NAMED_UNIT(*) PLANE_ANGLE_UNIT() SI_UNIT($,.RADIAN.) );
#8744 = ( NAMED_UNIT(*) SI_UNIT($,.STERADIAN.) SOLID_ANGLE_UNIT() );
#8745 = UNCERTAINTY_MEASURE_WITH_UNIT(LENGTH_MEASURE(1.E-07),#8742,
  'distance_accuracy_value','confusion accuracy');
#8746 = PRODUCT_RELATED_PRODUCT_CATEGORY('part',$,(#7));
#8747 = MECHANICAL_DESIGN_GEOMETRIC_PRESENTATION_REPRESENTATION('',(
    #8748,#8758,#8766,#8773,#8780,#8787,#8794,#8801,#8808,#8815,#8822,
    #8829,#8837,#8845,#8852,#8859,#8866,#8873,#8880,#8887,#8894,#8901,
    #8908,#8916,#8923,#8930,#8937,#8944,#8951,#8958,#8965,#8972,#8979,
    #8986,#8993,#9000,#9007,#9014,#9021,#9028,#9035,#9042,#9049,#9056,
    #9063,#9070,#9077,#9084,#9091,#9098,#9105,#9112,#9119,#9126,#9133,
    #9140,#9147,#9154,#9161,#9168,#9175,#9182,#9189,#9196,#9203,#9210,
    #9217,#9224,#9231,#9238,#9245,#9252,#9259,#9266,#9273,#9280,#9287,
    #9294,#9301,#9308,#9315,#9322,#9329,#9336,#9343,#9350,#9357,#9364,
    #9371,#9378,#9385,#9392,#9399,#9406,#9413,#9420,#9427,#9434,#9441,
    #9448,#9455,#9462,#9469,#9476,#9483,#9490,#9497,#9504,#9511,#9518,
    #9525,#9532,#9539,#9546,#9553,#9560,#9567,#9574,#9581,#9588,#9595,
    #9602,#9609,#9616,#9623,#9630,#9637,#9644,#9651,#9658,#9665,#9672,
    #9679,#9686,#9693,#9700,#9707,#9714,#9721,#9728,#9735,#9742,#9749,
    #9756,#9763,#9770,#9777,#9784,#9791,#9798,#9805,#9812,#9819,#9826,
    #9833,#9840,#9847,#9854,#9861,#9868,#9875,#9882,#9889,#9896,#9903,
    #9910,#9917,#9924,#9931,#9938,#9945,#9952,#9959,#9966,#9973,#9980,
    #9987,#9994,#10001,#10008,#10015,#10022,#10029,#10036,#10043,#10050,
    #10057,#10064,#10071,#10078,#10085,#10092,#10099,#10106,#10113,
    #10120,#10127,#10134,#10141,#10148,#10155,#10162,#10169,#10176,
    #10183,#10190,#10197,#10204,#10211,#10218,#10225,#10232,#10239,
    #10246,#10253,#10260,#10267,#10274,#10281,#10288,#10295,#10302,
    #10309,#10316,#10323,#10330,#10337,#10344,#10351,#10358,#10365,
    #10372,#10379,#10386,#10393,#10400,#10407,#10414,#10421,#10428,
    #10435,#10442,#10449,#10456,#10463,#10470,#10477,#10484,#10491,
    #10498,#10505,#10512,#10519,#10526,#10533,#10540,#10547,#10554,
    #10561,#10568,#10575,#10582,#10589,#10596,#10603,#10610,#10617,
    #10624,#10631,#10638,#10645,#10652,#10659,#10666,#10673,#10680,
    #10687),#8741);
#8748 = STYLED_ITEM('color',(#8749),#15);
#8749 = PRESENTATION_STYLE_ASSIGNMENT((#8750,#8756));
#8750 = SURFACE_STYLE_USAGE(.BOTH.,#8751);
#8751 = SURFACE_SIDE_STYLE('',(#8752));
#8752 = SURFACE_STYLE_FILL_AREA(#8753);
#8753 = FILL_AREA_STYLE('',(#8754));
#8754 = FILL_AREA_STYLE_COLOUR('',#8755);
#8755 = DRAUGHTING_PRE_DEFINED_COLOUR('white');
#8756 = CURVE_STYLE('',#8757,POSITIVE_LENGTH_MEASURE(0.1),#8755);
#8757 = DRAUGHTING_PRE_DEFINED_CURVE_FONT('continuous');
#8758 = OVER_RIDING_STYLED_ITEM('overriding color',(#8759),#17,#8748);
#8759 = PRESENTATION_STYLE_ASSIGNMENT((#8760));
#8760 = SURFACE_STYLE_USAGE(.BOTH.,#8761);
#8761 = SURFACE_SIDE_STYLE('',(#8762));
#8762 = SURFACE_STYLE_FILL_AREA(#8763);
#8763 = FILL_AREA_STYLE('',(#8764));
#8764 = FILL_AREA_STYLE_COLOUR('',#8765);
#8765 = COLOUR_RGB('',1.,1.,0.501960785193);
#8766 = OVER_RIDING_STYLED_ITEM('overriding color',(#8767),#65,#8748);
#8767 = PRESENTATION_STYLE_ASSIGNMENT((#8768));
#8768 = SURFACE_STYLE_USAGE(.BOTH.,#8769);
#8769 = SURFACE_SIDE_STYLE('',(#8770));
#8770 = SURFACE_STYLE_FILL_AREA(#8771);
#8771 = FILL_AREA_STYLE('',(#8772));
#8772 = FILL_AREA_STYLE_COLOUR('',#8765);
#8773 = OVER_RIDING_STYLED_ITEM('overriding color',(#8774),#113,#8748);
#8774 = PRESENTATION_STYLE_ASSIGNMENT((#8775));
#8775 = SURFACE_STYLE_USAGE(.BOTH.,#8776);
#8776 = SURFACE_SIDE_STYLE('',(#8777));
#8777 = SURFACE_STYLE_FILL_AREA(#8778);
#8778 = FILL_AREA_STYLE('',(#8779));
#8779 = FILL_AREA_STYLE_COLOUR('',#8765);
#8780 = OVER_RIDING_STYLED_ITEM('overriding color',(#8781),#161,#8748);
#8781 = PRESENTATION_STYLE_ASSIGNMENT((#8782));
#8782 = SURFACE_STYLE_USAGE(.BOTH.,#8783);
#8783 = SURFACE_SIDE_STYLE('',(#8784));
#8784 = SURFACE_STYLE_FILL_AREA(#8785);
#8785 = FILL_AREA_STYLE('',(#8786));
#8786 = FILL_AREA_STYLE_COLOUR('',#8765);
#8787 = OVER_RIDING_STYLED_ITEM('overriding color',(#8788),#209,#8748);
#8788 = PRESENTATION_STYLE_ASSIGNMENT((#8789));
#8789 = SURFACE_STYLE_USAGE(.BOTH.,#8790);
#8790 = SURFACE_SIDE_STYLE('',(#8791));
#8791 = SURFACE_STYLE_FILL_AREA(#8792);
#8792 = FILL_AREA_STYLE('',(#8793));
#8793 = FILL_AREA_STYLE_COLOUR('',#8765);
#8794 = OVER_RIDING_STYLED_ITEM('overriding color',(#8795),#257,#8748);
#8795 = PRESENTATION_STYLE_ASSIGNMENT((#8796));
#8796 = SURFACE_STYLE_USAGE(.BOTH.,#8797);
#8797 = SURFACE_SIDE_STYLE('',(#8798));
#8798 = SURFACE_STYLE_FILL_AREA(#8799);
#8799 = FILL_AREA_STYLE('',(#8800));
#8800 = FILL_AREA_STYLE_COLOUR('',#8765);
#8801 = OVER_RIDING_STYLED_ITEM('overriding color',(#8802),#305,#8748);
#8802 = PRESENTATION_STYLE_ASSIGNMENT((#8803));
#8803 = SURFACE_STYLE_USAGE(.BOTH.,#8804);
#8804 = SURFACE_SIDE_STYLE('',(#8805));
#8805 = SURFACE_STYLE_FILL_AREA(#8806);
#8806 = FILL_AREA_STYLE('',(#8807));
#8807 = FILL_AREA_STYLE_COLOUR('',#8765);
#8808 = OVER_RIDING_STYLED_ITEM('overriding color',(#8809),#353,#8748);
#8809 = PRESENTATION_STYLE_ASSIGNMENT((#8810));
#8810 = SURFACE_STYLE_USAGE(.BOTH.,#8811);
#8811 = SURFACE_SIDE_STYLE('',(#8812));
#8812 = SURFACE_STYLE_FILL_AREA(#8813);
#8813 = FILL_AREA_STYLE('',(#8814));
#8814 = FILL_AREA_STYLE_COLOUR('',#8765);
#8815 = OVER_RIDING_STYLED_ITEM('overriding color',(#8816),#401,#8748);
#8816 = PRESENTATION_STYLE_ASSIGNMENT((#8817));
#8817 = SURFACE_STYLE_USAGE(.BOTH.,#8818);
#8818 = SURFACE_SIDE_STYLE('',(#8819));
#8819 = SURFACE_STYLE_FILL_AREA(#8820);
#8820 = FILL_AREA_STYLE('',(#8821));
#8821 = FILL_AREA_STYLE_COLOUR('',#8765);
#8822 = OVER_RIDING_STYLED_ITEM('overriding color',(#8823),#449,#8748);
#8823 = PRESENTATION_STYLE_ASSIGNMENT((#8824));
#8824 = SURFACE_STYLE_USAGE(.BOTH.,#8825);
#8825 = SURFACE_SIDE_STYLE('',(#8826));
#8826 = SURFACE_STYLE_FILL_AREA(#8827);
#8827 = FILL_AREA_STYLE('',(#8828));
#8828 = FILL_AREA_STYLE_COLOUR('',#8765);
#8829 = OVER_RIDING_STYLED_ITEM('overriding color',(#8830),#497,#8748);
#8830 = PRESENTATION_STYLE_ASSIGNMENT((#8831));
#8831 = SURFACE_STYLE_USAGE(.BOTH.,#8832);
#8832 = SURFACE_SIDE_STYLE('',(#8833));
#8833 = SURFACE_STYLE_FILL_AREA(#8834);
#8834 = FILL_AREA_STYLE('',(#8835));
#8835 = FILL_AREA_STYLE_COLOUR('',#8836);
#8836 = COLOUR_RGB('',0.250980388104,0.250980388104,0.250980388104);
#8837 = OVER_RIDING_STYLED_ITEM('overriding color',(#8838),#1932,#8748);
#8838 = PRESENTATION_STYLE_ASSIGNMENT((#8839));
#8839 = SURFACE_STYLE_USAGE(.BOTH.,#8840);
#8840 = SURFACE_SIDE_STYLE('',(#8841));
#8841 = SURFACE_STYLE_FILL_AREA(#8842);
#8842 = FILL_AREA_STYLE('',(#8843));
#8843 = FILL_AREA_STYLE_COLOUR('',#8844);
#8844 = COLOUR_RGB('',0.,0.501960785193,0.);
#8845 = OVER_RIDING_STYLED_ITEM('overriding color',(#8846),#1968,#8748);
#8846 = PRESENTATION_STYLE_ASSIGNMENT((#8847));
#8847 = SURFACE_STYLE_USAGE(.BOTH.,#8848);
#8848 = SURFACE_SIDE_STYLE('',(#8849));
#8849 = SURFACE_STYLE_FILL_AREA(#8850);
#8850 = FILL_AREA_STYLE('',(#8851));
#8851 = FILL_AREA_STYLE_COLOUR('',#8844);
#8852 = OVER_RIDING_STYLED_ITEM('overriding color',(#8853),#1996,#8748);
#8853 = PRESENTATION_STYLE_ASSIGNMENT((#8854));
#8854 = SURFACE_STYLE_USAGE(.BOTH.,#8855);
#8855 = SURFACE_SIDE_STYLE('',(#8856));
#8856 = SURFACE_STYLE_FILL_AREA(#8857);
#8857 = FILL_AREA_STYLE('',(#8858));
#8858 = FILL_AREA_STYLE_COLOUR('',#8844);
#8859 = OVER_RIDING_STYLED_ITEM('overriding color',(#8860),#2024,#8748);
#8860 = PRESENTATION_STYLE_ASSIGNMENT((#8861));
#8861 = SURFACE_STYLE_USAGE(.BOTH.,#8862);
#8862 = SURFACE_SIDE_STYLE('',(#8863));
#8863 = SURFACE_STYLE_FILL_AREA(#8864);
#8864 = FILL_AREA_STYLE('',(#8865));
#8865 = FILL_AREA_STYLE_COLOUR('',#8844);
#8866 = OVER_RIDING_STYLED_ITEM('overriding color',(#8867),#2044,#8748);
#8867 = PRESENTATION_STYLE_ASSIGNMENT((#8868));
#8868 = SURFACE_STYLE_USAGE(.BOTH.,#8869);
#8869 = SURFACE_SIDE_STYLE('',(#8870));
#8870 = SURFACE_STYLE_FILL_AREA(#8871);
#8871 = FILL_AREA_STYLE('',(#8872));
#8872 = FILL_AREA_STYLE_COLOUR('',#8844);
#8873 = OVER_RIDING_STYLED_ITEM('overriding color',(#8874),#2149,#8748);
#8874 = PRESENTATION_STYLE_ASSIGNMENT((#8875));
#8875 = SURFACE_STYLE_USAGE(.BOTH.,#8876);
#8876 = SURFACE_SIDE_STYLE('',(#8877));
#8877 = SURFACE_STYLE_FILL_AREA(#8878);
#8878 = FILL_AREA_STYLE('',(#8879));
#8879 = FILL_AREA_STYLE_COLOUR('',#8844);
#8880 = OVER_RIDING_STYLED_ITEM('overriding color',(#8881),#2224,#8748);
#8881 = PRESENTATION_STYLE_ASSIGNMENT((#8882));
#8882 = SURFACE_STYLE_USAGE(.BOTH.,#8883);
#8883 = SURFACE_SIDE_STYLE('',(#8884));
#8884 = SURFACE_STYLE_FILL_AREA(#8885);
#8885 = FILL_AREA_STYLE('',(#8886));
#8886 = FILL_AREA_STYLE_COLOUR('',#8836);
#8887 = OVER_RIDING_STYLED_ITEM('overriding color',(#8888),#2244,#8748);
#8888 = PRESENTATION_STYLE_ASSIGNMENT((#8889));
#8889 = SURFACE_STYLE_USAGE(.BOTH.,#8890);
#8890 = SURFACE_SIDE_STYLE('',(#8891));
#8891 = SURFACE_STYLE_FILL_AREA(#8892);
#8892 = FILL_AREA_STYLE('',(#8893));
#8893 = FILL_AREA_STYLE_COLOUR('',#8836);
#8894 = OVER_RIDING_STYLED_ITEM('overriding color',(#8895),#2260,#8748);
#8895 = PRESENTATION_STYLE_ASSIGNMENT((#8896));
#8896 = SURFACE_STYLE_USAGE(.BOTH.,#8897);
#8897 = SURFACE_SIDE_STYLE('',(#8898));
#8898 = SURFACE_STYLE_FILL_AREA(#8899);
#8899 = FILL_AREA_STYLE('',(#8900));
#8900 = FILL_AREA_STYLE_COLOUR('',#8836);
#8901 = OVER_RIDING_STYLED_ITEM('overriding color',(#8902),#2276,#8748);
#8902 = PRESENTATION_STYLE_ASSIGNMENT((#8903));
#8903 = SURFACE_STYLE_USAGE(.BOTH.,#8904);
#8904 = SURFACE_SIDE_STYLE('',(#8905));
#8905 = SURFACE_STYLE_FILL_AREA(#8906);
#8906 = FILL_AREA_STYLE('',(#8907));
#8907 = FILL_AREA_STYLE_COLOUR('',#8836);
#8908 = OVER_RIDING_STYLED_ITEM('overriding color',(#8909),#2288,#8748);
#8909 = PRESENTATION_STYLE_ASSIGNMENT((#8910));
#8910 = SURFACE_STYLE_USAGE(.BOTH.,#8911);
#8911 = SURFACE_SIDE_STYLE('',(#8912));
#8912 = SURFACE_STYLE_FILL_AREA(#8913);
#8913 = FILL_AREA_STYLE('',(#8914));
#8914 = FILL_AREA_STYLE_COLOUR('',#8915);
#8915 = COLOUR_RGB('',0.752941164258,1.,0.752941164258);
#8916 = OVER_RIDING_STYLED_ITEM('overriding color',(#8917),#2316,#8748);
#8917 = PRESENTATION_STYLE_ASSIGNMENT((#8918));
#8918 = SURFACE_STYLE_USAGE(.BOTH.,#8919);
#8919 = SURFACE_SIDE_STYLE('',(#8920));
#8920 = SURFACE_STYLE_FILL_AREA(#8921);
#8921 = FILL_AREA_STYLE('',(#8922));
#8922 = FILL_AREA_STYLE_COLOUR('',#8915);
#8923 = OVER_RIDING_STYLED_ITEM('overriding color',(#8924),#2338,#8748);
#8924 = PRESENTATION_STYLE_ASSIGNMENT((#8925));
#8925 = SURFACE_STYLE_USAGE(.BOTH.,#8926);
#8926 = SURFACE_SIDE_STYLE('',(#8927));
#8927 = SURFACE_STYLE_FILL_AREA(#8928);
#8928 = FILL_AREA_STYLE('',(#8929));
#8929 = FILL_AREA_STYLE_COLOUR('',#8915);
#8930 = OVER_RIDING_STYLED_ITEM('overriding color',(#8931),#2360,#8748);
#8931 = PRESENTATION_STYLE_ASSIGNMENT((#8932));
#8932 = SURFACE_STYLE_USAGE(.BOTH.,#8933);
#8933 = SURFACE_SIDE_STYLE('',(#8934));
#8934 = SURFACE_STYLE_FILL_AREA(#8935);
#8935 = FILL_AREA_STYLE('',(#8936));
#8936 = FILL_AREA_STYLE_COLOUR('',#8915);
#8937 = OVER_RIDING_STYLED_ITEM('overriding color',(#8938),#2376,#8748);
#8938 = PRESENTATION_STYLE_ASSIGNMENT((#8939));
#8939 = SURFACE_STYLE_USAGE(.BOTH.,#8940);
#8940 = SURFACE_SIDE_STYLE('',(#8941));
#8941 = SURFACE_STYLE_FILL_AREA(#8942);
#8942 = FILL_AREA_STYLE('',(#8943));
#8943 = FILL_AREA_STYLE_COLOUR('',#8915);
#8944 = OVER_RIDING_STYLED_ITEM('overriding color',(#8945),#2388,#8748);
#8945 = PRESENTATION_STYLE_ASSIGNMENT((#8946));
#8946 = SURFACE_STYLE_USAGE(.BOTH.,#8947);
#8947 = SURFACE_SIDE_STYLE('',(#8948));
#8948 = SURFACE_STYLE_FILL_AREA(#8949);
#8949 = FILL_AREA_STYLE('',(#8950));
#8950 = FILL_AREA_STYLE_COLOUR('',#8765);
#8951 = OVER_RIDING_STYLED_ITEM('overriding color',(#8952),#2416,#8748);
#8952 = PRESENTATION_STYLE_ASSIGNMENT((#8953));
#8953 = SURFACE_STYLE_USAGE(.BOTH.,#8954);
#8954 = SURFACE_SIDE_STYLE('',(#8955));
#8955 = SURFACE_STYLE_FILL_AREA(#8956);
#8956 = FILL_AREA_STYLE('',(#8957));
#8957 = FILL_AREA_STYLE_COLOUR('',#8765);
#8958 = OVER_RIDING_STYLED_ITEM('overriding color',(#8959),#2434,#8748);
#8959 = PRESENTATION_STYLE_ASSIGNMENT((#8960));
#8960 = SURFACE_STYLE_USAGE(.BOTH.,#8961);
#8961 = SURFACE_SIDE_STYLE('',(#8962));
#8962 = SURFACE_STYLE_FILL_AREA(#8963);
#8963 = FILL_AREA_STYLE('',(#8964));
#8964 = FILL_AREA_STYLE_COLOUR('',#8765);
#8965 = OVER_RIDING_STYLED_ITEM('overriding color',(#8966),#2459,#8748);
#8966 = PRESENTATION_STYLE_ASSIGNMENT((#8967));
#8967 = SURFACE_STYLE_USAGE(.BOTH.,#8968);
#8968 = SURFACE_SIDE_STYLE('',(#8969));
#8969 = SURFACE_STYLE_FILL_AREA(#8970);
#8970 = FILL_AREA_STYLE('',(#8971));
#8971 = FILL_AREA_STYLE_COLOUR('',#8765);
#8972 = OVER_RIDING_STYLED_ITEM('overriding color',(#8973),#2480,#8748);
#8973 = PRESENTATION_STYLE_ASSIGNMENT((#8974));
#8974 = SURFACE_STYLE_USAGE(.BOTH.,#8975);
#8975 = SURFACE_SIDE_STYLE('',(#8976));
#8976 = SURFACE_STYLE_FILL_AREA(#8977);
#8977 = FILL_AREA_STYLE('',(#8978));
#8978 = FILL_AREA_STYLE_COLOUR('',#8765);
#8979 = OVER_RIDING_STYLED_ITEM('overriding color',(#8980),#2508,#8748);
#8980 = PRESENTATION_STYLE_ASSIGNMENT((#8981));
#8981 = SURFACE_STYLE_USAGE(.BOTH.,#8982);
#8982 = SURFACE_SIDE_STYLE('',(#8983));
#8983 = SURFACE_STYLE_FILL_AREA(#8984);
#8984 = FILL_AREA_STYLE('',(#8985));
#8985 = FILL_AREA_STYLE_COLOUR('',#8765);
#8986 = OVER_RIDING_STYLED_ITEM('overriding color',(#8987),#2526,#8748);
#8987 = PRESENTATION_STYLE_ASSIGNMENT((#8988));
#8988 = SURFACE_STYLE_USAGE(.BOTH.,#8989);
#8989 = SURFACE_SIDE_STYLE('',(#8990));
#8990 = SURFACE_STYLE_FILL_AREA(#8991);
#8991 = FILL_AREA_STYLE('',(#8992));
#8992 = FILL_AREA_STYLE_COLOUR('',#8765);
#8993 = OVER_RIDING_STYLED_ITEM('overriding color',(#8994),#2551,#8748);
#8994 = PRESENTATION_STYLE_ASSIGNMENT((#8995));
#8995 = SURFACE_STYLE_USAGE(.BOTH.,#8996);
#8996 = SURFACE_SIDE_STYLE('',(#8997));
#8997 = SURFACE_STYLE_FILL_AREA(#8998);
#8998 = FILL_AREA_STYLE('',(#8999));
#8999 = FILL_AREA_STYLE_COLOUR('',#8765);
#9000 = OVER_RIDING_STYLED_ITEM('overriding color',(#9001),#2572,#8748);
#9001 = PRESENTATION_STYLE_ASSIGNMENT((#9002));
#9002 = SURFACE_STYLE_USAGE(.BOTH.,#9003);
#9003 = SURFACE_SIDE_STYLE('',(#9004));
#9004 = SURFACE_STYLE_FILL_AREA(#9005);
#9005 = FILL_AREA_STYLE('',(#9006));
#9006 = FILL_AREA_STYLE_COLOUR('',#8765);
#9007 = OVER_RIDING_STYLED_ITEM('overriding color',(#9008),#2600,#8748);
#9008 = PRESENTATION_STYLE_ASSIGNMENT((#9009));
#9009 = SURFACE_STYLE_USAGE(.BOTH.,#9010);
#9010 = SURFACE_SIDE_STYLE('',(#9011));
#9011 = SURFACE_STYLE_FILL_AREA(#9012);
#9012 = FILL_AREA_STYLE('',(#9013));
#9013 = FILL_AREA_STYLE_COLOUR('',#8765);
#9014 = OVER_RIDING_STYLED_ITEM('overriding color',(#9015),#2618,#8748);
#9015 = PRESENTATION_STYLE_ASSIGNMENT((#9016));
#9016 = SURFACE_STYLE_USAGE(.BOTH.,#9017);
#9017 = SURFACE_SIDE_STYLE('',(#9018));
#9018 = SURFACE_STYLE_FILL_AREA(#9019);
#9019 = FILL_AREA_STYLE('',(#9020));
#9020 = FILL_AREA_STYLE_COLOUR('',#8765);
#9021 = OVER_RIDING_STYLED_ITEM('overriding color',(#9022),#2643,#8748);
#9022 = PRESENTATION_STYLE_ASSIGNMENT((#9023));
#9023 = SURFACE_STYLE_USAGE(.BOTH.,#9024);
#9024 = SURFACE_SIDE_STYLE('',(#9025));
#9025 = SURFACE_STYLE_FILL_AREA(#9026);
#9026 = FILL_AREA_STYLE('',(#9027));
#9027 = FILL_AREA_STYLE_COLOUR('',#8765);
#9028 = OVER_RIDING_STYLED_ITEM('overriding color',(#9029),#2664,#8748);
#9029 = PRESENTATION_STYLE_ASSIGNMENT((#9030));
#9030 = SURFACE_STYLE_USAGE(.BOTH.,#9031);
#9031 = SURFACE_SIDE_STYLE('',(#9032));
#9032 = SURFACE_STYLE_FILL_AREA(#9033);
#9033 = FILL_AREA_STYLE('',(#9034));
#9034 = FILL_AREA_STYLE_COLOUR('',#8765);
#9035 = OVER_RIDING_STYLED_ITEM('overriding color',(#9036),#2682,#8748);
#9036 = PRESENTATION_STYLE_ASSIGNMENT((#9037));
#9037 = SURFACE_STYLE_USAGE(.BOTH.,#9038);
#9038 = SURFACE_SIDE_STYLE('',(#9039));
#9039 = SURFACE_STYLE_FILL_AREA(#9040);
#9040 = FILL_AREA_STYLE('',(#9041));
#9041 = FILL_AREA_STYLE_COLOUR('',#8765);
#9042 = OVER_RIDING_STYLED_ITEM('overriding color',(#9043),#2700,#8748);
#9043 = PRESENTATION_STYLE_ASSIGNMENT((#9044));
#9044 = SURFACE_STYLE_USAGE(.BOTH.,#9045);
#9045 = SURFACE_SIDE_STYLE('',(#9046));
#9046 = SURFACE_STYLE_FILL_AREA(#9047);
#9047 = FILL_AREA_STYLE('',(#9048));
#9048 = FILL_AREA_STYLE_COLOUR('',#8765);
#9049 = OVER_RIDING_STYLED_ITEM('overriding color',(#9050),#2718,#8748);
#9050 = PRESENTATION_STYLE_ASSIGNMENT((#9051));
#9051 = SURFACE_STYLE_USAGE(.BOTH.,#9052);
#9052 = SURFACE_SIDE_STYLE('',(#9053));
#9053 = SURFACE_STYLE_FILL_AREA(#9054);
#9054 = FILL_AREA_STYLE('',(#9055));
#9055 = FILL_AREA_STYLE_COLOUR('',#8765);
#9056 = OVER_RIDING_STYLED_ITEM('overriding color',(#9057),#2765,#8748);
#9057 = PRESENTATION_STYLE_ASSIGNMENT((#9058));
#9058 = SURFACE_STYLE_USAGE(.BOTH.,#9059);
#9059 = SURFACE_SIDE_STYLE('',(#9060));
#9060 = SURFACE_STYLE_FILL_AREA(#9061);
#9061 = FILL_AREA_STYLE('',(#9062));
#9062 = FILL_AREA_STYLE_COLOUR('',#8765);
#9063 = OVER_RIDING_STYLED_ITEM('overriding color',(#9064),#2785,#8748);
#9064 = PRESENTATION_STYLE_ASSIGNMENT((#9065));
#9065 = SURFACE_STYLE_USAGE(.BOTH.,#9066);
#9066 = SURFACE_SIDE_STYLE('',(#9067));
#9067 = SURFACE_STYLE_FILL_AREA(#9068);
#9068 = FILL_AREA_STYLE('',(#9069));
#9069 = FILL_AREA_STYLE_COLOUR('',#8765);
#9070 = OVER_RIDING_STYLED_ITEM('overriding color',(#9071),#2801,#8748);
#9071 = PRESENTATION_STYLE_ASSIGNMENT((#9072));
#9072 = SURFACE_STYLE_USAGE(.BOTH.,#9073);
#9073 = SURFACE_SIDE_STYLE('',(#9074));
#9074 = SURFACE_STYLE_FILL_AREA(#9075);
#9075 = FILL_AREA_STYLE('',(#9076));
#9076 = FILL_AREA_STYLE_COLOUR('',#8765);
#9077 = OVER_RIDING_STYLED_ITEM('overriding color',(#9078),#2817,#8748);
#9078 = PRESENTATION_STYLE_ASSIGNMENT((#9079));
#9079 = SURFACE_STYLE_USAGE(.BOTH.,#9080);
#9080 = SURFACE_SIDE_STYLE('',(#9081));
#9081 = SURFACE_STYLE_FILL_AREA(#9082);
#9082 = FILL_AREA_STYLE('',(#9083));
#9083 = FILL_AREA_STYLE_COLOUR('',#8765);
#9084 = OVER_RIDING_STYLED_ITEM('overriding color',(#9085),#2829,#8748);
#9085 = PRESENTATION_STYLE_ASSIGNMENT((#9086));
#9086 = SURFACE_STYLE_USAGE(.BOTH.,#9087);
#9087 = SURFACE_SIDE_STYLE('',(#9088));
#9088 = SURFACE_STYLE_FILL_AREA(#9089);
#9089 = FILL_AREA_STYLE('',(#9090));
#9090 = FILL_AREA_STYLE_COLOUR('',#8765);
#9091 = OVER_RIDING_STYLED_ITEM('overriding color',(#9092),#2857,#8748);
#9092 = PRESENTATION_STYLE_ASSIGNMENT((#9093));
#9093 = SURFACE_STYLE_USAGE(.BOTH.,#9094);
#9094 = SURFACE_SIDE_STYLE('',(#9095));
#9095 = SURFACE_STYLE_FILL_AREA(#9096);
#9096 = FILL_AREA_STYLE('',(#9097));
#9097 = FILL_AREA_STYLE_COLOUR('',#8765);
#9098 = OVER_RIDING_STYLED_ITEM('overriding color',(#9099),#2879,#8748);
#9099 = PRESENTATION_STYLE_ASSIGNMENT((#9100));
#9100 = SURFACE_STYLE_USAGE(.BOTH.,#9101);
#9101 = SURFACE_SIDE_STYLE('',(#9102));
#9102 = SURFACE_STYLE_FILL_AREA(#9103);
#9103 = FILL_AREA_STYLE('',(#9104));
#9104 = FILL_AREA_STYLE_COLOUR('',#8765);
#9105 = OVER_RIDING_STYLED_ITEM('overriding color',(#9106),#2901,#8748);
#9106 = PRESENTATION_STYLE_ASSIGNMENT((#9107));
#9107 = SURFACE_STYLE_USAGE(.BOTH.,#9108);
#9108 = SURFACE_SIDE_STYLE('',(#9109));
#9109 = SURFACE_STYLE_FILL_AREA(#9110);
#9110 = FILL_AREA_STYLE('',(#9111));
#9111 = FILL_AREA_STYLE_COLOUR('',#8765);
#9112 = OVER_RIDING_STYLED_ITEM('overriding color',(#9113),#2917,#8748);
#9113 = PRESENTATION_STYLE_ASSIGNMENT((#9114));
#9114 = SURFACE_STYLE_USAGE(.BOTH.,#9115);
#9115 = SURFACE_SIDE_STYLE('',(#9116));
#9116 = SURFACE_STYLE_FILL_AREA(#9117);
#9117 = FILL_AREA_STYLE('',(#9118));
#9118 = FILL_AREA_STYLE_COLOUR('',#8765);
#9119 = OVER_RIDING_STYLED_ITEM('overriding color',(#9120),#2942,#8748);
#9120 = PRESENTATION_STYLE_ASSIGNMENT((#9121));
#9121 = SURFACE_STYLE_USAGE(.BOTH.,#9122);
#9122 = SURFACE_SIDE_STYLE('',(#9123));
#9123 = SURFACE_STYLE_FILL_AREA(#9124);
#9124 = FILL_AREA_STYLE('',(#9125));
#9125 = FILL_AREA_STYLE_COLOUR('',#8765);
#9126 = OVER_RIDING_STYLED_ITEM('overriding color',(#9127),#2958,#8748);
#9127 = PRESENTATION_STYLE_ASSIGNMENT((#9128));
#9128 = SURFACE_STYLE_USAGE(.BOTH.,#9129);
#9129 = SURFACE_SIDE_STYLE('',(#9130));
#9130 = SURFACE_STYLE_FILL_AREA(#9131);
#9131 = FILL_AREA_STYLE('',(#9132));
#9132 = FILL_AREA_STYLE_COLOUR('',#8755);
#9133 = OVER_RIDING_STYLED_ITEM('overriding color',(#9134),#2986,#8748);
#9134 = PRESENTATION_STYLE_ASSIGNMENT((#9135));
#9135 = SURFACE_STYLE_USAGE(.BOTH.,#9136);
#9136 = SURFACE_SIDE_STYLE('',(#9137));
#9137 = SURFACE_STYLE_FILL_AREA(#9138);
#9138 = FILL_AREA_STYLE('',(#9139));
#9139 = FILL_AREA_STYLE_COLOUR('',#8755);
#9140 = OVER_RIDING_STYLED_ITEM('overriding color',(#9141),#3008,#8748);
#9141 = PRESENTATION_STYLE_ASSIGNMENT((#9142));
#9142 = SURFACE_STYLE_USAGE(.BOTH.,#9143);
#9143 = SURFACE_SIDE_STYLE('',(#9144));
#9144 = SURFACE_STYLE_FILL_AREA(#9145);
#9145 = FILL_AREA_STYLE('',(#9146));
#9146 = FILL_AREA_STYLE_COLOUR('',#8755);
#9147 = OVER_RIDING_STYLED_ITEM('overriding color',(#9148),#3030,#8748);
#9148 = PRESENTATION_STYLE_ASSIGNMENT((#9149));
#9149 = SURFACE_STYLE_USAGE(.BOTH.,#9150);
#9150 = SURFACE_SIDE_STYLE('',(#9151));
#9151 = SURFACE_STYLE_FILL_AREA(#9152);
#9152 = FILL_AREA_STYLE('',(#9153));
#9153 = FILL_AREA_STYLE_COLOUR('',#8755);
#9154 = OVER_RIDING_STYLED_ITEM('overriding color',(#9155),#3052,#8748);
#9155 = PRESENTATION_STYLE_ASSIGNMENT((#9156));
#9156 = SURFACE_STYLE_USAGE(.BOTH.,#9157);
#9157 = SURFACE_SIDE_STYLE('',(#9158));
#9158 = SURFACE_STYLE_FILL_AREA(#9159);
#9159 = FILL_AREA_STYLE('',(#9160));
#9160 = FILL_AREA_STYLE_COLOUR('',#8755);
#9161 = OVER_RIDING_STYLED_ITEM('overriding color',(#9162),#3074,#8748);
#9162 = PRESENTATION_STYLE_ASSIGNMENT((#9163));
#9163 = SURFACE_STYLE_USAGE(.BOTH.,#9164);
#9164 = SURFACE_SIDE_STYLE('',(#9165));
#9165 = SURFACE_STYLE_FILL_AREA(#9166);
#9166 = FILL_AREA_STYLE('',(#9167));
#9167 = FILL_AREA_STYLE_COLOUR('',#8755);
#9168 = OVER_RIDING_STYLED_ITEM('overriding color',(#9169),#3090,#8748);
#9169 = PRESENTATION_STYLE_ASSIGNMENT((#9170));
#9170 = SURFACE_STYLE_USAGE(.BOTH.,#9171);
#9171 = SURFACE_SIDE_STYLE('',(#9172));
#9172 = SURFACE_STYLE_FILL_AREA(#9173);
#9173 = FILL_AREA_STYLE('',(#9174));
#9174 = FILL_AREA_STYLE_COLOUR('',#8755);
#9175 = OVER_RIDING_STYLED_ITEM('overriding color',(#9176),#3104,#8748);
#9176 = PRESENTATION_STYLE_ASSIGNMENT((#9177));
#9177 = SURFACE_STYLE_USAGE(.BOTH.,#9178);
#9178 = SURFACE_SIDE_STYLE('',(#9179));
#9179 = SURFACE_STYLE_FILL_AREA(#9180);
#9180 = FILL_AREA_STYLE('',(#9181));
#9181 = FILL_AREA_STYLE_COLOUR('',#8755);
#9182 = OVER_RIDING_STYLED_ITEM('overriding color',(#9183),#3138,#8748);
#9183 = PRESENTATION_STYLE_ASSIGNMENT((#9184));
#9184 = SURFACE_STYLE_USAGE(.BOTH.,#9185);
#9185 = SURFACE_SIDE_STYLE('',(#9186));
#9186 = SURFACE_STYLE_FILL_AREA(#9187);
#9187 = FILL_AREA_STYLE('',(#9188));
#9188 = FILL_AREA_STYLE_COLOUR('',#8755);
#9189 = OVER_RIDING_STYLED_ITEM('overriding color',(#9190),#3160,#8748);
#9190 = PRESENTATION_STYLE_ASSIGNMENT((#9191));
#9191 = SURFACE_STYLE_USAGE(.BOTH.,#9192);
#9192 = SURFACE_SIDE_STYLE('',(#9193));
#9193 = SURFACE_STYLE_FILL_AREA(#9194);
#9194 = FILL_AREA_STYLE('',(#9195));
#9195 = FILL_AREA_STYLE_COLOUR('',#8755);
#9196 = OVER_RIDING_STYLED_ITEM('overriding color',(#9197),#3188,#8748);
#9197 = PRESENTATION_STYLE_ASSIGNMENT((#9198));
#9198 = SURFACE_STYLE_USAGE(.BOTH.,#9199);
#9199 = SURFACE_SIDE_STYLE('',(#9200));
#9200 = SURFACE_STYLE_FILL_AREA(#9201);
#9201 = FILL_AREA_STYLE('',(#9202));
#9202 = FILL_AREA_STYLE_COLOUR('',#8755);
#9203 = OVER_RIDING_STYLED_ITEM('overriding color',(#9204),#3216,#8748);
#9204 = PRESENTATION_STYLE_ASSIGNMENT((#9205));
#9205 = SURFACE_STYLE_USAGE(.BOTH.,#9206);
#9206 = SURFACE_SIDE_STYLE('',(#9207));
#9207 = SURFACE_STYLE_FILL_AREA(#9208);
#9208 = FILL_AREA_STYLE('',(#9209));
#9209 = FILL_AREA_STYLE_COLOUR('',#8755);
#9210 = OVER_RIDING_STYLED_ITEM('overriding color',(#9211),#3244,#8748);
#9211 = PRESENTATION_STYLE_ASSIGNMENT((#9212));
#9212 = SURFACE_STYLE_USAGE(.BOTH.,#9213);
#9213 = SURFACE_SIDE_STYLE('',(#9214));
#9214 = SURFACE_STYLE_FILL_AREA(#9215);
#9215 = FILL_AREA_STYLE('',(#9216));
#9216 = FILL_AREA_STYLE_COLOUR('',#8755);
#9217 = OVER_RIDING_STYLED_ITEM('overriding color',(#9218),#3272,#8748);
#9218 = PRESENTATION_STYLE_ASSIGNMENT((#9219));
#9219 = SURFACE_STYLE_USAGE(.BOTH.,#9220);
#9220 = SURFACE_SIDE_STYLE('',(#9221));
#9221 = SURFACE_STYLE_FILL_AREA(#9222);
#9222 = FILL_AREA_STYLE('',(#9223));
#9223 = FILL_AREA_STYLE_COLOUR('',#8755);
#9224 = OVER_RIDING_STYLED_ITEM('overriding color',(#9225),#3300,#8748);
#9225 = PRESENTATION_STYLE_ASSIGNMENT((#9226));
#9226 = SURFACE_STYLE_USAGE(.BOTH.,#9227);
#9227 = SURFACE_SIDE_STYLE('',(#9228));
#9228 = SURFACE_STYLE_FILL_AREA(#9229);
#9229 = FILL_AREA_STYLE('',(#9230));
#9230 = FILL_AREA_STYLE_COLOUR('',#8755);
#9231 = OVER_RIDING_STYLED_ITEM('overriding color',(#9232),#3328,#8748);
#9232 = PRESENTATION_STYLE_ASSIGNMENT((#9233));
#9233 = SURFACE_STYLE_USAGE(.BOTH.,#9234);
#9234 = SURFACE_SIDE_STYLE('',(#9235));
#9235 = SURFACE_STYLE_FILL_AREA(#9236);
#9236 = FILL_AREA_STYLE('',(#9237));
#9237 = FILL_AREA_STYLE_COLOUR('',#8755);
#9238 = OVER_RIDING_STYLED_ITEM('overriding color',(#9239),#3350,#8748);
#9239 = PRESENTATION_STYLE_ASSIGNMENT((#9240));
#9240 = SURFACE_STYLE_USAGE(.BOTH.,#9241);
#9241 = SURFACE_SIDE_STYLE('',(#9242));
#9242 = SURFACE_STYLE_FILL_AREA(#9243);
#9243 = FILL_AREA_STYLE('',(#9244));
#9244 = FILL_AREA_STYLE_COLOUR('',#8755);
#9245 = OVER_RIDING_STYLED_ITEM('overriding color',(#9246),#3378,#8748);
#9246 = PRESENTATION_STYLE_ASSIGNMENT((#9247));
#9247 = SURFACE_STYLE_USAGE(.BOTH.,#9248);
#9248 = SURFACE_SIDE_STYLE('',(#9249));
#9249 = SURFACE_STYLE_FILL_AREA(#9250);
#9250 = FILL_AREA_STYLE('',(#9251));
#9251 = FILL_AREA_STYLE_COLOUR('',#8755);
#9252 = OVER_RIDING_STYLED_ITEM('overriding color',(#9253),#3406,#8748);
#9253 = PRESENTATION_STYLE_ASSIGNMENT((#9254));
#9254 = SURFACE_STYLE_USAGE(.BOTH.,#9255);
#9255 = SURFACE_SIDE_STYLE('',(#9256));
#9256 = SURFACE_STYLE_FILL_AREA(#9257);
#9257 = FILL_AREA_STYLE('',(#9258));
#9258 = FILL_AREA_STYLE_COLOUR('',#8755);
#9259 = OVER_RIDING_STYLED_ITEM('overriding color',(#9260),#3434,#8748);
#9260 = PRESENTATION_STYLE_ASSIGNMENT((#9261));
#9261 = SURFACE_STYLE_USAGE(.BOTH.,#9262);
#9262 = SURFACE_SIDE_STYLE('',(#9263));
#9263 = SURFACE_STYLE_FILL_AREA(#9264);
#9264 = FILL_AREA_STYLE('',(#9265));
#9265 = FILL_AREA_STYLE_COLOUR('',#8755);
#9266 = OVER_RIDING_STYLED_ITEM('overriding color',(#9267),#3462,#8748);
#9267 = PRESENTATION_STYLE_ASSIGNMENT((#9268));
#9268 = SURFACE_STYLE_USAGE(.BOTH.,#9269);
#9269 = SURFACE_SIDE_STYLE('',(#9270));
#9270 = SURFACE_STYLE_FILL_AREA(#9271);
#9271 = FILL_AREA_STYLE('',(#9272));
#9272 = FILL_AREA_STYLE_COLOUR('',#8755);
#9273 = OVER_RIDING_STYLED_ITEM('overriding color',(#9274),#3484,#8748);
#9274 = PRESENTATION_STYLE_ASSIGNMENT((#9275));
#9275 = SURFACE_STYLE_USAGE(.BOTH.,#9276);
#9276 = SURFACE_SIDE_STYLE('',(#9277));
#9277 = SURFACE_STYLE_FILL_AREA(#9278);
#9278 = FILL_AREA_STYLE('',(#9279));
#9279 = FILL_AREA_STYLE_COLOUR('',#8755);
#9280 = OVER_RIDING_STYLED_ITEM('overriding color',(#9281),#3506,#8748);
#9281 = PRESENTATION_STYLE_ASSIGNMENT((#9282));
#9282 = SURFACE_STYLE_USAGE(.BOTH.,#9283);
#9283 = SURFACE_SIDE_STYLE('',(#9284));
#9284 = SURFACE_STYLE_FILL_AREA(#9285);
#9285 = FILL_AREA_STYLE('',(#9286));
#9286 = FILL_AREA_STYLE_COLOUR('',#8755);
#9287 = OVER_RIDING_STYLED_ITEM('overriding color',(#9288),#3534,#8748);
#9288 = PRESENTATION_STYLE_ASSIGNMENT((#9289));
#9289 = SURFACE_STYLE_USAGE(.BOTH.,#9290);
#9290 = SURFACE_SIDE_STYLE('',(#9291));
#9291 = SURFACE_STYLE_FILL_AREA(#9292);
#9292 = FILL_AREA_STYLE('',(#9293));
#9293 = FILL_AREA_STYLE_COLOUR('',#8755);
#9294 = OVER_RIDING_STYLED_ITEM('overriding color',(#9295),#3556,#8748);
#9295 = PRESENTATION_STYLE_ASSIGNMENT((#9296));
#9296 = SURFACE_STYLE_USAGE(.BOTH.,#9297);
#9297 = SURFACE_SIDE_STYLE('',(#9298));
#9298 = SURFACE_STYLE_FILL_AREA(#9299);
#9299 = FILL_AREA_STYLE('',(#9300));
#9300 = FILL_AREA_STYLE_COLOUR('',#8755);
#9301 = OVER_RIDING_STYLED_ITEM('overriding color',(#9302),#3578,#8748);
#9302 = PRESENTATION_STYLE_ASSIGNMENT((#9303));
#9303 = SURFACE_STYLE_USAGE(.BOTH.,#9304);
#9304 = SURFACE_SIDE_STYLE('',(#9305));
#9305 = SURFACE_STYLE_FILL_AREA(#9306);
#9306 = FILL_AREA_STYLE('',(#9307));
#9307 = FILL_AREA_STYLE_COLOUR('',#8755);
#9308 = OVER_RIDING_STYLED_ITEM('overriding color',(#9309),#3600,#8748);
#9309 = PRESENTATION_STYLE_ASSIGNMENT((#9310));
#9310 = SURFACE_STYLE_USAGE(.BOTH.,#9311);
#9311 = SURFACE_SIDE_STYLE('',(#9312));
#9312 = SURFACE_STYLE_FILL_AREA(#9313);
#9313 = FILL_AREA_STYLE('',(#9314));
#9314 = FILL_AREA_STYLE_COLOUR('',#8755);
#9315 = OVER_RIDING_STYLED_ITEM('overriding color',(#9316),#3622,#8748);
#9316 = PRESENTATION_STYLE_ASSIGNMENT((#9317));
#9317 = SURFACE_STYLE_USAGE(.BOTH.,#9318);
#9318 = SURFACE_SIDE_STYLE('',(#9319));
#9319 = SURFACE_STYLE_FILL_AREA(#9320);
#9320 = FILL_AREA_STYLE('',(#9321));
#9321 = FILL_AREA_STYLE_COLOUR('',#8755);
#9322 = OVER_RIDING_STYLED_ITEM('overriding color',(#9323),#3644,#8748);
#9323 = PRESENTATION_STYLE_ASSIGNMENT((#9324));
#9324 = SURFACE_STYLE_USAGE(.BOTH.,#9325);
#9325 = SURFACE_SIDE_STYLE('',(#9326));
#9326 = SURFACE_STYLE_FILL_AREA(#9327);
#9327 = FILL_AREA_STYLE('',(#9328));
#9328 = FILL_AREA_STYLE_COLOUR('',#8755);
#9329 = OVER_RIDING_STYLED_ITEM('overriding color',(#9330),#3666,#8748);
#9330 = PRESENTATION_STYLE_ASSIGNMENT((#9331));
#9331 = SURFACE_STYLE_USAGE(.BOTH.,#9332);
#9332 = SURFACE_SIDE_STYLE('',(#9333));
#9333 = SURFACE_STYLE_FILL_AREA(#9334);
#9334 = FILL_AREA_STYLE('',(#9335));
#9335 = FILL_AREA_STYLE_COLOUR('',#8755);
#9336 = OVER_RIDING_STYLED_ITEM('overriding color',(#9337),#3688,#8748);
#9337 = PRESENTATION_STYLE_ASSIGNMENT((#9338));
#9338 = SURFACE_STYLE_USAGE(.BOTH.,#9339);
#9339 = SURFACE_SIDE_STYLE('',(#9340));
#9340 = SURFACE_STYLE_FILL_AREA(#9341);
#9341 = FILL_AREA_STYLE('',(#9342));
#9342 = FILL_AREA_STYLE_COLOUR('',#8755);
#9343 = OVER_RIDING_STYLED_ITEM('overriding color',(#9344),#3710,#8748);
#9344 = PRESENTATION_STYLE_ASSIGNMENT((#9345));
#9345 = SURFACE_STYLE_USAGE(.BOTH.,#9346);
#9346 = SURFACE_SIDE_STYLE('',(#9347));
#9347 = SURFACE_STYLE_FILL_AREA(#9348);
#9348 = FILL_AREA_STYLE('',(#9349));
#9349 = FILL_AREA_STYLE_COLOUR('',#8755);
#9350 = OVER_RIDING_STYLED_ITEM('overriding color',(#9351),#3732,#8748);
#9351 = PRESENTATION_STYLE_ASSIGNMENT((#9352));
#9352 = SURFACE_STYLE_USAGE(.BOTH.,#9353);
#9353 = SURFACE_SIDE_STYLE('',(#9354));
#9354 = SURFACE_STYLE_FILL_AREA(#9355);
#9355 = FILL_AREA_STYLE('',(#9356));
#9356 = FILL_AREA_STYLE_COLOUR('',#8755);
#9357 = OVER_RIDING_STYLED_ITEM('overriding color',(#9358),#3754,#8748);
#9358 = PRESENTATION_STYLE_ASSIGNMENT((#9359));
#9359 = SURFACE_STYLE_USAGE(.BOTH.,#9360);
#9360 = SURFACE_SIDE_STYLE('',(#9361));
#9361 = SURFACE_STYLE_FILL_AREA(#9362);
#9362 = FILL_AREA_STYLE('',(#9363));
#9363 = FILL_AREA_STYLE_COLOUR('',#8755);
#9364 = OVER_RIDING_STYLED_ITEM('overriding color',(#9365),#3770,#8748);
#9365 = PRESENTATION_STYLE_ASSIGNMENT((#9366));
#9366 = SURFACE_STYLE_USAGE(.BOTH.,#9367);
#9367 = SURFACE_SIDE_STYLE('',(#9368));
#9368 = SURFACE_STYLE_FILL_AREA(#9369);
#9369 = FILL_AREA_STYLE('',(#9370));
#9370 = FILL_AREA_STYLE_COLOUR('',#8755);
#9371 = OVER_RIDING_STYLED_ITEM('overriding color',(#9372),#3790,#8748);
#9372 = PRESENTATION_STYLE_ASSIGNMENT((#9373));
#9373 = SURFACE_STYLE_USAGE(.BOTH.,#9374);
#9374 = SURFACE_SIDE_STYLE('',(#9375));
#9375 = SURFACE_STYLE_FILL_AREA(#9376);
#9376 = FILL_AREA_STYLE('',(#9377));
#9377 = FILL_AREA_STYLE_COLOUR('',#8755);
#9378 = OVER_RIDING_STYLED_ITEM('overriding color',(#9379),#3914,#8748);
#9379 = PRESENTATION_STYLE_ASSIGNMENT((#9380));
#9380 = SURFACE_STYLE_USAGE(.BOTH.,#9381);
#9381 = SURFACE_SIDE_STYLE('',(#9382));
#9382 = SURFACE_STYLE_FILL_AREA(#9383);
#9383 = FILL_AREA_STYLE('',(#9384));
#9384 = FILL_AREA_STYLE_COLOUR('',#8755);
#9385 = OVER_RIDING_STYLED_ITEM('overriding color',(#9386),#3934,#8748);
#9386 = PRESENTATION_STYLE_ASSIGNMENT((#9387));
#9387 = SURFACE_STYLE_USAGE(.BOTH.,#9388);
#9388 = SURFACE_SIDE_STYLE('',(#9389));
#9389 = SURFACE_STYLE_FILL_AREA(#9390);
#9390 = FILL_AREA_STYLE('',(#9391));
#9391 = FILL_AREA_STYLE_COLOUR('',#8755);
#9392 = OVER_RIDING_STYLED_ITEM('overriding color',(#9393),#3954,#8748);
#9393 = PRESENTATION_STYLE_ASSIGNMENT((#9394));
#9394 = SURFACE_STYLE_USAGE(.BOTH.,#9395);
#9395 = SURFACE_SIDE_STYLE('',(#9396));
#9396 = SURFACE_STYLE_FILL_AREA(#9397);
#9397 = FILL_AREA_STYLE('',(#9398));
#9398 = FILL_AREA_STYLE_COLOUR('',#8755);
#9399 = OVER_RIDING_STYLED_ITEM('overriding color',(#9400),#3974,#8748);
#9400 = PRESENTATION_STYLE_ASSIGNMENT((#9401));
#9401 = SURFACE_STYLE_USAGE(.BOTH.,#9402);
#9402 = SURFACE_SIDE_STYLE('',(#9403));
#9403 = SURFACE_STYLE_FILL_AREA(#9404);
#9404 = FILL_AREA_STYLE('',(#9405));
#9405 = FILL_AREA_STYLE_COLOUR('',#8755);
#9406 = OVER_RIDING_STYLED_ITEM('overriding color',(#9407),#3994,#8748);
#9407 = PRESENTATION_STYLE_ASSIGNMENT((#9408));
#9408 = SURFACE_STYLE_USAGE(.BOTH.,#9409);
#9409 = SURFACE_SIDE_STYLE('',(#9410));
#9410 = SURFACE_STYLE_FILL_AREA(#9411);
#9411 = FILL_AREA_STYLE('',(#9412));
#9412 = FILL_AREA_STYLE_COLOUR('',#8755);
#9413 = OVER_RIDING_STYLED_ITEM('overriding color',(#9414),#4014,#8748);
#9414 = PRESENTATION_STYLE_ASSIGNMENT((#9415));
#9415 = SURFACE_STYLE_USAGE(.BOTH.,#9416);
#9416 = SURFACE_SIDE_STYLE('',(#9417));
#9417 = SURFACE_STYLE_FILL_AREA(#9418);
#9418 = FILL_AREA_STYLE('',(#9419));
#9419 = FILL_AREA_STYLE_COLOUR('',#8755);
#9420 = OVER_RIDING_STYLED_ITEM('overriding color',(#9421),#4030,#8748);
#9421 = PRESENTATION_STYLE_ASSIGNMENT((#9422));
#9422 = SURFACE_STYLE_USAGE(.BOTH.,#9423);
#9423 = SURFACE_SIDE_STYLE('',(#9424));
#9424 = SURFACE_STYLE_FILL_AREA(#9425);
#9425 = FILL_AREA_STYLE('',(#9426));
#9426 = FILL_AREA_STYLE_COLOUR('',#8755);
#9427 = OVER_RIDING_STYLED_ITEM('overriding color',(#9428),#4042,#8748);
#9428 = PRESENTATION_STYLE_ASSIGNMENT((#9429));
#9429 = SURFACE_STYLE_USAGE(.BOTH.,#9430);
#9430 = SURFACE_SIDE_STYLE('',(#9431));
#9431 = SURFACE_STYLE_FILL_AREA(#9432);
#9432 = FILL_AREA_STYLE('',(#9433));
#9433 = FILL_AREA_STYLE_COLOUR('',#8755);
#9434 = OVER_RIDING_STYLED_ITEM('overriding color',(#9435),#4070,#8748);
#9435 = PRESENTATION_STYLE_ASSIGNMENT((#9436));
#9436 = SURFACE_STYLE_USAGE(.BOTH.,#9437);
#9437 = SURFACE_SIDE_STYLE('',(#9438));
#9438 = SURFACE_STYLE_FILL_AREA(#9439);
#9439 = FILL_AREA_STYLE('',(#9440));
#9440 = FILL_AREA_STYLE_COLOUR('',#8755);
#9441 = OVER_RIDING_STYLED_ITEM('overriding color',(#9442),#4092,#8748);
#9442 = PRESENTATION_STYLE_ASSIGNMENT((#9443));
#9443 = SURFACE_STYLE_USAGE(.BOTH.,#9444);
#9444 = SURFACE_SIDE_STYLE('',(#9445));
#9445 = SURFACE_STYLE_FILL_AREA(#9446);
#9446 = FILL_AREA_STYLE('',(#9447));
#9447 = FILL_AREA_STYLE_COLOUR('',#8755);
#9448 = OVER_RIDING_STYLED_ITEM('overriding color',(#9449),#4114,#8748);
#9449 = PRESENTATION_STYLE_ASSIGNMENT((#9450));
#9450 = SURFACE_STYLE_USAGE(.BOTH.,#9451);
#9451 = SURFACE_SIDE_STYLE('',(#9452));
#9452 = SURFACE_STYLE_FILL_AREA(#9453);
#9453 = FILL_AREA_STYLE('',(#9454));
#9454 = FILL_AREA_STYLE_COLOUR('',#8755);
#9455 = OVER_RIDING_STYLED_ITEM('overriding color',(#9456),#4142,#8748);
#9456 = PRESENTATION_STYLE_ASSIGNMENT((#9457));
#9457 = SURFACE_STYLE_USAGE(.BOTH.,#9458);
#9458 = SURFACE_SIDE_STYLE('',(#9459));
#9459 = SURFACE_STYLE_FILL_AREA(#9460);
#9460 = FILL_AREA_STYLE('',(#9461));
#9461 = FILL_AREA_STYLE_COLOUR('',#8755);
#9462 = OVER_RIDING_STYLED_ITEM('overriding color',(#9463),#4170,#8748);
#9463 = PRESENTATION_STYLE_ASSIGNMENT((#9464));
#9464 = SURFACE_STYLE_USAGE(.BOTH.,#9465);
#9465 = SURFACE_SIDE_STYLE('',(#9466));
#9466 = SURFACE_STYLE_FILL_AREA(#9467);
#9467 = FILL_AREA_STYLE('',(#9468));
#9468 = FILL_AREA_STYLE_COLOUR('',#8755);
#9469 = OVER_RIDING_STYLED_ITEM('overriding color',(#9470),#4198,#8748);
#9470 = PRESENTATION_STYLE_ASSIGNMENT((#9471));
#9471 = SURFACE_STYLE_USAGE(.BOTH.,#9472);
#9472 = SURFACE_SIDE_STYLE('',(#9473));
#9473 = SURFACE_STYLE_FILL_AREA(#9474);
#9474 = FILL_AREA_STYLE('',(#9475));
#9475 = FILL_AREA_STYLE_COLOUR('',#8755);
#9476 = OVER_RIDING_STYLED_ITEM('overriding color',(#9477),#4220,#8748);
#9477 = PRESENTATION_STYLE_ASSIGNMENT((#9478));
#9478 = SURFACE_STYLE_USAGE(.BOTH.,#9479);
#9479 = SURFACE_SIDE_STYLE('',(#9480));
#9480 = SURFACE_STYLE_FILL_AREA(#9481);
#9481 = FILL_AREA_STYLE('',(#9482));
#9482 = FILL_AREA_STYLE_COLOUR('',#8836);
#9483 = OVER_RIDING_STYLED_ITEM('overriding color',(#9484),#4235,#8748);
#9484 = PRESENTATION_STYLE_ASSIGNMENT((#9485));
#9485 = SURFACE_STYLE_USAGE(.BOTH.,#9486);
#9486 = SURFACE_SIDE_STYLE('',(#9487));
#9487 = SURFACE_STYLE_FILL_AREA(#9488);
#9488 = FILL_AREA_STYLE('',(#9489));
#9489 = FILL_AREA_STYLE_COLOUR('',#8755);
#9490 = OVER_RIDING_STYLED_ITEM('overriding color',(#9491),#4347,#8748);
#9491 = PRESENTATION_STYLE_ASSIGNMENT((#9492));
#9492 = SURFACE_STYLE_USAGE(.BOTH.,#9493);
#9493 = SURFACE_SIDE_STYLE('',(#9494));
#9494 = SURFACE_STYLE_FILL_AREA(#9495);
#9495 = FILL_AREA_STYLE('',(#9496));
#9496 = FILL_AREA_STYLE_COLOUR('',#8755);
#9497 = OVER_RIDING_STYLED_ITEM('overriding color',(#9498),#4367,#8748);
#9498 = PRESENTATION_STYLE_ASSIGNMENT((#9499));
#9499 = SURFACE_STYLE_USAGE(.BOTH.,#9500);
#9500 = SURFACE_SIDE_STYLE('',(#9501));
#9501 = SURFACE_STYLE_FILL_AREA(#9502);
#9502 = FILL_AREA_STYLE('',(#9503));
#9503 = FILL_AREA_STYLE_COLOUR('',#8755);
#9504 = OVER_RIDING_STYLED_ITEM('overriding color',(#9505),#4383,#8748);
#9505 = PRESENTATION_STYLE_ASSIGNMENT((#9506));
#9506 = SURFACE_STYLE_USAGE(.BOTH.,#9507);
#9507 = SURFACE_SIDE_STYLE('',(#9508));
#9508 = SURFACE_STYLE_FILL_AREA(#9509);
#9509 = FILL_AREA_STYLE('',(#9510));
#9510 = FILL_AREA_STYLE_COLOUR('',#8755);
#9511 = OVER_RIDING_STYLED_ITEM('overriding color',(#9512),#4399,#8748);
#9512 = PRESENTATION_STYLE_ASSIGNMENT((#9513));
#9513 = SURFACE_STYLE_USAGE(.BOTH.,#9514);
#9514 = SURFACE_SIDE_STYLE('',(#9515));
#9515 = SURFACE_STYLE_FILL_AREA(#9516);
#9516 = FILL_AREA_STYLE('',(#9517));
#9517 = FILL_AREA_STYLE_COLOUR('',#8755);
#9518 = OVER_RIDING_STYLED_ITEM('overriding color',(#9519),#4415,#8748);
#9519 = PRESENTATION_STYLE_ASSIGNMENT((#9520));
#9520 = SURFACE_STYLE_USAGE(.BOTH.,#9521);
#9521 = SURFACE_SIDE_STYLE('',(#9522));
#9522 = SURFACE_STYLE_FILL_AREA(#9523);
#9523 = FILL_AREA_STYLE('',(#9524));
#9524 = FILL_AREA_STYLE_COLOUR('',#8755);
#9525 = OVER_RIDING_STYLED_ITEM('overriding color',(#9526),#4431,#8748);
#9526 = PRESENTATION_STYLE_ASSIGNMENT((#9527));
#9527 = SURFACE_STYLE_USAGE(.BOTH.,#9528);
#9528 = SURFACE_SIDE_STYLE('',(#9529));
#9529 = SURFACE_STYLE_FILL_AREA(#9530);
#9530 = FILL_AREA_STYLE('',(#9531));
#9531 = FILL_AREA_STYLE_COLOUR('',#8755);
#9532 = OVER_RIDING_STYLED_ITEM('overriding color',(#9533),#4447,#8748);
#9533 = PRESENTATION_STYLE_ASSIGNMENT((#9534));
#9534 = SURFACE_STYLE_USAGE(.BOTH.,#9535);
#9535 = SURFACE_SIDE_STYLE('',(#9536));
#9536 = SURFACE_STYLE_FILL_AREA(#9537);
#9537 = FILL_AREA_STYLE('',(#9538));
#9538 = FILL_AREA_STYLE_COLOUR('',#8755);
#9539 = OVER_RIDING_STYLED_ITEM('overriding color',(#9540),#4463,#8748);
#9540 = PRESENTATION_STYLE_ASSIGNMENT((#9541));
#9541 = SURFACE_STYLE_USAGE(.BOTH.,#9542);
#9542 = SURFACE_SIDE_STYLE('',(#9543));
#9543 = SURFACE_STYLE_FILL_AREA(#9544);
#9544 = FILL_AREA_STYLE('',(#9545));
#9545 = FILL_AREA_STYLE_COLOUR('',#8755);
#9546 = OVER_RIDING_STYLED_ITEM('overriding color',(#9547),#4475,#8748);
#9547 = PRESENTATION_STYLE_ASSIGNMENT((#9548));
#9548 = SURFACE_STYLE_USAGE(.BOTH.,#9549);
#9549 = SURFACE_SIDE_STYLE('',(#9550));
#9550 = SURFACE_STYLE_FILL_AREA(#9551);
#9551 = FILL_AREA_STYLE('',(#9552));
#9552 = FILL_AREA_STYLE_COLOUR('',#8755);
#9553 = OVER_RIDING_STYLED_ITEM('overriding color',(#9554),#4503,#8748);
#9554 = PRESENTATION_STYLE_ASSIGNMENT((#9555));
#9555 = SURFACE_STYLE_USAGE(.BOTH.,#9556);
#9556 = SURFACE_SIDE_STYLE('',(#9557));
#9557 = SURFACE_STYLE_FILL_AREA(#9558);
#9558 = FILL_AREA_STYLE('',(#9559));
#9559 = FILL_AREA_STYLE_COLOUR('',#8755);
#9560 = OVER_RIDING_STYLED_ITEM('overriding color',(#9561),#4525,#8748);
#9561 = PRESENTATION_STYLE_ASSIGNMENT((#9562));
#9562 = SURFACE_STYLE_USAGE(.BOTH.,#9563);
#9563 = SURFACE_SIDE_STYLE('',(#9564));
#9564 = SURFACE_STYLE_FILL_AREA(#9565);
#9565 = FILL_AREA_STYLE('',(#9566));
#9566 = FILL_AREA_STYLE_COLOUR('',#8755);
#9567 = OVER_RIDING_STYLED_ITEM('overriding color',(#9568),#4553,#8748);
#9568 = PRESENTATION_STYLE_ASSIGNMENT((#9569));
#9569 = SURFACE_STYLE_USAGE(.BOTH.,#9570);
#9570 = SURFACE_SIDE_STYLE('',(#9571));
#9571 = SURFACE_STYLE_FILL_AREA(#9572);
#9572 = FILL_AREA_STYLE('',(#9573));
#9573 = FILL_AREA_STYLE_COLOUR('',#8755);
#9574 = OVER_RIDING_STYLED_ITEM('overriding color',(#9575),#4575,#8748);
#9575 = PRESENTATION_STYLE_ASSIGNMENT((#9576));
#9576 = SURFACE_STYLE_USAGE(.BOTH.,#9577);
#9577 = SURFACE_SIDE_STYLE('',(#9578));
#9578 = SURFACE_STYLE_FILL_AREA(#9579);
#9579 = FILL_AREA_STYLE('',(#9580));
#9580 = FILL_AREA_STYLE_COLOUR('',#8755);
#9581 = OVER_RIDING_STYLED_ITEM('overriding color',(#9582),#4603,#8748);
#9582 = PRESENTATION_STYLE_ASSIGNMENT((#9583));
#9583 = SURFACE_STYLE_USAGE(.BOTH.,#9584);
#9584 = SURFACE_SIDE_STYLE('',(#9585));
#9585 = SURFACE_STYLE_FILL_AREA(#9586);
#9586 = FILL_AREA_STYLE('',(#9587));
#9587 = FILL_AREA_STYLE_COLOUR('',#8755);
#9588 = OVER_RIDING_STYLED_ITEM('overriding color',(#9589),#4619,#8748);
#9589 = PRESENTATION_STYLE_ASSIGNMENT((#9590));
#9590 = SURFACE_STYLE_USAGE(.BOTH.,#9591);
#9591 = SURFACE_SIDE_STYLE('',(#9592));
#9592 = SURFACE_STYLE_FILL_AREA(#9593);
#9593 = FILL_AREA_STYLE('',(#9594));
#9594 = FILL_AREA_STYLE_COLOUR('',#8836);
#9595 = OVER_RIDING_STYLED_ITEM('overriding color',(#9596),#4633,#8748);
#9596 = PRESENTATION_STYLE_ASSIGNMENT((#9597));
#9597 = SURFACE_STYLE_USAGE(.BOTH.,#9598);
#9598 = SURFACE_SIDE_STYLE('',(#9599));
#9599 = SURFACE_STYLE_FILL_AREA(#9600);
#9600 = FILL_AREA_STYLE('',(#9601));
#9601 = FILL_AREA_STYLE_COLOUR('',#8755);
#9602 = OVER_RIDING_STYLED_ITEM('overriding color',(#9603),#4661,#8748);
#9603 = PRESENTATION_STYLE_ASSIGNMENT((#9604));
#9604 = SURFACE_STYLE_USAGE(.BOTH.,#9605);
#9605 = SURFACE_SIDE_STYLE('',(#9606));
#9606 = SURFACE_STYLE_FILL_AREA(#9607);
#9607 = FILL_AREA_STYLE('',(#9608));
#9608 = FILL_AREA_STYLE_COLOUR('',#8755);
#9609 = OVER_RIDING_STYLED_ITEM('overriding color',(#9610),#4683,#8748);
#9610 = PRESENTATION_STYLE_ASSIGNMENT((#9611));
#9611 = SURFACE_STYLE_USAGE(.BOTH.,#9612);
#9612 = SURFACE_SIDE_STYLE('',(#9613));
#9613 = SURFACE_STYLE_FILL_AREA(#9614);
#9614 = FILL_AREA_STYLE('',(#9615));
#9615 = FILL_AREA_STYLE_COLOUR('',#8755);
#9616 = OVER_RIDING_STYLED_ITEM('overriding color',(#9617),#4705,#8748);
#9617 = PRESENTATION_STYLE_ASSIGNMENT((#9618));
#9618 = SURFACE_STYLE_USAGE(.BOTH.,#9619);
#9619 = SURFACE_SIDE_STYLE('',(#9620));
#9620 = SURFACE_STYLE_FILL_AREA(#9621);
#9621 = FILL_AREA_STYLE('',(#9622));
#9622 = FILL_AREA_STYLE_COLOUR('',#8755);
#9623 = OVER_RIDING_STYLED_ITEM('overriding color',(#9624),#4727,#8748);
#9624 = PRESENTATION_STYLE_ASSIGNMENT((#9625));
#9625 = SURFACE_STYLE_USAGE(.BOTH.,#9626);
#9626 = SURFACE_SIDE_STYLE('',(#9627));
#9627 = SURFACE_STYLE_FILL_AREA(#9628);
#9628 = FILL_AREA_STYLE('',(#9629));
#9629 = FILL_AREA_STYLE_COLOUR('',#8755);
#9630 = OVER_RIDING_STYLED_ITEM('overriding color',(#9631),#4749,#8748);
#9631 = PRESENTATION_STYLE_ASSIGNMENT((#9632));
#9632 = SURFACE_STYLE_USAGE(.BOTH.,#9633);
#9633 = SURFACE_SIDE_STYLE('',(#9634));
#9634 = SURFACE_STYLE_FILL_AREA(#9635);
#9635 = FILL_AREA_STYLE('',(#9636));
#9636 = FILL_AREA_STYLE_COLOUR('',#8755);
#9637 = OVER_RIDING_STYLED_ITEM('overriding color',(#9638),#4771,#8748);
#9638 = PRESENTATION_STYLE_ASSIGNMENT((#9639));
#9639 = SURFACE_STYLE_USAGE(.BOTH.,#9640);
#9640 = SURFACE_SIDE_STYLE('',(#9641));
#9641 = SURFACE_STYLE_FILL_AREA(#9642);
#9642 = FILL_AREA_STYLE('',(#9643));
#9643 = FILL_AREA_STYLE_COLOUR('',#8755);
#9644 = OVER_RIDING_STYLED_ITEM('overriding color',(#9645),#4793,#8748);
#9645 = PRESENTATION_STYLE_ASSIGNMENT((#9646));
#9646 = SURFACE_STYLE_USAGE(.BOTH.,#9647);
#9647 = SURFACE_SIDE_STYLE('',(#9648));
#9648 = SURFACE_STYLE_FILL_AREA(#9649);
#9649 = FILL_AREA_STYLE('',(#9650));
#9650 = FILL_AREA_STYLE_COLOUR('',#8755);
#9651 = OVER_RIDING_STYLED_ITEM('overriding color',(#9652),#4815,#8748);
#9652 = PRESENTATION_STYLE_ASSIGNMENT((#9653));
#9653 = SURFACE_STYLE_USAGE(.BOTH.,#9654);
#9654 = SURFACE_SIDE_STYLE('',(#9655));
#9655 = SURFACE_STYLE_FILL_AREA(#9656);
#9656 = FILL_AREA_STYLE('',(#9657));
#9657 = FILL_AREA_STYLE_COLOUR('',#8755);
#9658 = OVER_RIDING_STYLED_ITEM('overriding color',(#9659),#4837,#8748);
#9659 = PRESENTATION_STYLE_ASSIGNMENT((#9660));
#9660 = SURFACE_STYLE_USAGE(.BOTH.,#9661);
#9661 = SURFACE_SIDE_STYLE('',(#9662));
#9662 = SURFACE_STYLE_FILL_AREA(#9663);
#9663 = FILL_AREA_STYLE('',(#9664));
#9664 = FILL_AREA_STYLE_COLOUR('',#8755);
#9665 = OVER_RIDING_STYLED_ITEM('overriding color',(#9666),#4859,#8748);
#9666 = PRESENTATION_STYLE_ASSIGNMENT((#9667));
#9667 = SURFACE_STYLE_USAGE(.BOTH.,#9668);
#9668 = SURFACE_SIDE_STYLE('',(#9669));
#9669 = SURFACE_STYLE_FILL_AREA(#9670);
#9670 = FILL_AREA_STYLE('',(#9671));
#9671 = FILL_AREA_STYLE_COLOUR('',#8755);
#9672 = OVER_RIDING_STYLED_ITEM('overriding color',(#9673),#4881,#8748);
#9673 = PRESENTATION_STYLE_ASSIGNMENT((#9674));
#9674 = SURFACE_STYLE_USAGE(.BOTH.,#9675);
#9675 = SURFACE_SIDE_STYLE('',(#9676));
#9676 = SURFACE_STYLE_FILL_AREA(#9677);
#9677 = FILL_AREA_STYLE('',(#9678));
#9678 = FILL_AREA_STYLE_COLOUR('',#8755);
#9679 = OVER_RIDING_STYLED_ITEM('overriding color',(#9680),#4897,#8748);
#9680 = PRESENTATION_STYLE_ASSIGNMENT((#9681));
#9681 = SURFACE_STYLE_USAGE(.BOTH.,#9682);
#9682 = SURFACE_SIDE_STYLE('',(#9683));
#9683 = SURFACE_STYLE_FILL_AREA(#9684);
#9684 = FILL_AREA_STYLE('',(#9685));
#9685 = FILL_AREA_STYLE_COLOUR('',#8755);
#9686 = OVER_RIDING_STYLED_ITEM('overriding color',(#9687),#4917,#8748);
#9687 = PRESENTATION_STYLE_ASSIGNMENT((#9688));
#9688 = SURFACE_STYLE_USAGE(.BOTH.,#9689);
#9689 = SURFACE_SIDE_STYLE('',(#9690));
#9690 = SURFACE_STYLE_FILL_AREA(#9691);
#9691 = FILL_AREA_STYLE('',(#9692));
#9692 = FILL_AREA_STYLE_COLOUR('',#8755);
#9693 = OVER_RIDING_STYLED_ITEM('overriding color',(#9694),#5109,#8748);
#9694 = PRESENTATION_STYLE_ASSIGNMENT((#9695));
#9695 = SURFACE_STYLE_USAGE(.BOTH.,#9696);
#9696 = SURFACE_SIDE_STYLE('',(#9697));
#9697 = SURFACE_STYLE_FILL_AREA(#9698);
#9698 = FILL_AREA_STYLE('',(#9699));
#9699 = FILL_AREA_STYLE_COLOUR('',#8755);
#9700 = OVER_RIDING_STYLED_ITEM('overriding color',(#9701),#5133,#8748);
#9701 = PRESENTATION_STYLE_ASSIGNMENT((#9702));
#9702 = SURFACE_STYLE_USAGE(.BOTH.,#9703);
#9703 = SURFACE_SIDE_STYLE('',(#9704));
#9704 = SURFACE_STYLE_FILL_AREA(#9705);
#9705 = FILL_AREA_STYLE('',(#9706));
#9706 = FILL_AREA_STYLE_COLOUR('',#8755);
#9707 = OVER_RIDING_STYLED_ITEM('overriding color',(#9708),#5149,#8748);
#9708 = PRESENTATION_STYLE_ASSIGNMENT((#9709));
#9709 = SURFACE_STYLE_USAGE(.BOTH.,#9710);
#9710 = SURFACE_SIDE_STYLE('',(#9711));
#9711 = SURFACE_STYLE_FILL_AREA(#9712);
#9712 = FILL_AREA_STYLE('',(#9713));
#9713 = FILL_AREA_STYLE_COLOUR('',#8755);
#9714 = OVER_RIDING_STYLED_ITEM('overriding color',(#9715),#5169,#8748);
#9715 = PRESENTATION_STYLE_ASSIGNMENT((#9716));
#9716 = SURFACE_STYLE_USAGE(.BOTH.,#9717);
#9717 = SURFACE_SIDE_STYLE('',(#9718));
#9718 = SURFACE_STYLE_FILL_AREA(#9719);
#9719 = FILL_AREA_STYLE('',(#9720));
#9720 = FILL_AREA_STYLE_COLOUR('',#8755);
#9721 = OVER_RIDING_STYLED_ITEM('overriding color',(#9722),#5189,#8748);
#9722 = PRESENTATION_STYLE_ASSIGNMENT((#9723));
#9723 = SURFACE_STYLE_USAGE(.BOTH.,#9724);
#9724 = SURFACE_SIDE_STYLE('',(#9725));
#9725 = SURFACE_STYLE_FILL_AREA(#9726);
#9726 = FILL_AREA_STYLE('',(#9727));
#9727 = FILL_AREA_STYLE_COLOUR('',#8755);
#9728 = OVER_RIDING_STYLED_ITEM('overriding color',(#9729),#5205,#8748);
#9729 = PRESENTATION_STYLE_ASSIGNMENT((#9730));
#9730 = SURFACE_STYLE_USAGE(.BOTH.,#9731);
#9731 = SURFACE_SIDE_STYLE('',(#9732));
#9732 = SURFACE_STYLE_FILL_AREA(#9733);
#9733 = FILL_AREA_STYLE('',(#9734));
#9734 = FILL_AREA_STYLE_COLOUR('',#8755);
#9735 = OVER_RIDING_STYLED_ITEM('overriding color',(#9736),#5225,#8748);
#9736 = PRESENTATION_STYLE_ASSIGNMENT((#9737));
#9737 = SURFACE_STYLE_USAGE(.BOTH.,#9738);
#9738 = SURFACE_SIDE_STYLE('',(#9739));
#9739 = SURFACE_STYLE_FILL_AREA(#9740);
#9740 = FILL_AREA_STYLE('',(#9741));
#9741 = FILL_AREA_STYLE_COLOUR('',#8755);
#9742 = OVER_RIDING_STYLED_ITEM('overriding color',(#9743),#5245,#8748);
#9743 = PRESENTATION_STYLE_ASSIGNMENT((#9744));
#9744 = SURFACE_STYLE_USAGE(.BOTH.,#9745);
#9745 = SURFACE_SIDE_STYLE('',(#9746));
#9746 = SURFACE_STYLE_FILL_AREA(#9747);
#9747 = FILL_AREA_STYLE('',(#9748));
#9748 = FILL_AREA_STYLE_COLOUR('',#8755);
#9749 = OVER_RIDING_STYLED_ITEM('overriding color',(#9750),#5265,#8748);
#9750 = PRESENTATION_STYLE_ASSIGNMENT((#9751));
#9751 = SURFACE_STYLE_USAGE(.BOTH.,#9752);
#9752 = SURFACE_SIDE_STYLE('',(#9753));
#9753 = SURFACE_STYLE_FILL_AREA(#9754);
#9754 = FILL_AREA_STYLE('',(#9755));
#9755 = FILL_AREA_STYLE_COLOUR('',#8755);
#9756 = OVER_RIDING_STYLED_ITEM('overriding color',(#9757),#5285,#8748);
#9757 = PRESENTATION_STYLE_ASSIGNMENT((#9758));
#9758 = SURFACE_STYLE_USAGE(.BOTH.,#9759);
#9759 = SURFACE_SIDE_STYLE('',(#9760));
#9760 = SURFACE_STYLE_FILL_AREA(#9761);
#9761 = FILL_AREA_STYLE('',(#9762));
#9762 = FILL_AREA_STYLE_COLOUR('',#8755);
#9763 = OVER_RIDING_STYLED_ITEM('overriding color',(#9764),#5301,#8748);
#9764 = PRESENTATION_STYLE_ASSIGNMENT((#9765));
#9765 = SURFACE_STYLE_USAGE(.BOTH.,#9766);
#9766 = SURFACE_SIDE_STYLE('',(#9767));
#9767 = SURFACE_STYLE_FILL_AREA(#9768);
#9768 = FILL_AREA_STYLE('',(#9769));
#9769 = FILL_AREA_STYLE_COLOUR('',#8755);
#9770 = OVER_RIDING_STYLED_ITEM('overriding color',(#9771),#5317,#8748);
#9771 = PRESENTATION_STYLE_ASSIGNMENT((#9772));
#9772 = SURFACE_STYLE_USAGE(.BOTH.,#9773);
#9773 = SURFACE_SIDE_STYLE('',(#9774));
#9774 = SURFACE_STYLE_FILL_AREA(#9775);
#9775 = FILL_AREA_STYLE('',(#9776));
#9776 = FILL_AREA_STYLE_COLOUR('',#8755);
#9777 = OVER_RIDING_STYLED_ITEM('overriding color',(#9778),#5333,#8748);
#9778 = PRESENTATION_STYLE_ASSIGNMENT((#9779));
#9779 = SURFACE_STYLE_USAGE(.BOTH.,#9780);
#9780 = SURFACE_SIDE_STYLE('',(#9781));
#9781 = SURFACE_STYLE_FILL_AREA(#9782);
#9782 = FILL_AREA_STYLE('',(#9783));
#9783 = FILL_AREA_STYLE_COLOUR('',#8755);
#9784 = OVER_RIDING_STYLED_ITEM('overriding color',(#9785),#5349,#8748);
#9785 = PRESENTATION_STYLE_ASSIGNMENT((#9786));
#9786 = SURFACE_STYLE_USAGE(.BOTH.,#9787);
#9787 = SURFACE_SIDE_STYLE('',(#9788));
#9788 = SURFACE_STYLE_FILL_AREA(#9789);
#9789 = FILL_AREA_STYLE('',(#9790));
#9790 = FILL_AREA_STYLE_COLOUR('',#8755);
#9791 = OVER_RIDING_STYLED_ITEM('overriding color',(#9792),#5365,#8748);
#9792 = PRESENTATION_STYLE_ASSIGNMENT((#9793));
#9793 = SURFACE_STYLE_USAGE(.BOTH.,#9794);
#9794 = SURFACE_SIDE_STYLE('',(#9795));
#9795 = SURFACE_STYLE_FILL_AREA(#9796);
#9796 = FILL_AREA_STYLE('',(#9797));
#9797 = FILL_AREA_STYLE_COLOUR('',#8755);
#9798 = OVER_RIDING_STYLED_ITEM('overriding color',(#9799),#5399,#8748);
#9799 = PRESENTATION_STYLE_ASSIGNMENT((#9800));
#9800 = SURFACE_STYLE_USAGE(.BOTH.,#9801);
#9801 = SURFACE_SIDE_STYLE('',(#9802));
#9802 = SURFACE_STYLE_FILL_AREA(#9803);
#9803 = FILL_AREA_STYLE('',(#9804));
#9804 = FILL_AREA_STYLE_COLOUR('',#8755);
#9805 = OVER_RIDING_STYLED_ITEM('overriding color',(#9806),#5427,#8748);
#9806 = PRESENTATION_STYLE_ASSIGNMENT((#9807));
#9807 = SURFACE_STYLE_USAGE(.BOTH.,#9808);
#9808 = SURFACE_SIDE_STYLE('',(#9809));
#9809 = SURFACE_STYLE_FILL_AREA(#9810);
#9810 = FILL_AREA_STYLE('',(#9811));
#9811 = FILL_AREA_STYLE_COLOUR('',#8755);
#9812 = OVER_RIDING_STYLED_ITEM('overriding color',(#9813),#5455,#8748);
#9813 = PRESENTATION_STYLE_ASSIGNMENT((#9814));
#9814 = SURFACE_STYLE_USAGE(.BOTH.,#9815);
#9815 = SURFACE_SIDE_STYLE('',(#9816));
#9816 = SURFACE_STYLE_FILL_AREA(#9817);
#9817 = FILL_AREA_STYLE('',(#9818));
#9818 = FILL_AREA_STYLE_COLOUR('',#8755);
#9819 = OVER_RIDING_STYLED_ITEM('overriding color',(#9820),#5483,#8748);
#9820 = PRESENTATION_STYLE_ASSIGNMENT((#9821));
#9821 = SURFACE_STYLE_USAGE(.BOTH.,#9822);
#9822 = SURFACE_SIDE_STYLE('',(#9823));
#9823 = SURFACE_STYLE_FILL_AREA(#9824);
#9824 = FILL_AREA_STYLE('',(#9825));
#9825 = FILL_AREA_STYLE_COLOUR('',#8755);
#9826 = OVER_RIDING_STYLED_ITEM('overriding color',(#9827),#5511,#8748);
#9827 = PRESENTATION_STYLE_ASSIGNMENT((#9828));
#9828 = SURFACE_STYLE_USAGE(.BOTH.,#9829);
#9829 = SURFACE_SIDE_STYLE('',(#9830));
#9830 = SURFACE_STYLE_FILL_AREA(#9831);
#9831 = FILL_AREA_STYLE('',(#9832));
#9832 = FILL_AREA_STYLE_COLOUR('',#8755);
#9833 = OVER_RIDING_STYLED_ITEM('overriding color',(#9834),#5539,#8748);
#9834 = PRESENTATION_STYLE_ASSIGNMENT((#9835));
#9835 = SURFACE_STYLE_USAGE(.BOTH.,#9836);
#9836 = SURFACE_SIDE_STYLE('',(#9837));
#9837 = SURFACE_STYLE_FILL_AREA(#9838);
#9838 = FILL_AREA_STYLE('',(#9839));
#9839 = FILL_AREA_STYLE_COLOUR('',#8755);
#9840 = OVER_RIDING_STYLED_ITEM('overriding color',(#9841),#5561,#8748);
#9841 = PRESENTATION_STYLE_ASSIGNMENT((#9842));
#9842 = SURFACE_STYLE_USAGE(.BOTH.,#9843);
#9843 = SURFACE_SIDE_STYLE('',(#9844));
#9844 = SURFACE_STYLE_FILL_AREA(#9845);
#9845 = FILL_AREA_STYLE('',(#9846));
#9846 = FILL_AREA_STYLE_COLOUR('',#8755);
#9847 = OVER_RIDING_STYLED_ITEM('overriding color',(#9848),#5577,#8748);
#9848 = PRESENTATION_STYLE_ASSIGNMENT((#9849));
#9849 = SURFACE_STYLE_USAGE(.BOTH.,#9850);
#9850 = SURFACE_SIDE_STYLE('',(#9851));
#9851 = SURFACE_STYLE_FILL_AREA(#9852);
#9852 = FILL_AREA_STYLE('',(#9853));
#9853 = FILL_AREA_STYLE_COLOUR('',#8836);
#9854 = OVER_RIDING_STYLED_ITEM('overriding color',(#9855),#5593,#8748);
#9855 = PRESENTATION_STYLE_ASSIGNMENT((#9856));
#9856 = SURFACE_STYLE_USAGE(.BOTH.,#9857);
#9857 = SURFACE_SIDE_STYLE('',(#9858));
#9858 = SURFACE_STYLE_FILL_AREA(#9859);
#9859 = FILL_AREA_STYLE('',(#9860));
#9860 = FILL_AREA_STYLE_COLOUR('',#8755);
#9861 = OVER_RIDING_STYLED_ITEM('overriding color',(#9862),#5627,#8748);
#9862 = PRESENTATION_STYLE_ASSIGNMENT((#9863));
#9863 = SURFACE_STYLE_USAGE(.BOTH.,#9864);
#9864 = SURFACE_SIDE_STYLE('',(#9865));
#9865 = SURFACE_STYLE_FILL_AREA(#9866);
#9866 = FILL_AREA_STYLE('',(#9867));
#9867 = FILL_AREA_STYLE_COLOUR('',#8755);
#9868 = OVER_RIDING_STYLED_ITEM('overriding color',(#9869),#5649,#8748);
#9869 = PRESENTATION_STYLE_ASSIGNMENT((#9870));
#9870 = SURFACE_STYLE_USAGE(.BOTH.,#9871);
#9871 = SURFACE_SIDE_STYLE('',(#9872));
#9872 = SURFACE_STYLE_FILL_AREA(#9873);
#9873 = FILL_AREA_STYLE('',(#9874));
#9874 = FILL_AREA_STYLE_COLOUR('',#8755);
#9875 = OVER_RIDING_STYLED_ITEM('overriding color',(#9876),#5677,#8748);
#9876 = PRESENTATION_STYLE_ASSIGNMENT((#9877));
#9877 = SURFACE_STYLE_USAGE(.BOTH.,#9878);
#9878 = SURFACE_SIDE_STYLE('',(#9879));
#9879 = SURFACE_STYLE_FILL_AREA(#9880);
#9880 = FILL_AREA_STYLE('',(#9881));
#9881 = FILL_AREA_STYLE_COLOUR('',#8755);
#9882 = OVER_RIDING_STYLED_ITEM('overriding color',(#9883),#5705,#8748);
#9883 = PRESENTATION_STYLE_ASSIGNMENT((#9884));
#9884 = SURFACE_STYLE_USAGE(.BOTH.,#9885);
#9885 = SURFACE_SIDE_STYLE('',(#9886));
#9886 = SURFACE_STYLE_FILL_AREA(#9887);
#9887 = FILL_AREA_STYLE('',(#9888));
#9888 = FILL_AREA_STYLE_COLOUR('',#8755);
#9889 = OVER_RIDING_STYLED_ITEM('overriding color',(#9890),#5733,#8748);
#9890 = PRESENTATION_STYLE_ASSIGNMENT((#9891));
#9891 = SURFACE_STYLE_USAGE(.BOTH.,#9892);
#9892 = SURFACE_SIDE_STYLE('',(#9893));
#9893 = SURFACE_STYLE_FILL_AREA(#9894);
#9894 = FILL_AREA_STYLE('',(#9895));
#9895 = FILL_AREA_STYLE_COLOUR('',#8755);
#9896 = OVER_RIDING_STYLED_ITEM('overriding color',(#9897),#5761,#8748);
#9897 = PRESENTATION_STYLE_ASSIGNMENT((#9898));
#9898 = SURFACE_STYLE_USAGE(.BOTH.,#9899);
#9899 = SURFACE_SIDE_STYLE('',(#9900));
#9900 = SURFACE_STYLE_FILL_AREA(#9901);
#9901 = FILL_AREA_STYLE('',(#9902));
#9902 = FILL_AREA_STYLE_COLOUR('',#8755);
#9903 = OVER_RIDING_STYLED_ITEM('overriding color',(#9904),#5789,#8748);
#9904 = PRESENTATION_STYLE_ASSIGNMENT((#9905));
#9905 = SURFACE_STYLE_USAGE(.BOTH.,#9906);
#9906 = SURFACE_SIDE_STYLE('',(#9907));
#9907 = SURFACE_STYLE_FILL_AREA(#9908);
#9908 = FILL_AREA_STYLE('',(#9909));
#9909 = FILL_AREA_STYLE_COLOUR('',#8755);
#9910 = OVER_RIDING_STYLED_ITEM('overriding color',(#9911),#5817,#8748);
#9911 = PRESENTATION_STYLE_ASSIGNMENT((#9912));
#9912 = SURFACE_STYLE_USAGE(.BOTH.,#9913);
#9913 = SURFACE_SIDE_STYLE('',(#9914));
#9914 = SURFACE_STYLE_FILL_AREA(#9915);
#9915 = FILL_AREA_STYLE('',(#9916));
#9916 = FILL_AREA_STYLE_COLOUR('',#8755);
#9917 = OVER_RIDING_STYLED_ITEM('overriding color',(#9918),#5845,#8748);
#9918 = PRESENTATION_STYLE_ASSIGNMENT((#9919));
#9919 = SURFACE_STYLE_USAGE(.BOTH.,#9920);
#9920 = SURFACE_SIDE_STYLE('',(#9921));
#9921 = SURFACE_STYLE_FILL_AREA(#9922);
#9922 = FILL_AREA_STYLE('',(#9923));
#9923 = FILL_AREA_STYLE_COLOUR('',#8755);
#9924 = OVER_RIDING_STYLED_ITEM('overriding color',(#9925),#5873,#8748);
#9925 = PRESENTATION_STYLE_ASSIGNMENT((#9926));
#9926 = SURFACE_STYLE_USAGE(.BOTH.,#9927);
#9927 = SURFACE_SIDE_STYLE('',(#9928));
#9928 = SURFACE_STYLE_FILL_AREA(#9929);
#9929 = FILL_AREA_STYLE('',(#9930));
#9930 = FILL_AREA_STYLE_COLOUR('',#8755);
#9931 = OVER_RIDING_STYLED_ITEM('overriding color',(#9932),#5901,#8748);
#9932 = PRESENTATION_STYLE_ASSIGNMENT((#9933));
#9933 = SURFACE_STYLE_USAGE(.BOTH.,#9934);
#9934 = SURFACE_SIDE_STYLE('',(#9935));
#9935 = SURFACE_STYLE_FILL_AREA(#9936);
#9936 = FILL_AREA_STYLE('',(#9937));
#9937 = FILL_AREA_STYLE_COLOUR('',#8755);
#9938 = OVER_RIDING_STYLED_ITEM('overriding color',(#9939),#5929,#8748);
#9939 = PRESENTATION_STYLE_ASSIGNMENT((#9940));
#9940 = SURFACE_STYLE_USAGE(.BOTH.,#9941);
#9941 = SURFACE_SIDE_STYLE('',(#9942));
#9942 = SURFACE_STYLE_FILL_AREA(#9943);
#9943 = FILL_AREA_STYLE('',(#9944));
#9944 = FILL_AREA_STYLE_COLOUR('',#8755);
#9945 = OVER_RIDING_STYLED_ITEM('overriding color',(#9946),#5951,#8748);
#9946 = PRESENTATION_STYLE_ASSIGNMENT((#9947));
#9947 = SURFACE_STYLE_USAGE(.BOTH.,#9948);
#9948 = SURFACE_SIDE_STYLE('',(#9949));
#9949 = SURFACE_STYLE_FILL_AREA(#9950);
#9950 = FILL_AREA_STYLE('',(#9951));
#9951 = FILL_AREA_STYLE_COLOUR('',#8755);
#9952 = OVER_RIDING_STYLED_ITEM('overriding color',(#9953),#5979,#8748);
#9953 = PRESENTATION_STYLE_ASSIGNMENT((#9954));
#9954 = SURFACE_STYLE_USAGE(.BOTH.,#9955);
#9955 = SURFACE_SIDE_STYLE('',(#9956));
#9956 = SURFACE_STYLE_FILL_AREA(#9957);
#9957 = FILL_AREA_STYLE('',(#9958));
#9958 = FILL_AREA_STYLE_COLOUR('',#8755);
#9959 = OVER_RIDING_STYLED_ITEM('overriding color',(#9960),#6007,#8748);
#9960 = PRESENTATION_STYLE_ASSIGNMENT((#9961));
#9961 = SURFACE_STYLE_USAGE(.BOTH.,#9962);
#9962 = SURFACE_SIDE_STYLE('',(#9963));
#9963 = SURFACE_STYLE_FILL_AREA(#9964);
#9964 = FILL_AREA_STYLE('',(#9965));
#9965 = FILL_AREA_STYLE_COLOUR('',#8755);
#9966 = OVER_RIDING_STYLED_ITEM('overriding color',(#9967),#6035,#8748);
#9967 = PRESENTATION_STYLE_ASSIGNMENT((#9968));
#9968 = SURFACE_STYLE_USAGE(.BOTH.,#9969);
#9969 = SURFACE_SIDE_STYLE('',(#9970));
#9970 = SURFACE_STYLE_FILL_AREA(#9971);
#9971 = FILL_AREA_STYLE('',(#9972));
#9972 = FILL_AREA_STYLE_COLOUR('',#8755);
#9973 = OVER_RIDING_STYLED_ITEM('overriding color',(#9974),#6063,#8748);
#9974 = PRESENTATION_STYLE_ASSIGNMENT((#9975));
#9975 = SURFACE_STYLE_USAGE(.BOTH.,#9976);
#9976 = SURFACE_SIDE_STYLE('',(#9977));
#9977 = SURFACE_STYLE_FILL_AREA(#9978);
#9978 = FILL_AREA_STYLE('',(#9979));
#9979 = FILL_AREA_STYLE_COLOUR('',#8755);
#9980 = OVER_RIDING_STYLED_ITEM('overriding color',(#9981),#6091,#8748);
#9981 = PRESENTATION_STYLE_ASSIGNMENT((#9982));
#9982 = SURFACE_STYLE_USAGE(.BOTH.,#9983);
#9983 = SURFACE_SIDE_STYLE('',(#9984));
#9984 = SURFACE_STYLE_FILL_AREA(#9985);
#9985 = FILL_AREA_STYLE('',(#9986));
#9986 = FILL_AREA_STYLE_COLOUR('',#8755);
#9987 = OVER_RIDING_STYLED_ITEM('overriding color',(#9988),#6119,#8748);
#9988 = PRESENTATION_STYLE_ASSIGNMENT((#9989));
#9989 = SURFACE_STYLE_USAGE(.BOTH.,#9990);
#9990 = SURFACE_SIDE_STYLE('',(#9991));
#9991 = SURFACE_STYLE_FILL_AREA(#9992);
#9992 = FILL_AREA_STYLE('',(#9993));
#9993 = FILL_AREA_STYLE_COLOUR('',#8755);
#9994 = OVER_RIDING_STYLED_ITEM('overriding color',(#9995),#6147,#8748);
#9995 = PRESENTATION_STYLE_ASSIGNMENT((#9996));
#9996 = SURFACE_STYLE_USAGE(.BOTH.,#9997);
#9997 = SURFACE_SIDE_STYLE('',(#9998));
#9998 = SURFACE_STYLE_FILL_AREA(#9999);
#9999 = FILL_AREA_STYLE('',(#10000));
#10000 = FILL_AREA_STYLE_COLOUR('',#8755);
#10001 = OVER_RIDING_STYLED_ITEM('overriding color',(#10002),#6169,#8748
  );
#10002 = PRESENTATION_STYLE_ASSIGNMENT((#10003));
#10003 = SURFACE_STYLE_USAGE(.BOTH.,#10004);
#10004 = SURFACE_SIDE_STYLE('',(#10005));
#10005 = SURFACE_STYLE_FILL_AREA(#10006);
#10006 = FILL_AREA_STYLE('',(#10007));
#10007 = FILL_AREA_STYLE_COLOUR('',#8755);
#10008 = OVER_RIDING_STYLED_ITEM('overriding color',(#10009),#6198,#8748
  );
#10009 = PRESENTATION_STYLE_ASSIGNMENT((#10010));
#10010 = SURFACE_STYLE_USAGE(.BOTH.,#10011);
#10011 = SURFACE_SIDE_STYLE('',(#10012));
#10012 = SURFACE_STYLE_FILL_AREA(#10013);
#10013 = FILL_AREA_STYLE('',(#10014));
#10014 = FILL_AREA_STYLE_COLOUR('',#8755);
#10015 = OVER_RIDING_STYLED_ITEM('overriding color',(#10016),#6226,#8748
  );
#10016 = PRESENTATION_STYLE_ASSIGNMENT((#10017));
#10017 = SURFACE_STYLE_USAGE(.BOTH.,#10018);
#10018 = SURFACE_SIDE_STYLE('',(#10019));
#10019 = SURFACE_STYLE_FILL_AREA(#10020);
#10020 = FILL_AREA_STYLE('',(#10021));
#10021 = FILL_AREA_STYLE_COLOUR('',#8755);
#10022 = OVER_RIDING_STYLED_ITEM('overriding color',(#10023),#6248,#8748
  );
#10023 = PRESENTATION_STYLE_ASSIGNMENT((#10024));
#10024 = SURFACE_STYLE_USAGE(.BOTH.,#10025);
#10025 = SURFACE_SIDE_STYLE('',(#10026));
#10026 = SURFACE_STYLE_FILL_AREA(#10027);
#10027 = FILL_AREA_STYLE('',(#10028));
#10028 = FILL_AREA_STYLE_COLOUR('',#8755);
#10029 = OVER_RIDING_STYLED_ITEM('overriding color',(#10030),#6276,#8748
  );
#10030 = PRESENTATION_STYLE_ASSIGNMENT((#10031));
#10031 = SURFACE_STYLE_USAGE(.BOTH.,#10032);
#10032 = SURFACE_SIDE_STYLE('',(#10033));
#10033 = SURFACE_STYLE_FILL_AREA(#10034);
#10034 = FILL_AREA_STYLE('',(#10035));
#10035 = FILL_AREA_STYLE_COLOUR('',#8755);
#10036 = OVER_RIDING_STYLED_ITEM('overriding color',(#10037),#6298,#8748
  );
#10037 = PRESENTATION_STYLE_ASSIGNMENT((#10038));
#10038 = SURFACE_STYLE_USAGE(.BOTH.,#10039);
#10039 = SURFACE_SIDE_STYLE('',(#10040));
#10040 = SURFACE_STYLE_FILL_AREA(#10041);
#10041 = FILL_AREA_STYLE('',(#10042));
#10042 = FILL_AREA_STYLE_COLOUR('',#8755);
#10043 = OVER_RIDING_STYLED_ITEM('overriding color',(#10044),#6320,#8748
  );
#10044 = PRESENTATION_STYLE_ASSIGNMENT((#10045));
#10045 = SURFACE_STYLE_USAGE(.BOTH.,#10046);
#10046 = SURFACE_SIDE_STYLE('',(#10047));
#10047 = SURFACE_STYLE_FILL_AREA(#10048);
#10048 = FILL_AREA_STYLE('',(#10049));
#10049 = FILL_AREA_STYLE_COLOUR('',#8755);
#10050 = OVER_RIDING_STYLED_ITEM('overriding color',(#10051),#6342,#8748
  );
#10051 = PRESENTATION_STYLE_ASSIGNMENT((#10052));
#10052 = SURFACE_STYLE_USAGE(.BOTH.,#10053);
#10053 = SURFACE_SIDE_STYLE('',(#10054));
#10054 = SURFACE_STYLE_FILL_AREA(#10055);
#10055 = FILL_AREA_STYLE('',(#10056));
#10056 = FILL_AREA_STYLE_COLOUR('',#8755);
#10057 = OVER_RIDING_STYLED_ITEM('overriding color',(#10058),#6364,#8748
  );
#10058 = PRESENTATION_STYLE_ASSIGNMENT((#10059));
#10059 = SURFACE_STYLE_USAGE(.BOTH.,#10060);
#10060 = SURFACE_SIDE_STYLE('',(#10061));
#10061 = SURFACE_STYLE_FILL_AREA(#10062);
#10062 = FILL_AREA_STYLE('',(#10063));
#10063 = FILL_AREA_STYLE_COLOUR('',#8755);
#10064 = OVER_RIDING_STYLED_ITEM('overriding color',(#10065),#6386,#8748
  );
#10065 = PRESENTATION_STYLE_ASSIGNMENT((#10066));
#10066 = SURFACE_STYLE_USAGE(.BOTH.,#10067);
#10067 = SURFACE_SIDE_STYLE('',(#10068));
#10068 = SURFACE_STYLE_FILL_AREA(#10069);
#10069 = FILL_AREA_STYLE('',(#10070));
#10070 = FILL_AREA_STYLE_COLOUR('',#8755);
#10071 = OVER_RIDING_STYLED_ITEM('overriding color',(#10072),#6408,#8748
  );
#10072 = PRESENTATION_STYLE_ASSIGNMENT((#10073));
#10073 = SURFACE_STYLE_USAGE(.BOTH.,#10074);
#10074 = SURFACE_SIDE_STYLE('',(#10075));
#10075 = SURFACE_STYLE_FILL_AREA(#10076);
#10076 = FILL_AREA_STYLE('',(#10077));
#10077 = FILL_AREA_STYLE_COLOUR('',#8755);
#10078 = OVER_RIDING_STYLED_ITEM('overriding color',(#10079),#6436,#8748
  );
#10079 = PRESENTATION_STYLE_ASSIGNMENT((#10080));
#10080 = SURFACE_STYLE_USAGE(.BOTH.,#10081);
#10081 = SURFACE_SIDE_STYLE('',(#10082));
#10082 = SURFACE_STYLE_FILL_AREA(#10083);
#10083 = FILL_AREA_STYLE('',(#10084));
#10084 = FILL_AREA_STYLE_COLOUR('',#8755);
#10085 = OVER_RIDING_STYLED_ITEM('overriding color',(#10086),#6464,#8748
  );
#10086 = PRESENTATION_STYLE_ASSIGNMENT((#10087));
#10087 = SURFACE_STYLE_USAGE(.BOTH.,#10088);
#10088 = SURFACE_SIDE_STYLE('',(#10089));
#10089 = SURFACE_STYLE_FILL_AREA(#10090);
#10090 = FILL_AREA_STYLE('',(#10091));
#10091 = FILL_AREA_STYLE_COLOUR('',#8755);
#10092 = OVER_RIDING_STYLED_ITEM('overriding color',(#10093),#6486,#8748
  );
#10093 = PRESENTATION_STYLE_ASSIGNMENT((#10094));
#10094 = SURFACE_STYLE_USAGE(.BOTH.,#10095);
#10095 = SURFACE_SIDE_STYLE('',(#10096));
#10096 = SURFACE_STYLE_FILL_AREA(#10097);
#10097 = FILL_AREA_STYLE('',(#10098));
#10098 = FILL_AREA_STYLE_COLOUR('',#8755);
#10099 = OVER_RIDING_STYLED_ITEM('overriding color',(#10100),#6514,#8748
  );
#10100 = PRESENTATION_STYLE_ASSIGNMENT((#10101));
#10101 = SURFACE_STYLE_USAGE(.BOTH.,#10102);
#10102 = SURFACE_SIDE_STYLE('',(#10103));
#10103 = SURFACE_STYLE_FILL_AREA(#10104);
#10104 = FILL_AREA_STYLE('',(#10105));
#10105 = FILL_AREA_STYLE_COLOUR('',#8755);
#10106 = OVER_RIDING_STYLED_ITEM('overriding color',(#10107),#6542,#8748
  );
#10107 = PRESENTATION_STYLE_ASSIGNMENT((#10108));
#10108 = SURFACE_STYLE_USAGE(.BOTH.,#10109);
#10109 = SURFACE_SIDE_STYLE('',(#10110));
#10110 = SURFACE_STYLE_FILL_AREA(#10111);
#10111 = FILL_AREA_STYLE('',(#10112));
#10112 = FILL_AREA_STYLE_COLOUR('',#8755);
#10113 = OVER_RIDING_STYLED_ITEM('overriding color',(#10114),#6558,#8748
  );
#10114 = PRESENTATION_STYLE_ASSIGNMENT((#10115));
#10115 = SURFACE_STYLE_USAGE(.BOTH.,#10116);
#10116 = SURFACE_SIDE_STYLE('',(#10117));
#10117 = SURFACE_STYLE_FILL_AREA(#10118);
#10118 = FILL_AREA_STYLE('',(#10119));
#10119 = FILL_AREA_STYLE_COLOUR('',#8755);
#10120 = OVER_RIDING_STYLED_ITEM('overriding color',(#10121),#6581,#8748
  );
#10121 = PRESENTATION_STYLE_ASSIGNMENT((#10122));
#10122 = SURFACE_STYLE_USAGE(.BOTH.,#10123);
#10123 = SURFACE_SIDE_STYLE('',(#10124));
#10124 = SURFACE_STYLE_FILL_AREA(#10125);
#10125 = FILL_AREA_STYLE('',(#10126));
#10126 = FILL_AREA_STYLE_COLOUR('',#8755);
#10127 = OVER_RIDING_STYLED_ITEM('overriding color',(#10128),#6609,#8748
  );
#10128 = PRESENTATION_STYLE_ASSIGNMENT((#10129));
#10129 = SURFACE_STYLE_USAGE(.BOTH.,#10130);
#10130 = SURFACE_SIDE_STYLE('',(#10131));
#10131 = SURFACE_STYLE_FILL_AREA(#10132);
#10132 = FILL_AREA_STYLE('',(#10133));
#10133 = FILL_AREA_STYLE_COLOUR('',#8755);
#10134 = OVER_RIDING_STYLED_ITEM('overriding color',(#10135),#6631,#8748
  );
#10135 = PRESENTATION_STYLE_ASSIGNMENT((#10136));
#10136 = SURFACE_STYLE_USAGE(.BOTH.,#10137);
#10137 = SURFACE_SIDE_STYLE('',(#10138));
#10138 = SURFACE_STYLE_FILL_AREA(#10139);
#10139 = FILL_AREA_STYLE('',(#10140));
#10140 = FILL_AREA_STYLE_COLOUR('',#8755);
#10141 = OVER_RIDING_STYLED_ITEM('overriding color',(#10142),#6653,#8748
  );
#10142 = PRESENTATION_STYLE_ASSIGNMENT((#10143));
#10143 = SURFACE_STYLE_USAGE(.BOTH.,#10144);
#10144 = SURFACE_SIDE_STYLE('',(#10145));
#10145 = SURFACE_STYLE_FILL_AREA(#10146);
#10146 = FILL_AREA_STYLE('',(#10147));
#10147 = FILL_AREA_STYLE_COLOUR('',#8755);
#10148 = OVER_RIDING_STYLED_ITEM('overriding color',(#10149),#6675,#8748
  );
#10149 = PRESENTATION_STYLE_ASSIGNMENT((#10150));
#10150 = SURFACE_STYLE_USAGE(.BOTH.,#10151);
#10151 = SURFACE_SIDE_STYLE('',(#10152));
#10152 = SURFACE_STYLE_FILL_AREA(#10153);
#10153 = FILL_AREA_STYLE('',(#10154));
#10154 = FILL_AREA_STYLE_COLOUR('',#8755);
#10155 = OVER_RIDING_STYLED_ITEM('overriding color',(#10156),#6697,#8748
  );
#10156 = PRESENTATION_STYLE_ASSIGNMENT((#10157));
#10157 = SURFACE_STYLE_USAGE(.BOTH.,#10158);
#10158 = SURFACE_SIDE_STYLE('',(#10159));
#10159 = SURFACE_STYLE_FILL_AREA(#10160);
#10160 = FILL_AREA_STYLE('',(#10161));
#10161 = FILL_AREA_STYLE_COLOUR('',#8755);
#10162 = OVER_RIDING_STYLED_ITEM('overriding color',(#10163),#6719,#8748
  );
#10163 = PRESENTATION_STYLE_ASSIGNMENT((#10164));
#10164 = SURFACE_STYLE_USAGE(.BOTH.,#10165);
#10165 = SURFACE_SIDE_STYLE('',(#10166));
#10166 = SURFACE_STYLE_FILL_AREA(#10167);
#10167 = FILL_AREA_STYLE('',(#10168));
#10168 = FILL_AREA_STYLE_COLOUR('',#8755);
#10169 = OVER_RIDING_STYLED_ITEM('overriding color',(#10170),#6741,#8748
  );
#10170 = PRESENTATION_STYLE_ASSIGNMENT((#10171));
#10171 = SURFACE_STYLE_USAGE(.BOTH.,#10172);
#10172 = SURFACE_SIDE_STYLE('',(#10173));
#10173 = SURFACE_STYLE_FILL_AREA(#10174);
#10174 = FILL_AREA_STYLE('',(#10175));
#10175 = FILL_AREA_STYLE_COLOUR('',#8755);
#10176 = OVER_RIDING_STYLED_ITEM('overriding color',(#10177),#6763,#8748
  );
#10177 = PRESENTATION_STYLE_ASSIGNMENT((#10178));
#10178 = SURFACE_STYLE_USAGE(.BOTH.,#10179);
#10179 = SURFACE_SIDE_STYLE('',(#10180));
#10180 = SURFACE_STYLE_FILL_AREA(#10181);
#10181 = FILL_AREA_STYLE('',(#10182));
#10182 = FILL_AREA_STYLE_COLOUR('',#8755);
#10183 = OVER_RIDING_STYLED_ITEM('overriding color',(#10184),#6785,#8748
  );
#10184 = PRESENTATION_STYLE_ASSIGNMENT((#10185));
#10185 = SURFACE_STYLE_USAGE(.BOTH.,#10186);
#10186 = SURFACE_SIDE_STYLE('',(#10187));
#10187 = SURFACE_STYLE_FILL_AREA(#10188);
#10188 = FILL_AREA_STYLE('',(#10189));
#10189 = FILL_AREA_STYLE_COLOUR('',#8755);
#10190 = OVER_RIDING_STYLED_ITEM('overriding color',(#10191),#6807,#8748
  );
#10191 = PRESENTATION_STYLE_ASSIGNMENT((#10192));
#10192 = SURFACE_STYLE_USAGE(.BOTH.,#10193);
#10193 = SURFACE_SIDE_STYLE('',(#10194));
#10194 = SURFACE_STYLE_FILL_AREA(#10195);
#10195 = FILL_AREA_STYLE('',(#10196));
#10196 = FILL_AREA_STYLE_COLOUR('',#8755);
#10197 = OVER_RIDING_STYLED_ITEM('overriding color',(#10198),#6829,#8748
  );
#10198 = PRESENTATION_STYLE_ASSIGNMENT((#10199));
#10199 = SURFACE_STYLE_USAGE(.BOTH.,#10200);
#10200 = SURFACE_SIDE_STYLE('',(#10201));
#10201 = SURFACE_STYLE_FILL_AREA(#10202);
#10202 = FILL_AREA_STYLE('',(#10203));
#10203 = FILL_AREA_STYLE_COLOUR('',#8755);
#10204 = OVER_RIDING_STYLED_ITEM('overriding color',(#10205),#6845,#8748
  );
#10205 = PRESENTATION_STYLE_ASSIGNMENT((#10206));
#10206 = SURFACE_STYLE_USAGE(.BOTH.,#10207);
#10207 = SURFACE_SIDE_STYLE('',(#10208));
#10208 = SURFACE_STYLE_FILL_AREA(#10209);
#10209 = FILL_AREA_STYLE('',(#10210));
#10210 = FILL_AREA_STYLE_COLOUR('',#8755);
#10211 = OVER_RIDING_STYLED_ITEM('overriding color',(#10212),#6865,#8748
  );
#10212 = PRESENTATION_STYLE_ASSIGNMENT((#10213));
#10213 = SURFACE_STYLE_USAGE(.BOTH.,#10214);
#10214 = SURFACE_SIDE_STYLE('',(#10215));
#10215 = SURFACE_STYLE_FILL_AREA(#10216);
#10216 = FILL_AREA_STYLE('',(#10217));
#10217 = FILL_AREA_STYLE_COLOUR('',#8755);
#10218 = OVER_RIDING_STYLED_ITEM('overriding color',(#10219),#6989,#8748
  );
#10219 = PRESENTATION_STYLE_ASSIGNMENT((#10220));
#10220 = SURFACE_STYLE_USAGE(.BOTH.,#10221);
#10221 = SURFACE_SIDE_STYLE('',(#10222));
#10222 = SURFACE_STYLE_FILL_AREA(#10223);
#10223 = FILL_AREA_STYLE('',(#10224));
#10224 = FILL_AREA_STYLE_COLOUR('',#8755);
#10225 = OVER_RIDING_STYLED_ITEM('overriding color',(#10226),#7009,#8748
  );
#10226 = PRESENTATION_STYLE_ASSIGNMENT((#10227));
#10227 = SURFACE_STYLE_USAGE(.BOTH.,#10228);
#10228 = SURFACE_SIDE_STYLE('',(#10229));
#10229 = SURFACE_STYLE_FILL_AREA(#10230);
#10230 = FILL_AREA_STYLE('',(#10231));
#10231 = FILL_AREA_STYLE_COLOUR('',#8755);
#10232 = OVER_RIDING_STYLED_ITEM('overriding color',(#10233),#7029,#8748
  );
#10233 = PRESENTATION_STYLE_ASSIGNMENT((#10234));
#10234 = SURFACE_STYLE_USAGE(.BOTH.,#10235);
#10235 = SURFACE_SIDE_STYLE('',(#10236));
#10236 = SURFACE_STYLE_FILL_AREA(#10237);
#10237 = FILL_AREA_STYLE('',(#10238));
#10238 = FILL_AREA_STYLE_COLOUR('',#8755);
#10239 = OVER_RIDING_STYLED_ITEM('overriding color',(#10240),#7049,#8748
  );
#10240 = PRESENTATION_STYLE_ASSIGNMENT((#10241));
#10241 = SURFACE_STYLE_USAGE(.BOTH.,#10242);
#10242 = SURFACE_SIDE_STYLE('',(#10243));
#10243 = SURFACE_STYLE_FILL_AREA(#10244);
#10244 = FILL_AREA_STYLE('',(#10245));
#10245 = FILL_AREA_STYLE_COLOUR('',#8755);
#10246 = OVER_RIDING_STYLED_ITEM('overriding color',(#10247),#7069,#8748
  );
#10247 = PRESENTATION_STYLE_ASSIGNMENT((#10248));
#10248 = SURFACE_STYLE_USAGE(.BOTH.,#10249);
#10249 = SURFACE_SIDE_STYLE('',(#10250));
#10250 = SURFACE_STYLE_FILL_AREA(#10251);
#10251 = FILL_AREA_STYLE('',(#10252));
#10252 = FILL_AREA_STYLE_COLOUR('',#8755);
#10253 = OVER_RIDING_STYLED_ITEM('overriding color',(#10254),#7089,#8748
  );
#10254 = PRESENTATION_STYLE_ASSIGNMENT((#10255));
#10255 = SURFACE_STYLE_USAGE(.BOTH.,#10256);
#10256 = SURFACE_SIDE_STYLE('',(#10257));
#10257 = SURFACE_STYLE_FILL_AREA(#10258);
#10258 = FILL_AREA_STYLE('',(#10259));
#10259 = FILL_AREA_STYLE_COLOUR('',#8755);
#10260 = OVER_RIDING_STYLED_ITEM('overriding color',(#10261),#7105,#8748
  );
#10261 = PRESENTATION_STYLE_ASSIGNMENT((#10262));
#10262 = SURFACE_STYLE_USAGE(.BOTH.,#10263);
#10263 = SURFACE_SIDE_STYLE('',(#10264));
#10264 = SURFACE_STYLE_FILL_AREA(#10265);
#10265 = FILL_AREA_STYLE('',(#10266));
#10266 = FILL_AREA_STYLE_COLOUR('',#8755);
#10267 = OVER_RIDING_STYLED_ITEM('overriding color',(#10268),#7117,#8748
  );
#10268 = PRESENTATION_STYLE_ASSIGNMENT((#10269));
#10269 = SURFACE_STYLE_USAGE(.BOTH.,#10270);
#10270 = SURFACE_SIDE_STYLE('',(#10271));
#10271 = SURFACE_STYLE_FILL_AREA(#10272);
#10272 = FILL_AREA_STYLE('',(#10273));
#10273 = FILL_AREA_STYLE_COLOUR('',#8755);
#10274 = OVER_RIDING_STYLED_ITEM('overriding color',(#10275),#7145,#8748
  );
#10275 = PRESENTATION_STYLE_ASSIGNMENT((#10276));
#10276 = SURFACE_STYLE_USAGE(.BOTH.,#10277);
#10277 = SURFACE_SIDE_STYLE('',(#10278));
#10278 = SURFACE_STYLE_FILL_AREA(#10279);
#10279 = FILL_AREA_STYLE('',(#10280));
#10280 = FILL_AREA_STYLE_COLOUR('',#8755);
#10281 = OVER_RIDING_STYLED_ITEM('overriding color',(#10282),#7167,#8748
  );
#10282 = PRESENTATION_STYLE_ASSIGNMENT((#10283));
#10283 = SURFACE_STYLE_USAGE(.BOTH.,#10284);
#10284 = SURFACE_SIDE_STYLE('',(#10285));
#10285 = SURFACE_STYLE_FILL_AREA(#10286);
#10286 = FILL_AREA_STYLE('',(#10287));
#10287 = FILL_AREA_STYLE_COLOUR('',#8755);
#10288 = OVER_RIDING_STYLED_ITEM('overriding color',(#10289),#7189,#8748
  );
#10289 = PRESENTATION_STYLE_ASSIGNMENT((#10290));
#10290 = SURFACE_STYLE_USAGE(.BOTH.,#10291);
#10291 = SURFACE_SIDE_STYLE('',(#10292));
#10292 = SURFACE_STYLE_FILL_AREA(#10293);
#10293 = FILL_AREA_STYLE('',(#10294));
#10294 = FILL_AREA_STYLE_COLOUR('',#8755);
#10295 = OVER_RIDING_STYLED_ITEM('overriding color',(#10296),#7217,#8748
  );
#10296 = PRESENTATION_STYLE_ASSIGNMENT((#10297));
#10297 = SURFACE_STYLE_USAGE(.BOTH.,#10298);
#10298 = SURFACE_SIDE_STYLE('',(#10299));
#10299 = SURFACE_STYLE_FILL_AREA(#10300);
#10300 = FILL_AREA_STYLE('',(#10301));
#10301 = FILL_AREA_STYLE_COLOUR('',#8755);
#10302 = OVER_RIDING_STYLED_ITEM('overriding color',(#10303),#7245,#8748
  );
#10303 = PRESENTATION_STYLE_ASSIGNMENT((#10304));
#10304 = SURFACE_STYLE_USAGE(.BOTH.,#10305);
#10305 = SURFACE_SIDE_STYLE('',(#10306));
#10306 = SURFACE_STYLE_FILL_AREA(#10307);
#10307 = FILL_AREA_STYLE('',(#10308));
#10308 = FILL_AREA_STYLE_COLOUR('',#8755);
#10309 = OVER_RIDING_STYLED_ITEM('overriding color',(#10310),#7273,#8748
  );
#10310 = PRESENTATION_STYLE_ASSIGNMENT((#10311));
#10311 = SURFACE_STYLE_USAGE(.BOTH.,#10312);
#10312 = SURFACE_SIDE_STYLE('',(#10313));
#10313 = SURFACE_STYLE_FILL_AREA(#10314);
#10314 = FILL_AREA_STYLE('',(#10315));
#10315 = FILL_AREA_STYLE_COLOUR('',#8755);
#10316 = OVER_RIDING_STYLED_ITEM('overriding color',(#10317),#7295,#8748
  );
#10317 = PRESENTATION_STYLE_ASSIGNMENT((#10318));
#10318 = SURFACE_STYLE_USAGE(.BOTH.,#10319);
#10319 = SURFACE_SIDE_STYLE('',(#10320));
#10320 = SURFACE_STYLE_FILL_AREA(#10321);
#10321 = FILL_AREA_STYLE('',(#10322));
#10322 = FILL_AREA_STYLE_COLOUR('',#8836);
#10323 = OVER_RIDING_STYLED_ITEM('overriding color',(#10324),#7310,#8748
  );
#10324 = PRESENTATION_STYLE_ASSIGNMENT((#10325));
#10325 = SURFACE_STYLE_USAGE(.BOTH.,#10326);
#10326 = SURFACE_SIDE_STYLE('',(#10327));
#10327 = SURFACE_STYLE_FILL_AREA(#10328);
#10328 = FILL_AREA_STYLE('',(#10329));
#10329 = FILL_AREA_STYLE_COLOUR('',#8755);
#10330 = OVER_RIDING_STYLED_ITEM('overriding color',(#10331),#7422,#8748
  );
#10331 = PRESENTATION_STYLE_ASSIGNMENT((#10332));
#10332 = SURFACE_STYLE_USAGE(.BOTH.,#10333);
#10333 = SURFACE_SIDE_STYLE('',(#10334));
#10334 = SURFACE_STYLE_FILL_AREA(#10335);
#10335 = FILL_AREA_STYLE('',(#10336));
#10336 = FILL_AREA_STYLE_COLOUR('',#8755);
#10337 = OVER_RIDING_STYLED_ITEM('overriding color',(#10338),#7442,#8748
  );
#10338 = PRESENTATION_STYLE_ASSIGNMENT((#10339));
#10339 = SURFACE_STYLE_USAGE(.BOTH.,#10340);
#10340 = SURFACE_SIDE_STYLE('',(#10341));
#10341 = SURFACE_STYLE_FILL_AREA(#10342);
#10342 = FILL_AREA_STYLE('',(#10343));
#10343 = FILL_AREA_STYLE_COLOUR('',#8755);
#10344 = OVER_RIDING_STYLED_ITEM('overriding color',(#10345),#7458,#8748
  );
#10345 = PRESENTATION_STYLE_ASSIGNMENT((#10346));
#10346 = SURFACE_STYLE_USAGE(.BOTH.,#10347);
#10347 = SURFACE_SIDE_STYLE('',(#10348));
#10348 = SURFACE_STYLE_FILL_AREA(#10349);
#10349 = FILL_AREA_STYLE('',(#10350));
#10350 = FILL_AREA_STYLE_COLOUR('',#8755);
#10351 = OVER_RIDING_STYLED_ITEM('overriding color',(#10352),#7474,#8748
  );
#10352 = PRESENTATION_STYLE_ASSIGNMENT((#10353));
#10353 = SURFACE_STYLE_USAGE(.BOTH.,#10354);
#10354 = SURFACE_SIDE_STYLE('',(#10355));
#10355 = SURFACE_STYLE_FILL_AREA(#10356);
#10356 = FILL_AREA_STYLE('',(#10357));
#10357 = FILL_AREA_STYLE_COLOUR('',#8755);
#10358 = OVER_RIDING_STYLED_ITEM('overriding color',(#10359),#7490,#8748
  );
#10359 = PRESENTATION_STYLE_ASSIGNMENT((#10360));
#10360 = SURFACE_STYLE_USAGE(.BOTH.,#10361);
#10361 = SURFACE_SIDE_STYLE('',(#10362));
#10362 = SURFACE_STYLE_FILL_AREA(#10363);
#10363 = FILL_AREA_STYLE('',(#10364));
#10364 = FILL_AREA_STYLE_COLOUR('',#8755);
#10365 = OVER_RIDING_STYLED_ITEM('overriding color',(#10366),#7506,#8748
  );
#10366 = PRESENTATION_STYLE_ASSIGNMENT((#10367));
#10367 = SURFACE_STYLE_USAGE(.BOTH.,#10368);
#10368 = SURFACE_SIDE_STYLE('',(#10369));
#10369 = SURFACE_STYLE_FILL_AREA(#10370);
#10370 = FILL_AREA_STYLE('',(#10371));
#10371 = FILL_AREA_STYLE_COLOUR('',#8755);
#10372 = OVER_RIDING_STYLED_ITEM('overriding color',(#10373),#7522,#8748
  );
#10373 = PRESENTATION_STYLE_ASSIGNMENT((#10374));
#10374 = SURFACE_STYLE_USAGE(.BOTH.,#10375);
#10375 = SURFACE_SIDE_STYLE('',(#10376));
#10376 = SURFACE_STYLE_FILL_AREA(#10377);
#10377 = FILL_AREA_STYLE('',(#10378));
#10378 = FILL_AREA_STYLE_COLOUR('',#8755);
#10379 = OVER_RIDING_STYLED_ITEM('overriding color',(#10380),#7538,#8748
  );
#10380 = PRESENTATION_STYLE_ASSIGNMENT((#10381));
#10381 = SURFACE_STYLE_USAGE(.BOTH.,#10382);
#10382 = SURFACE_SIDE_STYLE('',(#10383));
#10383 = SURFACE_STYLE_FILL_AREA(#10384);
#10384 = FILL_AREA_STYLE('',(#10385));
#10385 = FILL_AREA_STYLE_COLOUR('',#8755);
#10386 = OVER_RIDING_STYLED_ITEM('overriding color',(#10387),#7550,#8748
  );
#10387 = PRESENTATION_STYLE_ASSIGNMENT((#10388));
#10388 = SURFACE_STYLE_USAGE(.BOTH.,#10389);
#10389 = SURFACE_SIDE_STYLE('',(#10390));
#10390 = SURFACE_STYLE_FILL_AREA(#10391);
#10391 = FILL_AREA_STYLE('',(#10392));
#10392 = FILL_AREA_STYLE_COLOUR('',#8755);
#10393 = OVER_RIDING_STYLED_ITEM('overriding color',(#10394),#7578,#8748
  );
#10394 = PRESENTATION_STYLE_ASSIGNMENT((#10395));
#10395 = SURFACE_STYLE_USAGE(.BOTH.,#10396);
#10396 = SURFACE_SIDE_STYLE('',(#10397));
#10397 = SURFACE_STYLE_FILL_AREA(#10398);
#10398 = FILL_AREA_STYLE('',(#10399));
#10399 = FILL_AREA_STYLE_COLOUR('',#8755);
#10400 = OVER_RIDING_STYLED_ITEM('overriding color',(#10401),#7600,#8748
  );
#10401 = PRESENTATION_STYLE_ASSIGNMENT((#10402));
#10402 = SURFACE_STYLE_USAGE(.BOTH.,#10403);
#10403 = SURFACE_SIDE_STYLE('',(#10404));
#10404 = SURFACE_STYLE_FILL_AREA(#10405);
#10405 = FILL_AREA_STYLE('',(#10406));
#10406 = FILL_AREA_STYLE_COLOUR('',#8755);
#10407 = OVER_RIDING_STYLED_ITEM('overriding color',(#10408),#7628,#8748
  );
#10408 = PRESENTATION_STYLE_ASSIGNMENT((#10409));
#10409 = SURFACE_STYLE_USAGE(.BOTH.,#10410);
#10410 = SURFACE_SIDE_STYLE('',(#10411));
#10411 = SURFACE_STYLE_FILL_AREA(#10412);
#10412 = FILL_AREA_STYLE('',(#10413));
#10413 = FILL_AREA_STYLE_COLOUR('',#8755);
#10414 = OVER_RIDING_STYLED_ITEM('overriding color',(#10415),#7650,#8748
  );
#10415 = PRESENTATION_STYLE_ASSIGNMENT((#10416));
#10416 = SURFACE_STYLE_USAGE(.BOTH.,#10417);
#10417 = SURFACE_SIDE_STYLE('',(#10418));
#10418 = SURFACE_STYLE_FILL_AREA(#10419);
#10419 = FILL_AREA_STYLE('',(#10420));
#10420 = FILL_AREA_STYLE_COLOUR('',#8755);
#10421 = OVER_RIDING_STYLED_ITEM('overriding color',(#10422),#7678,#8748
  );
#10422 = PRESENTATION_STYLE_ASSIGNMENT((#10423));
#10423 = SURFACE_STYLE_USAGE(.BOTH.,#10424);
#10424 = SURFACE_SIDE_STYLE('',(#10425));
#10425 = SURFACE_STYLE_FILL_AREA(#10426);
#10426 = FILL_AREA_STYLE('',(#10427));
#10427 = FILL_AREA_STYLE_COLOUR('',#8755);
#10428 = OVER_RIDING_STYLED_ITEM('overriding color',(#10429),#7694,#8748
  );
#10429 = PRESENTATION_STYLE_ASSIGNMENT((#10430));
#10430 = SURFACE_STYLE_USAGE(.BOTH.,#10431);
#10431 = SURFACE_SIDE_STYLE('',(#10432));
#10432 = SURFACE_STYLE_FILL_AREA(#10433);
#10433 = FILL_AREA_STYLE('',(#10434));
#10434 = FILL_AREA_STYLE_COLOUR('',#8836);
#10435 = OVER_RIDING_STYLED_ITEM('overriding color',(#10436),#7708,#8748
  );
#10436 = PRESENTATION_STYLE_ASSIGNMENT((#10437));
#10437 = SURFACE_STYLE_USAGE(.BOTH.,#10438);
#10438 = SURFACE_SIDE_STYLE('',(#10439));
#10439 = SURFACE_STYLE_FILL_AREA(#10440);
#10440 = FILL_AREA_STYLE('',(#10441));
#10441 = FILL_AREA_STYLE_COLOUR('',#8755);
#10442 = OVER_RIDING_STYLED_ITEM('overriding color',(#10443),#8028,#8748
  );
#10443 = PRESENTATION_STYLE_ASSIGNMENT((#10444));
#10444 = SURFACE_STYLE_USAGE(.BOTH.,#10445);
#10445 = SURFACE_SIDE_STYLE('',(#10446));
#10446 = SURFACE_STYLE_FILL_AREA(#10447);
#10447 = FILL_AREA_STYLE('',(#10448));
#10448 = FILL_AREA_STYLE_COLOUR('',#8755);
#10449 = OVER_RIDING_STYLED_ITEM('overriding color',(#10450),#8052,#8748
  );
#10450 = PRESENTATION_STYLE_ASSIGNMENT((#10451));
#10451 = SURFACE_STYLE_USAGE(.BOTH.,#10452);
#10452 = SURFACE_SIDE_STYLE('',(#10453));
#10453 = SURFACE_STYLE_FILL_AREA(#10454);
#10454 = FILL_AREA_STYLE('',(#10455));
#10455 = FILL_AREA_STYLE_COLOUR('',#8755);
#10456 = OVER_RIDING_STYLED_ITEM('overriding color',(#10457),#8072,#8748
  );
#10457 = PRESENTATION_STYLE_ASSIGNMENT((#10458));
#10458 = SURFACE_STYLE_USAGE(.BOTH.,#10459);
#10459 = SURFACE_SIDE_STYLE('',(#10460));
#10460 = SURFACE_STYLE_FILL_AREA(#10461);
#10461 = FILL_AREA_STYLE('',(#10462));
#10462 = FILL_AREA_STYLE_COLOUR('',#8755);
#10463 = OVER_RIDING_STYLED_ITEM('overriding color',(#10464),#8092,#8748
  );
#10464 = PRESENTATION_STYLE_ASSIGNMENT((#10465));
#10465 = SURFACE_STYLE_USAGE(.BOTH.,#10466);
#10466 = SURFACE_SIDE_STYLE('',(#10467));
#10467 = SURFACE_STYLE_FILL_AREA(#10468);
#10468 = FILL_AREA_STYLE('',(#10469));
#10469 = FILL_AREA_STYLE_COLOUR('',#8755);
#10470 = OVER_RIDING_STYLED_ITEM('overriding color',(#10471),#8112,#8748
  );
#10471 = PRESENTATION_STYLE_ASSIGNMENT((#10472));
#10472 = SURFACE_STYLE_USAGE(.BOTH.,#10473);
#10473 = SURFACE_SIDE_STYLE('',(#10474));
#10474 = SURFACE_STYLE_FILL_AREA(#10475);
#10475 = FILL_AREA_STYLE('',(#10476));
#10476 = FILL_AREA_STYLE_COLOUR('',#8755);
#10477 = OVER_RIDING_STYLED_ITEM('overriding color',(#10478),#8132,#8748
  );
#10478 = PRESENTATION_STYLE_ASSIGNMENT((#10479));
#10479 = SURFACE_STYLE_USAGE(.BOTH.,#10480);
#10480 = SURFACE_SIDE_STYLE('',(#10481));
#10481 = SURFACE_STYLE_FILL_AREA(#10482);
#10482 = FILL_AREA_STYLE('',(#10483));
#10483 = FILL_AREA_STYLE_COLOUR('',#8755);
#10484 = OVER_RIDING_STYLED_ITEM('overriding color',(#10485),#8152,#8748
  );
#10485 = PRESENTATION_STYLE_ASSIGNMENT((#10486));
#10486 = SURFACE_STYLE_USAGE(.BOTH.,#10487);
#10487 = SURFACE_SIDE_STYLE('',(#10488));
#10488 = SURFACE_STYLE_FILL_AREA(#10489);
#10489 = FILL_AREA_STYLE('',(#10490));
#10490 = FILL_AREA_STYLE_COLOUR('',#8755);
#10491 = OVER_RIDING_STYLED_ITEM('overriding color',(#10492),#8172,#8748
  );
#10492 = PRESENTATION_STYLE_ASSIGNMENT((#10493));
#10493 = SURFACE_STYLE_USAGE(.BOTH.,#10494);
#10494 = SURFACE_SIDE_STYLE('',(#10495));
#10495 = SURFACE_STYLE_FILL_AREA(#10496);
#10496 = FILL_AREA_STYLE('',(#10497));
#10497 = FILL_AREA_STYLE_COLOUR('',#8755);
#10498 = OVER_RIDING_STYLED_ITEM('overriding color',(#10499),#8192,#8748
  );
#10499 = PRESENTATION_STYLE_ASSIGNMENT((#10500));
#10500 = SURFACE_STYLE_USAGE(.BOTH.,#10501);
#10501 = SURFACE_SIDE_STYLE('',(#10502));
#10502 = SURFACE_STYLE_FILL_AREA(#10503);
#10503 = FILL_AREA_STYLE('',(#10504));
#10504 = FILL_AREA_STYLE_COLOUR('',#8755);
#10505 = OVER_RIDING_STYLED_ITEM('overriding color',(#10506),#8212,#8748
  );
#10506 = PRESENTATION_STYLE_ASSIGNMENT((#10507));
#10507 = SURFACE_STYLE_USAGE(.BOTH.,#10508);
#10508 = SURFACE_SIDE_STYLE('',(#10509));
#10509 = SURFACE_STYLE_FILL_AREA(#10510);
#10510 = FILL_AREA_STYLE('',(#10511));
#10511 = FILL_AREA_STYLE_COLOUR('',#8755);
#10512 = OVER_RIDING_STYLED_ITEM('overriding color',(#10513),#8232,#8748
  );
#10513 = PRESENTATION_STYLE_ASSIGNMENT((#10514));
#10514 = SURFACE_STYLE_USAGE(.BOTH.,#10515);
#10515 = SURFACE_SIDE_STYLE('',(#10516));
#10516 = SURFACE_STYLE_FILL_AREA(#10517);
#10517 = FILL_AREA_STYLE('',(#10518));
#10518 = FILL_AREA_STYLE_COLOUR('',#8755);
#10519 = OVER_RIDING_STYLED_ITEM('overriding color',(#10520),#8252,#8748
  );
#10520 = PRESENTATION_STYLE_ASSIGNMENT((#10521));
#10521 = SURFACE_STYLE_USAGE(.BOTH.,#10522);
#10522 = SURFACE_SIDE_STYLE('',(#10523));
#10523 = SURFACE_STYLE_FILL_AREA(#10524);
#10524 = FILL_AREA_STYLE('',(#10525));
#10525 = FILL_AREA_STYLE_COLOUR('',#8755);
#10526 = OVER_RIDING_STYLED_ITEM('overriding color',(#10527),#8272,#8748
  );
#10527 = PRESENTATION_STYLE_ASSIGNMENT((#10528));
#10528 = SURFACE_STYLE_USAGE(.BOTH.,#10529);
#10529 = SURFACE_SIDE_STYLE('',(#10530));
#10530 = SURFACE_STYLE_FILL_AREA(#10531);
#10531 = FILL_AREA_STYLE('',(#10532));
#10532 = FILL_AREA_STYLE_COLOUR('',#8755);
#10533 = OVER_RIDING_STYLED_ITEM('overriding color',(#10534),#8288,#8748
  );
#10534 = PRESENTATION_STYLE_ASSIGNMENT((#10535));
#10535 = SURFACE_STYLE_USAGE(.BOTH.,#10536);
#10536 = SURFACE_SIDE_STYLE('',(#10537));
#10537 = SURFACE_STYLE_FILL_AREA(#10538);
#10538 = FILL_AREA_STYLE('',(#10539));
#10539 = FILL_AREA_STYLE_COLOUR('',#8755);
#10540 = OVER_RIDING_STYLED_ITEM('overriding color',(#10541),#8304,#8748
  );
#10541 = PRESENTATION_STYLE_ASSIGNMENT((#10542));
#10542 = SURFACE_STYLE_USAGE(.BOTH.,#10543);
#10543 = SURFACE_SIDE_STYLE('',(#10544));
#10544 = SURFACE_STYLE_FILL_AREA(#10545);
#10545 = FILL_AREA_STYLE('',(#10546));
#10546 = FILL_AREA_STYLE_COLOUR('',#8755);
#10547 = OVER_RIDING_STYLED_ITEM('overriding color',(#10548),#8320,#8748
  );
#10548 = PRESENTATION_STYLE_ASSIGNMENT((#10549));
#10549 = SURFACE_STYLE_USAGE(.BOTH.,#10550);
#10550 = SURFACE_SIDE_STYLE('',(#10551));
#10551 = SURFACE_STYLE_FILL_AREA(#10552);
#10552 = FILL_AREA_STYLE('',(#10553));
#10553 = FILL_AREA_STYLE_COLOUR('',#8755);
#10554 = OVER_RIDING_STYLED_ITEM('overriding color',(#10555),#8336,#8748
  );
#10555 = PRESENTATION_STYLE_ASSIGNMENT((#10556));
#10556 = SURFACE_STYLE_USAGE(.BOTH.,#10557);
#10557 = SURFACE_SIDE_STYLE('',(#10558));
#10558 = SURFACE_STYLE_FILL_AREA(#10559);
#10559 = FILL_AREA_STYLE('',(#10560));
#10560 = FILL_AREA_STYLE_COLOUR('',#8755);
#10561 = OVER_RIDING_STYLED_ITEM('overriding color',(#10562),#8356,#8748
  );
#10562 = PRESENTATION_STYLE_ASSIGNMENT((#10563));
#10563 = SURFACE_STYLE_USAGE(.BOTH.,#10564);
#10564 = SURFACE_SIDE_STYLE('',(#10565));
#10565 = SURFACE_STYLE_FILL_AREA(#10566);
#10566 = FILL_AREA_STYLE('',(#10567));
#10567 = FILL_AREA_STYLE_COLOUR('',#8755);
#10568 = OVER_RIDING_STYLED_ITEM('overriding color',(#10569),#8376,#8748
  );
#10569 = PRESENTATION_STYLE_ASSIGNMENT((#10570));
#10570 = SURFACE_STYLE_USAGE(.BOTH.,#10571);
#10571 = SURFACE_SIDE_STYLE('',(#10572));
#10572 = SURFACE_STYLE_FILL_AREA(#10573);
#10573 = FILL_AREA_STYLE('',(#10574));
#10574 = FILL_AREA_STYLE_COLOUR('',#8755);
#10575 = OVER_RIDING_STYLED_ITEM('overriding color',(#10576),#8396,#8748
  );
#10576 = PRESENTATION_STYLE_ASSIGNMENT((#10577));
#10577 = SURFACE_STYLE_USAGE(.BOTH.,#10578);
#10578 = SURFACE_SIDE_STYLE('',(#10579));
#10579 = SURFACE_STYLE_FILL_AREA(#10580);
#10580 = FILL_AREA_STYLE('',(#10581));
#10581 = FILL_AREA_STYLE_COLOUR('',#8755);
#10582 = OVER_RIDING_STYLED_ITEM('overriding color',(#10583),#8416,#8748
  );
#10583 = PRESENTATION_STYLE_ASSIGNMENT((#10584));
#10584 = SURFACE_STYLE_USAGE(.BOTH.,#10585);
#10585 = SURFACE_SIDE_STYLE('',(#10586));
#10586 = SURFACE_STYLE_FILL_AREA(#10587);
#10587 = FILL_AREA_STYLE('',(#10588));
#10588 = FILL_AREA_STYLE_COLOUR('',#8755);
#10589 = OVER_RIDING_STYLED_ITEM('overriding color',(#10590),#8436,#8748
  );
#10590 = PRESENTATION_STYLE_ASSIGNMENT((#10591));
#10591 = SURFACE_STYLE_USAGE(.BOTH.,#10592);
#10592 = SURFACE_SIDE_STYLE('',(#10593));
#10593 = SURFACE_STYLE_FILL_AREA(#10594);
#10594 = FILL_AREA_STYLE('',(#10595));
#10595 = FILL_AREA_STYLE_COLOUR('',#8755);
#10596 = OVER_RIDING_STYLED_ITEM('overriding color',(#10597),#8456,#8748
  );
#10597 = PRESENTATION_STYLE_ASSIGNMENT((#10598));
#10598 = SURFACE_STYLE_USAGE(.BOTH.,#10599);
#10599 = SURFACE_SIDE_STYLE('',(#10600));
#10600 = SURFACE_STYLE_FILL_AREA(#10601);
#10601 = FILL_AREA_STYLE('',(#10602));
#10602 = FILL_AREA_STYLE_COLOUR('',#8755);
#10603 = OVER_RIDING_STYLED_ITEM('overriding color',(#10604),#8476,#8748
  );
#10604 = PRESENTATION_STYLE_ASSIGNMENT((#10605));
#10605 = SURFACE_STYLE_USAGE(.BOTH.,#10606);
#10606 = SURFACE_SIDE_STYLE('',(#10607));
#10607 = SURFACE_STYLE_FILL_AREA(#10608);
#10608 = FILL_AREA_STYLE('',(#10609));
#10609 = FILL_AREA_STYLE_COLOUR('',#8755);
#10610 = OVER_RIDING_STYLED_ITEM('overriding color',(#10611),#8492,#8748
  );
#10611 = PRESENTATION_STYLE_ASSIGNMENT((#10612));
#10612 = SURFACE_STYLE_USAGE(.BOTH.,#10613);
#10613 = SURFACE_SIDE_STYLE('',(#10614));
#10614 = SURFACE_STYLE_FILL_AREA(#10615);
#10615 = FILL_AREA_STYLE('',(#10616));
#10616 = FILL_AREA_STYLE_COLOUR('',#8755);
#10617 = OVER_RIDING_STYLED_ITEM('overriding color',(#10618),#8512,#8748
  );
#10618 = PRESENTATION_STYLE_ASSIGNMENT((#10619));
#10619 = SURFACE_STYLE_USAGE(.BOTH.,#10620);
#10620 = SURFACE_SIDE_STYLE('',(#10621));
#10621 = SURFACE_STYLE_FILL_AREA(#10622);
#10622 = FILL_AREA_STYLE('',(#10623));
#10623 = FILL_AREA_STYLE_COLOUR('',#8755);
#10624 = OVER_RIDING_STYLED_ITEM('overriding color',(#10625),#8532,#8748
  );
#10625 = PRESENTATION_STYLE_ASSIGNMENT((#10626));
#10626 = SURFACE_STYLE_USAGE(.BOTH.,#10627);
#10627 = SURFACE_SIDE_STYLE('',(#10628));
#10628 = SURFACE_STYLE_FILL_AREA(#10629);
#10629 = FILL_AREA_STYLE('',(#10630));
#10630 = FILL_AREA_STYLE_COLOUR('',#8755);
#10631 = OVER_RIDING_STYLED_ITEM('overriding color',(#10632),#8548,#8748
  );
#10632 = PRESENTATION_STYLE_ASSIGNMENT((#10633));
#10633 = SURFACE_STYLE_USAGE(.BOTH.,#10634);
#10634 = SURFACE_SIDE_STYLE('',(#10635));
#10635 = SURFACE_STYLE_FILL_AREA(#10636);
#10636 = FILL_AREA_STYLE('',(#10637));
#10637 = FILL_AREA_STYLE_COLOUR('',#8755);
#10638 = OVER_RIDING_STYLED_ITEM('overriding color',(#10639),#8568,#8748
  );
#10639 = PRESENTATION_STYLE_ASSIGNMENT((#10640));
#10640 = SURFACE_STYLE_USAGE(.BOTH.,#10641);
#10641 = SURFACE_SIDE_STYLE('',(#10642));
#10642 = SURFACE_STYLE_FILL_AREA(#10643);
#10643 = FILL_AREA_STYLE('',(#10644));
#10644 = FILL_AREA_STYLE_COLOUR('',#8755);
#10645 = OVER_RIDING_STYLED_ITEM('overriding color',(#10646),#8588,#8748
  );
#10646 = PRESENTATION_STYLE_ASSIGNMENT((#10647));
#10647 = SURFACE_STYLE_USAGE(.BOTH.,#10648);
#10648 = SURFACE_SIDE_STYLE('',(#10649));
#10649 = SURFACE_STYLE_FILL_AREA(#10650);
#10650 = FILL_AREA_STYLE('',(#10651));
#10651 = FILL_AREA_STYLE_COLOUR('',#8755);
#10652 = OVER_RIDING_STYLED_ITEM('overriding color',(#10653),#8608,#8748
  );
#10653 = PRESENTATION_STYLE_ASSIGNMENT((#10654));
#10654 = SURFACE_STYLE_USAGE(.BOTH.,#10655);
#10655 = SURFACE_SIDE_STYLE('',(#10656));
#10656 = SURFACE_STYLE_FILL_AREA(#10657);
#10657 = FILL_AREA_STYLE('',(#10658));
#10658 = FILL_AREA_STYLE_COLOUR('',#8755);
#10659 = OVER_RIDING_STYLED_ITEM('overriding color',(#10660),#8624,#8748
  );
#10660 = PRESENTATION_STYLE_ASSIGNMENT((#10661));
#10661 = SURFACE_STYLE_USAGE(.BOTH.,#10662);
#10662 = SURFACE_SIDE_STYLE('',(#10663));
#10663 = SURFACE_STYLE_FILL_AREA(#10664);
#10664 = FILL_AREA_STYLE('',(#10665));
#10665 = FILL_AREA_STYLE_COLOUR('',#8755);
#10666 = OVER_RIDING_STYLED_ITEM('overriding color',(#10667),#8644,#8748
  );
#10667 = PRESENTATION_STYLE_ASSIGNMENT((#10668));
#10668 = SURFACE_STYLE_USAGE(.BOTH.,#10669);
#10669 = SURFACE_SIDE_STYLE('',(#10670));
#10670 = SURFACE_STYLE_FILL_AREA(#10671);
#10671 = FILL_AREA_STYLE('',(#10672));
#10672 = FILL_AREA_STYLE_COLOUR('',#8755);
#10673 = OVER_RIDING_STYLED_ITEM('overriding color',(#10674),#8660,#8748
  );
#10674 = PRESENTATION_STYLE_ASSIGNMENT((#10675));
#10675 = SURFACE_STYLE_USAGE(.BOTH.,#10676);
#10676 = SURFACE_SIDE_STYLE('',(#10677));
#10677 = SURFACE_STYLE_FILL_AREA(#10678);
#10678 = FILL_AREA_STYLE('',(#10679));
#10679 = FILL_AREA_STYLE_COLOUR('',#8755);
#10680 = OVER_RIDING_STYLED_ITEM('overriding color',(#10681),#8703,#8748
  );
#10681 = PRESENTATION_STYLE_ASSIGNMENT((#10682));
#10682 = SURFACE_STYLE_USAGE(.BOTH.,#10683);
#10683 = SURFACE_SIDE_STYLE('',(#10684));
#10684 = SURFACE_STYLE_FILL_AREA(#10685);
#10685 = FILL_AREA_STYLE('',(#10686));
#10686 = FILL_AREA_STYLE_COLOUR('',#8755);
#10687 = OVER_RIDING_STYLED_ITEM('overriding color',(#10688),#8731,#8748
  );
#10688 = PRESENTATION_STYLE_ASSIGNMENT((#10689));
#10689 = SURFACE_STYLE_USAGE(.BOTH.,#10690);
#10690 = SURFACE_SIDE_STYLE('',(#10691));
#10691 = SURFACE_STYLE_FILL_AREA(#10692);
#10692 = FILL_AREA_STYLE('',(#10693));
#10693 = FILL_AREA_STYLE_COLOUR('',#8836);
ENDSEC;
END-ISO-10303-21;
