ISO-10303-21;
HEADER;
FILE_DESCRIPTION(('Open CASCADE Model'),'2;1');
FILE_NAME('Open CASCADE Shape Model','2026-03-04T22:58:38',('Author'),(
    'Open CASCADE'),'Open CASCADE STEP processor 7.9','Open CASCADE 7.9'
  ,'Unknown');
FILE_SCHEMA(('AUTOMOTIVE_DESIGN { 1 0 10303 214 1 1 1 1 }'));
ENDSEC;
DATA;
#1 = APPLICATION_PROTOCOL_DEFINITION('international standard',
  'automotive_design',2000,#2);
#2 = APPLICATION_CONTEXT(
  'core data for automotive mechanical design processes');
#3 = SHAPE_DEFINITION_REPRESENTATION(#4,#10);
#4 = PRODUCT_DEFINITION_SHAPE('','',#5);
#5 = PRODUCT_DEFINITION('design','',#6,#9);
#6 = PRODUCT_DEFINITION_FORMATION('','',#7);
#7 = PRODUCT('COMPOUND','COMPOUND','',(#8));
#8 = PRODUCT_CONTEXT('',#2,'mechanical');
#9 = PRODUCT_DEFINITION_CONTEXT('part definition',#2,'design');
#10 = SHAPE_REPRESENTATION('',(#11,#15,#393,#531,#909),#8199);
#11 = AXIS2_PLACEMENT_3D('',#12,#13,#14);
#12 = CARTESIAN_POINT('',(0.,0.,0.));
#13 = DIRECTION('',(0.,0.,1.));
#14 = DIRECTION('',(1.,0.,-0.));
#15 = MANIFOLD_SOLID_BREP('',#16);
#16 = CLOSED_SHELL('',(#17,#53,#81,#137,#165,#221,#249,#277,#297,#317,
    #337,#353,#365,#381));
#17 = ADVANCED_FACE('',(#18),#48,.T.);
#18 = FACE_BOUND('',#19,.T.);
#19 = EDGE_LOOP('',(#20,#29,#36,#43));
#20 = ORIENTED_EDGE('',*,*,#21,.T.);
#21 = EDGE_CURVE('',#22,#24,#26,.T.);
#22 = VERTEX_POINT('',#23);
#23 = CARTESIAN_POINT('',(-0.395,0.8,1.00001E-02));
#24 = VERTEX_POINT('',#25);
#25 = CARTESIAN_POINT('',(-0.395,0.55,1.00001E-02));
#26 = B_SPLINE_CURVE_WITH_KNOTS('',1,(#27,#28),.UNSPECIFIED.,.F.,.F.,(2,
    2),(0.,0.25),.PIECEWISE_BEZIER_KNOTS.);
#27 = CARTESIAN_POINT('',(-0.395,0.8,1.00001E-02));
#28 = CARTESIAN_POINT('',(-0.395,0.55,1.00001E-02));
#29 = ORIENTED_EDGE('',*,*,#30,.F.);
#30 = EDGE_CURVE('',#31,#24,#33,.T.);
#31 = VERTEX_POINT('',#32);
#32 = CARTESIAN_POINT('',(0.405,0.55,1.00001E-02));
#33 = B_SPLINE_CURVE_WITH_KNOTS('',1,(#34,#35),.UNSPECIFIED.,.F.,.F.,(2,
    2),(0.,0.8),.PIECEWISE_BEZIER_KNOTS.);
#34 = CARTESIAN_POINT('',(0.405,0.55,1.00001E-02));
#35 = CARTESIAN_POINT('',(-0.395,0.55,1.00001E-02));
#36 = ORIENTED_EDGE('',*,*,#37,.F.);
#37 = EDGE_CURVE('',#38,#31,#40,.T.);
#38 = VERTEX_POINT('',#39);
#39 = CARTESIAN_POINT('',(0.405,0.8,1.00001E-02));
#40 = B_SPLINE_CURVE_WITH_KNOTS('',1,(#41,#42),.UNSPECIFIED.,.F.,.F.,(2,
    2),(0.,0.25),.PIECEWISE_BEZIER_KNOTS.);
#41 = CARTESIAN_POINT('',(0.405,0.8,1.00001E-02));
#42 = CARTESIAN_POINT('',(0.405,0.55,1.00001E-02));
#43 = ORIENTED_EDGE('',*,*,#44,.T.);
#44 = EDGE_CURVE('',#38,#22,#45,.T.);
#45 = B_SPLINE_CURVE_WITH_KNOTS('',1,(#46,#47),.UNSPECIFIED.,.F.,.F.,(2,
    2),(0.,0.8),.PIECEWISE_BEZIER_KNOTS.);
#46 = CARTESIAN_POINT('',(0.405,0.8,1.00001E-02));
#47 = CARTESIAN_POINT('',(-0.395,0.8,1.00001E-02));
#48 = B_SPLINE_SURFACE_WITH_KNOTS('',1,1,(
    (#49,#50)
    ,(#51,#52)),.UNSPECIFIED.,.F.,.F.,.F.,(2,2),(2,2),(-0.8,0.),(-0.25,
    1.355252715607E-16),.PIECEWISE_BEZIER_KNOTS.);
#49 = CARTESIAN_POINT('',(-0.395,0.55,1.00001E-02));
#50 = CARTESIAN_POINT('',(-0.395,0.8,1.00001E-02));
#51 = CARTESIAN_POINT('',(0.405,0.55,1.00001E-02));
#52 = CARTESIAN_POINT('',(0.405,0.8,1.00001E-02));
#53 = ADVANCED_FACE('',(#54),#76,.T.);
#54 = FACE_BOUND('',#55,.T.);
#55 = EDGE_LOOP('',(#56,#63,#64,#71));
#56 = ORIENTED_EDGE('',*,*,#57,.T.);
#57 = EDGE_CURVE('',#58,#22,#60,.T.);
#58 = VERTEX_POINT('',#59);
#59 = CARTESIAN_POINT('',(-0.395,0.8,0.4400001));
#60 = B_SPLINE_CURVE_WITH_KNOTS('',1,(#61,#62),.UNSPECIFIED.,.F.,.F.,(2,
    2),(0.,0.43),.PIECEWISE_BEZIER_KNOTS.);
#61 = CARTESIAN_POINT('',(-0.395,0.8,0.4400001));
#62 = CARTESIAN_POINT('',(-0.395,0.8,1.00001E-02));
#63 = ORIENTED_EDGE('',*,*,#44,.F.);
#64 = ORIENTED_EDGE('',*,*,#65,.F.);
#65 = EDGE_CURVE('',#66,#38,#68,.T.);
#66 = VERTEX_POINT('',#67);
#67 = CARTESIAN_POINT('',(0.405,0.8,0.4400001));
#68 = B_SPLINE_CURVE_WITH_KNOTS('',1,(#69,#70),.UNSPECIFIED.,.F.,.F.,(2,
    2),(0.,0.43),.PIECEWISE_BEZIER_KNOTS.);
#69 = CARTESIAN_POINT('',(0.405,0.8,0.4400001));
#70 = CARTESIAN_POINT('',(0.405,0.8,1.00001E-02));
#71 = ORIENTED_EDGE('',*,*,#72,.T.);
#72 = EDGE_CURVE('',#66,#58,#73,.T.);
#73 = B_SPLINE_CURVE_WITH_KNOTS('',1,(#74,#75),.UNSPECIFIED.,.F.,.F.,(2,
    2),(0.,0.8),.PIECEWISE_BEZIER_KNOTS.);
#74 = CARTESIAN_POINT('',(0.405,0.8,0.4400001));
#75 = CARTESIAN_POINT('',(-0.395,0.8,0.4400001));
#76 = B_SPLINE_SURFACE_WITH_KNOTS('',1,1,(
    (#77,#78)
    ,(#79,#80
  )),.UNSPECIFIED.,.F.,.F.,.F.,(2,2),(2,2),(0.,0.8),(0.,0.43),
  .PIECEWISE_BEZIER_KNOTS.);
#77 = CARTESIAN_POINT('',(0.405,0.8,0.4400001));
#78 = CARTESIAN_POINT('',(0.405,0.8,1.00001E-02));
#79 = CARTESIAN_POINT('',(-0.395,0.8,0.4400001));
#80 = CARTESIAN_POINT('',(-0.395,0.8,1.00001E-02));
#81 = ADVANCED_FACE('',(#82),#132,.T.);
#82 = FACE_BOUND('',#83,.T.);
#83 = EDGE_LOOP('',(#84,#93,#100,#107,#114,#121,#126,#127));
#84 = ORIENTED_EDGE('',*,*,#85,.F.);
#85 = EDGE_CURVE('',#86,#88,#90,.T.);
#86 = VERTEX_POINT('',#87);
#87 = CARTESIAN_POINT('',(0.105,0.65,0.4400001));
#88 = VERTEX_POINT('',#89);
#89 = CARTESIAN_POINT('',(0.405,0.65,0.4400001));
#90 = B_SPLINE_CURVE_WITH_KNOTS('',1,(#91,#92),.UNSPECIFIED.,.F.,.F.,(2,
    2),(-0.3,0.),.PIECEWISE_BEZIER_KNOTS.);
#91 = CARTESIAN_POINT('',(0.105,0.65,0.4400001));
#92 = CARTESIAN_POINT('',(0.405,0.65,0.4400001));
#93 = ORIENTED_EDGE('',*,*,#94,.F.);
#94 = EDGE_CURVE('',#95,#86,#97,.T.);
#95 = VERTEX_POINT('',#96);
#96 = CARTESIAN_POINT('',(0.105,0.55,0.4400001));
#97 = B_SPLINE_CURVE_WITH_KNOTS('',1,(#98,#99),.UNSPECIFIED.,.F.,.F.,(2,
    2),(0.,0.1),.PIECEWISE_BEZIER_KNOTS.);
#98 = CARTESIAN_POINT('',(0.105,0.55,0.4400001));
#99 = CARTESIAN_POINT('',(0.105,0.65,0.4400001));
#100 = ORIENTED_EDGE('',*,*,#101,.T.);
#101 = EDGE_CURVE('',#95,#102,#104,.T.);
#102 = VERTEX_POINT('',#103);
#103 = CARTESIAN_POINT('',(-9.5E-02,0.55,0.4400001));
#104 = B_SPLINE_CURVE_WITH_KNOTS('',1,(#105,#106),.UNSPECIFIED.,.F.,.F.,
  (2,2),(0.3,0.5),.PIECEWISE_BEZIER_KNOTS.);
#105 = CARTESIAN_POINT('',(0.105,0.55,0.4400001));
#106 = CARTESIAN_POINT('',(-9.5E-02,0.55,0.4400001));
#107 = ORIENTED_EDGE('',*,*,#108,.F.);
#108 = EDGE_CURVE('',#109,#102,#111,.T.);
#109 = VERTEX_POINT('',#110);
#110 = CARTESIAN_POINT('',(-9.5E-02,0.65,0.4400001));
#111 = B_SPLINE_CURVE_WITH_KNOTS('',1,(#112,#113),.UNSPECIFIED.,.F.,.F.,
  (2,2),(-1.E-01,0.),.PIECEWISE_BEZIER_KNOTS.);
#112 = CARTESIAN_POINT('',(-9.5E-02,0.65,0.4400001));
#113 = CARTESIAN_POINT('',(-9.5E-02,0.55,0.4400001));
#114 = ORIENTED_EDGE('',*,*,#115,.F.);
#115 = EDGE_CURVE('',#116,#109,#118,.T.);
#116 = VERTEX_POINT('',#117);
#117 = CARTESIAN_POINT('',(-0.395,0.65,0.4400001));
#118 = B_SPLINE_CURVE_WITH_KNOTS('',1,(#119,#120),.UNSPECIFIED.,.F.,.F.,
  (2,2),(0.,0.3),.PIECEWISE_BEZIER_KNOTS.);
#119 = CARTESIAN_POINT('',(-0.395,0.65,0.4400001));
#120 = CARTESIAN_POINT('',(-9.5E-02,0.65,0.4400001));
#121 = ORIENTED_EDGE('',*,*,#122,.T.);
#122 = EDGE_CURVE('',#116,#58,#123,.T.);
#123 = B_SPLINE_CURVE_WITH_KNOTS('',1,(#124,#125),.UNSPECIFIED.,.F.,.F.,
  (2,2),(1.E-01,0.25),.PIECEWISE_BEZIER_KNOTS.);
#124 = CARTESIAN_POINT('',(-0.395,0.65,0.4400001));
#125 = CARTESIAN_POINT('',(-0.395,0.8,0.4400001));
#126 = ORIENTED_EDGE('',*,*,#72,.F.);
#127 = ORIENTED_EDGE('',*,*,#128,.F.);
#128 = EDGE_CURVE('',#88,#66,#129,.T.);
#129 = B_SPLINE_CURVE_WITH_KNOTS('',1,(#130,#131),.UNSPECIFIED.,.F.,.F.,
  (2,2),(0.1,0.25),.PIECEWISE_BEZIER_KNOTS.);
#130 = CARTESIAN_POINT('',(0.405,0.65,0.4400001));
#131 = CARTESIAN_POINT('',(0.405,0.8,0.4400001));
#132 = B_SPLINE_SURFACE_WITH_KNOTS('',1,1,(
    (#133,#134)
    ,(#135,#136
    )),.UNSPECIFIED.,.F.,.F.,.F.,(2,2),(2,2),(0.,0.8),(0.,0.25),
  .PIECEWISE_BEZIER_KNOTS.);
#133 = CARTESIAN_POINT('',(0.405,0.55,0.4400001));
#134 = CARTESIAN_POINT('',(0.405,0.8,0.4400001));
#135 = CARTESIAN_POINT('',(-0.395,0.55,0.4400001));
#136 = CARTESIAN_POINT('',(-0.395,0.8,0.4400001));
#137 = ADVANCED_FACE('',(#138),#160,.F.);
#138 = FACE_BOUND('',#139,.T.);
#139 = EDGE_LOOP('',(#140,#149,#154,#155));
#140 = ORIENTED_EDGE('',*,*,#141,.T.);
#141 = EDGE_CURVE('',#142,#144,#146,.T.);
#142 = VERTEX_POINT('',#143);
#143 = CARTESIAN_POINT('',(0.105,0.55,0.4500001));
#144 = VERTEX_POINT('',#145);
#145 = CARTESIAN_POINT('',(-9.5E-02,0.55,0.4500001));
#146 = B_SPLINE_CURVE_WITH_KNOTS('',1,(#147,#148),.UNSPECIFIED.,.F.,.F.,
  (2,2),(0.3,0.5),.PIECEWISE_BEZIER_KNOTS.);
#147 = CARTESIAN_POINT('',(0.105,0.55,0.4500001));
#148 = CARTESIAN_POINT('',(-9.5E-02,0.55,0.4500001));
#149 = ORIENTED_EDGE('',*,*,#150,.F.);
#150 = EDGE_CURVE('',#102,#144,#151,.T.);
#151 = B_SPLINE_CURVE_WITH_KNOTS('',1,(#152,#153),.UNSPECIFIED.,.F.,.F.,
  (2,2),(0.,1.E-02),.PIECEWISE_BEZIER_KNOTS.);
#152 = CARTESIAN_POINT('',(-9.5E-02,0.55,0.4400001));
#153 = CARTESIAN_POINT('',(-9.5E-02,0.55,0.4500001));
#154 = ORIENTED_EDGE('',*,*,#101,.F.);
#155 = ORIENTED_EDGE('',*,*,#156,.T.);
#156 = EDGE_CURVE('',#95,#142,#157,.T.);
#157 = B_SPLINE_CURVE_WITH_KNOTS('',1,(#158,#159),.UNSPECIFIED.,.F.,.F.,
  (2,2),(0.,1.E-02),.PIECEWISE_BEZIER_KNOTS.);
#158 = CARTESIAN_POINT('',(0.105,0.55,0.4400001));
#159 = CARTESIAN_POINT('',(0.105,0.55,0.4500001));
#160 = B_SPLINE_SURFACE_WITH_KNOTS('',1,1,(
    (#161,#162)
    ,(#163,#164
    )),.UNSPECIFIED.,.F.,.F.,.F.,(2,2),(2,2),(-0.5,-0.3),(-1.E-02,
    5.551115123126E-17),.PIECEWISE_BEZIER_KNOTS.);
#161 = CARTESIAN_POINT('',(-9.5E-02,0.55,0.4500001));
#162 = CARTESIAN_POINT('',(-9.5E-02,0.55,0.4400001));
#163 = CARTESIAN_POINT('',(0.105,0.55,0.4500001));
#164 = CARTESIAN_POINT('',(0.105,0.55,0.4400001));
#165 = ADVANCED_FACE('',(#166),#216,.F.);
#166 = FACE_BOUND('',#167,.T.);
#167 = EDGE_LOOP('',(#168,#177,#184,#191,#198,#203,#204,#211));
#168 = ORIENTED_EDGE('',*,*,#169,.T.);
#169 = EDGE_CURVE('',#170,#172,#174,.T.);
#170 = VERTEX_POINT('',#171);
#171 = CARTESIAN_POINT('',(0.405,0.65,0.4500001));
#172 = VERTEX_POINT('',#173);
#173 = CARTESIAN_POINT('',(0.405,0.81,0.4500001));
#174 = B_SPLINE_CURVE_WITH_KNOTS('',1,(#175,#176),.UNSPECIFIED.,.F.,.F.,
  (2,2),(0.1,0.26),.PIECEWISE_BEZIER_KNOTS.);
#175 = CARTESIAN_POINT('',(0.405,0.65,0.4500001));
#176 = CARTESIAN_POINT('',(0.405,0.81,0.4500001));
#177 = ORIENTED_EDGE('',*,*,#178,.T.);
#178 = EDGE_CURVE('',#172,#179,#181,.T.);
#179 = VERTEX_POINT('',#180);
#180 = CARTESIAN_POINT('',(-0.395,0.81,0.4500001));
#181 = B_SPLINE_CURVE_WITH_KNOTS('',1,(#182,#183),.UNSPECIFIED.,.F.,.F.,
  (2,2),(0.,0.8),.PIECEWISE_BEZIER_KNOTS.);
#182 = CARTESIAN_POINT('',(0.405,0.81,0.4500001));
#183 = CARTESIAN_POINT('',(-0.395,0.81,0.4500001));
#184 = ORIENTED_EDGE('',*,*,#185,.F.);
#185 = EDGE_CURVE('',#186,#179,#188,.T.);
#186 = VERTEX_POINT('',#187);
#187 = CARTESIAN_POINT('',(-0.395,0.65,0.4500001));
#188 = B_SPLINE_CURVE_WITH_KNOTS('',1,(#189,#190),.UNSPECIFIED.,.F.,.F.,
  (2,2),(1.E-01,0.26),.PIECEWISE_BEZIER_KNOTS.);
#189 = CARTESIAN_POINT('',(-0.395,0.65,0.4500001));
#190 = CARTESIAN_POINT('',(-0.395,0.81,0.4500001));
#191 = ORIENTED_EDGE('',*,*,#192,.T.);
#192 = EDGE_CURVE('',#186,#193,#195,.T.);
#193 = VERTEX_POINT('',#194);
#194 = CARTESIAN_POINT('',(-9.5E-02,0.65,0.4500001));
#195 = B_SPLINE_CURVE_WITH_KNOTS('',1,(#196,#197),.UNSPECIFIED.,.F.,.F.,
  (2,2),(0.,0.3),.PIECEWISE_BEZIER_KNOTS.);
#196 = CARTESIAN_POINT('',(-0.395,0.65,0.4500001));
#197 = CARTESIAN_POINT('',(-9.5E-02,0.65,0.4500001));
#198 = ORIENTED_EDGE('',*,*,#199,.T.);
#199 = EDGE_CURVE('',#193,#144,#200,.T.);
#200 = B_SPLINE_CURVE_WITH_KNOTS('',1,(#201,#202),.UNSPECIFIED.,.F.,.F.,
  (2,2),(-1.E-01,0.),.PIECEWISE_BEZIER_KNOTS.);
#201 = CARTESIAN_POINT('',(-9.5E-02,0.65,0.4500001));
#202 = CARTESIAN_POINT('',(-9.5E-02,0.55,0.4500001));
#203 = ORIENTED_EDGE('',*,*,#141,.F.);
#204 = ORIENTED_EDGE('',*,*,#205,.T.);
#205 = EDGE_CURVE('',#142,#206,#208,.T.);
#206 = VERTEX_POINT('',#207);
#207 = CARTESIAN_POINT('',(0.105,0.65,0.4500001));
#208 = B_SPLINE_CURVE_WITH_KNOTS('',1,(#209,#210),.UNSPECIFIED.,.F.,.F.,
  (2,2),(0.,0.1),.PIECEWISE_BEZIER_KNOTS.);
#209 = CARTESIAN_POINT('',(0.105,0.55,0.4500001));
#210 = CARTESIAN_POINT('',(0.105,0.65,0.4500001));
#211 = ORIENTED_EDGE('',*,*,#212,.T.);
#212 = EDGE_CURVE('',#206,#170,#213,.T.);
#213 = B_SPLINE_CURVE_WITH_KNOTS('',1,(#214,#215),.UNSPECIFIED.,.F.,.F.,
  (2,2),(-0.3,0.),.PIECEWISE_BEZIER_KNOTS.);
#214 = CARTESIAN_POINT('',(0.105,0.65,0.4500001));
#215 = CARTESIAN_POINT('',(0.405,0.65,0.4500001));
#216 = B_SPLINE_SURFACE_WITH_KNOTS('',1,1,(
    (#217,#218)
    ,(#219,#220
    )),.UNSPECIFIED.,.F.,.F.,.F.,(2,2),(2,2),(-4.404571325722E-17,0.8),(
    0.,0.26),.PIECEWISE_BEZIER_KNOTS.);
#217 = CARTESIAN_POINT('',(0.405,0.55,0.4500001));
#218 = CARTESIAN_POINT('',(0.405,0.81,0.4500001));
#219 = CARTESIAN_POINT('',(-0.395,0.55,0.4500001));
#220 = CARTESIAN_POINT('',(-0.395,0.81,0.4500001));
#221 = ADVANCED_FACE('',(#222),#244,.F.);
#222 = FACE_BOUND('',#223,.T.);
#223 = EDGE_LOOP('',(#224,#231,#232,#239));
#224 = ORIENTED_EDGE('',*,*,#225,.F.);
#225 = EDGE_CURVE('',#179,#226,#228,.T.);
#226 = VERTEX_POINT('',#227);
#227 = CARTESIAN_POINT('',(-0.395,0.81,1.000000000098E-07));
#228 = B_SPLINE_CURVE_WITH_KNOTS('',1,(#229,#230),.UNSPECIFIED.,.F.,.F.,
  (2,2),(-1.E-02,0.44),.PIECEWISE_BEZIER_KNOTS.);
#229 = CARTESIAN_POINT('',(-0.395,0.81,0.4500001));
#230 = CARTESIAN_POINT('',(-0.395,0.81,9.999999999941E-08));
#231 = ORIENTED_EDGE('',*,*,#178,.F.);
#232 = ORIENTED_EDGE('',*,*,#233,.T.);
#233 = EDGE_CURVE('',#172,#234,#236,.T.);
#234 = VERTEX_POINT('',#235);
#235 = CARTESIAN_POINT('',(0.405,0.81,1.000000000098E-07));
#236 = B_SPLINE_CURVE_WITH_KNOTS('',1,(#237,#238),.UNSPECIFIED.,.F.,.F.,
  (2,2),(-1.E-02,0.44),.PIECEWISE_BEZIER_KNOTS.);
#237 = CARTESIAN_POINT('',(0.405,0.81,0.4500001));
#238 = CARTESIAN_POINT('',(0.405,0.81,9.999999999941E-08));
#239 = ORIENTED_EDGE('',*,*,#240,.T.);
#240 = EDGE_CURVE('',#234,#226,#241,.T.);
#241 = B_SPLINE_CURVE_WITH_KNOTS('',1,(#242,#243),.UNSPECIFIED.,.F.,.F.,
  (2,2),(0.,0.8),.PIECEWISE_BEZIER_KNOTS.);
#242 = CARTESIAN_POINT('',(0.405,0.81,1.000000000098E-07));
#243 = CARTESIAN_POINT('',(-0.395,0.81,1.000000000098E-07));
#244 = B_SPLINE_SURFACE_WITH_KNOTS('',1,1,(
    (#245,#246)
    ,(#247,#248
    )),.UNSPECIFIED.,.F.,.F.,.F.,(2,2),(2,2),(0.,0.8),(-1.E-02,0.44),
  .PIECEWISE_BEZIER_KNOTS.);
#245 = CARTESIAN_POINT('',(0.405,0.81,0.4500001));
#246 = CARTESIAN_POINT('',(0.405,0.81,9.999999999941E-08));
#247 = CARTESIAN_POINT('',(-0.395,0.81,0.4500001));
#248 = CARTESIAN_POINT('',(-0.395,0.81,9.999999999941E-08));
#249 = ADVANCED_FACE('',(#250),#272,.F.);
#250 = FACE_BOUND('',#251,.T.);
#251 = EDGE_LOOP('',(#252,#259,#260,#267));
#252 = ORIENTED_EDGE('',*,*,#253,.F.);
#253 = EDGE_CURVE('',#226,#254,#256,.T.);
#254 = VERTEX_POINT('',#255);
#255 = CARTESIAN_POINT('',(-0.395,0.55,1.000000000098E-07));
#256 = B_SPLINE_CURVE_WITH_KNOTS('',1,(#257,#258),.UNSPECIFIED.,.F.,.F.,
  (2,2),(-1.E-02,0.25),.PIECEWISE_BEZIER_KNOTS.);
#257 = CARTESIAN_POINT('',(-0.395,0.81,1.000000000098E-07));
#258 = CARTESIAN_POINT('',(-0.395,0.55,1.000000000098E-07));
#259 = ORIENTED_EDGE('',*,*,#240,.F.);
#260 = ORIENTED_EDGE('',*,*,#261,.T.);
#261 = EDGE_CURVE('',#234,#262,#264,.T.);
#262 = VERTEX_POINT('',#263);
#263 = CARTESIAN_POINT('',(0.405,0.55,1.000000000098E-07));
#264 = B_SPLINE_CURVE_WITH_KNOTS('',1,(#265,#266),.UNSPECIFIED.,.F.,.F.,
  (2,2),(-1.E-02,0.25),.PIECEWISE_BEZIER_KNOTS.);
#265 = CARTESIAN_POINT('',(0.405,0.81,1.000000000098E-07));
#266 = CARTESIAN_POINT('',(0.405,0.55,1.000000000098E-07));
#267 = ORIENTED_EDGE('',*,*,#268,.T.);
#268 = EDGE_CURVE('',#262,#254,#269,.T.);
#269 = B_SPLINE_CURVE_WITH_KNOTS('',1,(#270,#271),.UNSPECIFIED.,.F.,.F.,
  (2,2),(0.,0.8),.PIECEWISE_BEZIER_KNOTS.);
#270 = CARTESIAN_POINT('',(0.405,0.55,1.000000000098E-07));
#271 = CARTESIAN_POINT('',(-0.395,0.55,1.000000000098E-07));
#272 = B_SPLINE_SURFACE_WITH_KNOTS('',1,1,(
    (#273,#274)
    ,(#275,#276
    )),.UNSPECIFIED.,.F.,.F.,.F.,(2,2),(2,2),(-0.8,1.694065894509E-18),(
    -0.25,1.E-02),.PIECEWISE_BEZIER_KNOTS.);
#273 = CARTESIAN_POINT('',(-0.395,0.55,1.000000000098E-07));
#274 = CARTESIAN_POINT('',(-0.395,0.81,1.000000000098E-07));
#275 = CARTESIAN_POINT('',(0.405,0.55,1.000000000098E-07));
#276 = CARTESIAN_POINT('',(0.405,0.81,1.000000000098E-07));
#277 = ADVANCED_FACE('',(#278),#292,.F.);
#278 = FACE_BOUND('',#279,.T.);
#279 = EDGE_LOOP('',(#280,#285,#286,#291));
#280 = ORIENTED_EDGE('',*,*,#281,.F.);
#281 = EDGE_CURVE('',#254,#24,#282,.T.);
#282 = B_SPLINE_CURVE_WITH_KNOTS('',1,(#283,#284),.UNSPECIFIED.,.F.,.F.,
  (2,2),(0.,1.E-02),.PIECEWISE_BEZIER_KNOTS.);
#283 = CARTESIAN_POINT('',(-0.395,0.55,1.000000000098E-07));
#284 = CARTESIAN_POINT('',(-0.395,0.55,1.00001E-02));
#285 = ORIENTED_EDGE('',*,*,#268,.F.);
#286 = ORIENTED_EDGE('',*,*,#287,.T.);
#287 = EDGE_CURVE('',#262,#31,#288,.T.);
#288 = B_SPLINE_CURVE_WITH_KNOTS('',1,(#289,#290),.UNSPECIFIED.,.F.,.F.,
  (2,2),(0.,1.E-02),.PIECEWISE_BEZIER_KNOTS.);
#289 = CARTESIAN_POINT('',(0.405,0.55,1.000000000098E-07));
#290 = CARTESIAN_POINT('',(0.405,0.55,1.00001E-02));
#291 = ORIENTED_EDGE('',*,*,#30,.T.);
#292 = B_SPLINE_SURFACE_WITH_KNOTS('',1,1,(
    (#293,#294)
    ,(#295,#296
    )),.UNSPECIFIED.,.F.,.F.,.F.,(2,2),(2,2),(-1.E-02,1.469367938528E-30
    ),(-4.408103815584E-34,0.8),.PIECEWISE_BEZIER_KNOTS.);
#293 = CARTESIAN_POINT('',(0.405,0.55,1.00001E-02));
#294 = CARTESIAN_POINT('',(-0.395,0.55,1.00001E-02));
#295 = CARTESIAN_POINT('',(0.405,0.55,1.000000000098E-07));
#296 = CARTESIAN_POINT('',(-0.395,0.55,1.000000000098E-07));
#297 = ADVANCED_FACE('',(#298),#312,.T.);
#298 = FACE_BOUND('',#299,.T.);
#299 = EDGE_LOOP('',(#300,#305,#306,#307,#308,#309,#310,#311));
#300 = ORIENTED_EDGE('',*,*,#301,.F.);
#301 = EDGE_CURVE('',#88,#170,#302,.T.);
#302 = B_SPLINE_CURVE_WITH_KNOTS('',1,(#303,#304),.UNSPECIFIED.,.F.,.F.,
  (2,2),(0.,1.E-02),.PIECEWISE_BEZIER_KNOTS.);
#303 = CARTESIAN_POINT('',(0.405,0.65,0.4400001));
#304 = CARTESIAN_POINT('',(0.405,0.65,0.4500001));
#305 = ORIENTED_EDGE('',*,*,#128,.T.);
#306 = ORIENTED_EDGE('',*,*,#65,.T.);
#307 = ORIENTED_EDGE('',*,*,#37,.T.);
#308 = ORIENTED_EDGE('',*,*,#287,.F.);
#309 = ORIENTED_EDGE('',*,*,#261,.F.);
#310 = ORIENTED_EDGE('',*,*,#233,.F.);
#311 = ORIENTED_EDGE('',*,*,#169,.F.);
#312 = B_SPLINE_SURFACE_WITH_KNOTS('',1,1,(
    (#313,#314)
    ,(#315,#316
    )),.UNSPECIFIED.,.F.,.F.,.F.,(2,2),(2,2),(-0.81,-0.55),(-0.44,1.E-02
    ),.PIECEWISE_BEZIER_KNOTS.);
#313 = CARTESIAN_POINT('',(0.405,0.81,0.4500001));
#314 = CARTESIAN_POINT('',(0.405,0.81,9.999999999941E-08));
#315 = CARTESIAN_POINT('',(0.405,0.55,0.4500001));
#316 = CARTESIAN_POINT('',(0.405,0.55,9.999999999941E-08));
#317 = ADVANCED_FACE('',(#318),#332,.F.);
#318 = FACE_BOUND('',#319,.T.);
#319 = EDGE_LOOP('',(#320,#321,#322,#323,#324,#325,#326,#327));
#320 = ORIENTED_EDGE('',*,*,#185,.T.);
#321 = ORIENTED_EDGE('',*,*,#225,.T.);
#322 = ORIENTED_EDGE('',*,*,#253,.T.);
#323 = ORIENTED_EDGE('',*,*,#281,.T.);
#324 = ORIENTED_EDGE('',*,*,#21,.F.);
#325 = ORIENTED_EDGE('',*,*,#57,.F.);
#326 = ORIENTED_EDGE('',*,*,#122,.F.);
#327 = ORIENTED_EDGE('',*,*,#328,.T.);
#328 = EDGE_CURVE('',#116,#186,#329,.T.);
#329 = B_SPLINE_CURVE_WITH_KNOTS('',1,(#330,#331),.UNSPECIFIED.,.F.,.F.,
  (2,2),(5.551115123126E-17,1.E-02),.PIECEWISE_BEZIER_KNOTS.);
#330 = CARTESIAN_POINT('',(-0.395,0.65,0.4400001));
#331 = CARTESIAN_POINT('',(-0.395,0.65,0.4500001));
#332 = B_SPLINE_SURFACE_WITH_KNOTS('',1,1,(
    (#333,#334)
    ,(#335,#336
    )),.UNSPECIFIED.,.F.,.F.,.F.,(2,2),(2,2),(-0.81,-0.55),(-0.44,1.E-02
    ),.PIECEWISE_BEZIER_KNOTS.);
#333 = CARTESIAN_POINT('',(-0.395,0.81,0.4500001));
#334 = CARTESIAN_POINT('',(-0.395,0.81,9.999999999941E-08));
#335 = CARTESIAN_POINT('',(-0.395,0.55,0.4500001));
#336 = CARTESIAN_POINT('',(-0.395,0.55,9.999999999941E-08));
#337 = ADVANCED_FACE('',(#338),#348,.F.);
#338 = FACE_BOUND('',#339,.T.);
#339 = EDGE_LOOP('',(#340,#341,#346,#347));
#340 = ORIENTED_EDGE('',*,*,#199,.F.);
#341 = ORIENTED_EDGE('',*,*,#342,.F.);
#342 = EDGE_CURVE('',#109,#193,#343,.T.);
#343 = B_SPLINE_CURVE_WITH_KNOTS('',1,(#344,#345),.UNSPECIFIED.,.F.,.F.,
  (2,2),(0.,1.E-02),.PIECEWISE_BEZIER_KNOTS.);
#344 = CARTESIAN_POINT('',(-9.5E-02,0.65,0.4400001));
#345 = CARTESIAN_POINT('',(-9.5E-02,0.65,0.4500001));
#346 = ORIENTED_EDGE('',*,*,#108,.T.);
#347 = ORIENTED_EDGE('',*,*,#150,.T.);
#348 = B_SPLINE_SURFACE_WITH_KNOTS('',1,1,(
    (#349,#350)
    ,(#351,#352
    )),.UNSPECIFIED.,.F.,.F.,.F.,(2,2),(2,2),(-1.E-01,0.),(-1.E-02,0.),
  .PIECEWISE_BEZIER_KNOTS.);
#349 = CARTESIAN_POINT('',(-9.5E-02,0.65,0.4500001));
#350 = CARTESIAN_POINT('',(-9.5E-02,0.65,0.4400001));
#351 = CARTESIAN_POINT('',(-9.5E-02,0.55,0.4500001));
#352 = CARTESIAN_POINT('',(-9.5E-02,0.55,0.4400001));
#353 = ADVANCED_FACE('',(#354),#360,.F.);
#354 = FACE_BOUND('',#355,.T.);
#355 = EDGE_LOOP('',(#356,#357,#358,#359));
#356 = ORIENTED_EDGE('',*,*,#192,.F.);
#357 = ORIENTED_EDGE('',*,*,#328,.F.);
#358 = ORIENTED_EDGE('',*,*,#115,.T.);
#359 = ORIENTED_EDGE('',*,*,#342,.T.);
#360 = B_SPLINE_SURFACE_WITH_KNOTS('',1,1,(
    (#361,#362)
    ,(#363,#364
    )),.UNSPECIFIED.,.F.,.F.,.F.,(2,2),(2,2),(-1.E-02,0.),(-0.3,0.),
  .PIECEWISE_BEZIER_KNOTS.);
#361 = CARTESIAN_POINT('',(-9.5E-02,0.65,0.4500001));
#362 = CARTESIAN_POINT('',(-0.395,0.65,0.4500001));
#363 = CARTESIAN_POINT('',(-9.5E-02,0.65,0.4400001));
#364 = CARTESIAN_POINT('',(-0.395,0.65,0.4400001));
#365 = ADVANCED_FACE('',(#366),#376,.F.);
#366 = FACE_BOUND('',#367,.T.);
#367 = EDGE_LOOP('',(#368,#369,#374,#375));
#368 = ORIENTED_EDGE('',*,*,#212,.F.);
#369 = ORIENTED_EDGE('',*,*,#370,.F.);
#370 = EDGE_CURVE('',#86,#206,#371,.T.);
#371 = B_SPLINE_CURVE_WITH_KNOTS('',1,(#372,#373),.UNSPECIFIED.,.F.,.F.,
  (2,2),(0.,1.E-02),.PIECEWISE_BEZIER_KNOTS.);
#372 = CARTESIAN_POINT('',(0.105,0.65,0.4400001));
#373 = CARTESIAN_POINT('',(0.105,0.65,0.4500001));
#374 = ORIENTED_EDGE('',*,*,#85,.T.);
#375 = ORIENTED_EDGE('',*,*,#301,.T.);
#376 = B_SPLINE_SURFACE_WITH_KNOTS('',1,1,(
    (#377,#378)
    ,(#379,#380
    )),.UNSPECIFIED.,.F.,.F.,.F.,(2,2),(2,2),(-1.E-02,0.),(0.,0.3),
  .PIECEWISE_BEZIER_KNOTS.);
#377 = CARTESIAN_POINT('',(0.405,0.65,0.4500001));
#378 = CARTESIAN_POINT('',(0.105,0.65,0.4500001));
#379 = CARTESIAN_POINT('',(0.405,0.65,0.4400001));
#380 = CARTESIAN_POINT('',(0.105,0.65,0.4400001));
#381 = ADVANCED_FACE('',(#382),#388,.F.);
#382 = FACE_BOUND('',#383,.T.);
#383 = EDGE_LOOP('',(#384,#385,#386,#387));
#384 = ORIENTED_EDGE('',*,*,#205,.F.);
#385 = ORIENTED_EDGE('',*,*,#156,.F.);
#386 = ORIENTED_EDGE('',*,*,#94,.T.);
#387 = ORIENTED_EDGE('',*,*,#370,.T.);
#388 = B_SPLINE_SURFACE_WITH_KNOTS('',1,1,(
    (#389,#390)
    ,(#391,#392
    )),.UNSPECIFIED.,.F.,.F.,.F.,(2,2),(2,2),(0.,0.1),(-1.E-02,0.),
  .PIECEWISE_BEZIER_KNOTS.);
#389 = CARTESIAN_POINT('',(0.105,0.55,0.4500001));
#390 = CARTESIAN_POINT('',(0.105,0.55,0.4400001));
#391 = CARTESIAN_POINT('',(0.105,0.65,0.4500001));
#392 = CARTESIAN_POINT('',(0.105,0.65,0.4400001));
#393 = MANIFOLD_SOLID_BREP('',#394);
#394 = CLOSED_SHELL('',(#395,#431,#459,#487,#507,#519));
#395 = ADVANCED_FACE('',(#396),#426,.F.);
#396 = FACE_BOUND('',#397,.T.);
#397 = EDGE_LOOP('',(#398,#407,#414,#421));
#398 = ORIENTED_EDGE('',*,*,#399,.T.);
#399 = EDGE_CURVE('',#400,#402,#404,.T.);
#400 = VERTEX_POINT('',#401);
#401 = CARTESIAN_POINT('',(-0.395,0.54,0.4400001));
#402 = VERTEX_POINT('',#403);
#403 = CARTESIAN_POINT('',(-0.395,-0.54,0.4400001));
#404 = B_SPLINE_CURVE_WITH_KNOTS('',1,(#405,#406),.UNSPECIFIED.,.F.,.F.,
  (2,2),(0.,1.08),.PIECEWISE_BEZIER_KNOTS.);
#405 = CARTESIAN_POINT('',(-0.395,0.54,0.4400001));
#406 = CARTESIAN_POINT('',(-0.395,-0.54,0.4400001));
#407 = ORIENTED_EDGE('',*,*,#408,.F.);
#408 = EDGE_CURVE('',#409,#402,#411,.T.);
#409 = VERTEX_POINT('',#410);
#410 = CARTESIAN_POINT('',(-0.395,-0.54,0.4500001));
#411 = B_SPLINE_CURVE_WITH_KNOTS('',1,(#412,#413),.UNSPECIFIED.,.F.,.F.,
  (2,2),(-0.,1.E-02),.PIECEWISE_BEZIER_KNOTS.);
#412 = CARTESIAN_POINT('',(-0.395,-0.54,0.4500001));
#413 = CARTESIAN_POINT('',(-0.395,-0.54,0.4400001));
#414 = ORIENTED_EDGE('',*,*,#415,.F.);
#415 = EDGE_CURVE('',#416,#409,#418,.T.);
#416 = VERTEX_POINT('',#417);
#417 = CARTESIAN_POINT('',(-0.395,0.54,0.4500001));
#418 = B_SPLINE_CURVE_WITH_KNOTS('',1,(#419,#420),.UNSPECIFIED.,.F.,.F.,
  (2,2),(0.,1.08),.PIECEWISE_BEZIER_KNOTS.);
#419 = CARTESIAN_POINT('',(-0.395,0.54,0.4500001));
#420 = CARTESIAN_POINT('',(-0.395,-0.54,0.4500001));
#421 = ORIENTED_EDGE('',*,*,#422,.T.);
#422 = EDGE_CURVE('',#416,#400,#423,.T.);
#423 = B_SPLINE_CURVE_WITH_KNOTS('',1,(#424,#425),.UNSPECIFIED.,.F.,.F.,
  (2,2),(-0.,1.E-02),.PIECEWISE_BEZIER_KNOTS.);
#424 = CARTESIAN_POINT('',(-0.395,0.54,0.4500001));
#425 = CARTESIAN_POINT('',(-0.395,0.54,0.4400001));
#426 = B_SPLINE_SURFACE_WITH_KNOTS('',1,1,(
    (#427,#428)
    ,(#429,#430
    )),.UNSPECIFIED.,.F.,.F.,.F.,(2,2),(2,2),(-1.08,0.),(-1.E-02,0.),
  .PIECEWISE_BEZIER_KNOTS.);
#427 = CARTESIAN_POINT('',(-0.395,-0.54,0.4400001));
#428 = CARTESIAN_POINT('',(-0.395,-0.54,0.4500001));
#429 = CARTESIAN_POINT('',(-0.395,0.54,0.4400001));
#430 = CARTESIAN_POINT('',(-0.395,0.54,0.4500001));
#431 = ADVANCED_FACE('',(#432),#454,.F.);
#432 = FACE_BOUND('',#433,.T.);
#433 = EDGE_LOOP('',(#434,#441,#448,#453));
#434 = ORIENTED_EDGE('',*,*,#435,.T.);
#435 = EDGE_CURVE('',#402,#436,#438,.T.);
#436 = VERTEX_POINT('',#437);
#437 = CARTESIAN_POINT('',(0.405,-0.54,0.4400001));
#438 = B_SPLINE_CURVE_WITH_KNOTS('',1,(#439,#440),.UNSPECIFIED.,.F.,.F.,
  (2,2),(0.,0.8),.PIECEWISE_BEZIER_KNOTS.);
#439 = CARTESIAN_POINT('',(-0.395,-0.54,0.4400001));
#440 = CARTESIAN_POINT('',(0.405,-0.54,0.4400001));
#441 = ORIENTED_EDGE('',*,*,#442,.F.);
#442 = EDGE_CURVE('',#443,#436,#445,.T.);
#443 = VERTEX_POINT('',#444);
#444 = CARTESIAN_POINT('',(0.405,-0.54,0.4500001));
#445 = B_SPLINE_CURVE_WITH_KNOTS('',1,(#446,#447),.UNSPECIFIED.,.F.,.F.,
  (2,2),(-0.,1.E-02),.PIECEWISE_BEZIER_KNOTS.);
#446 = CARTESIAN_POINT('',(0.405,-0.54,0.4500001));
#447 = CARTESIAN_POINT('',(0.405,-0.54,0.4400001));
#448 = ORIENTED_EDGE('',*,*,#449,.F.);
#449 = EDGE_CURVE('',#409,#443,#450,.T.);
#450 = B_SPLINE_CURVE_WITH_KNOTS('',1,(#451,#452),.UNSPECIFIED.,.F.,.F.,
  (2,2),(0.,0.8),.PIECEWISE_BEZIER_KNOTS.);
#451 = CARTESIAN_POINT('',(-0.395,-0.54,0.4500001));
#452 = CARTESIAN_POINT('',(0.405,-0.54,0.4500001));
#453 = ORIENTED_EDGE('',*,*,#408,.T.);
#454 = B_SPLINE_SURFACE_WITH_KNOTS('',1,1,(
    (#455,#456)
    ,(#457,#458
    )),.UNSPECIFIED.,.F.,.F.,.F.,(2,2),(2,2),(-1.E-02,0.),(0.,0.8),
  .PIECEWISE_BEZIER_KNOTS.);
#455 = CARTESIAN_POINT('',(-0.395,-0.54,0.4400001));
#456 = CARTESIAN_POINT('',(0.405,-0.54,0.4400001));
#457 = CARTESIAN_POINT('',(-0.395,-0.54,0.4500001));
#458 = CARTESIAN_POINT('',(0.405,-0.54,0.4500001));
#459 = ADVANCED_FACE('',(#460),#482,.F.);
#460 = FACE_BOUND('',#461,.T.);
#461 = EDGE_LOOP('',(#462,#469,#476,#481));
#462 = ORIENTED_EDGE('',*,*,#463,.T.);
#463 = EDGE_CURVE('',#436,#464,#466,.T.);
#464 = VERTEX_POINT('',#465);
#465 = CARTESIAN_POINT('',(0.405,0.54,0.4400001));
#466 = B_SPLINE_CURVE_WITH_KNOTS('',1,(#467,#468),.UNSPECIFIED.,.F.,.F.,
  (2,2),(-1.08,0.),.PIECEWISE_BEZIER_KNOTS.);
#467 = CARTESIAN_POINT('',(0.405,-0.54,0.4400001));
#468 = CARTESIAN_POINT('',(0.405,0.54,0.4400001));
#469 = ORIENTED_EDGE('',*,*,#470,.F.);
#470 = EDGE_CURVE('',#471,#464,#473,.T.);
#471 = VERTEX_POINT('',#472);
#472 = CARTESIAN_POINT('',(0.405,0.54,0.4500001));
#473 = B_SPLINE_CURVE_WITH_KNOTS('',1,(#474,#475),.UNSPECIFIED.,.F.,.F.,
  (2,2),(-0.,1.E-02),.PIECEWISE_BEZIER_KNOTS.);
#474 = CARTESIAN_POINT('',(0.405,0.54,0.4500001));
#475 = CARTESIAN_POINT('',(0.405,0.54,0.4400001));
#476 = ORIENTED_EDGE('',*,*,#477,.F.);
#477 = EDGE_CURVE('',#443,#471,#478,.T.);
#478 = B_SPLINE_CURVE_WITH_KNOTS('',1,(#479,#480),.UNSPECIFIED.,.F.,.F.,
  (2,2),(-1.08,0.),.PIECEWISE_BEZIER_KNOTS.);
#479 = CARTESIAN_POINT('',(0.405,-0.54,0.4500001));
#480 = CARTESIAN_POINT('',(0.405,0.54,0.4500001));
#481 = ORIENTED_EDGE('',*,*,#442,.T.);
#482 = B_SPLINE_SURFACE_WITH_KNOTS('',1,1,(
    (#483,#484)
    ,(#485,#486
    )),.UNSPECIFIED.,.F.,.F.,.F.,(2,2),(2,2),(-1.E-02,0.),(-1.08,0.),
  .PIECEWISE_BEZIER_KNOTS.);
#483 = CARTESIAN_POINT('',(0.405,-0.54,0.4400001));
#484 = CARTESIAN_POINT('',(0.405,0.54,0.4400001));
#485 = CARTESIAN_POINT('',(0.405,-0.54,0.4500001));
#486 = CARTESIAN_POINT('',(0.405,0.54,0.4500001));
#487 = ADVANCED_FACE('',(#488),#502,.F.);
#488 = FACE_BOUND('',#489,.T.);
#489 = EDGE_LOOP('',(#490,#495,#496,#501));
#490 = ORIENTED_EDGE('',*,*,#491,.T.);
#491 = EDGE_CURVE('',#464,#400,#492,.T.);
#492 = B_SPLINE_CURVE_WITH_KNOTS('',1,(#493,#494),.UNSPECIFIED.,.F.,.F.,
  (2,2),(-0.8,-0.),.PIECEWISE_BEZIER_KNOTS.);
#493 = CARTESIAN_POINT('',(0.405,0.54,0.4400001));
#494 = CARTESIAN_POINT('',(-0.395,0.54,0.4400001));
#495 = ORIENTED_EDGE('',*,*,#422,.F.);
#496 = ORIENTED_EDGE('',*,*,#497,.F.);
#497 = EDGE_CURVE('',#471,#416,#498,.T.);
#498 = B_SPLINE_CURVE_WITH_KNOTS('',1,(#499,#500),.UNSPECIFIED.,.F.,.F.,
  (2,2),(-0.8,-0.),.PIECEWISE_BEZIER_KNOTS.);
#499 = CARTESIAN_POINT('',(0.405,0.54,0.4500001));
#500 = CARTESIAN_POINT('',(-0.395,0.54,0.4500001));
#501 = ORIENTED_EDGE('',*,*,#470,.T.);
#502 = B_SPLINE_SURFACE_WITH_KNOTS('',1,1,(
    (#503,#504)
    ,(#505,#506
    )),.UNSPECIFIED.,.F.,.F.,.F.,(2,2),(2,2),(0.,1.E-02),(0.,0.8),
  .PIECEWISE_BEZIER_KNOTS.);
#503 = CARTESIAN_POINT('',(-0.395,0.54,0.4500001));
#504 = CARTESIAN_POINT('',(0.405,0.54,0.4500001));
#505 = CARTESIAN_POINT('',(-0.395,0.54,0.4400001));
#506 = CARTESIAN_POINT('',(0.405,0.54,0.4400001));
#507 = ADVANCED_FACE('',(#508),#514,.T.);
#508 = FACE_BOUND('',#509,.T.);
#509 = EDGE_LOOP('',(#510,#511,#512,#513));
#510 = ORIENTED_EDGE('',*,*,#415,.T.);
#511 = ORIENTED_EDGE('',*,*,#449,.T.);
#512 = ORIENTED_EDGE('',*,*,#477,.T.);
#513 = ORIENTED_EDGE('',*,*,#497,.T.);
#514 = B_SPLINE_SURFACE_WITH_KNOTS('',1,1,(
    (#515,#516)
    ,(#517,#518
    )),.UNSPECIFIED.,.F.,.F.,.F.,(2,2),(2,2),(-0.4,0.4),(-0.54,0.54),
  .PIECEWISE_BEZIER_KNOTS.);
#515 = CARTESIAN_POINT('',(-0.395,-0.54,0.4500001));
#516 = CARTESIAN_POINT('',(-0.395,0.54,0.4500001));
#517 = CARTESIAN_POINT('',(0.405,-0.54,0.4500001));
#518 = CARTESIAN_POINT('',(0.405,0.54,0.4500001));
#519 = ADVANCED_FACE('',(#520),#526,.F.);
#520 = FACE_BOUND('',#521,.T.);
#521 = EDGE_LOOP('',(#522,#523,#524,#525));
#522 = ORIENTED_EDGE('',*,*,#399,.F.);
#523 = ORIENTED_EDGE('',*,*,#491,.F.);
#524 = ORIENTED_EDGE('',*,*,#463,.F.);
#525 = ORIENTED_EDGE('',*,*,#435,.F.);
#526 = B_SPLINE_SURFACE_WITH_KNOTS('',1,1,(
    (#527,#528)
    ,(#529,#530
    )),.UNSPECIFIED.,.F.,.F.,.F.,(2,2),(2,2),(-0.4,0.4),(-0.54,0.54),
  .PIECEWISE_BEZIER_KNOTS.);
#527 = CARTESIAN_POINT('',(-0.395,-0.54,0.4400001));
#528 = CARTESIAN_POINT('',(-0.395,0.54,0.4400001));
#529 = CARTESIAN_POINT('',(0.405,-0.54,0.4400001));
#530 = CARTESIAN_POINT('',(0.405,0.54,0.4400001));
#531 = MANIFOLD_SOLID_BREP('',#532);
#532 = CLOSED_SHELL('',(#533,#569,#597,#653,#681,#737,#765,#793,#813,
    #833,#853,#869,#881,#897));
#533 = ADVANCED_FACE('',(#534),#564,.T.);
#534 = FACE_BOUND('',#535,.T.);
#535 = EDGE_LOOP('',(#536,#545,#552,#559));
#536 = ORIENTED_EDGE('',*,*,#537,.F.);
#537 = EDGE_CURVE('',#538,#540,#542,.T.);
#538 = VERTEX_POINT('',#539);
#539 = CARTESIAN_POINT('',(-0.395,-0.8,1.00001E-02));
#540 = VERTEX_POINT('',#541);
#541 = CARTESIAN_POINT('',(-0.395,-0.55,1.00001E-02));
#542 = B_SPLINE_CURVE_WITH_KNOTS('',1,(#543,#544),.UNSPECIFIED.,.F.,.F.,
  (2,2),(0.,0.25),.PIECEWISE_BEZIER_KNOTS.);
#543 = CARTESIAN_POINT('',(-0.395,-0.8,1.00001E-02));
#544 = CARTESIAN_POINT('',(-0.395,-0.55,1.00001E-02));
#545 = ORIENTED_EDGE('',*,*,#546,.F.);
#546 = EDGE_CURVE('',#547,#538,#549,.T.);
#547 = VERTEX_POINT('',#548);
#548 = CARTESIAN_POINT('',(0.405,-0.8,1.00001E-02));
#549 = B_SPLINE_CURVE_WITH_KNOTS('',1,(#550,#551),.UNSPECIFIED.,.F.,.F.,
  (2,2),(0.,0.8),.PIECEWISE_BEZIER_KNOTS.);
#550 = CARTESIAN_POINT('',(0.405,-0.8,1.00001E-02));
#551 = CARTESIAN_POINT('',(-0.395,-0.8,1.00001E-02));
#552 = ORIENTED_EDGE('',*,*,#553,.T.);
#553 = EDGE_CURVE('',#547,#554,#556,.T.);
#554 = VERTEX_POINT('',#555);
#555 = CARTESIAN_POINT('',(0.405,-0.55,1.00001E-02));
#556 = B_SPLINE_CURVE_WITH_KNOTS('',1,(#557,#558),.UNSPECIFIED.,.F.,.F.,
  (2,2),(0.,0.25),.PIECEWISE_BEZIER_KNOTS.);
#557 = CARTESIAN_POINT('',(0.405,-0.8,1.00001E-02));
#558 = CARTESIAN_POINT('',(0.405,-0.55,1.00001E-02));
#559 = ORIENTED_EDGE('',*,*,#560,.T.);
#560 = EDGE_CURVE('',#554,#540,#561,.T.);
#561 = B_SPLINE_CURVE_WITH_KNOTS('',1,(#562,#563),.UNSPECIFIED.,.F.,.F.,
  (2,2),(0.,0.8),.PIECEWISE_BEZIER_KNOTS.);
#562 = CARTESIAN_POINT('',(0.405,-0.55,1.00001E-02));
#563 = CARTESIAN_POINT('',(-0.395,-0.55,1.00001E-02));
#564 = B_SPLINE_SURFACE_WITH_KNOTS('',1,1,(
    (#565,#566)
    ,(#567,#568
    )),.UNSPECIFIED.,.F.,.F.,.F.,(2,2),(2,2),(-0.8,0.),(
    -1.355252715607E-16,0.25),.PIECEWISE_BEZIER_KNOTS.);
#565 = CARTESIAN_POINT('',(-0.395,-0.8,1.00001E-02));
#566 = CARTESIAN_POINT('',(-0.395,-0.55,1.00001E-02));
#567 = CARTESIAN_POINT('',(0.405,-0.8,1.00001E-02));
#568 = CARTESIAN_POINT('',(0.405,-0.55,1.00001E-02));
#569 = ADVANCED_FACE('',(#570),#592,.T.);
#570 = FACE_BOUND('',#571,.T.);
#571 = EDGE_LOOP('',(#572,#579,#586,#591));
#572 = ORIENTED_EDGE('',*,*,#573,.F.);
#573 = EDGE_CURVE('',#574,#538,#576,.T.);
#574 = VERTEX_POINT('',#575);
#575 = CARTESIAN_POINT('',(-0.395,-0.8,0.4400001));
#576 = B_SPLINE_CURVE_WITH_KNOTS('',1,(#577,#578),.UNSPECIFIED.,.F.,.F.,
  (2,2),(0.,0.43),.PIECEWISE_BEZIER_KNOTS.);
#577 = CARTESIAN_POINT('',(-0.395,-0.8,0.4400001));
#578 = CARTESIAN_POINT('',(-0.395,-0.8,1.00001E-02));
#579 = ORIENTED_EDGE('',*,*,#580,.F.);
#580 = EDGE_CURVE('',#581,#574,#583,.T.);
#581 = VERTEX_POINT('',#582);
#582 = CARTESIAN_POINT('',(0.405,-0.8,0.4400001));
#583 = B_SPLINE_CURVE_WITH_KNOTS('',1,(#584,#585),.UNSPECIFIED.,.F.,.F.,
  (2,2),(0.,0.8),.PIECEWISE_BEZIER_KNOTS.);
#584 = CARTESIAN_POINT('',(0.405,-0.8,0.4400001));
#585 = CARTESIAN_POINT('',(-0.395,-0.8,0.4400001));
#586 = ORIENTED_EDGE('',*,*,#587,.T.);
#587 = EDGE_CURVE('',#581,#547,#588,.T.);
#588 = B_SPLINE_CURVE_WITH_KNOTS('',1,(#589,#590),.UNSPECIFIED.,.F.,.F.,
  (2,2),(0.,0.43),.PIECEWISE_BEZIER_KNOTS.);
#589 = CARTESIAN_POINT('',(0.405,-0.8,0.4400001));
#590 = CARTESIAN_POINT('',(0.405,-0.8,1.00001E-02));
#591 = ORIENTED_EDGE('',*,*,#546,.T.);
#592 = B_SPLINE_SURFACE_WITH_KNOTS('',1,1,(
    (#593,#594)
    ,(#595,#596
    )),.UNSPECIFIED.,.F.,.F.,.F.,(2,2),(2,2),(0.,0.8),(-0.43,0.),
  .PIECEWISE_BEZIER_KNOTS.);
#593 = CARTESIAN_POINT('',(0.405,-0.8,1.00001E-02));
#594 = CARTESIAN_POINT('',(0.405,-0.8,0.4400001));
#595 = CARTESIAN_POINT('',(-0.395,-0.8,1.00001E-02));
#596 = CARTESIAN_POINT('',(-0.395,-0.8,0.4400001));
#597 = ADVANCED_FACE('',(#598),#648,.T.);
#598 = FACE_BOUND('',#599,.T.);
#599 = EDGE_LOOP('',(#600,#609,#614,#615,#622,#629,#636,#643));
#600 = ORIENTED_EDGE('',*,*,#601,.T.);
#601 = EDGE_CURVE('',#602,#604,#606,.T.);
#602 = VERTEX_POINT('',#603);
#603 = CARTESIAN_POINT('',(0.105,-0.65,0.4400001));
#604 = VERTEX_POINT('',#605);
#605 = CARTESIAN_POINT('',(0.405,-0.65,0.4400001));
#606 = B_SPLINE_CURVE_WITH_KNOTS('',1,(#607,#608),.UNSPECIFIED.,.F.,.F.,
  (2,2),(-0.3,0.),.PIECEWISE_BEZIER_KNOTS.);
#607 = CARTESIAN_POINT('',(0.105,-0.65,0.4400001));
#608 = CARTESIAN_POINT('',(0.405,-0.65,0.4400001));
#609 = ORIENTED_EDGE('',*,*,#610,.T.);
#610 = EDGE_CURVE('',#604,#581,#611,.T.);
#611 = B_SPLINE_CURVE_WITH_KNOTS('',1,(#612,#613),.UNSPECIFIED.,.F.,.F.,
  (2,2),(0.1,0.25),.PIECEWISE_BEZIER_KNOTS.);
#612 = CARTESIAN_POINT('',(0.405,-0.65,0.4400001));
#613 = CARTESIAN_POINT('',(0.405,-0.8,0.4400001));
#614 = ORIENTED_EDGE('',*,*,#580,.T.);
#615 = ORIENTED_EDGE('',*,*,#616,.F.);
#616 = EDGE_CURVE('',#617,#574,#619,.T.);
#617 = VERTEX_POINT('',#618);
#618 = CARTESIAN_POINT('',(-0.395,-0.65,0.4400001));
#619 = B_SPLINE_CURVE_WITH_KNOTS('',1,(#620,#621),.UNSPECIFIED.,.F.,.F.,
  (2,2),(1.E-01,0.25),.PIECEWISE_BEZIER_KNOTS.);
#620 = CARTESIAN_POINT('',(-0.395,-0.65,0.4400001));
#621 = CARTESIAN_POINT('',(-0.395,-0.8,0.4400001));
#622 = ORIENTED_EDGE('',*,*,#623,.T.);
#623 = EDGE_CURVE('',#617,#624,#626,.T.);
#624 = VERTEX_POINT('',#625);
#625 = CARTESIAN_POINT('',(-9.5E-02,-0.65,0.4400001));
#626 = B_SPLINE_CURVE_WITH_KNOTS('',1,(#627,#628),.UNSPECIFIED.,.F.,.F.,
  (2,2),(0.,0.3),.PIECEWISE_BEZIER_KNOTS.);
#627 = CARTESIAN_POINT('',(-0.395,-0.65,0.4400001));
#628 = CARTESIAN_POINT('',(-9.5E-02,-0.65,0.4400001));
#629 = ORIENTED_EDGE('',*,*,#630,.T.);
#630 = EDGE_CURVE('',#624,#631,#633,.T.);
#631 = VERTEX_POINT('',#632);
#632 = CARTESIAN_POINT('',(-9.5E-02,-0.55,0.4400001));
#633 = B_SPLINE_CURVE_WITH_KNOTS('',1,(#634,#635),.UNSPECIFIED.,.F.,.F.,
  (2,2),(-1.E-01,0.),.PIECEWISE_BEZIER_KNOTS.);
#634 = CARTESIAN_POINT('',(-9.5E-02,-0.65,0.4400001));
#635 = CARTESIAN_POINT('',(-9.5E-02,-0.55,0.4400001));
#636 = ORIENTED_EDGE('',*,*,#637,.F.);
#637 = EDGE_CURVE('',#638,#631,#640,.T.);
#638 = VERTEX_POINT('',#639);
#639 = CARTESIAN_POINT('',(0.105,-0.55,0.4400001));
#640 = B_SPLINE_CURVE_WITH_KNOTS('',1,(#641,#642),.UNSPECIFIED.,.F.,.F.,
  (2,2),(0.3,0.5),.PIECEWISE_BEZIER_KNOTS.);
#641 = CARTESIAN_POINT('',(0.105,-0.55,0.4400001));
#642 = CARTESIAN_POINT('',(-9.5E-02,-0.55,0.4400001));
#643 = ORIENTED_EDGE('',*,*,#644,.T.);
#644 = EDGE_CURVE('',#638,#602,#645,.T.);
#645 = B_SPLINE_CURVE_WITH_KNOTS('',1,(#646,#647),.UNSPECIFIED.,.F.,.F.,
  (2,2),(0.,0.1),.PIECEWISE_BEZIER_KNOTS.);
#646 = CARTESIAN_POINT('',(0.105,-0.55,0.4400001));
#647 = CARTESIAN_POINT('',(0.105,-0.65,0.4400001));
#648 = B_SPLINE_SURFACE_WITH_KNOTS('',1,1,(
    (#649,#650)
    ,(#651,#652
    )),.UNSPECIFIED.,.F.,.F.,.F.,(2,2),(2,2),(-0.,0.8),(-0.25,0.),
  .PIECEWISE_BEZIER_KNOTS.);
#649 = CARTESIAN_POINT('',(0.405,-0.8,0.4400001));
#650 = CARTESIAN_POINT('',(0.405,-0.55,0.4400001));
#651 = CARTESIAN_POINT('',(-0.395,-0.8,0.4400001));
#652 = CARTESIAN_POINT('',(-0.395,-0.55,0.4400001));
#653 = ADVANCED_FACE('',(#654),#676,.F.);
#654 = FACE_BOUND('',#655,.T.);
#655 = EDGE_LOOP('',(#656,#665,#670,#671));
#656 = ORIENTED_EDGE('',*,*,#657,.F.);
#657 = EDGE_CURVE('',#658,#660,#662,.T.);
#658 = VERTEX_POINT('',#659);
#659 = CARTESIAN_POINT('',(0.105,-0.55,0.4500001));
#660 = VERTEX_POINT('',#661);
#661 = CARTESIAN_POINT('',(-9.5E-02,-0.55,0.4500001));
#662 = B_SPLINE_CURVE_WITH_KNOTS('',1,(#663,#664),.UNSPECIFIED.,.F.,.F.,
  (2,2),(0.3,0.5),.PIECEWISE_BEZIER_KNOTS.);
#663 = CARTESIAN_POINT('',(0.105,-0.55,0.4500001));
#664 = CARTESIAN_POINT('',(-9.5E-02,-0.55,0.4500001));
#665 = ORIENTED_EDGE('',*,*,#666,.F.);
#666 = EDGE_CURVE('',#638,#658,#667,.T.);
#667 = B_SPLINE_CURVE_WITH_KNOTS('',1,(#668,#669),.UNSPECIFIED.,.F.,.F.,
  (2,2),(0.,1.E-02),.PIECEWISE_BEZIER_KNOTS.);
#668 = CARTESIAN_POINT('',(0.105,-0.55,0.4400001));
#669 = CARTESIAN_POINT('',(0.105,-0.55,0.4500001));
#670 = ORIENTED_EDGE('',*,*,#637,.T.);
#671 = ORIENTED_EDGE('',*,*,#672,.T.);
#672 = EDGE_CURVE('',#631,#660,#673,.T.);
#673 = B_SPLINE_CURVE_WITH_KNOTS('',1,(#674,#675),.UNSPECIFIED.,.F.,.F.,
  (2,2),(0.,1.E-02),.PIECEWISE_BEZIER_KNOTS.);
#674 = CARTESIAN_POINT('',(-9.5E-02,-0.55,0.4400001));
#675 = CARTESIAN_POINT('',(-9.5E-02,-0.55,0.4500001));
#676 = B_SPLINE_SURFACE_WITH_KNOTS('',1,1,(
    (#677,#678)
    ,(#679,#680)),.UNSPECIFIED.,.F.,.F.,.F.,(2,2),(2,2),(-0.5,-0.3),(
    -5.551115123126E-17,1.E-02),.PIECEWISE_BEZIER_KNOTS.);
#677 = CARTESIAN_POINT('',(-9.5E-02,-0.55,0.4400001));
#678 = CARTESIAN_POINT('',(-9.5E-02,-0.55,0.4500001));
#679 = CARTESIAN_POINT('',(0.105,-0.55,0.4400001));
#680 = CARTESIAN_POINT('',(0.105,-0.55,0.4500001));
#681 = ADVANCED_FACE('',(#682),#732,.F.);
#682 = FACE_BOUND('',#683,.T.);
#683 = EDGE_LOOP('',(#684,#693,#700,#705,#706,#713,#720,#727));
#684 = ORIENTED_EDGE('',*,*,#685,.F.);
#685 = EDGE_CURVE('',#686,#688,#690,.T.);
#686 = VERTEX_POINT('',#687);
#687 = CARTESIAN_POINT('',(0.405,-0.65,0.4500001));
#688 = VERTEX_POINT('',#689);
#689 = CARTESIAN_POINT('',(0.405,-0.81,0.4500001));
#690 = B_SPLINE_CURVE_WITH_KNOTS('',1,(#691,#692),.UNSPECIFIED.,.F.,.F.,
  (2,2),(0.1,0.26),.PIECEWISE_BEZIER_KNOTS.);
#691 = CARTESIAN_POINT('',(0.405,-0.65,0.4500001));
#692 = CARTESIAN_POINT('',(0.405,-0.81,0.4500001));
#693 = ORIENTED_EDGE('',*,*,#694,.F.);
#694 = EDGE_CURVE('',#695,#686,#697,.T.);
#695 = VERTEX_POINT('',#696);
#696 = CARTESIAN_POINT('',(0.105,-0.65,0.4500001));
#697 = B_SPLINE_CURVE_WITH_KNOTS('',1,(#698,#699),.UNSPECIFIED.,.F.,.F.,
  (2,2),(-0.3,0.),.PIECEWISE_BEZIER_KNOTS.);
#698 = CARTESIAN_POINT('',(0.105,-0.65,0.4500001));
#699 = CARTESIAN_POINT('',(0.405,-0.65,0.4500001));
#700 = ORIENTED_EDGE('',*,*,#701,.F.);
#701 = EDGE_CURVE('',#658,#695,#702,.T.);
#702 = B_SPLINE_CURVE_WITH_KNOTS('',1,(#703,#704),.UNSPECIFIED.,.F.,.F.,
  (2,2),(0.,0.1),.PIECEWISE_BEZIER_KNOTS.);
#703 = CARTESIAN_POINT('',(0.105,-0.55,0.4500001));
#704 = CARTESIAN_POINT('',(0.105,-0.65,0.4500001));
#705 = ORIENTED_EDGE('',*,*,#657,.T.);
#706 = ORIENTED_EDGE('',*,*,#707,.F.);
#707 = EDGE_CURVE('',#708,#660,#710,.T.);
#708 = VERTEX_POINT('',#709);
#709 = CARTESIAN_POINT('',(-9.5E-02,-0.65,0.4500001));
#710 = B_SPLINE_CURVE_WITH_KNOTS('',1,(#711,#712),.UNSPECIFIED.,.F.,.F.,
  (2,2),(-1.E-01,0.),.PIECEWISE_BEZIER_KNOTS.);
#711 = CARTESIAN_POINT('',(-9.5E-02,-0.65,0.4500001));
#712 = CARTESIAN_POINT('',(-9.5E-02,-0.55,0.4500001));
#713 = ORIENTED_EDGE('',*,*,#714,.F.);
#714 = EDGE_CURVE('',#715,#708,#717,.T.);
#715 = VERTEX_POINT('',#716);
#716 = CARTESIAN_POINT('',(-0.395,-0.65,0.4500001));
#717 = B_SPLINE_CURVE_WITH_KNOTS('',1,(#718,#719),.UNSPECIFIED.,.F.,.F.,
  (2,2),(0.,0.3),.PIECEWISE_BEZIER_KNOTS.);
#718 = CARTESIAN_POINT('',(-0.395,-0.65,0.4500001));
#719 = CARTESIAN_POINT('',(-9.5E-02,-0.65,0.4500001));
#720 = ORIENTED_EDGE('',*,*,#721,.T.);
#721 = EDGE_CURVE('',#715,#722,#724,.T.);
#722 = VERTEX_POINT('',#723);
#723 = CARTESIAN_POINT('',(-0.395,-0.81,0.4500001));
#724 = B_SPLINE_CURVE_WITH_KNOTS('',1,(#725,#726),.UNSPECIFIED.,.F.,.F.,
  (2,2),(1.E-01,0.26),.PIECEWISE_BEZIER_KNOTS.);
#725 = CARTESIAN_POINT('',(-0.395,-0.65,0.4500001));
#726 = CARTESIAN_POINT('',(-0.395,-0.81,0.4500001));
#727 = ORIENTED_EDGE('',*,*,#728,.F.);
#728 = EDGE_CURVE('',#688,#722,#729,.T.);
#729 = B_SPLINE_CURVE_WITH_KNOTS('',1,(#730,#731),.UNSPECIFIED.,.F.,.F.,
  (2,2),(0.,0.8),.PIECEWISE_BEZIER_KNOTS.);
#730 = CARTESIAN_POINT('',(0.405,-0.81,0.4500001));
#731 = CARTESIAN_POINT('',(-0.395,-0.81,0.4500001));
#732 = B_SPLINE_SURFACE_WITH_KNOTS('',1,1,(
    (#733,#734)
    ,(#735,#736
    )),.UNSPECIFIED.,.F.,.F.,.F.,(2,2),(2,2),(-4.404571325722E-17,0.8),(
    -0.26,0.),.PIECEWISE_BEZIER_KNOTS.);
#733 = CARTESIAN_POINT('',(0.405,-0.81,0.4500001));
#734 = CARTESIAN_POINT('',(0.405,-0.55,0.4500001));
#735 = CARTESIAN_POINT('',(-0.395,-0.81,0.4500001));
#736 = CARTESIAN_POINT('',(-0.395,-0.55,0.4500001));
#737 = ADVANCED_FACE('',(#738),#760,.F.);
#738 = FACE_BOUND('',#739,.T.);
#739 = EDGE_LOOP('',(#740,#747,#754,#759));
#740 = ORIENTED_EDGE('',*,*,#741,.T.);
#741 = EDGE_CURVE('',#722,#742,#744,.T.);
#742 = VERTEX_POINT('',#743);
#743 = CARTESIAN_POINT('',(-0.395,-0.81,1.000000000098E-07));
#744 = B_SPLINE_CURVE_WITH_KNOTS('',1,(#745,#746),.UNSPECIFIED.,.F.,.F.,
  (2,2),(-1.E-02,0.44),.PIECEWISE_BEZIER_KNOTS.);
#745 = CARTESIAN_POINT('',(-0.395,-0.81,0.4500001));
#746 = CARTESIAN_POINT('',(-0.395,-0.81,9.999999999941E-08));
#747 = ORIENTED_EDGE('',*,*,#748,.F.);
#748 = EDGE_CURVE('',#749,#742,#751,.T.);
#749 = VERTEX_POINT('',#750);
#750 = CARTESIAN_POINT('',(0.405,-0.81,1.000000000098E-07));
#751 = B_SPLINE_CURVE_WITH_KNOTS('',1,(#752,#753),.UNSPECIFIED.,.F.,.F.,
  (2,2),(0.,0.8),.PIECEWISE_BEZIER_KNOTS.);
#752 = CARTESIAN_POINT('',(0.405,-0.81,1.000000000098E-07));
#753 = CARTESIAN_POINT('',(-0.395,-0.81,1.000000000098E-07));
#754 = ORIENTED_EDGE('',*,*,#755,.F.);
#755 = EDGE_CURVE('',#688,#749,#756,.T.);
#756 = B_SPLINE_CURVE_WITH_KNOTS('',1,(#757,#758),.UNSPECIFIED.,.F.,.F.,
  (2,2),(-1.E-02,0.44),.PIECEWISE_BEZIER_KNOTS.);
#757 = CARTESIAN_POINT('',(0.405,-0.81,0.4500001));
#758 = CARTESIAN_POINT('',(0.405,-0.81,9.999999999941E-08));
#759 = ORIENTED_EDGE('',*,*,#728,.T.);
#760 = B_SPLINE_SURFACE_WITH_KNOTS('',1,1,(
    (#761,#762)
    ,(#763,#764
    )),.UNSPECIFIED.,.F.,.F.,.F.,(2,2),(2,2),(0.,0.8),(-0.44,1.E-02),
  .PIECEWISE_BEZIER_KNOTS.);
#761 = CARTESIAN_POINT('',(0.405,-0.81,9.999999999941E-08));
#762 = CARTESIAN_POINT('',(0.405,-0.81,0.4500001));
#763 = CARTESIAN_POINT('',(-0.395,-0.81,9.999999999941E-08));
#764 = CARTESIAN_POINT('',(-0.395,-0.81,0.4500001));
#765 = ADVANCED_FACE('',(#766),#788,.F.);
#766 = FACE_BOUND('',#767,.T.);
#767 = EDGE_LOOP('',(#768,#775,#782,#787));
#768 = ORIENTED_EDGE('',*,*,#769,.T.);
#769 = EDGE_CURVE('',#742,#770,#772,.T.);
#770 = VERTEX_POINT('',#771);
#771 = CARTESIAN_POINT('',(-0.395,-0.55,1.000000000098E-07));
#772 = B_SPLINE_CURVE_WITH_KNOTS('',1,(#773,#774),.UNSPECIFIED.,.F.,.F.,
  (2,2),(-1.E-02,0.25),.PIECEWISE_BEZIER_KNOTS.);
#773 = CARTESIAN_POINT('',(-0.395,-0.81,1.000000000098E-07));
#774 = CARTESIAN_POINT('',(-0.395,-0.55,1.000000000098E-07));
#775 = ORIENTED_EDGE('',*,*,#776,.F.);
#776 = EDGE_CURVE('',#777,#770,#779,.T.);
#777 = VERTEX_POINT('',#778);
#778 = CARTESIAN_POINT('',(0.405,-0.55,1.000000000098E-07));
#779 = B_SPLINE_CURVE_WITH_KNOTS('',1,(#780,#781),.UNSPECIFIED.,.F.,.F.,
  (2,2),(0.,0.8),.PIECEWISE_BEZIER_KNOTS.);
#780 = CARTESIAN_POINT('',(0.405,-0.55,1.000000000098E-07));
#781 = CARTESIAN_POINT('',(-0.395,-0.55,1.000000000098E-07));
#782 = ORIENTED_EDGE('',*,*,#783,.F.);
#783 = EDGE_CURVE('',#749,#777,#784,.T.);
#784 = B_SPLINE_CURVE_WITH_KNOTS('',1,(#785,#786),.UNSPECIFIED.,.F.,.F.,
  (2,2),(-1.E-02,0.25),.PIECEWISE_BEZIER_KNOTS.);
#785 = CARTESIAN_POINT('',(0.405,-0.81,1.000000000098E-07));
#786 = CARTESIAN_POINT('',(0.405,-0.55,1.000000000098E-07));
#787 = ORIENTED_EDGE('',*,*,#748,.T.);
#788 = B_SPLINE_SURFACE_WITH_KNOTS('',1,1,(
    (#789,#790)
    ,(#791,#792
    )),.UNSPECIFIED.,.F.,.F.,.F.,(2,2),(2,2),(-0.8,1.694065894509E-18),(
    -1.E-02,0.25),.PIECEWISE_BEZIER_KNOTS.);
#789 = CARTESIAN_POINT('',(-0.395,-0.81,1.000000000098E-07));
#790 = CARTESIAN_POINT('',(-0.395,-0.55,1.000000000098E-07));
#791 = CARTESIAN_POINT('',(0.405,-0.81,1.000000000098E-07));
#792 = CARTESIAN_POINT('',(0.405,-0.55,1.000000000098E-07));
#793 = ADVANCED_FACE('',(#794),#808,.F.);
#794 = FACE_BOUND('',#795,.T.);
#795 = EDGE_LOOP('',(#796,#801,#802,#807));
#796 = ORIENTED_EDGE('',*,*,#797,.T.);
#797 = EDGE_CURVE('',#770,#540,#798,.T.);
#798 = B_SPLINE_CURVE_WITH_KNOTS('',1,(#799,#800),.UNSPECIFIED.,.F.,.F.,
  (2,2),(0.,1.E-02),.PIECEWISE_BEZIER_KNOTS.);
#799 = CARTESIAN_POINT('',(-0.395,-0.55,1.000000000098E-07));
#800 = CARTESIAN_POINT('',(-0.395,-0.55,1.00001E-02));
#801 = ORIENTED_EDGE('',*,*,#560,.F.);
#802 = ORIENTED_EDGE('',*,*,#803,.F.);
#803 = EDGE_CURVE('',#777,#554,#804,.T.);
#804 = B_SPLINE_CURVE_WITH_KNOTS('',1,(#805,#806),.UNSPECIFIED.,.F.,.F.,
  (2,2),(0.,1.E-02),.PIECEWISE_BEZIER_KNOTS.);
#805 = CARTESIAN_POINT('',(0.405,-0.55,1.000000000098E-07));
#806 = CARTESIAN_POINT('',(0.405,-0.55,1.00001E-02));
#807 = ORIENTED_EDGE('',*,*,#776,.T.);
#808 = B_SPLINE_SURFACE_WITH_KNOTS('',1,1,(
    (#809,#810)
    ,(#811,#812
    )),.UNSPECIFIED.,.F.,.F.,.F.,(2,2),(2,2),(-1.E-02,1.469367938528E-30
    ),(-0.8,4.408103815584E-34),.PIECEWISE_BEZIER_KNOTS.);
#809 = CARTESIAN_POINT('',(-0.395,-0.55,1.00001E-02));
#810 = CARTESIAN_POINT('',(0.405,-0.55,1.00001E-02));
#811 = CARTESIAN_POINT('',(-0.395,-0.55,1.000000000098E-07));
#812 = CARTESIAN_POINT('',(0.405,-0.55,1.000000000098E-07));
#813 = ADVANCED_FACE('',(#814),#828,.T.);
#814 = FACE_BOUND('',#815,.T.);
#815 = EDGE_LOOP('',(#816,#821,#822,#823,#824,#825,#826,#827));
#816 = ORIENTED_EDGE('',*,*,#817,.T.);
#817 = EDGE_CURVE('',#604,#686,#818,.T.);
#818 = B_SPLINE_CURVE_WITH_KNOTS('',1,(#819,#820),.UNSPECIFIED.,.F.,.F.,
  (2,2),(0.,1.E-02),.PIECEWISE_BEZIER_KNOTS.);
#819 = CARTESIAN_POINT('',(0.405,-0.65,0.4400001));
#820 = CARTESIAN_POINT('',(0.405,-0.65,0.4500001));
#821 = ORIENTED_EDGE('',*,*,#685,.T.);
#822 = ORIENTED_EDGE('',*,*,#755,.T.);
#823 = ORIENTED_EDGE('',*,*,#783,.T.);
#824 = ORIENTED_EDGE('',*,*,#803,.T.);
#825 = ORIENTED_EDGE('',*,*,#553,.F.);
#826 = ORIENTED_EDGE('',*,*,#587,.F.);
#827 = ORIENTED_EDGE('',*,*,#610,.F.);
#828 = B_SPLINE_SURFACE_WITH_KNOTS('',1,1,(
    (#829,#830)
    ,(#831,#832
    )),.UNSPECIFIED.,.F.,.F.,.F.,(2,2),(2,2),(-0.81,-0.55),(-1.E-02,0.44
    ),.PIECEWISE_BEZIER_KNOTS.);
#829 = CARTESIAN_POINT('',(0.405,-0.81,9.999999999941E-08));
#830 = CARTESIAN_POINT('',(0.405,-0.81,0.4500001));
#831 = CARTESIAN_POINT('',(0.405,-0.55,9.999999999941E-08));
#832 = CARTESIAN_POINT('',(0.405,-0.55,0.4500001));
#833 = ADVANCED_FACE('',(#834),#848,.F.);
#834 = FACE_BOUND('',#835,.T.);
#835 = EDGE_LOOP('',(#836,#837,#842,#843,#844,#845,#846,#847));
#836 = ORIENTED_EDGE('',*,*,#721,.F.);
#837 = ORIENTED_EDGE('',*,*,#838,.F.);
#838 = EDGE_CURVE('',#617,#715,#839,.T.);
#839 = B_SPLINE_CURVE_WITH_KNOTS('',1,(#840,#841),.UNSPECIFIED.,.F.,.F.,
  (2,2),(5.551115123126E-17,1.E-02),.PIECEWISE_BEZIER_KNOTS.);
#840 = CARTESIAN_POINT('',(-0.395,-0.65,0.4400001));
#841 = CARTESIAN_POINT('',(-0.395,-0.65,0.4500001));
#842 = ORIENTED_EDGE('',*,*,#616,.T.);
#843 = ORIENTED_EDGE('',*,*,#573,.T.);
#844 = ORIENTED_EDGE('',*,*,#537,.T.);
#845 = ORIENTED_EDGE('',*,*,#797,.F.);
#846 = ORIENTED_EDGE('',*,*,#769,.F.);
#847 = ORIENTED_EDGE('',*,*,#741,.F.);
#848 = B_SPLINE_SURFACE_WITH_KNOTS('',1,1,(
    (#849,#850)
    ,(#851,#852
    )),.UNSPECIFIED.,.F.,.F.,.F.,(2,2),(2,2),(-0.81,-0.55),(-1.E-02,0.44
    ),.PIECEWISE_BEZIER_KNOTS.);
#849 = CARTESIAN_POINT('',(-0.395,-0.81,9.999999999941E-08));
#850 = CARTESIAN_POINT('',(-0.395,-0.81,0.4500001));
#851 = CARTESIAN_POINT('',(-0.395,-0.55,9.999999999941E-08));
#852 = CARTESIAN_POINT('',(-0.395,-0.55,0.4500001));
#853 = ADVANCED_FACE('',(#854),#864,.F.);
#854 = FACE_BOUND('',#855,.T.);
#855 = EDGE_LOOP('',(#856,#857,#858,#859));
#856 = ORIENTED_EDGE('',*,*,#707,.T.);
#857 = ORIENTED_EDGE('',*,*,#672,.F.);
#858 = ORIENTED_EDGE('',*,*,#630,.F.);
#859 = ORIENTED_EDGE('',*,*,#860,.T.);
#860 = EDGE_CURVE('',#624,#708,#861,.T.);
#861 = B_SPLINE_CURVE_WITH_KNOTS('',1,(#862,#863),.UNSPECIFIED.,.F.,.F.,
  (2,2),(0.,1.E-02),.PIECEWISE_BEZIER_KNOTS.);
#862 = CARTESIAN_POINT('',(-9.5E-02,-0.65,0.4400001));
#863 = CARTESIAN_POINT('',(-9.5E-02,-0.65,0.4500001));
#864 = B_SPLINE_SURFACE_WITH_KNOTS('',1,1,(
    (#865,#866)
    ,(#867,#868
    )),.UNSPECIFIED.,.F.,.F.,.F.,(2,2),(2,2),(-1.E-01,0.),(0.,1.E-02),
  .PIECEWISE_BEZIER_KNOTS.);
#865 = CARTESIAN_POINT('',(-9.5E-02,-0.65,0.4400001));
#866 = CARTESIAN_POINT('',(-9.5E-02,-0.65,0.4500001));
#867 = CARTESIAN_POINT('',(-9.5E-02,-0.55,0.4400001));
#868 = CARTESIAN_POINT('',(-9.5E-02,-0.55,0.4500001));
#869 = ADVANCED_FACE('',(#870),#876,.F.);
#870 = FACE_BOUND('',#871,.T.);
#871 = EDGE_LOOP('',(#872,#873,#874,#875));
#872 = ORIENTED_EDGE('',*,*,#714,.T.);
#873 = ORIENTED_EDGE('',*,*,#860,.F.);
#874 = ORIENTED_EDGE('',*,*,#623,.F.);
#875 = ORIENTED_EDGE('',*,*,#838,.T.);
#876 = B_SPLINE_SURFACE_WITH_KNOTS('',1,1,(
    (#877,#878)
    ,(#879,#880
    )),.UNSPECIFIED.,.F.,.F.,.F.,(2,2),(2,2),(-1.E-02,0.),(0.,0.3),
  .PIECEWISE_BEZIER_KNOTS.);
#877 = CARTESIAN_POINT('',(-0.395,-0.65,0.4500001));
#878 = CARTESIAN_POINT('',(-9.5E-02,-0.65,0.4500001));
#879 = CARTESIAN_POINT('',(-0.395,-0.65,0.4400001));
#880 = CARTESIAN_POINT('',(-9.5E-02,-0.65,0.4400001));
#881 = ADVANCED_FACE('',(#882),#892,.F.);
#882 = FACE_BOUND('',#883,.T.);
#883 = EDGE_LOOP('',(#884,#885,#886,#887));
#884 = ORIENTED_EDGE('',*,*,#694,.T.);
#885 = ORIENTED_EDGE('',*,*,#817,.F.);
#886 = ORIENTED_EDGE('',*,*,#601,.F.);
#887 = ORIENTED_EDGE('',*,*,#888,.T.);
#888 = EDGE_CURVE('',#602,#695,#889,.T.);
#889 = B_SPLINE_CURVE_WITH_KNOTS('',1,(#890,#891),.UNSPECIFIED.,.F.,.F.,
  (2,2),(0.,1.E-02),.PIECEWISE_BEZIER_KNOTS.);
#890 = CARTESIAN_POINT('',(0.105,-0.65,0.4400001));
#891 = CARTESIAN_POINT('',(0.105,-0.65,0.4500001));
#892 = B_SPLINE_SURFACE_WITH_KNOTS('',1,1,(
    (#893,#894)
    ,(#895,#896
    )),.UNSPECIFIED.,.F.,.F.,.F.,(2,2),(2,2),(-1.E-02,0.),(-0.3,0.),
  .PIECEWISE_BEZIER_KNOTS.);
#893 = CARTESIAN_POINT('',(0.105,-0.65,0.4500001));
#894 = CARTESIAN_POINT('',(0.405,-0.65,0.4500001));
#895 = CARTESIAN_POINT('',(0.105,-0.65,0.4400001));
#896 = CARTESIAN_POINT('',(0.405,-0.65,0.4400001));
#897 = ADVANCED_FACE('',(#898),#904,.F.);
#898 = FACE_BOUND('',#899,.T.);
#899 = EDGE_LOOP('',(#900,#901,#902,#903));
#900 = ORIENTED_EDGE('',*,*,#701,.T.);
#901 = ORIENTED_EDGE('',*,*,#888,.F.);
#902 = ORIENTED_EDGE('',*,*,#644,.F.);
#903 = ORIENTED_EDGE('',*,*,#666,.T.);
#904 = B_SPLINE_SURFACE_WITH_KNOTS('',1,1,(
    (#905,#906)
    ,(#907,#908
    )),.UNSPECIFIED.,.F.,.F.,.F.,(2,2),(2,2),(0.,0.1),(0.,1.E-02),
  .PIECEWISE_BEZIER_KNOTS.);
#905 = CARTESIAN_POINT('',(0.105,-0.55,0.4400001));
#906 = CARTESIAN_POINT('',(0.105,-0.55,0.4500001));
#907 = CARTESIAN_POINT('',(0.105,-0.65,0.4400001));
#908 = CARTESIAN_POINT('',(0.105,-0.65,0.4500001));
#909 = MANIFOLD_SOLID_BREP('',#910);
#910 = CLOSED_SHELL('',(#911,#2316,#2352,#2372,#2392,#2404,#2416,#2444,
    #2466,#2488,#2510,#2532,#2548,#2562,#2596,#2618,#2646,#2674,#2702,
    #2730,#2758,#2786,#2808,#2836,#2864,#2892,#2920,#2942,#2964,#2992,
    #3014,#3036,#3058,#3080,#3102,#3124,#3146,#3168,#3190,#3212,#3228,
    #3248,#3372,#3392,#3412,#3432,#3452,#3472,#3488,#3500,#3528,#3550,
    #3572,#3600,#3628,#3656,#3678,#3693,#3805,#3825,#3841,#3857,#3873,
    #3889,#3905,#3921,#3933,#3961,#3983,#4011,#4033,#4061,#4077,#4091,
    #4119,#4141,#4163,#4185,#4207,#4229,#4251,#4273,#4295,#4317,#4339,
    #4355,#4375,#4567,#4591,#4607,#4627,#4647,#4663,#4683,#4703,#4723,
    #4743,#4759,#4775,#4791,#4807,#4823,#4857,#4885,#4913,#4941,#4969,
    #4997,#5019,#5035,#5051,#5085,#5107,#5135,#5163,#5191,#5219,#5247,
    #5275,#5303,#5331,#5359,#5387,#5409,#5437,#5465,#5493,#5521,#5549,
    #5577,#5605,#5627,#5656,#5684,#5706,#5734,#5756,#5778,#5800,#5822,
    #5844,#5866,#5894,#5922,#5944,#5972,#6000,#6016,#6039,#6067,#6089,
    #6111,#6133,#6155,#6177,#6199,#6221,#6243,#6265,#6287,#6303,#6323,
    #6447,#6467,#6487,#6507,#6527,#6547,#6563,#6575,#6603,#6625,#6647,
    #6675,#6703,#6731,#6753,#6768,#6880,#6900,#6916,#6932,#6948,#6964,
    #6980,#6996,#7008,#7036,#7058,#7086,#7108,#7136,#7152,#7166,#7486,
    #7510,#7530,#7550,#7570,#7590,#7610,#7630,#7650,#7670,#7690,#7710,
    #7730,#7746,#7762,#7778,#7794,#7814,#7834,#7854,#7874,#7894,#7914,
    #7934,#7950,#7970,#7990,#8006,#8026,#8046,#8066,#8082,#8102,#8118,
    #8161,#8189));
#911 = ADVANCED_FACE('',(#912,#1029,#1145,#1231,#1355,#1385,#1429,#1515,
    #1574,#1632,#1819,#1905,#1964,#2022),#2311,.F.);
#912 = FACE_BOUND('',#913,.T.);
#913 = EDGE_LOOP('',(#914,#923,#930,#939,#948,#955,#964,#973,#980,#987,
    #994,#1001,#1008,#1015,#1024));
#914 = ORIENTED_EDGE('',*,*,#915,.F.);
#915 = EDGE_CURVE('',#916,#918,#920,.T.);
#916 = VERTEX_POINT('',#917);
#917 = CARTESIAN_POINT('',(-0.395,0.361093857937,0.292907731928));
#918 = VERTEX_POINT('',#919);
#919 = CARTESIAN_POINT('',(-0.395,0.36725615652,0.292907731928));
#920 = B_SPLINE_CURVE_WITH_KNOTS('',1,(#921,#922),.UNSPECIFIED.,.F.,.F.,
  (2,2),(-6.16229858381E-03,1.110223024625E-16),
  .PIECEWISE_BEZIER_KNOTS.);
#921 = CARTESIAN_POINT('',(-0.395,0.361093857937,0.292907731928));
#922 = CARTESIAN_POINT('',(-0.395,0.36725615652,0.292907731928));
#923 = ORIENTED_EDGE('',*,*,#924,.F.);
#924 = EDGE_CURVE('',#925,#916,#927,.T.);
#925 = VERTEX_POINT('',#926);
#926 = CARTESIAN_POINT('',(-0.395,0.376475343379,0.253896014907));
#927 = B_SPLINE_CURVE_WITH_KNOTS('',1,(#928,#929),.UNSPECIFIED.,.F.,.F.,
  (2,2),(-4.193452228482E-02,0.),.PIECEWISE_BEZIER_KNOTS.);
#928 = CARTESIAN_POINT('',(-0.395,0.376475343379,0.253896014907));
#929 = CARTESIAN_POINT('',(-0.395,0.361093857937,0.292907731928));
#930 = ORIENTED_EDGE('',*,*,#931,.F.);
#931 = EDGE_CURVE('',#932,#925,#934,.T.);
#932 = VERTEX_POINT('',#933);
#933 = CARTESIAN_POINT('',(-0.395,0.388569460875,0.24305133984));
#934 = B_SPLINE_CURVE_WITH_KNOTS('',3,(#935,#936,#937,#938),
  .UNSPECIFIED.,.F.,.F.,(4,4),(1.,2.),.PIECEWISE_BEZIER_KNOTS.);
#935 = CARTESIAN_POINT('',(-0.395,0.388569460875,0.24305133984));
#936 = CARTESIAN_POINT('',(-0.395,0.383365472504,0.24305133984));
#937 = CARTESIAN_POINT('',(-0.395,0.379338143508,0.246666231529));
#938 = CARTESIAN_POINT('',(-0.395,0.376475343379,0.253896014907));
#939 = ORIENTED_EDGE('',*,*,#940,.F.);
#940 = EDGE_CURVE('',#941,#932,#943,.T.);
#941 = VERTEX_POINT('',#942);
#942 = CARTESIAN_POINT('',(-0.395,0.392402701727,0.243536560201));
#943 = B_SPLINE_CURVE_WITH_KNOTS('',3,(#944,#945,#946,#947),
  .UNSPECIFIED.,.F.,.F.,(4,4),(2.,3.),.PIECEWISE_BEZIER_KNOTS.);
#944 = CARTESIAN_POINT('',(-0.395,0.392402701727,0.243536560201));
#945 = CARTESIAN_POINT('',(-0.395,0.391347347442,0.243221166967));
#946 = CARTESIAN_POINT('',(-0.395,0.390061513485,0.24305133984));
#947 = CARTESIAN_POINT('',(-0.395,0.388569460875,0.24305133984));
#948 = ORIENTED_EDGE('',*,*,#949,.F.);
#949 = EDGE_CURVE('',#950,#941,#952,.T.);
#950 = VERTEX_POINT('',#951);
#951 = CARTESIAN_POINT('',(-0.395,0.392402701727,0.248825462136));
#952 = B_SPLINE_CURVE_WITH_KNOTS('',1,(#953,#954),.UNSPECIFIED.,.F.,.F.,
  (2,2),(-5.288901934451E-03,-1.13795474955E-30),
  .PIECEWISE_BEZIER_KNOTS.);
#953 = CARTESIAN_POINT('',(-0.395,0.392402701727,0.248825462136));
#954 = CARTESIAN_POINT('',(-0.395,0.392402701727,0.243536560201));
#955 = ORIENTED_EDGE('',*,*,#956,.F.);
#956 = EDGE_CURVE('',#957,#950,#959,.T.);
#957 = VERTEX_POINT('',#958);
#958 = CARTESIAN_POINT('',(-0.395,0.389030420218,0.24814615363));
#959 = B_SPLINE_CURVE_WITH_KNOTS('',3,(#960,#961,#962,#963),
  .UNSPECIFIED.,.F.,.F.,(4,4),(4.,5.),.PIECEWISE_BEZIER_KNOTS.);
#960 = CARTESIAN_POINT('',(-0.395,0.389030420218,0.24814615363));
#961 = CARTESIAN_POINT('',(-0.395,0.39012216603,0.24814615363));
#962 = CARTESIAN_POINT('',(-0.395,0.39123817286,0.248364502793));
#963 = CARTESIAN_POINT('',(-0.395,0.392402701727,0.248825462136));
#964 = ORIENTED_EDGE('',*,*,#965,.F.);
#965 = EDGE_CURVE('',#966,#957,#968,.T.);
#966 = VERTEX_POINT('',#967);
#967 = CARTESIAN_POINT('',(-0.395,0.382940904688,0.252925574185));
#968 = B_SPLINE_CURVE_WITH_KNOTS('',3,(#969,#970,#971,#972),
  .UNSPECIFIED.,.F.,.F.,(4,4),(5.,6.),.PIECEWISE_BEZIER_KNOTS.);
#969 = CARTESIAN_POINT('',(-0.395,0.382940904688,0.252925574185));
#970 = CARTESIAN_POINT('',(-0.395,0.38428739119,0.249723119803));
#971 = CARTESIAN_POINT('',(-0.395,0.386313186197,0.24814615363));
#972 = CARTESIAN_POINT('',(-0.395,0.389030420218,0.24814615363));
#973 = ORIENTED_EDGE('',*,*,#974,.F.);
#974 = EDGE_CURVE('',#975,#966,#977,.T.);
#975 = VERTEX_POINT('',#976);
#976 = CARTESIAN_POINT('',(-0.395,0.380332845248,0.25908787277));
#977 = B_SPLINE_CURVE_WITH_KNOTS('',1,(#978,#979),.UNSPECIFIED.,.F.,.F.,
  (2,2),(-6.691479498856E-03,2.163592999568E-17),
  .PIECEWISE_BEZIER_KNOTS.);
#978 = CARTESIAN_POINT('',(-0.395,0.380332845248,0.25908787277));
#979 = CARTESIAN_POINT('',(-0.395,0.382940904688,0.252925574185));
#980 = ORIENTED_EDGE('',*,*,#981,.F.);
#981 = EDGE_CURVE('',#982,#975,#984,.T.);
#982 = VERTEX_POINT('',#983);
#983 = CARTESIAN_POINT('',(-0.395,0.393627883138,0.292907731928));
#984 = B_SPLINE_CURVE_WITH_KNOTS('',1,(#985,#986),.UNSPECIFIED.,.F.,.F.,
  (2,2),(-3.633924746009E-02,-2.030924993009E-17),
  .PIECEWISE_BEZIER_KNOTS.);
#985 = CARTESIAN_POINT('',(-0.395,0.393627883138,0.292907731928));
#986 = CARTESIAN_POINT('',(-0.395,0.380332845248,0.25908787277));
#987 = ORIENTED_EDGE('',*,*,#988,.F.);
#988 = EDGE_CURVE('',#989,#982,#991,.T.);
#989 = VERTEX_POINT('',#990);
#990 = CARTESIAN_POINT('',(-0.395,0.386980364193,0.292907731928));
#991 = B_SPLINE_CURVE_WITH_KNOTS('',1,(#992,#993),.UNSPECIFIED.,.F.,.F.,
  (2,2),(-6.647518945013E-03,5.551115123126E-17),
  .PIECEWISE_BEZIER_KNOTS.);
#992 = CARTESIAN_POINT('',(-0.395,0.386980364193,0.292907731928));
#993 = CARTESIAN_POINT('',(-0.395,0.393627883138,0.292907731928));
#994 = ORIENTED_EDGE('',*,*,#995,.F.);
#995 = EDGE_CURVE('',#996,#989,#998,.T.);
#996 = VERTEX_POINT('',#997);
#997 = CARTESIAN_POINT('',(-0.395,0.378125092606,0.267433662978));
#998 = B_SPLINE_CURVE_WITH_KNOTS('',1,(#999,#1000),.UNSPECIFIED.,.F.,.F.
  ,(2,2),(-2.696931633811E-02,0.),.PIECEWISE_BEZIER_KNOTS.);
#999 = CARTESIAN_POINT('',(-0.395,0.378125092606,0.267433662978));
#1000 = CARTESIAN_POINT('',(-0.395,0.386980364193,0.292907731928));
#1001 = ORIENTED_EDGE('',*,*,#1002,.F.);
#1002 = EDGE_CURVE('',#1003,#996,#1005,.T.);
#1003 = VERTEX_POINT('',#1004);
#1004 = CARTESIAN_POINT('',(-0.395,0.377397262064,0.264643645902));
#1005 = B_SPLINE_CURVE_WITH_KNOTS('',1,(#1006,#1007),.UNSPECIFIED.,.F.,
  .F.,(2,2),(-2.883389078644E-03,5.371354874141E-17),
  .PIECEWISE_BEZIER_KNOTS.);
#1006 = CARTESIAN_POINT('',(-0.395,0.377397262064,0.264643645902));
#1007 = CARTESIAN_POINT('',(-0.395,0.378125092606,0.267433662978));
#1008 = ORIENTED_EDGE('',*,*,#1009,.F.);
#1009 = EDGE_CURVE('',#1010,#1003,#1012,.T.);
#1010 = VERTEX_POINT('',#1011);
#1011 = CARTESIAN_POINT('',(-0.395,0.377239565447,0.264643645902));
#1012 = B_SPLINE_CURVE_WITH_KNOTS('',1,(#1013,#1014),.UNSPECIFIED.,.F.,
  .F.,(2,2),(-1.576966171281E-04,5.551115123126E-17),
  .PIECEWISE_BEZIER_KNOTS.);
#1013 = CARTESIAN_POINT('',(-0.395,0.377239565447,0.264643645902));
#1014 = CARTESIAN_POINT('',(-0.395,0.377397262064,0.264643645902));
#1015 = ORIENTED_EDGE('',*,*,#1016,.F.);
#1016 = EDGE_CURVE('',#1017,#1010,#1019,.T.);
#1017 = VERTEX_POINT('',#1018);
#1018 = CARTESIAN_POINT('',(-0.395,0.376511734906,0.267385140942));
#1019 = B_SPLINE_CURVE_WITH_KNOTS('',3,(#1020,#1021,#1022,#1023),
  .UNSPECIFIED.,.F.,.F.,(4,4),(12.,13.),.PIECEWISE_BEZIER_KNOTS.);
#1020 = CARTESIAN_POINT('',(-0.395,0.376511734906,0.267385140942));
#1021 = CARTESIAN_POINT('',(-0.395,0.376875650176,0.266196351057));
#1022 = CARTESIAN_POINT('',(-0.395,0.377118260357,0.265274432372));
#1023 = CARTESIAN_POINT('',(-0.395,0.377239565447,0.264643645902));
#1024 = ORIENTED_EDGE('',*,*,#1025,.F.);
#1025 = EDGE_CURVE('',#918,#1017,#1026,.T.);
#1026 = B_SPLINE_CURVE_WITH_KNOTS('',1,(#1027,#1028),.UNSPECIFIED.,.F.,
  .F.,(2,2),(-2.71490033312E-02,1.892473934332E-17),
  .PIECEWISE_BEZIER_KNOTS.);
#1027 = CARTESIAN_POINT('',(-0.395,0.36725615652,0.292907731928));
#1028 = CARTESIAN_POINT('',(-0.395,0.376511734906,0.267385140942));
#1029 = FACE_BOUND('',#1030,.T.);
#1030 = EDGE_LOOP('',(#1031,#1042,#1051,#1058,#1065,#1072,#1079,#1088,
    #1097,#1106,#1115,#1122,#1131,#1140));
#1031 = ORIENTED_EDGE('',*,*,#1032,.F.);
#1032 = EDGE_CURVE('',#1033,#1035,#1037,.T.);
#1033 = VERTEX_POINT('',#1034);
#1034 = CARTESIAN_POINT('',(-0.395,0.439917905572,0.293684084505));
#1035 = VERTEX_POINT('',#1036);
#1036 = CARTESIAN_POINT('',(-0.395,0.451587455253,0.290530152159));
#1037 = B_SPLINE_CURVE_WITH_KNOTS('',3,(#1038,#1039,#1040,#1041),
  .UNSPECIFIED.,.F.,.F.,(4,4),(0.,1.),.PIECEWISE_BEZIER_KNOTS.);
#1038 = CARTESIAN_POINT('',(-0.395,0.439917905572,0.293684084505));
#1039 = CARTESIAN_POINT('',(-0.395,0.444333410857,0.293684084505));
#1040 = CARTESIAN_POINT('',(-0.395,0.448227304254,0.292640860729));
#1041 = CARTESIAN_POINT('',(-0.395,0.451587455253,0.290530152159));
#1042 = ORIENTED_EDGE('',*,*,#1043,.F.);
#1043 = EDGE_CURVE('',#1044,#1033,#1046,.T.);
#1044 = VERTEX_POINT('',#1045);
#1045 = CARTESIAN_POINT('',(-0.395,0.427666091459,0.28082574494));
#1046 = B_SPLINE_CURVE_WITH_KNOTS('',3,(#1047,#1048,#1049,#1050),
  .UNSPECIFIED.,.F.,.F.,(4,4),(1.,2.),.PIECEWISE_BEZIER_KNOTS.);
#1047 = CARTESIAN_POINT('',(-0.395,0.427666091459,0.28082574494));
#1048 = CARTESIAN_POINT('',(-0.395,0.427666091459,0.289414145329));
#1049 = CARTESIAN_POINT('',(-0.395,0.431754073,0.293684084505));
#1050 = CARTESIAN_POINT('',(-0.395,0.439917905572,0.293684084505));
#1051 = ORIENTED_EDGE('',*,*,#1052,.F.);
#1052 = EDGE_CURVE('',#1053,#1044,#1055,.T.);
#1053 = VERTEX_POINT('',#1054);
#1054 = CARTESIAN_POINT('',(-0.395,0.427666091459,0.259015089715));
#1055 = B_SPLINE_CURVE_WITH_KNOTS('',1,(#1056,#1057),.UNSPECIFIED.,.F.,
  .F.,(2,2),(-2.181065522434E-02,6.89861333177E-31),
  .PIECEWISE_BEZIER_KNOTS.);
#1056 = CARTESIAN_POINT('',(-0.395,0.427666091459,0.259015089715));
#1057 = CARTESIAN_POINT('',(-0.395,0.427666091459,0.28082574494));
#1058 = ORIENTED_EDGE('',*,*,#1059,.F.);
#1059 = EDGE_CURVE('',#1060,#1053,#1062,.T.);
#1060 = VERTEX_POINT('',#1061);
#1061 = CARTESIAN_POINT('',(-0.395,0.43361004088,0.259015089715));
#1062 = B_SPLINE_CURVE_WITH_KNOTS('',1,(#1063,#1064),.UNSPECIFIED.,.F.,
  .F.,(2,2),(-5.943949421631E-03,0.),.PIECEWISE_BEZIER_KNOTS.);
#1063 = CARTESIAN_POINT('',(-0.395,0.43361004088,0.259015089715));
#1064 = CARTESIAN_POINT('',(-0.395,0.427666091459,0.259015089715));
#1065 = ORIENTED_EDGE('',*,*,#1066,.F.);
#1066 = EDGE_CURVE('',#1067,#1060,#1069,.T.);
#1067 = VERTEX_POINT('',#1068);
#1068 = CARTESIAN_POINT('',(-0.395,0.43361004088,0.264255469614));
#1069 = B_SPLINE_CURVE_WITH_KNOTS('',1,(#1070,#1071),.UNSPECIFIED.,.F.,
  .F.,(2,2),(-5.240379898088E-03,-5.551115123126E-17),
  .PIECEWISE_BEZIER_KNOTS.);
#1070 = CARTESIAN_POINT('',(-0.395,0.43361004088,0.264255469614));
#1071 = CARTESIAN_POINT('',(-0.395,0.43361004088,0.259015089715));
#1072 = ORIENTED_EDGE('',*,*,#1073,.F.);
#1073 = EDGE_CURVE('',#1074,#1067,#1076,.T.);
#1074 = VERTEX_POINT('',#1075);
#1075 = CARTESIAN_POINT('',(-0.395,0.433767737497,0.264255469614));
#1076 = B_SPLINE_CURVE_WITH_KNOTS('',1,(#1077,#1078),.UNSPECIFIED.,.F.,
  .F.,(2,2),(-1.576966172898E-04,0.),.PIECEWISE_BEZIER_KNOTS.);
#1077 = CARTESIAN_POINT('',(-0.395,0.433767737497,0.264255469614));
#1078 = CARTESIAN_POINT('',(-0.395,0.43361004088,0.264255469614));
#1079 = ORIENTED_EDGE('',*,*,#1080,.F.);
#1080 = EDGE_CURVE('',#1081,#1074,#1083,.T.);
#1081 = VERTEX_POINT('',#1082);
#1082 = CARTESIAN_POINT('',(-0.395,0.444151453222,0.25821447612));
#1083 = B_SPLINE_CURVE_WITH_KNOTS('',3,(#1084,#1085,#1086,#1087),
  .UNSPECIFIED.,.F.,.F.,(4,4),(6.,7.),.PIECEWISE_BEZIER_KNOTS.);
#1084 = CARTESIAN_POINT('',(-0.395,0.444151453222,0.25821447612));
#1085 = CARTESIAN_POINT('',(-0.395,0.43957825132,0.25821447612));
#1086 = CARTESIAN_POINT('',(-0.395,0.436108925739,0.260228140618));
#1087 = CARTESIAN_POINT('',(-0.395,0.433767737497,0.264255469614));
#1088 = ORIENTED_EDGE('',*,*,#1089,.F.);
#1089 = EDGE_CURVE('',#1090,#1081,#1092,.T.);
#1090 = VERTEX_POINT('',#1091);
#1091 = CARTESIAN_POINT('',(-0.395,0.451987762051,0.260883188105));
#1092 = B_SPLINE_CURVE_WITH_KNOTS('',3,(#1093,#1094,#1095,#1096),
  .UNSPECIFIED.,.F.,.F.,(4,4),(7.,8.),.PIECEWISE_BEZIER_KNOTS.);
#1093 = CARTESIAN_POINT('',(-0.395,0.451987762051,0.260883188105));
#1094 = CARTESIAN_POINT('',(-0.395,0.450046880607,0.259112133788));
#1095 = CARTESIAN_POINT('',(-0.395,0.447438821167,0.25821447612));
#1096 = CARTESIAN_POINT('',(-0.395,0.444151453222,0.25821447612));
#1097 = ORIENTED_EDGE('',*,*,#1098,.F.);
#1098 = EDGE_CURVE('',#1099,#1090,#1101,.T.);
#1099 = VERTEX_POINT('',#1100);
#1100 = CARTESIAN_POINT('',(-0.395,0.454899084217,0.268088710465));
#1101 = B_SPLINE_CURVE_WITH_KNOTS('',3,(#1102,#1103,#1104,#1105),
  .UNSPECIFIED.,.F.,.F.,(4,4),(8.,9.),.PIECEWISE_BEZIER_KNOTS.);
#1102 = CARTESIAN_POINT('',(-0.395,0.454899084217,0.268088710465));
#1103 = CARTESIAN_POINT('',(-0.395,0.454899084217,0.265056083209));
#1104 = CARTESIAN_POINT('',(-0.395,0.453928643495,0.262654242422));
#1105 = CARTESIAN_POINT('',(-0.395,0.451987762051,0.260883188105));
#1106 = ORIENTED_EDGE('',*,*,#1107,.F.);
#1107 = EDGE_CURVE('',#1108,#1099,#1110,.T.);
#1108 = VERTEX_POINT('',#1109);
#1109 = CARTESIAN_POINT('',(-0.395,0.443654102352,0.279151734695));
#1110 = B_SPLINE_CURVE_WITH_KNOTS('',3,(#1111,#1112,#1113,#1114),
  .UNSPECIFIED.,.F.,.F.,(4,4),(9.,10.),.PIECEWISE_BEZIER_KNOTS.);
#1111 = CARTESIAN_POINT('',(-0.395,0.443654102352,0.279151734695));
#1112 = CARTESIAN_POINT('',(-0.395,0.451150756928,0.278108510919));
#1113 = CARTESIAN_POINT('',(-0.395,0.454899084217,0.274420836175));
#1114 = CARTESIAN_POINT('',(-0.395,0.454899084217,0.268088710465));
#1115 = ORIENTED_EDGE('',*,*,#1116,.F.);
#1116 = EDGE_CURVE('',#1117,#1108,#1119,.T.);
#1117 = VERTEX_POINT('',#1118);
#1118 = CARTESIAN_POINT('',(-0.395,0.43361004088,0.280558873742));
#1119 = B_SPLINE_CURVE_WITH_KNOTS('',1,(#1120,#1121),.UNSPECIFIED.,.F.,
  .F.,(2,2),(-1.014215022288E-02,5.497428090463E-17),
  .PIECEWISE_BEZIER_KNOTS.);
#1120 = CARTESIAN_POINT('',(-0.395,0.43361004088,0.280558873742));
#1121 = CARTESIAN_POINT('',(-0.395,0.443654102352,0.279151734695));
#1122 = ORIENTED_EDGE('',*,*,#1123,.F.);
#1123 = EDGE_CURVE('',#1124,#1117,#1126,.T.);
#1124 = VERTEX_POINT('',#1125);
#1125 = CARTESIAN_POINT('',(-0.395,0.440475908988,0.288856141914));
#1126 = B_SPLINE_CURVE_WITH_KNOTS('',3,(#1127,#1128,#1129,#1130),
  .UNSPECIFIED.,.F.,.F.,(4,4),(11.,12.),.PIECEWISE_BEZIER_KNOTS.);
#1127 = CARTESIAN_POINT('',(-0.395,0.440475908988,0.288856141914));
#1128 = CARTESIAN_POINT('',(-0.395,0.435902707086,0.288856141914));
#1129 = CARTESIAN_POINT('',(-0.395,0.43361004088,0.286090385856));
#1130 = CARTESIAN_POINT('',(-0.395,0.43361004088,0.280558873742));
#1131 = ORIENTED_EDGE('',*,*,#1132,.F.);
#1132 = EDGE_CURVE('',#1133,#1124,#1135,.T.);
#1133 = VERTEX_POINT('',#1134);
#1134 = CARTESIAN_POINT('',(-0.395,0.451587455253,0.284756029864));
#1135 = B_SPLINE_CURVE_WITH_KNOTS('',3,(#1136,#1137,#1138,#1139),
  .UNSPECIFIED.,.F.,.F.,(4,4),(12.,13.),.PIECEWISE_BEZIER_KNOTS.);
#1136 = CARTESIAN_POINT('',(-0.395,0.451587455253,0.284756029864));
#1137 = CARTESIAN_POINT('',(-0.395,0.448239434763,0.287473263885));
#1138 = CARTESIAN_POINT('',(-0.395,0.444539629511,0.288856141914));
#1139 = CARTESIAN_POINT('',(-0.395,0.440475908988,0.288856141914));
#1140 = ORIENTED_EDGE('',*,*,#1141,.F.);
#1141 = EDGE_CURVE('',#1035,#1133,#1142,.T.);
#1142 = B_SPLINE_CURVE_WITH_KNOTS('',1,(#1143,#1144),.UNSPECIFIED.,.F.,
  .F.,(2,2),(-5.774122295494E-03,-2.084656599985E-30),
  .PIECEWISE_BEZIER_KNOTS.);
#1143 = CARTESIAN_POINT('',(-0.395,0.451587455253,0.290530152159));
#1144 = CARTESIAN_POINT('',(-0.395,0.451587455253,0.284756029864));
#1145 = FACE_BOUND('',#1146,.T.);
#1146 = EDGE_LOOP('',(#1147,#1156,#1163,#1170,#1177,#1184,#1191,#1198,
    #1205,#1212,#1219,#1226));
#1147 = ORIENTED_EDGE('',*,*,#1148,.F.);
#1148 = EDGE_CURVE('',#1149,#1151,#1153,.T.);
#1149 = VERTEX_POINT('',#1150);
#1150 = CARTESIAN_POINT('',(-0.395,0.460588292949,0.259015089715));
#1151 = VERTEX_POINT('',#1152);
#1152 = CARTESIAN_POINT('',(-0.395,0.460588292949,0.26442529674));
#1153 = B_SPLINE_CURVE_WITH_KNOTS('',1,(#1154,#1155),.UNSPECIFIED.,.F.,
  .F.,(2,2),(-5.41020702455E-03,0.),.PIECEWISE_BEZIER_KNOTS.);
#1154 = CARTESIAN_POINT('',(-0.395,0.460588292949,0.259015089715));
#1155 = CARTESIAN_POINT('',(-0.395,0.460588292949,0.26442529674));
#1156 = ORIENTED_EDGE('',*,*,#1157,.F.);
#1157 = EDGE_CURVE('',#1158,#1149,#1160,.T.);
#1158 = VERTEX_POINT('',#1159);
#1159 = CARTESIAN_POINT('',(-0.395,0.486110883935,0.259015089715));
#1160 = B_SPLINE_CURVE_WITH_KNOTS('',1,(#1161,#1162),.UNSPECIFIED.,.F.,
  .F.,(2,2),(-2.552259098589E-02,0.),.PIECEWISE_BEZIER_KNOTS.);
#1161 = CARTESIAN_POINT('',(-0.395,0.486110883935,0.259015089715));
#1162 = CARTESIAN_POINT('',(-0.395,0.460588292949,0.259015089715));
#1163 = ORIENTED_EDGE('',*,*,#1164,.F.);
#1164 = EDGE_CURVE('',#1165,#1158,#1167,.T.);
#1165 = VERTEX_POINT('',#1166);
#1166 = CARTESIAN_POINT('',(-0.395,0.486110883935,0.306469641016));
#1167 = B_SPLINE_CURVE_WITH_KNOTS('',1,(#1168,#1169),.UNSPECIFIED.,.F.,
  .F.,(2,2),(-4.745455130064E-02,0.),.PIECEWISE_BEZIER_KNOTS.);
#1168 = CARTESIAN_POINT('',(-0.395,0.486110883935,0.306469641016));
#1169 = CARTESIAN_POINT('',(-0.395,0.486110883935,0.259015089715));
#1170 = ORIENTED_EDGE('',*,*,#1171,.F.);
#1171 = EDGE_CURVE('',#1172,#1165,#1174,.T.);
#1172 = VERTEX_POINT('',#1173);
#1173 = CARTESIAN_POINT('',(-0.395,0.461667908252,0.306469641016));
#1174 = B_SPLINE_CURVE_WITH_KNOTS('',1,(#1175,#1176),.UNSPECIFIED.,.F.,
  .F.,(2,2),(-2.444297568271E-02,0.),.PIECEWISE_BEZIER_KNOTS.);
#1175 = CARTESIAN_POINT('',(-0.395,0.461667908252,0.306469641016));
#1176 = CARTESIAN_POINT('',(-0.395,0.486110883935,0.306469641016));
#1177 = ORIENTED_EDGE('',*,*,#1178,.F.);
#1178 = EDGE_CURVE('',#1179,#1172,#1181,.T.);
#1179 = VERTEX_POINT('',#1180);
#1180 = CARTESIAN_POINT('',(-0.395,0.461667908252,0.301010911956));
#1181 = B_SPLINE_CURVE_WITH_KNOTS('',1,(#1182,#1183),.UNSPECIFIED.,.F.,
  .F.,(2,2),(-5.458729060589E-03,-5.551115123126E-17),
  .PIECEWISE_BEZIER_KNOTS.);
#1182 = CARTESIAN_POINT('',(-0.395,0.461667908252,0.301010911956));
#1183 = CARTESIAN_POINT('',(-0.395,0.461667908252,0.306469641016));
#1184 = ORIENTED_EDGE('',*,*,#1185,.F.);
#1185 = EDGE_CURVE('',#1186,#1179,#1188,.T.);
#1186 = VERTEX_POINT('',#1187);
#1187 = CARTESIAN_POINT('',(-0.395,0.479984976878,0.301010911956));
#1188 = B_SPLINE_CURVE_WITH_KNOTS('',1,(#1189,#1190),.UNSPECIFIED.,.F.,
  .F.,(2,2),(-1.831706862577E-02,4.928625206772E-31),
  .PIECEWISE_BEZIER_KNOTS.);
#1189 = CARTESIAN_POINT('',(-0.395,0.479984976878,0.301010911956));
#1190 = CARTESIAN_POINT('',(-0.395,0.461667908252,0.301010911956));
#1191 = ORIENTED_EDGE('',*,*,#1192,.F.);
#1192 = EDGE_CURVE('',#1193,#1186,#1195,.T.);
#1193 = VERTEX_POINT('',#1194);
#1194 = CARTESIAN_POINT('',(-0.395,0.479984976878,0.285823514658));
#1195 = B_SPLINE_CURVE_WITH_KNOTS('',1,(#1196,#1197),.UNSPECIFIED.,.F.,
  .F.,(2,2),(-1.518739729783E-02,0.),.PIECEWISE_BEZIER_KNOTS.);
#1196 = CARTESIAN_POINT('',(-0.395,0.479984976878,0.285823514658));
#1197 = CARTESIAN_POINT('',(-0.395,0.479984976878,0.301010911956));
#1198 = ORIENTED_EDGE('',*,*,#1199,.F.);
#1199 = EDGE_CURVE('',#1200,#1193,#1202,.T.);
#1200 = VERTEX_POINT('',#1201);
#1201 = CARTESIAN_POINT('',(-0.395,0.463014394754,0.285823514658));
#1202 = B_SPLINE_CURVE_WITH_KNOTS('',1,(#1203,#1204),.UNSPECIFIED.,.F.,
  .F.,(2,2),(-1.697058212422E-02,0.),.PIECEWISE_BEZIER_KNOTS.);
#1203 = CARTESIAN_POINT('',(-0.395,0.463014394754,0.285823514658));
#1204 = CARTESIAN_POINT('',(-0.395,0.479984976878,0.285823514658));
#1205 = ORIENTED_EDGE('',*,*,#1206,.F.);
#1206 = EDGE_CURVE('',#1207,#1200,#1209,.T.);
#1207 = VERTEX_POINT('',#1208);
#1208 = CARTESIAN_POINT('',(-0.395,0.463014394754,0.280389046615));
#1209 = B_SPLINE_CURVE_WITH_KNOTS('',1,(#1210,#1211),.UNSPECIFIED.,.F.,
  .F.,(2,2),(-5.434468042569E-03,-5.551115123126E-17),
  .PIECEWISE_BEZIER_KNOTS.);
#1210 = CARTESIAN_POINT('',(-0.395,0.463014394754,0.280389046615));
#1211 = CARTESIAN_POINT('',(-0.395,0.463014394754,0.285823514658));
#1212 = ORIENTED_EDGE('',*,*,#1213,.F.);
#1213 = EDGE_CURVE('',#1214,#1207,#1216,.T.);
#1214 = VERTEX_POINT('',#1215);
#1215 = CARTESIAN_POINT('',(-0.395,0.479984976878,0.280389046615));
#1216 = B_SPLINE_CURVE_WITH_KNOTS('',1,(#1217,#1218),.UNSPECIFIED.,.F.,
  .F.,(2,2),(-1.697058212422E-02,5.319674097349E-31),
  .PIECEWISE_BEZIER_KNOTS.);
#1217 = CARTESIAN_POINT('',(-0.395,0.479984976878,0.280389046615));
#1218 = CARTESIAN_POINT('',(-0.395,0.463014394754,0.280389046615));
#1219 = ORIENTED_EDGE('',*,*,#1220,.F.);
#1220 = EDGE_CURVE('',#1221,#1214,#1223,.T.);
#1221 = VERTEX_POINT('',#1222);
#1222 = CARTESIAN_POINT('',(-0.395,0.479984976878,0.26442529674));
#1223 = B_SPLINE_CURVE_WITH_KNOTS('',1,(#1224,#1225),.UNSPECIFIED.,.F.,
  .F.,(2,2),(-1.596374987511E-02,5.551115123126E-17),
  .PIECEWISE_BEZIER_KNOTS.);
#1224 = CARTESIAN_POINT('',(-0.395,0.479984976878,0.26442529674));
#1225 = CARTESIAN_POINT('',(-0.395,0.479984976878,0.280389046615));
#1226 = ORIENTED_EDGE('',*,*,#1227,.F.);
#1227 = EDGE_CURVE('',#1151,#1221,#1228,.T.);
#1228 = B_SPLINE_CURVE_WITH_KNOTS('',1,(#1229,#1230),.UNSPECIFIED.,.F.,
  .F.,(2,2),(-1.939668392894E-02,0.),.PIECEWISE_BEZIER_KNOTS.);
#1229 = CARTESIAN_POINT('',(-0.395,0.460588292949,0.26442529674));
#1230 = CARTESIAN_POINT('',(-0.395,0.479984976878,0.26442529674));
#1231 = FACE_BOUND('',#1232,.T.);
#1232 = EDGE_LOOP('',(#1233,#1244,#1253,#1262,#1271,#1280,#1289,#1296,
    #1305,#1314,#1323,#1332,#1341,#1350));
#1233 = ORIENTED_EDGE('',*,*,#1234,.F.);
#1234 = EDGE_CURVE('',#1235,#1237,#1239,.T.);
#1235 = VERTEX_POINT('',#1236);
#1236 = CARTESIAN_POINT('',(-0.395,0.436751842717,0.333496415121));
#1237 = VERTEX_POINT('',#1238);
#1238 = CARTESIAN_POINT('',(-0.395,0.423614501445,0.336262171178));
#1239 = B_SPLINE_CURVE_WITH_KNOTS('',3,(#1240,#1241,#1242,#1243),
  .UNSPECIFIED.,.F.,.F.,(4,4),(0.,1.),.PIECEWISE_BEZIER_KNOTS.);
#1240 = CARTESIAN_POINT('',(-0.395,0.436751842717,0.333496415121));
#1241 = CARTESIAN_POINT('',(-0.395,0.431487201801,0.333496415121));
#1242 = CARTESIAN_POINT('',(-0.395,0.427108088043,0.334418333807));
#1243 = CARTESIAN_POINT('',(-0.395,0.423614501445,0.336262171178));
#1244 = ORIENTED_EDGE('',*,*,#1245,.F.);
#1245 = EDGE_CURVE('',#1246,#1235,#1248,.T.);
#1246 = VERTEX_POINT('',#1247);
#1247 = CARTESIAN_POINT('',(-0.395,0.453055246845,0.33997410694));
#1248 = B_SPLINE_CURVE_WITH_KNOTS('',3,(#1249,#1250,#1251,#1252),
  .UNSPECIFIED.,.F.,.F.,(4,4),(1.,2.),.PIECEWISE_BEZIER_KNOTS.);
#1249 = CARTESIAN_POINT('',(-0.395,0.453055246845,0.33997410694));
#1250 = CARTESIAN_POINT('',(-0.395,0.448991526322,0.335655645727));
#1251 = CARTESIAN_POINT('',(-0.395,0.44355705828,0.333496415121));
#1252 = CARTESIAN_POINT('',(-0.395,0.436751842717,0.333496415121));
#1253 = ORIENTED_EDGE('',*,*,#1254,.F.);
#1254 = EDGE_CURVE('',#1255,#1246,#1257,.T.);
#1255 = VERTEX_POINT('',#1256);
#1256 = CARTESIAN_POINT('',(-0.395,0.459144762375,0.357126646699));
#1257 = B_SPLINE_CURVE_WITH_KNOTS('',3,(#1258,#1259,#1260,#1261),
  .UNSPECIFIED.,.F.,.F.,(4,4),(2.,3.),.PIECEWISE_BEZIER_KNOTS.);
#1258 = CARTESIAN_POINT('',(-0.395,0.459144762375,0.357126646699));
#1259 = CARTESIAN_POINT('',(-0.395,0.459144762375,0.350018168411));
#1260 = CARTESIAN_POINT('',(-0.395,0.457118967368,0.344292568152));
#1261 = CARTESIAN_POINT('',(-0.395,0.453055246845,0.33997410694));
#1262 = ORIENTED_EDGE('',*,*,#1263,.F.);
#1263 = EDGE_CURVE('',#1264,#1255,#1266,.T.);
#1264 = VERTEX_POINT('',#1265);
#1265 = CARTESIAN_POINT('',(-0.395,0.452291024777,0.375565020415));
#1266 = B_SPLINE_CURVE_WITH_KNOTS('',3,(#1267,#1268,#1269,#1270),
  .UNSPECIFIED.,.F.,.F.,(4,4),(3.,4.),.PIECEWISE_BEZIER_KNOTS.);
#1267 = CARTESIAN_POINT('',(-0.395,0.452291024777,0.375565020415));
#1268 = CARTESIAN_POINT('',(-0.395,0.456864226679,0.37090690495));
#1269 = CARTESIAN_POINT('',(-0.395,0.459144762375,0.364768867384));
#1270 = CARTESIAN_POINT('',(-0.395,0.459144762375,0.357126646699));
#1271 = ORIENTED_EDGE('',*,*,#1272,.F.);
#1272 = EDGE_CURVE('',#1273,#1264,#1275,.T.);
#1273 = VERTEX_POINT('',#1274);
#1274 = CARTESIAN_POINT('',(-0.395,0.43485948331,0.382552193613));
#1275 = B_SPLINE_CURVE_WITH_KNOTS('',3,(#1276,#1277,#1278,#1279),
  .UNSPECIFIED.,.F.,.F.,(4,4),(4.,5.),.PIECEWISE_BEZIER_KNOTS.);
#1276 = CARTESIAN_POINT('',(-0.395,0.43485948331,0.382552193613));
#1277 = CARTESIAN_POINT('',(-0.395,0.441907309052,0.382552193613));
#1278 = CARTESIAN_POINT('',(-0.395,0.447717822875,0.38022313588));
#1279 = CARTESIAN_POINT('',(-0.395,0.452291024777,0.375565020415));
#1280 = ORIENTED_EDGE('',*,*,#1281,.F.);
#1281 = EDGE_CURVE('',#1282,#1273,#1284,.T.);
#1282 = VERTEX_POINT('',#1283);
#1283 = CARTESIAN_POINT('',(-0.395,0.423614501445,0.380611312169));
#1284 = B_SPLINE_CURVE_WITH_KNOTS('',3,(#1285,#1286,#1287,#1288),
  .UNSPECIFIED.,.F.,.F.,(4,4),(5.,6.),.PIECEWISE_BEZIER_KNOTS.);
#1285 = CARTESIAN_POINT('',(-0.395,0.423614501445,0.380611312169));
#1286 = CARTESIAN_POINT('',(-0.395,0.426574345646,0.381897146126));
#1287 = CARTESIAN_POINT('',(-0.395,0.430322672935,0.382552193613));
#1288 = CARTESIAN_POINT('',(-0.395,0.43485948331,0.382552193613));
#1289 = ORIENTED_EDGE('',*,*,#1290,.F.);
#1290 = EDGE_CURVE('',#1291,#1282,#1293,.T.);
#1291 = VERTEX_POINT('',#1292);
#1292 = CARTESIAN_POINT('',(-0.395,0.423614501445,0.374206403405));
#1293 = B_SPLINE_CURVE_WITH_KNOTS('',1,(#1294,#1295),.UNSPECIFIED.,.F.,
  .F.,(2,2),(-6.40490876433E-03,4.698373776789E-31),
  .PIECEWISE_BEZIER_KNOTS.);
#1294 = CARTESIAN_POINT('',(-0.395,0.423614501445,0.374206403405));
#1295 = CARTESIAN_POINT('',(-0.395,0.423614501445,0.380611312169));
#1296 = ORIENTED_EDGE('',*,*,#1297,.F.);
#1297 = EDGE_CURVE('',#1298,#1291,#1300,.T.);
#1298 = VERTEX_POINT('',#1299);
#1299 = CARTESIAN_POINT('',(-0.395,0.434798830764,0.377020681498));
#1300 = B_SPLINE_CURVE_WITH_KNOTS('',3,(#1301,#1302,#1303,#1304),
  .UNSPECIFIED.,.F.,.F.,(4,4),(7.,8.),.PIECEWISE_BEZIER_KNOTS.);
#1301 = CARTESIAN_POINT('',(-0.395,0.434798830764,0.377020681498));
#1302 = CARTESIAN_POINT('',(-0.395,0.430735110242,0.377020681498));
#1303 = CARTESIAN_POINT('',(-0.395,0.427011043971,0.376098762812));
#1304 = CARTESIAN_POINT('',(-0.395,0.423614501445,0.374206403405));
#1305 = ORIENTED_EDGE('',*,*,#1306,.F.);
#1306 = EDGE_CURVE('',#1307,#1298,#1309,.T.);
#1307 = VERTEX_POINT('',#1308);
#1308 = CARTESIAN_POINT('',(-0.395,0.447729953384,0.371756040582));
#1309 = B_SPLINE_CURVE_WITH_KNOTS('',3,(#1310,#1311,#1312,#1313),
  .UNSPECIFIED.,.F.,.F.,(4,4),(8.,9.),.PIECEWISE_BEZIER_KNOTS.);
#1310 = CARTESIAN_POINT('',(-0.395,0.447729953384,0.371756040582));
#1311 = CARTESIAN_POINT('',(-0.395,0.444394063402,0.375273888198));
#1312 = CARTESIAN_POINT('',(-0.395,0.440087732699,0.377020681498));
#1313 = CARTESIAN_POINT('',(-0.395,0.434798830764,0.377020681498));
#1314 = ORIENTED_EDGE('',*,*,#1315,.F.);
#1315 = EDGE_CURVE('',#1316,#1307,#1318,.T.);
#1316 = VERTEX_POINT('',#1317);
#1317 = CARTESIAN_POINT('',(-0.395,0.452715592592,0.35749056197));
#1318 = B_SPLINE_CURVE_WITH_KNOTS('',3,(#1319,#1320,#1321,#1322),
  .UNSPECIFIED.,.F.,.F.,(4,4),(9.,10.),.PIECEWISE_BEZIER_KNOTS.);
#1319 = CARTESIAN_POINT('',(-0.395,0.452715592592,0.35749056197));
#1320 = CARTESIAN_POINT('',(-0.395,0.452715592592,0.36345877241));
#1321 = CARTESIAN_POINT('',(-0.395,0.451053712856,0.368213931947));
#1322 = CARTESIAN_POINT('',(-0.395,0.447729953384,0.371756040582));
#1323 = ORIENTED_EDGE('',*,*,#1324,.F.);
#1324 = EDGE_CURVE('',#1325,#1316,#1327,.T.);
#1325 = VERTEX_POINT('',#1326);
#1326 = CARTESIAN_POINT('',(-0.395,0.448057477127,0.343952913899));
#1327 = B_SPLINE_CURVE_WITH_KNOTS('',3,(#1328,#1329,#1330,#1331),
  .UNSPECIFIED.,.F.,.F.,(4,4),(10.,11.),.PIECEWISE_BEZIER_KNOTS.);
#1328 = CARTESIAN_POINT('',(-0.395,0.448057477127,0.343952913899));
#1329 = CARTESIAN_POINT('',(-0.395,0.451162887438,0.34730093439));
#1330 = CARTESIAN_POINT('',(-0.395,0.452715592592,0.351813483747));
#1331 = CARTESIAN_POINT('',(-0.395,0.452715592592,0.35749056197));
#1332 = ORIENTED_EDGE('',*,*,#1333,.F.);
#1333 = EDGE_CURVE('',#1334,#1325,#1336,.T.);
#1334 = VERTEX_POINT('',#1335);
#1335 = CARTESIAN_POINT('',(-0.395,0.435866315559,0.338955144181));
#1336 = B_SPLINE_CURVE_WITH_KNOTS('',3,(#1337,#1338,#1339,#1340),
  .UNSPECIFIED.,.F.,.F.,(4,4),(11.,12.),.PIECEWISE_BEZIER_KNOTS.);
#1337 = CARTESIAN_POINT('',(-0.395,0.435866315559,0.338955144181));
#1338 = CARTESIAN_POINT('',(-0.395,0.440888346294,0.338955144181));
#1339 = CARTESIAN_POINT('',(-0.395,0.444952066817,0.340629154427));
#1340 = CARTESIAN_POINT('',(-0.395,0.448057477127,0.343952913899));
#1341 = ORIENTED_EDGE('',*,*,#1342,.F.);
#1342 = EDGE_CURVE('',#1343,#1334,#1345,.T.);
#1343 = VERTEX_POINT('',#1344);
#1344 = CARTESIAN_POINT('',(-0.395,0.423614501445,0.342133337546));
#1345 = B_SPLINE_CURVE_WITH_KNOTS('',3,(#1346,#1347,#1348,#1349),
  .UNSPECIFIED.,.F.,.F.,(4,4),(12.,13.),.PIECEWISE_BEZIER_KNOTS.);
#1346 = CARTESIAN_POINT('',(-0.395,0.423614501445,0.342133337546));
#1347 = CARTESIAN_POINT('',(-0.395,0.427083827025,0.340022628976));
#1348 = CARTESIAN_POINT('',(-0.395,0.431171808566,0.338955144181));
#1349 = CARTESIAN_POINT('',(-0.395,0.435866315559,0.338955144181));
#1350 = ORIENTED_EDGE('',*,*,#1351,.F.);
#1351 = EDGE_CURVE('',#1237,#1343,#1352,.T.);
#1352 = B_SPLINE_CURVE_WITH_KNOTS('',1,(#1353,#1354),.UNSPECIFIED.,.F.,
  .F.,(2,2),(-5.871166367572E-03,1.02509973307E-30),
  .PIECEWISE_BEZIER_KNOTS.);
#1353 = CARTESIAN_POINT('',(-0.395,0.423614501445,0.336262171178));
#1354 = CARTESIAN_POINT('',(-0.395,0.423614501445,0.342133337546));
#1355 = FACE_BOUND('',#1356,.T.);
#1356 = EDGE_LOOP('',(#1357,#1366,#1373,#1380));
#1357 = ORIENTED_EDGE('',*,*,#1358,.T.);
#1358 = EDGE_CURVE('',#1359,#1361,#1363,.T.);
#1359 = VERTEX_POINT('',#1360);
#1360 = CARTESIAN_POINT('',(-0.395,0.8,1.00001E-02));
#1361 = VERTEX_POINT('',#1362);
#1362 = CARTESIAN_POINT('',(-0.395,-0.8,1.00001E-02));
#1363 = B_SPLINE_CURVE_WITH_KNOTS('',1,(#1364,#1365),.UNSPECIFIED.,.F.,
  .F.,(2,2),(0.,1.6),.PIECEWISE_BEZIER_KNOTS.);
#1364 = CARTESIAN_POINT('',(-0.395,0.8,1.00001E-02));
#1365 = CARTESIAN_POINT('',(-0.395,-0.8,1.00001E-02));
#1366 = ORIENTED_EDGE('',*,*,#1367,.F.);
#1367 = EDGE_CURVE('',#1368,#1361,#1370,.T.);
#1368 = VERTEX_POINT('',#1369);
#1369 = CARTESIAN_POINT('',(-0.395,-0.8,0.4400001));
#1370 = B_SPLINE_CURVE_WITH_KNOTS('',1,(#1371,#1372),.UNSPECIFIED.,.F.,
  .F.,(2,2),(-0.,0.43),.PIECEWISE_BEZIER_KNOTS.);
#1371 = CARTESIAN_POINT('',(-0.395,-0.8,0.4400001));
#1372 = CARTESIAN_POINT('',(-0.395,-0.8,1.00001E-02));
#1373 = ORIENTED_EDGE('',*,*,#1374,.F.);
#1374 = EDGE_CURVE('',#1375,#1368,#1377,.T.);
#1375 = VERTEX_POINT('',#1376);
#1376 = CARTESIAN_POINT('',(-0.395,0.8,0.4400001));
#1377 = B_SPLINE_CURVE_WITH_KNOTS('',1,(#1378,#1379),.UNSPECIFIED.,.F.,
  .F.,(2,2),(0.,1.6),.PIECEWISE_BEZIER_KNOTS.);
#1378 = CARTESIAN_POINT('',(-0.395,0.8,0.4400001));
#1379 = CARTESIAN_POINT('',(-0.395,-0.8,0.4400001));
#1380 = ORIENTED_EDGE('',*,*,#1381,.T.);
#1381 = EDGE_CURVE('',#1375,#1359,#1382,.T.);
#1382 = B_SPLINE_CURVE_WITH_KNOTS('',1,(#1383,#1384),.UNSPECIFIED.,.F.,
  .F.,(2,2),(-0.,0.43),.PIECEWISE_BEZIER_KNOTS.);
#1383 = CARTESIAN_POINT('',(-0.395,0.8,0.4400001));
#1384 = CARTESIAN_POINT('',(-0.395,0.8,1.00001E-02));
#1385 = FACE_BOUND('',#1386,.T.);
#1386 = EDGE_LOOP('',(#1387,#1396,#1403,#1410,#1417,#1424));
#1387 = ORIENTED_EDGE('',*,*,#1388,.F.);
#1388 = EDGE_CURVE('',#1389,#1391,#1393,.T.);
#1389 = VERTEX_POINT('',#1390);
#1390 = CARTESIAN_POINT('',(-0.395,0.461085643819,0.334297028716));
#1391 = VERTEX_POINT('',#1392);
#1392 = CARTESIAN_POINT('',(-0.395,0.461085643819,0.339707235741));
#1393 = B_SPLINE_CURVE_WITH_KNOTS('',1,(#1394,#1395),.UNSPECIFIED.,.F.,
  .F.,(2,2),(-5.41020702455E-03,0.),.PIECEWISE_BEZIER_KNOTS.);
#1394 = CARTESIAN_POINT('',(-0.395,0.461085643819,0.334297028716));
#1395 = CARTESIAN_POINT('',(-0.395,0.461085643819,0.339707235741));
#1396 = ORIENTED_EDGE('',*,*,#1397,.F.);
#1397 = EDGE_CURVE('',#1398,#1389,#1400,.T.);
#1398 = VERTEX_POINT('',#1399);
#1399 = CARTESIAN_POINT('',(-0.395,0.486110883935,0.334297028716));
#1400 = B_SPLINE_CURVE_WITH_KNOTS('',1,(#1401,#1402),.UNSPECIFIED.,.F.,
  .F.,(2,2),(-2.5025240116E-02,0.),.PIECEWISE_BEZIER_KNOTS.);
#1401 = CARTESIAN_POINT('',(-0.395,0.486110883935,0.334297028716));
#1402 = CARTESIAN_POINT('',(-0.395,0.461085643819,0.334297028716));
#1403 = ORIENTED_EDGE('',*,*,#1404,.F.);
#1404 = EDGE_CURVE('',#1405,#1398,#1407,.T.);
#1405 = VERTEX_POINT('',#1406);
#1406 = CARTESIAN_POINT('',(-0.395,0.486110883935,0.381751580017));
#1407 = B_SPLINE_CURVE_WITH_KNOTS('',1,(#1408,#1409),.UNSPECIFIED.,.F.,
  .F.,(2,2),(-4.745455130064E-02,0.),.PIECEWISE_BEZIER_KNOTS.);
#1408 = CARTESIAN_POINT('',(-0.395,0.486110883935,0.381751580017));
#1409 = CARTESIAN_POINT('',(-0.395,0.486110883935,0.334297028716));
#1410 = ORIENTED_EDGE('',*,*,#1411,.F.);
#1411 = EDGE_CURVE('',#1412,#1405,#1414,.T.);
#1412 = VERTEX_POINT('',#1413);
#1413 = CARTESIAN_POINT('',(-0.395,0.479984976878,0.381751580017));
#1414 = B_SPLINE_CURVE_WITH_KNOTS('',1,(#1415,#1416),.UNSPECIFIED.,.F.,
  .F.,(2,2),(-6.125907056942E-03,0.),.PIECEWISE_BEZIER_KNOTS.);
#1415 = CARTESIAN_POINT('',(-0.395,0.479984976878,0.381751580017));
#1416 = CARTESIAN_POINT('',(-0.395,0.486110883935,0.381751580017));
#1417 = ORIENTED_EDGE('',*,*,#1418,.F.);
#1418 = EDGE_CURVE('',#1419,#1412,#1421,.T.);
#1419 = VERTEX_POINT('',#1420);
#1420 = CARTESIAN_POINT('',(-0.395,0.479984976878,0.339707235741));
#1421 = B_SPLINE_CURVE_WITH_KNOTS('',1,(#1422,#1423),.UNSPECIFIED.,.F.,
  .F.,(2,2),(-4.20443442761E-02,0.),.PIECEWISE_BEZIER_KNOTS.);
#1422 = CARTESIAN_POINT('',(-0.395,0.479984976878,0.339707235741));
#1423 = CARTESIAN_POINT('',(-0.395,0.479984976878,0.381751580017));
#1424 = ORIENTED_EDGE('',*,*,#1425,.F.);
#1425 = EDGE_CURVE('',#1391,#1419,#1426,.T.);
#1426 = B_SPLINE_CURVE_WITH_KNOTS('',1,(#1427,#1428),.UNSPECIFIED.,.F.,
  .F.,(2,2),(-1.889933305905E-02,0.),.PIECEWISE_BEZIER_KNOTS.);
#1427 = CARTESIAN_POINT('',(-0.395,0.461085643819,0.339707235741));
#1428 = CARTESIAN_POINT('',(-0.395,0.479984976878,0.339707235741));
#1429 = FACE_BOUND('',#1430,.T.);
#1430 = EDGE_LOOP('',(#1431,#1440,#1447,#1454,#1461,#1468,#1475,#1482,
    #1489,#1496,#1503,#1510));
#1431 = ORIENTED_EDGE('',*,*,#1432,.F.);
#1432 = EDGE_CURVE('',#1433,#1435,#1437,.T.);
#1433 = VERTEX_POINT('',#1434);
#1434 = CARTESIAN_POINT('',(-0.395,0.388593721893,0.334297028716));
#1435 = VERTEX_POINT('',#1436);
#1436 = CARTESIAN_POINT('',(-0.395,0.388593721893,0.339707235741));
#1437 = B_SPLINE_CURVE_WITH_KNOTS('',1,(#1438,#1439),.UNSPECIFIED.,.F.,
  .F.,(2,2),(-5.41020702455E-03,0.),.PIECEWISE_BEZIER_KNOTS.);
#1438 = CARTESIAN_POINT('',(-0.395,0.388593721893,0.334297028716));
#1439 = CARTESIAN_POINT('',(-0.395,0.388593721893,0.339707235741));
#1440 = ORIENTED_EDGE('',*,*,#1441,.F.);
#1441 = EDGE_CURVE('',#1442,#1433,#1444,.T.);
#1442 = VERTEX_POINT('',#1443);
#1443 = CARTESIAN_POINT('',(-0.395,0.414116312879,0.334297028716));
#1444 = B_SPLINE_CURVE_WITH_KNOTS('',1,(#1445,#1446),.UNSPECIFIED.,.F.,
  .F.,(2,2),(-2.552259098572E-02,0.),.PIECEWISE_BEZIER_KNOTS.);
#1445 = CARTESIAN_POINT('',(-0.395,0.414116312879,0.334297028716));
#1446 = CARTESIAN_POINT('',(-0.395,0.388593721893,0.334297028716));
#1447 = ORIENTED_EDGE('',*,*,#1448,.F.);
#1448 = EDGE_CURVE('',#1449,#1442,#1451,.T.);
#1449 = VERTEX_POINT('',#1450);
#1450 = CARTESIAN_POINT('',(-0.395,0.414116312879,0.381751580017));
#1451 = B_SPLINE_CURVE_WITH_KNOTS('',1,(#1452,#1453),.UNSPECIFIED.,.F.,
  .F.,(2,2),(-4.745455130064E-02,0.),.PIECEWISE_BEZIER_KNOTS.);
#1452 = CARTESIAN_POINT('',(-0.395,0.414116312879,0.381751580017));
#1453 = CARTESIAN_POINT('',(-0.395,0.414116312879,0.334297028716));
#1454 = ORIENTED_EDGE('',*,*,#1455,.F.);
#1455 = EDGE_CURVE('',#1456,#1449,#1458,.T.);
#1456 = VERTEX_POINT('',#1457);
#1457 = CARTESIAN_POINT('',(-0.395,0.389673337196,0.381751580017));
#1458 = B_SPLINE_CURVE_WITH_KNOTS('',1,(#1459,#1460),.UNSPECIFIED.,.F.,
  .F.,(2,2),(-2.444297568271E-02,0.),.PIECEWISE_BEZIER_KNOTS.);
#1459 = CARTESIAN_POINT('',(-0.395,0.389673337196,0.381751580017));
#1460 = CARTESIAN_POINT('',(-0.395,0.414116312879,0.381751580017));
#1461 = ORIENTED_EDGE('',*,*,#1462,.F.);
#1462 = EDGE_CURVE('',#1463,#1456,#1465,.T.);
#1463 = VERTEX_POINT('',#1464);
#1464 = CARTESIAN_POINT('',(-0.395,0.389673337196,0.376292850957));
#1465 = B_SPLINE_CURVE_WITH_KNOTS('',1,(#1466,#1467),.UNSPECIFIED.,.F.,
  .F.,(2,2),(-5.458729060589E-03,0.),.PIECEWISE_BEZIER_KNOTS.);
#1466 = CARTESIAN_POINT('',(-0.395,0.389673337196,0.376292850957));
#1467 = CARTESIAN_POINT('',(-0.395,0.389673337196,0.381751580017));
#1468 = ORIENTED_EDGE('',*,*,#1469,.F.);
#1469 = EDGE_CURVE('',#1470,#1463,#1472,.T.);
#1470 = VERTEX_POINT('',#1471);
#1471 = CARTESIAN_POINT('',(-0.395,0.407990405822,0.376292850957));
#1472 = B_SPLINE_CURVE_WITH_KNOTS('',1,(#1473,#1474),.UNSPECIFIED.,.F.,
  .F.,(2,2),(-1.831706862577E-02,0.),.PIECEWISE_BEZIER_KNOTS.);
#1473 = CARTESIAN_POINT('',(-0.395,0.407990405822,0.376292850957));
#1474 = CARTESIAN_POINT('',(-0.395,0.389673337196,0.376292850957));
#1475 = ORIENTED_EDGE('',*,*,#1476,.F.);
#1476 = EDGE_CURVE('',#1477,#1470,#1479,.T.);
#1477 = VERTEX_POINT('',#1478);
#1478 = CARTESIAN_POINT('',(-0.395,0.407990405822,0.361105453659));
#1479 = B_SPLINE_CURVE_WITH_KNOTS('',1,(#1480,#1481),.UNSPECIFIED.,.F.,
  .F.,(2,2),(-1.518739729783E-02,0.),.PIECEWISE_BEZIER_KNOTS.);
#1480 = CARTESIAN_POINT('',(-0.395,0.407990405822,0.361105453659));
#1481 = CARTESIAN_POINT('',(-0.395,0.407990405822,0.376292850957));
#1482 = ORIENTED_EDGE('',*,*,#1483,.F.);
#1483 = EDGE_CURVE('',#1484,#1477,#1486,.T.);
#1484 = VERTEX_POINT('',#1485);
#1485 = CARTESIAN_POINT('',(-0.395,0.391019823698,0.361105453659));
#1486 = B_SPLINE_CURVE_WITH_KNOTS('',1,(#1487,#1488),.UNSPECIFIED.,.F.,
  .F.,(2,2),(-1.697058212406E-02,0.),.PIECEWISE_BEZIER_KNOTS.);
#1487 = CARTESIAN_POINT('',(-0.395,0.391019823698,0.361105453659));
#1488 = CARTESIAN_POINT('',(-0.395,0.407990405822,0.361105453659));
#1489 = ORIENTED_EDGE('',*,*,#1490,.F.);
#1490 = EDGE_CURVE('',#1491,#1484,#1493,.T.);
#1491 = VERTEX_POINT('',#1492);
#1492 = CARTESIAN_POINT('',(-0.395,0.391019823698,0.355670985616));
#1493 = B_SPLINE_CURVE_WITH_KNOTS('',1,(#1494,#1495),.UNSPECIFIED.,.F.,
  .F.,(2,2),(-5.434468042569E-03,0.),.PIECEWISE_BEZIER_KNOTS.);
#1494 = CARTESIAN_POINT('',(-0.395,0.391019823698,0.355670985616));
#1495 = CARTESIAN_POINT('',(-0.395,0.391019823698,0.361105453659));
#1496 = ORIENTED_EDGE('',*,*,#1497,.F.);
#1497 = EDGE_CURVE('',#1498,#1491,#1500,.T.);
#1498 = VERTEX_POINT('',#1499);
#1499 = CARTESIAN_POINT('',(-0.395,0.407990405822,0.355670985616));
#1500 = B_SPLINE_CURVE_WITH_KNOTS('',1,(#1501,#1502),.UNSPECIFIED.,.F.,
  .F.,(2,2),(-1.697058212406E-02,5.319674097399E-31),
  .PIECEWISE_BEZIER_KNOTS.);
#1501 = CARTESIAN_POINT('',(-0.395,0.407990405822,0.355670985616));
#1502 = CARTESIAN_POINT('',(-0.395,0.391019823698,0.355670985616));
#1503 = ORIENTED_EDGE('',*,*,#1504,.F.);
#1504 = EDGE_CURVE('',#1505,#1498,#1507,.T.);
#1505 = VERTEX_POINT('',#1506);
#1506 = CARTESIAN_POINT('',(-0.395,0.407990405822,0.339707235741));
#1507 = B_SPLINE_CURVE_WITH_KNOTS('',1,(#1508,#1509),.UNSPECIFIED.,.F.,
  .F.,(2,2),(-1.596374987511E-02,0.),.PIECEWISE_BEZIER_KNOTS.);
#1508 = CARTESIAN_POINT('',(-0.395,0.407990405822,0.339707235741));
#1509 = CARTESIAN_POINT('',(-0.395,0.407990405822,0.355670985616));
#1510 = ORIENTED_EDGE('',*,*,#1511,.F.);
#1511 = EDGE_CURVE('',#1435,#1505,#1512,.T.);
#1512 = B_SPLINE_CURVE_WITH_KNOTS('',1,(#1513,#1514),.UNSPECIFIED.,.F.,
  .F.,(2,2),(-1.939668392878E-02,0.),.PIECEWISE_BEZIER_KNOTS.);
#1513 = CARTESIAN_POINT('',(-0.395,0.388593721893,0.339707235741));
#1514 = CARTESIAN_POINT('',(-0.395,0.407990405822,0.339707235741));
#1515 = FACE_BOUND('',#1516,.T.);
#1516 = EDGE_LOOP('',(#1517,#1526,#1533,#1540,#1549,#1558,#1567));
#1517 = ORIENTED_EDGE('',*,*,#1518,.F.);
#1518 = EDGE_CURVE('',#1519,#1521,#1523,.T.);
#1519 = VERTEX_POINT('',#1520);
#1520 = CARTESIAN_POINT('',(-0.395,0.379629275725,0.334297028716));
#1521 = VERTEX_POINT('',#1522);
#1522 = CARTESIAN_POINT('',(-0.395,0.366576848015,0.334297028716));
#1523 = B_SPLINE_CURVE_WITH_KNOTS('',1,(#1524,#1525),.UNSPECIFIED.,.F.,
  .F.,(2,2),(-1.30524277095E-02,-5.551115123126E-17),
  .PIECEWISE_BEZIER_KNOTS.);
#1524 = CARTESIAN_POINT('',(-0.395,0.379629275725,0.334297028716));
#1525 = CARTESIAN_POINT('',(-0.395,0.366576848015,0.334297028716));
#1526 = ORIENTED_EDGE('',*,*,#1527,.F.);
#1527 = EDGE_CURVE('',#1528,#1519,#1530,.T.);
#1528 = VERTEX_POINT('',#1529);
#1529 = CARTESIAN_POINT('',(-0.395,0.379629275725,0.381751580017));
#1530 = B_SPLINE_CURVE_WITH_KNOTS('',1,(#1531,#1532),.UNSPECIFIED.,.F.,
  .F.,(2,2),(-4.745455130064E-02,-0.),.PIECEWISE_BEZIER_KNOTS.);
#1531 = CARTESIAN_POINT('',(-0.395,0.379629275725,0.381751580017));
#1532 = CARTESIAN_POINT('',(-0.395,0.379629275725,0.334297028716));
#1533 = ORIENTED_EDGE('',*,*,#1534,.F.);
#1534 = EDGE_CURVE('',#1535,#1528,#1537,.T.);
#1535 = VERTEX_POINT('',#1536);
#1536 = CARTESIAN_POINT('',(-0.395,0.366091627654,0.381751580017));
#1537 = B_SPLINE_CURVE_WITH_KNOTS('',1,(#1538,#1539),.UNSPECIFIED.,.F.,
  .F.,(2,2),(-1.353764807055E-02,6.668659553913E-31),
  .PIECEWISE_BEZIER_KNOTS.);
#1538 = CARTESIAN_POINT('',(-0.395,0.366091627654,0.381751580017));
#1539 = CARTESIAN_POINT('',(-0.395,0.379629275725,0.381751580017));
#1540 = ORIENTED_EDGE('',*,*,#1541,.F.);
#1541 = EDGE_CURVE('',#1542,#1535,#1544,.T.);
#1542 = VERTEX_POINT('',#1543);
#1543 = CARTESIAN_POINT('',(-0.395,0.348150604808,0.375467976343));
#1544 = B_SPLINE_CURVE_WITH_KNOTS('',3,(#1545,#1546,#1547,#1548),
  .UNSPECIFIED.,.F.,.F.,(4,4),(2.,3.),.PIECEWISE_BEZIER_KNOTS.);
#1545 = CARTESIAN_POINT('',(-0.395,0.348150604808,0.375467976343));
#1546 = CARTESIAN_POINT('',(-0.395,0.352917894854,0.379665132465));
#1547 = CARTESIAN_POINT('',(-0.395,0.358898235803,0.381751580017));
#1548 = CARTESIAN_POINT('',(-0.395,0.366091627654,0.381751580017));
#1549 = ORIENTED_EDGE('',*,*,#1550,.F.);
#1550 = EDGE_CURVE('',#1551,#1542,#1553,.T.);
#1551 = VERTEX_POINT('',#1552);
#1552 = CARTESIAN_POINT('',(-0.395,0.340993604484,0.358630829818));
#1553 = B_SPLINE_CURVE_WITH_KNOTS('',3,(#1554,#1555,#1556,#1557),
  .UNSPECIFIED.,.F.,.F.,(4,4),(3.,4.),.PIECEWISE_BEZIER_KNOTS.);
#1554 = CARTESIAN_POINT('',(-0.395,0.340993604484,0.358630829818));
#1555 = CARTESIAN_POINT('',(-0.395,0.340993604484,0.365666525052));
#1556 = CARTESIAN_POINT('',(-0.395,0.343383314762,0.371270820221));
#1557 = CARTESIAN_POINT('',(-0.395,0.348150604808,0.375467976343));
#1558 = ORIENTED_EDGE('',*,*,#1559,.F.);
#1559 = EDGE_CURVE('',#1560,#1551,#1562,.T.);
#1560 = VERTEX_POINT('',#1561);
#1561 = CARTESIAN_POINT('',(-0.395,0.348150604808,0.340944547661));
#1562 = B_SPLINE_CURVE_WITH_KNOTS('',3,(#1563,#1564,#1565,#1566),
  .UNSPECIFIED.,.F.,.F.,(4,4),(4.,5.),.PIECEWISE_BEZIER_KNOTS.);
#1563 = CARTESIAN_POINT('',(-0.395,0.348150604808,0.340944547661));
#1564 = CARTESIAN_POINT('',(-0.395,0.343383314762,0.345384313964));
#1565 = CARTESIAN_POINT('',(-0.395,0.340993604484,0.35127974135));
#1566 = CARTESIAN_POINT('',(-0.395,0.340993604484,0.358630829818));
#1567 = ORIENTED_EDGE('',*,*,#1568,.F.);
#1568 = EDGE_CURVE('',#1521,#1560,#1569,.T.);
#1569 = B_SPLINE_CURVE_WITH_KNOTS('',3,(#1570,#1571,#1572,#1573),
  .UNSPECIFIED.,.F.,.F.,(4,4),(5.,6.),.PIECEWISE_BEZIER_KNOTS.);
#1570 = CARTESIAN_POINT('',(-0.395,0.366576848015,0.334297028716));
#1571 = CARTESIAN_POINT('',(-0.395,0.35906806293,0.334297028716));
#1572 = CARTESIAN_POINT('',(-0.395,0.352917894854,0.336504781359));
#1573 = CARTESIAN_POINT('',(-0.395,0.348150604808,0.340944547661));
#1574 = FACE_BOUND('',#1575,.T.);
#1575 = EDGE_LOOP('',(#1576,#1585,#1592,#1599,#1606,#1613,#1620,#1627));
#1576 = ORIENTED_EDGE('',*,*,#1577,.F.);
#1577 = EDGE_CURVE('',#1578,#1580,#1582,.T.);
#1578 = VERTEX_POINT('',#1579);
#1579 = CARTESIAN_POINT('',(-0.395,0.295661892263,0.334297028716));
#1580 = VERTEX_POINT('',#1581);
#1581 = CARTESIAN_POINT('',(-0.395,0.313736350708,0.381751580017));
#1582 = B_SPLINE_CURVE_WITH_KNOTS('',1,(#1583,#1584),.UNSPECIFIED.,.F.,
  .F.,(2,2),(-5.078011901562E-02,0.),.PIECEWISE_BEZIER_KNOTS.);
#1583 = CARTESIAN_POINT('',(-0.395,0.295661892263,0.334297028716));
#1584 = CARTESIAN_POINT('',(-0.395,0.313736350708,0.381751580017));
#1585 = ORIENTED_EDGE('',*,*,#1586,.F.);
#1586 = EDGE_CURVE('',#1587,#1578,#1589,.T.);
#1587 = VERTEX_POINT('',#1588);
#1588 = CARTESIAN_POINT('',(-0.395,0.302430716298,0.334297028716));
#1589 = B_SPLINE_CURVE_WITH_KNOTS('',1,(#1590,#1591),.UNSPECIFIED.,.F.,
  .F.,(2,2),(-6.768824035272E-03,-0.),.PIECEWISE_BEZIER_KNOTS.);
#1590 = CARTESIAN_POINT('',(-0.395,0.302430716298,0.334297028716));
#1591 = CARTESIAN_POINT('',(-0.395,0.295661892263,0.334297028716));
#1592 = ORIENTED_EDGE('',*,*,#1593,.F.);
#1593 = EDGE_CURVE('',#1594,#1587,#1596,.T.);
#1594 = VERTEX_POINT('',#1595);
#1595 = CARTESIAN_POINT('',(-0.395,0.307270789398,0.347276673372));
#1596 = B_SPLINE_CURVE_WITH_KNOTS('',1,(#1597,#1598),.UNSPECIFIED.,.F.,
  .F.,(2,2),(-1.385270670299E-02,1.939534530033E-17),
  .PIECEWISE_BEZIER_KNOTS.);
#1597 = CARTESIAN_POINT('',(-0.395,0.307270789398,0.347276673372));
#1598 = CARTESIAN_POINT('',(-0.395,0.302430716298,0.334297028716));
#1599 = ORIENTED_EDGE('',*,*,#1600,.F.);
#1600 = EDGE_CURVE('',#1601,#1594,#1603,.T.);
#1601 = VERTEX_POINT('',#1602);
#1602 = CARTESIAN_POINT('',(-0.395,0.327031388598,0.347276673372));
#1603 = B_SPLINE_CURVE_WITH_KNOTS('',1,(#1604,#1605),.UNSPECIFIED.,.F.,
  .F.,(2,2),(-1.976059919973E-02,-5.551115123126E-17),
  .PIECEWISE_BEZIER_KNOTS.);
#1604 = CARTESIAN_POINT('',(-0.395,0.327031388598,0.347276673372));
#1605 = CARTESIAN_POINT('',(-0.395,0.307270789398,0.347276673372));
#1606 = ORIENTED_EDGE('',*,*,#1607,.F.);
#1607 = EDGE_CURVE('',#1608,#1601,#1610,.T.);
#1608 = VERTEX_POINT('',#1609);
#1609 = CARTESIAN_POINT('',(-0.395,0.331592459991,0.334297028716));
#1610 = B_SPLINE_CURVE_WITH_KNOTS('',1,(#1611,#1612),.UNSPECIFIED.,.F.,
  .F.,(2,2),(-1.375770866215E-02,0.),.PIECEWISE_BEZIER_KNOTS.);
#1611 = CARTESIAN_POINT('',(-0.395,0.331592459991,0.334297028716));
#1612 = CARTESIAN_POINT('',(-0.395,0.327031388598,0.347276673372));
#1613 = ORIENTED_EDGE('',*,*,#1614,.F.);
#1614 = EDGE_CURVE('',#1615,#1608,#1617,.T.);
#1615 = VERTEX_POINT('',#1616);
#1616 = CARTESIAN_POINT('',(-0.395,0.338361284026,0.334297028716));
#1617 = B_SPLINE_CURVE_WITH_KNOTS('',1,(#1618,#1619),.UNSPECIFIED.,.F.,
  .F.,(2,2),(-6.768824034949E-03,5.551115123126E-17),
  .PIECEWISE_BEZIER_KNOTS.);
#1618 = CARTESIAN_POINT('',(-0.395,0.338361284026,0.334297028716));
#1619 = CARTESIAN_POINT('',(-0.395,0.331592459991,0.334297028716));
#1620 = ORIENTED_EDGE('',*,*,#1621,.F.);
#1621 = EDGE_CURVE('',#1622,#1615,#1624,.T.);
#1622 = VERTEX_POINT('',#1623);
#1623 = CARTESIAN_POINT('',(-0.395,0.320286825581,0.381751580017));
#1624 = B_SPLINE_CURVE_WITH_KNOTS('',1,(#1625,#1626),.UNSPECIFIED.,.F.,
  .F.,(2,2),(-5.07801190155E-02,0.),.PIECEWISE_BEZIER_KNOTS.);
#1625 = CARTESIAN_POINT('',(-0.395,0.320286825581,0.381751580017));
#1626 = CARTESIAN_POINT('',(-0.395,0.338361284026,0.334297028716));
#1627 = ORIENTED_EDGE('',*,*,#1628,.F.);
#1628 = EDGE_CURVE('',#1580,#1622,#1629,.T.);
#1629 = B_SPLINE_CURVE_WITH_KNOTS('',1,(#1630,#1631),.UNSPECIFIED.,.F.,
  .F.,(2,2),(-6.550474872772E-03,0.),.PIECEWISE_BEZIER_KNOTS.);
#1630 = CARTESIAN_POINT('',(-0.395,0.313736350708,0.381751580017));
#1631 = CARTESIAN_POINT('',(-0.395,0.320286825581,0.381751580017));
#1632 = FACE_BOUND('',#1633,.T.);
#1633 = EDGE_LOOP('',(#1634,#1645,#1654,#1663,#1672,#1681,#1690,#1699,
    #1708,#1717,#1724,#1733,#1742,#1751,#1760,#1769,#1778,#1787,#1796,
    #1805,#1814));
#1634 = ORIENTED_EDGE('',*,*,#1635,.F.);
#1635 = EDGE_CURVE('',#1636,#1638,#1640,.T.);
#1636 = VERTEX_POINT('',#1637);
#1637 = CARTESIAN_POINT('',(-0.395,0.409834243194,0.263066679729));
#1638 = VERTEX_POINT('',#1639);
#1639 = CARTESIAN_POINT('',(-0.395,0.419611433467,0.266341917166));
#1640 = B_SPLINE_CURVE_WITH_KNOTS('',3,(#1641,#1642,#1643,#1644),
  .UNSPECIFIED.,.F.,.F.,(4,4),(0.,1.),.PIECEWISE_BEZIER_KNOTS.);
#1641 = CARTESIAN_POINT('',(-0.395,0.409834243194,0.263066679729));
#1642 = CARTESIAN_POINT('',(-0.395,0.413327829793,0.263066679729));
#1643 = CARTESIAN_POINT('',(-0.395,0.416578806211,0.264158425541));
#1644 = CARTESIAN_POINT('',(-0.395,0.419611433467,0.266341917166));
#1645 = ORIENTED_EDGE('',*,*,#1646,.F.);
#1646 = EDGE_CURVE('',#1647,#1636,#1649,.T.);
#1647 = VERTEX_POINT('',#1648);
#1648 = CARTESIAN_POINT('',(-0.395,0.402822808978,0.26765201214));
#1649 = B_SPLINE_CURVE_WITH_KNOTS('',3,(#1650,#1651,#1652,#1653),
  .UNSPECIFIED.,.F.,.F.,(4,4),(1.,2.),.PIECEWISE_BEZIER_KNOTS.);
#1650 = CARTESIAN_POINT('',(-0.395,0.402822808978,0.26765201214));
#1651 = CARTESIAN_POINT('',(-0.395,0.402822808978,0.264595123866));
#1652 = CARTESIAN_POINT('',(-0.395,0.40516399722,0.263066679729));
#1653 = CARTESIAN_POINT('',(-0.395,0.409834243194,0.263066679729));
#1654 = ORIENTED_EDGE('',*,*,#1655,.F.);
#1655 = EDGE_CURVE('',#1656,#1647,#1658,.T.);
#1656 = VERTEX_POINT('',#1657);
#1657 = CARTESIAN_POINT('',(-0.395,0.404351253115,0.27087872754));
#1658 = B_SPLINE_CURVE_WITH_KNOTS('',3,(#1659,#1660,#1661,#1662),
  .UNSPECIFIED.,.F.,.F.,(4,4),(2.,3.),.PIECEWISE_BEZIER_KNOTS.);
#1659 = CARTESIAN_POINT('',(-0.395,0.404351253115,0.27087872754));
#1660 = CARTESIAN_POINT('',(-0.395,0.403332290357,0.270029591909));
#1661 = CARTESIAN_POINT('',(-0.395,0.402822808978,0.268962107115));
#1662 = CARTESIAN_POINT('',(-0.395,0.402822808978,0.26765201214));
#1663 = ORIENTED_EDGE('',*,*,#1664,.F.);
#1664 = EDGE_CURVE('',#1665,#1656,#1667,.T.);
#1665 = VERTEX_POINT('',#1666);
#1666 = CARTESIAN_POINT('',(-0.395,0.410574204244,0.273911354796));
#1667 = B_SPLINE_CURVE_WITH_KNOTS('',3,(#1668,#1669,#1670,#1671),
  .UNSPECIFIED.,.F.,.F.,(4,4),(3.,4.),.PIECEWISE_BEZIER_KNOTS.);
#1668 = CARTESIAN_POINT('',(-0.395,0.410574204244,0.273911354796));
#1669 = CARTESIAN_POINT('',(-0.395,0.407444532916,0.27274682593));
#1670 = CARTESIAN_POINT('',(-0.395,0.405370215873,0.271727863172));
#1671 = CARTESIAN_POINT('',(-0.395,0.404351253115,0.27087872754));
#1672 = ORIENTED_EDGE('',*,*,#1673,.F.);
#1673 = EDGE_CURVE('',#1674,#1665,#1676,.T.);
#1674 = VERTEX_POINT('',#1675);
#1675 = CARTESIAN_POINT('',(-0.395,0.417888901185,0.278399643135));
#1676 = B_SPLINE_CURVE_WITH_KNOTS('',3,(#1677,#1678,#1679,#1680),
  .UNSPECIFIED.,.F.,.F.,(4,4),(4.,5.),.PIECEWISE_BEZIER_KNOTS.);
#1677 = CARTESIAN_POINT('',(-0.395,0.417888901185,0.278399643135));
#1678 = CARTESIAN_POINT('',(-0.395,0.416772894355,0.276919721034));
#1679 = CARTESIAN_POINT('',(-0.395,0.414322531533,0.275415537915));
#1680 = CARTESIAN_POINT('',(-0.395,0.410574204244,0.273911354796));
#1681 = ORIENTED_EDGE('',*,*,#1682,.F.);
#1682 = EDGE_CURVE('',#1683,#1674,#1685,.T.);
#1683 = VERTEX_POINT('',#1684);
#1684 = CARTESIAN_POINT('',(-0.395,0.41957504194,0.283761328124));
#1685 = B_SPLINE_CURVE_WITH_KNOTS('',3,(#1686,#1687,#1688,#1689),
  .UNSPECIFIED.,.F.,.F.,(4,4),(5.,6.),.PIECEWISE_BEZIER_KNOTS.);
#1686 = CARTESIAN_POINT('',(-0.395,0.41957504194,0.283761328124));
#1687 = CARTESIAN_POINT('',(-0.395,0.41957504194,0.281674880571));
#1688 = CARTESIAN_POINT('',(-0.395,0.419017038525,0.279879565236));
#1689 = CARTESIAN_POINT('',(-0.395,0.417888901185,0.278399643135));
#1690 = ORIENTED_EDGE('',*,*,#1691,.F.);
#1691 = EDGE_CURVE('',#1692,#1683,#1694,.T.);
#1692 = VERTEX_POINT('',#1693);
#1693 = CARTESIAN_POINT('',(-0.395,0.415766062106,0.290991111502));
#1694 = B_SPLINE_CURVE_WITH_KNOTS('',3,(#1695,#1696,#1697,#1698),
  .UNSPECIFIED.,.F.,.F.,(4,4),(6.,7.),.PIECEWISE_BEZIER_KNOTS.);
#1695 = CARTESIAN_POINT('',(-0.395,0.415766062106,0.290991111502));
#1696 = CARTESIAN_POINT('',(-0.395,0.418301338492,0.289171535148));
#1697 = CARTESIAN_POINT('',(-0.395,0.41957504194,0.286769694361));
#1698 = CARTESIAN_POINT('',(-0.395,0.41957504194,0.283761328124));
#1699 = ORIENTED_EDGE('',*,*,#1700,.F.);
#1700 = EDGE_CURVE('',#1701,#1692,#1703,.T.);
#1701 = VERTEX_POINT('',#1702);
#1702 = CARTESIAN_POINT('',(-0.395,0.406377048122,0.293684084505));
#1703 = B_SPLINE_CURVE_WITH_KNOTS('',3,(#1704,#1705,#1706,#1707),
  .UNSPECIFIED.,.F.,.F.,(4,4),(7.,8.),.PIECEWISE_BEZIER_KNOTS.);
#1704 = CARTESIAN_POINT('',(-0.395,0.406377048122,0.293684084505));
#1705 = CARTESIAN_POINT('',(-0.395,0.410088983883,0.293684084505));
#1706 = CARTESIAN_POINT('',(-0.395,0.413218655211,0.292786426837));
#1707 = CARTESIAN_POINT('',(-0.395,0.415766062106,0.290991111502));
#1708 = ORIENTED_EDGE('',*,*,#1709,.F.);
#1709 = EDGE_CURVE('',#1710,#1701,#1712,.T.);
#1710 = VERTEX_POINT('',#1711);
#1711 = CARTESIAN_POINT('',(-0.395,0.398346651148,0.292179901386));
#1712 = B_SPLINE_CURVE_WITH_KNOTS('',3,(#1713,#1714,#1715,#1716),
  .UNSPECIFIED.,.F.,.F.,(4,4),(8.,9.),.PIECEWISE_BEZIER_KNOTS.);
#1713 = CARTESIAN_POINT('',(-0.395,0.398346651148,0.292179901386));
#1714 = CARTESIAN_POINT('',(-0.395,0.400821274989,0.293198864144));
#1715 = CARTESIAN_POINT('',(-0.395,0.403489986974,0.293684084505));
#1716 = CARTESIAN_POINT('',(-0.395,0.406377048122,0.293684084505));
#1717 = ORIENTED_EDGE('',*,*,#1718,.F.);
#1718 = EDGE_CURVE('',#1719,#1710,#1721,.T.);
#1719 = VERTEX_POINT('',#1720);
#1720 = CARTESIAN_POINT('',(-0.395,0.398346651148,0.286405779091));
#1721 = B_SPLINE_CURVE_WITH_KNOTS('',1,(#1722,#1723),.UNSPECIFIED.,.F.,
  .F.,(2,2),(-5.774122295168E-03,5.551115123126E-17),
  .PIECEWISE_BEZIER_KNOTS.);
#1722 = CARTESIAN_POINT('',(-0.395,0.398346651148,0.286405779091));
#1723 = CARTESIAN_POINT('',(-0.395,0.398346651148,0.292179901386));
#1724 = ORIENTED_EDGE('',*,*,#1725,.F.);
#1725 = EDGE_CURVE('',#1726,#1719,#1728,.T.);
#1726 = VERTEX_POINT('',#1727);
#1727 = CARTESIAN_POINT('',(-0.395,0.406959312555,0.288856141914));
#1728 = B_SPLINE_CURVE_WITH_KNOTS('',3,(#1729,#1730,#1731,#1732),
  .UNSPECIFIED.,.F.,.F.,(4,4),(10.,11.),.PIECEWISE_BEZIER_KNOTS.);
#1729 = CARTESIAN_POINT('',(-0.395,0.406959312555,0.288856141914));
#1730 = CARTESIAN_POINT('',(-0.395,0.403744727664,0.288856141914));
#1731 = CARTESIAN_POINT('',(-0.395,0.400881927534,0.2880312673));
#1732 = CARTESIAN_POINT('',(-0.395,0.398346651148,0.286405779091));
#1733 = ORIENTED_EDGE('',*,*,#1734,.F.);
#1734 = EDGE_CURVE('',#1735,#1726,#1737,.T.);
#1735 = VERTEX_POINT('',#1736);
#1736 = CARTESIAN_POINT('',(-0.395,0.411641689038,0.287594568975));
#1737 = B_SPLINE_CURVE_WITH_KNOTS('',3,(#1738,#1739,#1740,#1741),
  .UNSPECIFIED.,.F.,.F.,(4,4),(11.,12.),.PIECEWISE_BEZIER_KNOTS.);
#1738 = CARTESIAN_POINT('',(-0.395,0.411641689038,0.287594568975));
#1739 = CARTESIAN_POINT('',(-0.395,0.410440768645,0.288443704607));
#1740 = CARTESIAN_POINT('',(-0.395,0.408875932981,0.288856141914));
#1741 = CARTESIAN_POINT('',(-0.395,0.406959312555,0.288856141914));
#1742 = ORIENTED_EDGE('',*,*,#1743,.F.);
#1743 = EDGE_CURVE('',#1744,#1735,#1746,.T.);
#1744 = VERTEX_POINT('',#1745);
#1745 = CARTESIAN_POINT('',(-0.395,0.413449134883,0.284295070521));
#1746 = B_SPLINE_CURVE_WITH_KNOTS('',3,(#1747,#1748,#1749,#1750),
  .UNSPECIFIED.,.F.,.F.,(4,4),(12.,13.),.PIECEWISE_BEZIER_KNOTS.);
#1747 = CARTESIAN_POINT('',(-0.395,0.413449134883,0.284295070521));
#1748 = CARTESIAN_POINT('',(-0.395,0.413449134883,0.285653687531));
#1749 = CARTESIAN_POINT('',(-0.395,0.412842609432,0.286769694361));
#1750 = CARTESIAN_POINT('',(-0.395,0.411641689038,0.287594568975));
#1751 = ORIENTED_EDGE('',*,*,#1752,.F.);
#1752 = EDGE_CURVE('',#1753,#1744,#1755,.T.);
#1753 = VERTEX_POINT('',#1754);
#1754 = CARTESIAN_POINT('',(-0.395,0.412151170417,0.281141138175));
#1755 = B_SPLINE_CURVE_WITH_KNOTS('',3,(#1756,#1757,#1758,#1759),
  .UNSPECIFIED.,.F.,.F.,(4,4),(13.,14.),.PIECEWISE_BEZIER_KNOTS.);
#1756 = CARTESIAN_POINT('',(-0.395,0.412151170417,0.281141138175));
#1757 = CARTESIAN_POINT('',(-0.395,0.413012436558,0.281893229734));
#1758 = CARTESIAN_POINT('',(-0.395,0.413449134883,0.28293645351));
#1759 = CARTESIAN_POINT('',(-0.395,0.413449134883,0.284295070521));
#1760 = ORIENTED_EDGE('',*,*,#1761,.F.);
#1761 = EDGE_CURVE('',#1762,#1753,#1764,.T.);
#1762 = VERTEX_POINT('',#1763);
#1763 = CARTESIAN_POINT('',(-0.395,0.406377048122,0.278229816009));
#1764 = B_SPLINE_CURVE_WITH_KNOTS('',3,(#1765,#1766,#1767,#1768),
  .UNSPECIFIED.,.F.,.F.,(4,4),(14.,15.),.PIECEWISE_BEZIER_KNOTS.);
#1765 = CARTESIAN_POINT('',(-0.395,0.406377048122,0.278229816009));
#1766 = CARTESIAN_POINT('',(-0.395,0.409361153342,0.279394344875));
#1767 = CARTESIAN_POINT('',(-0.395,0.411277773767,0.280364785597));
#1768 = CARTESIAN_POINT('',(-0.395,0.412151170417,0.281141138175));
#1769 = ORIENTED_EDGE('',*,*,#1770,.F.);
#1770 = EDGE_CURVE('',#1771,#1762,#1773,.T.);
#1771 = VERTEX_POINT('',#1772);
#1772 = CARTESIAN_POINT('',(-0.395,0.398710566419,0.273838571742));
#1773 = B_SPLINE_CURVE_WITH_KNOTS('',3,(#1774,#1775,#1776,#1777),
  .UNSPECIFIED.,.F.,.F.,(4,4),(15.,16.),.PIECEWISE_BEZIER_KNOTS.);
#1774 = CARTESIAN_POINT('',(-0.395,0.398710566419,0.273838571742));
#1775 = CARTESIAN_POINT('',(-0.395,0.400044922412,0.275342754861));
#1776 = CARTESIAN_POINT('',(-0.395,0.402592329307,0.276822676962));
#1777 = CARTESIAN_POINT('',(-0.395,0.406377048122,0.278229816009));
#1778 = ORIENTED_EDGE('',*,*,#1779,.F.);
#1779 = EDGE_CURVE('',#1780,#1771,#1782,.T.);
#1780 = VERTEX_POINT('',#1781);
#1781 = CARTESIAN_POINT('',(-0.395,0.396721162939,0.268234276573));
#1782 = B_SPLINE_CURVE_WITH_KNOTS('',3,(#1783,#1784,#1785,#1786),
  .UNSPECIFIED.,.F.,.F.,(4,4),(16.,17.),.PIECEWISE_BEZIER_KNOTS.);
#1783 = CARTESIAN_POINT('',(-0.395,0.396721162939,0.268234276573));
#1784 = CARTESIAN_POINT('',(-0.395,0.396721162939,0.270466290234));
#1785 = CARTESIAN_POINT('',(-0.395,0.397388340935,0.272334388624));
#1786 = CARTESIAN_POINT('',(-0.395,0.398710566419,0.273838571742));
#1787 = ORIENTED_EDGE('',*,*,#1788,.F.);
#1788 = EDGE_CURVE('',#1789,#1780,#1791,.T.);
#1789 = VERTEX_POINT('',#1790);
#1790 = CARTESIAN_POINT('',(-0.395,0.400542273282,0.260907449123));
#1791 = B_SPLINE_CURVE_WITH_KNOTS('',3,(#1792,#1793,#1794,#1795),
  .UNSPECIFIED.,.F.,.F.,(4,4),(17.,18.),.PIECEWISE_BEZIER_KNOTS.);
#1792 = CARTESIAN_POINT('',(-0.395,0.400542273282,0.260907449123));
#1793 = CARTESIAN_POINT('',(-0.395,0.397994866387,0.262678503441));
#1794 = CARTESIAN_POINT('',(-0.395,0.396721162939,0.265128866263));
#1795 = CARTESIAN_POINT('',(-0.395,0.396721162939,0.268234276573));
#1796 = ORIENTED_EDGE('',*,*,#1797,.F.);
#1797 = EDGE_CURVE('',#1798,#1789,#1800,.T.);
#1798 = VERTEX_POINT('',#1799);
#1799 = CARTESIAN_POINT('',(-0.395,0.410416507627,0.25821447612));
#1800 = B_SPLINE_CURVE_WITH_KNOTS('',3,(#1801,#1802,#1803,#1804),
  .UNSPECIFIED.,.F.,.F.,(4,4),(18.,19.),.PIECEWISE_BEZIER_KNOTS.);
#1801 = CARTESIAN_POINT('',(-0.395,0.410416507627,0.25821447612));
#1802 = CARTESIAN_POINT('',(-0.395,0.406377048122,0.25821447612));
#1803 = CARTESIAN_POINT('',(-0.395,0.403077549668,0.259112133788));
#1804 = CARTESIAN_POINT('',(-0.395,0.400542273282,0.260907449123));
#1805 = ORIENTED_EDGE('',*,*,#1806,.F.);
#1806 = EDGE_CURVE('',#1807,#1798,#1809,.T.);
#1807 = VERTEX_POINT('',#1808);
#1808 = CARTESIAN_POINT('',(-0.395,0.419611433467,0.2602038796));
#1809 = B_SPLINE_CURVE_WITH_KNOTS('',3,(#1810,#1811,#1812,#1813),
  .UNSPECIFIED.,.F.,.F.,(4,4),(19.,20.),.PIECEWISE_BEZIER_KNOTS.);
#1810 = CARTESIAN_POINT('',(-0.395,0.419611433467,0.2602038796));
#1811 = CARTESIAN_POINT('',(-0.395,0.416991243518,0.258893784625));
#1812 = CARTESIAN_POINT('',(-0.395,0.413934355244,0.25821447612));
#1813 = CARTESIAN_POINT('',(-0.395,0.410416507627,0.25821447612));
#1814 = ORIENTED_EDGE('',*,*,#1815,.F.);
#1815 = EDGE_CURVE('',#1638,#1807,#1816,.T.);
#1816 = B_SPLINE_CURVE_WITH_KNOTS('',1,(#1817,#1818),.UNSPECIFIED.,.F.,
  .F.,(2,2),(-6.138037565788E-03,-4.902650897541E-31),
  .PIECEWISE_BEZIER_KNOTS.);
#1817 = CARTESIAN_POINT('',(-0.395,0.419611433467,0.266341917166));
#1818 = CARTESIAN_POINT('',(-0.395,0.419611433467,0.2602038796));
#1819 = FACE_BOUND('',#1820,.T.);
#1820 = EDGE_LOOP('',(#1821,#1830,#1837,#1844,#1851,#1858,#1865,#1872,
    #1879,#1886,#1893,#1900));
#1821 = ORIENTED_EDGE('',*,*,#1822,.F.);
#1822 = EDGE_CURVE('',#1823,#1825,#1827,.T.);
#1823 = VERTEX_POINT('',#1824);
#1824 = CARTESIAN_POINT('',(-0.395,0.329166358186,0.259015089715));
#1825 = VERTEX_POINT('',#1826);
#1826 = CARTESIAN_POINT('',(-0.395,0.329166358186,0.26442529674));
#1827 = B_SPLINE_CURVE_WITH_KNOTS('',1,(#1828,#1829),.UNSPECIFIED.,.F.,
  .F.,(2,2),(-5.410207024551E-03,0.),.PIECEWISE_BEZIER_KNOTS.);
#1828 = CARTESIAN_POINT('',(-0.395,0.329166358186,0.259015089715));
#1829 = CARTESIAN_POINT('',(-0.395,0.329166358186,0.26442529674));
#1830 = ORIENTED_EDGE('',*,*,#1831,.F.);
#1831 = EDGE_CURVE('',#1832,#1823,#1834,.T.);
#1832 = VERTEX_POINT('',#1833);
#1833 = CARTESIAN_POINT('',(-0.395,0.354688949172,0.259015089715));
#1834 = B_SPLINE_CURVE_WITH_KNOTS('',1,(#1835,#1836),.UNSPECIFIED.,.F.,
  .F.,(2,2),(-2.552259098589E-02,0.),.PIECEWISE_BEZIER_KNOTS.);
#1835 = CARTESIAN_POINT('',(-0.395,0.354688949172,0.259015089715));
#1836 = CARTESIAN_POINT('',(-0.395,0.329166358186,0.259015089715));
#1837 = ORIENTED_EDGE('',*,*,#1838,.F.);
#1838 = EDGE_CURVE('',#1839,#1832,#1841,.T.);
#1839 = VERTEX_POINT('',#1840);
#1840 = CARTESIAN_POINT('',(-0.395,0.354688949172,0.306469641016));
#1841 = B_SPLINE_CURVE_WITH_KNOTS('',1,(#1842,#1843),.UNSPECIFIED.,.F.,
  .F.,(2,2),(-4.745455130064E-02,0.),.PIECEWISE_BEZIER_KNOTS.);
#1842 = CARTESIAN_POINT('',(-0.395,0.354688949172,0.306469641016));
#1843 = CARTESIAN_POINT('',(-0.395,0.354688949172,0.259015089715));
#1844 = ORIENTED_EDGE('',*,*,#1845,.F.);
#1845 = EDGE_CURVE('',#1846,#1839,#1848,.T.);
#1846 = VERTEX_POINT('',#1847);
#1847 = CARTESIAN_POINT('',(-0.395,0.330245973489,0.306469641016));
#1848 = B_SPLINE_CURVE_WITH_KNOTS('',1,(#1849,#1850),.UNSPECIFIED.,.F.,
  .F.,(2,2),(-2.444297568271E-02,6.155685742128E-31),
  .PIECEWISE_BEZIER_KNOTS.);
#1849 = CARTESIAN_POINT('',(-0.395,0.330245973489,0.306469641016));
#1850 = CARTESIAN_POINT('',(-0.395,0.354688949172,0.306469641016));
#1851 = ORIENTED_EDGE('',*,*,#1852,.F.);
#1852 = EDGE_CURVE('',#1853,#1846,#1855,.T.);
#1853 = VERTEX_POINT('',#1854);
#1854 = CARTESIAN_POINT('',(-0.395,0.330245973489,0.301010911956));
#1855 = B_SPLINE_CURVE_WITH_KNOTS('',1,(#1856,#1857),.UNSPECIFIED.,.F.,
  .F.,(2,2),(-5.458729060589E-03,0.),.PIECEWISE_BEZIER_KNOTS.);
#1856 = CARTESIAN_POINT('',(-0.395,0.330245973489,0.301010911956));
#1857 = CARTESIAN_POINT('',(-0.395,0.330245973489,0.306469641016));
#1858 = ORIENTED_EDGE('',*,*,#1859,.F.);
#1859 = EDGE_CURVE('',#1860,#1853,#1862,.T.);
#1860 = VERTEX_POINT('',#1861);
#1861 = CARTESIAN_POINT('',(-0.395,0.348563042115,0.301010911956));
#1862 = B_SPLINE_CURVE_WITH_KNOTS('',1,(#1863,#1864),.UNSPECIFIED.,.F.,
  .F.,(2,2),(-1.831706862561E-02,6.571500275754E-31),
  .PIECEWISE_BEZIER_KNOTS.);
#1863 = CARTESIAN_POINT('',(-0.395,0.348563042115,0.301010911956));
#1864 = CARTESIAN_POINT('',(-0.395,0.330245973489,0.301010911956));
#1865 = ORIENTED_EDGE('',*,*,#1866,.F.);
#1866 = EDGE_CURVE('',#1867,#1860,#1869,.T.);
#1867 = VERTEX_POINT('',#1868);
#1868 = CARTESIAN_POINT('',(-0.395,0.348563042115,0.285823514658));
#1869 = B_SPLINE_CURVE_WITH_KNOTS('',1,(#1870,#1871),.UNSPECIFIED.,.F.,
  .F.,(2,2),(-1.518739729783E-02,0.),.PIECEWISE_BEZIER_KNOTS.);
#1870 = CARTESIAN_POINT('',(-0.395,0.348563042115,0.285823514658));
#1871 = CARTESIAN_POINT('',(-0.395,0.348563042115,0.301010911956));
#1872 = ORIENTED_EDGE('',*,*,#1873,.F.);
#1873 = EDGE_CURVE('',#1874,#1867,#1876,.T.);
#1874 = VERTEX_POINT('',#1875);
#1875 = CARTESIAN_POINT('',(-0.395,0.331592459991,0.285823514658));
#1876 = B_SPLINE_CURVE_WITH_KNOTS('',1,(#1877,#1878),.UNSPECIFIED.,.F.,
  .F.,(2,2),(-1.69705821239E-02,0.),.PIECEWISE_BEZIER_KNOTS.);
#1877 = CARTESIAN_POINT('',(-0.395,0.331592459991,0.285823514658));
#1878 = CARTESIAN_POINT('',(-0.395,0.348563042115,0.285823514658));
#1879 = ORIENTED_EDGE('',*,*,#1880,.F.);
#1880 = EDGE_CURVE('',#1881,#1874,#1883,.T.);
#1881 = VERTEX_POINT('',#1882);
#1882 = CARTESIAN_POINT('',(-0.395,0.331592459991,0.280389046615));
#1883 = B_SPLINE_CURVE_WITH_KNOTS('',1,(#1884,#1885),.UNSPECIFIED.,.F.,
  .F.,(2,2),(-5.434468042569E-03,0.),.PIECEWISE_BEZIER_KNOTS.);
#1884 = CARTESIAN_POINT('',(-0.395,0.331592459991,0.280389046615));
#1885 = CARTESIAN_POINT('',(-0.395,0.331592459991,0.285823514658));
#1886 = ORIENTED_EDGE('',*,*,#1887,.F.);
#1887 = EDGE_CURVE('',#1888,#1881,#1890,.T.);
#1888 = VERTEX_POINT('',#1889);
#1889 = CARTESIAN_POINT('',(-0.395,0.348563042115,0.280389046615));
#1890 = B_SPLINE_CURVE_WITH_KNOTS('',1,(#1891,#1892),.UNSPECIFIED.,.F.,
  .F.,(2,2),(-1.69705821239E-02,0.),.PIECEWISE_BEZIER_KNOTS.);
#1891 = CARTESIAN_POINT('',(-0.395,0.348563042115,0.280389046615));
#1892 = CARTESIAN_POINT('',(-0.395,0.331592459991,0.280389046615));
#1893 = ORIENTED_EDGE('',*,*,#1894,.F.);
#1894 = EDGE_CURVE('',#1895,#1888,#1897,.T.);
#1895 = VERTEX_POINT('',#1896);
#1896 = CARTESIAN_POINT('',(-0.395,0.348563042115,0.26442529674));
#1897 = B_SPLINE_CURVE_WITH_KNOTS('',1,(#1898,#1899),.UNSPECIFIED.,.F.,
  .F.,(2,2),(-1.596374987511E-02,0.),.PIECEWISE_BEZIER_KNOTS.);
#1898 = CARTESIAN_POINT('',(-0.395,0.348563042115,0.26442529674));
#1899 = CARTESIAN_POINT('',(-0.395,0.348563042115,0.280389046615));
#1900 = ORIENTED_EDGE('',*,*,#1901,.F.);
#1901 = EDGE_CURVE('',#1825,#1895,#1902,.T.);
#1902 = B_SPLINE_CURVE_WITH_KNOTS('',1,(#1903,#1904),.UNSPECIFIED.,.F.,
  .F.,(2,2),(-1.939668392878E-02,0.),.PIECEWISE_BEZIER_KNOTS.);
#1903 = CARTESIAN_POINT('',(-0.395,0.329166358186,0.26442529674));
#1904 = CARTESIAN_POINT('',(-0.395,0.348563042115,0.26442529674));
#1905 = FACE_BOUND('',#1906,.T.);
#1906 = EDGE_LOOP('',(#1907,#1916,#1923,#1930,#1939,#1948,#1957));
#1907 = ORIENTED_EDGE('',*,*,#1908,.F.);
#1908 = EDGE_CURVE('',#1909,#1911,#1913,.T.);
#1909 = VERTEX_POINT('',#1910);
#1910 = CARTESIAN_POINT('',(-0.395,0.320201912017,0.259015089715));
#1911 = VERTEX_POINT('',#1912);
#1912 = CARTESIAN_POINT('',(-0.395,0.307149484308,0.259015089715));
#1913 = B_SPLINE_CURVE_WITH_KNOTS('',1,(#1914,#1915),.UNSPECIFIED.,.F.,
  .F.,(2,2),(-1.30524277095E-02,-5.551115123126E-17),
  .PIECEWISE_BEZIER_KNOTS.);
#1914 = CARTESIAN_POINT('',(-0.395,0.320201912017,0.259015089715));
#1915 = CARTESIAN_POINT('',(-0.395,0.307149484308,0.259015089715));
#1916 = ORIENTED_EDGE('',*,*,#1917,.F.);
#1917 = EDGE_CURVE('',#1918,#1909,#1920,.T.);
#1918 = VERTEX_POINT('',#1919);
#1919 = CARTESIAN_POINT('',(-0.395,0.320201912017,0.306469641016));
#1920 = B_SPLINE_CURVE_WITH_KNOTS('',1,(#1921,#1922),.UNSPECIFIED.,.F.,
  .F.,(2,2),(-4.745455130064E-02,-0.),.PIECEWISE_BEZIER_KNOTS.);
#1921 = CARTESIAN_POINT('',(-0.395,0.320201912017,0.306469641016));
#1922 = CARTESIAN_POINT('',(-0.395,0.320201912017,0.259015089715));
#1923 = ORIENTED_EDGE('',*,*,#1924,.F.);
#1924 = EDGE_CURVE('',#1925,#1918,#1927,.T.);
#1925 = VERTEX_POINT('',#1926);
#1926 = CARTESIAN_POINT('',(-0.395,0.306664263947,0.306469641016));
#1927 = B_SPLINE_CURVE_WITH_KNOTS('',1,(#1928,#1929),.UNSPECIFIED.,.F.,
  .F.,(2,2),(-1.353764807022E-02,0.),.PIECEWISE_BEZIER_KNOTS.);
#1928 = CARTESIAN_POINT('',(-0.395,0.306664263947,0.306469641016));
#1929 = CARTESIAN_POINT('',(-0.395,0.320201912017,0.306469641016));
#1930 = ORIENTED_EDGE('',*,*,#1931,.F.);
#1931 = EDGE_CURVE('',#1932,#1925,#1934,.T.);
#1932 = VERTEX_POINT('',#1933);
#1933 = CARTESIAN_POINT('',(-0.395,0.288723241101,0.300186037342));
#1934 = B_SPLINE_CURVE_WITH_KNOTS('',3,(#1935,#1936,#1937,#1938),
  .UNSPECIFIED.,.F.,.F.,(4,4),(2.,3.),.PIECEWISE_BEZIER_KNOTS.);
#1935 = CARTESIAN_POINT('',(-0.395,0.288723241101,0.300186037342));
#1936 = CARTESIAN_POINT('',(-0.395,0.293490531147,0.304383193464));
#1937 = CARTESIAN_POINT('',(-0.395,0.299470872096,0.306469641016));
#1938 = CARTESIAN_POINT('',(-0.395,0.306664263947,0.306469641016));
#1939 = ORIENTED_EDGE('',*,*,#1940,.F.);
#1940 = EDGE_CURVE('',#1941,#1932,#1943,.T.);
#1941 = VERTEX_POINT('',#1942);
#1942 = CARTESIAN_POINT('',(-0.395,0.281566240777,0.283348890817));
#1943 = B_SPLINE_CURVE_WITH_KNOTS('',3,(#1944,#1945,#1946,#1947),
  .UNSPECIFIED.,.F.,.F.,(4,4),(3.,4.),.PIECEWISE_BEZIER_KNOTS.);
#1944 = CARTESIAN_POINT('',(-0.395,0.281566240777,0.283348890817));
#1945 = CARTESIAN_POINT('',(-0.395,0.281566240777,0.290384586051));
#1946 = CARTESIAN_POINT('',(-0.395,0.283955951055,0.29598888122));
#1947 = CARTESIAN_POINT('',(-0.395,0.288723241101,0.300186037342));
#1948 = ORIENTED_EDGE('',*,*,#1949,.F.);
#1949 = EDGE_CURVE('',#1950,#1941,#1952,.T.);
#1950 = VERTEX_POINT('',#1951);
#1951 = CARTESIAN_POINT('',(-0.395,0.288723241101,0.26566260866));
#1952 = B_SPLINE_CURVE_WITH_KNOTS('',3,(#1953,#1954,#1955,#1956),
  .UNSPECIFIED.,.F.,.F.,(4,4),(4.,5.),.PIECEWISE_BEZIER_KNOTS.);
#1953 = CARTESIAN_POINT('',(-0.395,0.288723241101,0.26566260866));
#1954 = CARTESIAN_POINT('',(-0.395,0.283955951055,0.270102374963));
#1955 = CARTESIAN_POINT('',(-0.395,0.281566240777,0.275997802348));
#1956 = CARTESIAN_POINT('',(-0.395,0.281566240777,0.283348890817));
#1957 = ORIENTED_EDGE('',*,*,#1958,.F.);
#1958 = EDGE_CURVE('',#1911,#1950,#1959,.T.);
#1959 = B_SPLINE_CURVE_WITH_KNOTS('',3,(#1960,#1961,#1962,#1963),
  .UNSPECIFIED.,.F.,.F.,(4,4),(5.,6.),.PIECEWISE_BEZIER_KNOTS.);
#1960 = CARTESIAN_POINT('',(-0.395,0.307149484308,0.259015089715));
#1961 = CARTESIAN_POINT('',(-0.395,0.299640699222,0.259015089715));
#1962 = CARTESIAN_POINT('',(-0.395,0.293490531147,0.261222842358));
#1963 = CARTESIAN_POINT('',(-0.395,0.288723241101,0.26566260866));
#1964 = FACE_BOUND('',#1965,.T.);
#1965 = EDGE_LOOP('',(#1966,#1975,#1982,#1989,#1996,#2003,#2010,#2017));
#1966 = ORIENTED_EDGE('',*,*,#1967,.F.);
#1967 = EDGE_CURVE('',#1968,#1970,#1972,.T.);
#1968 = VERTEX_POINT('',#1969);
#1969 = CARTESIAN_POINT('',(-0.395,0.236234528556,0.259015089715));
#1970 = VERTEX_POINT('',#1971);
#1971 = CARTESIAN_POINT('',(-0.395,0.254308987001,0.306469641016));
#1972 = B_SPLINE_CURVE_WITH_KNOTS('',1,(#1973,#1974),.UNSPECIFIED.,.F.,
  .F.,(2,2),(-5.07801190155E-02,-1.235894664471E-17),
  .PIECEWISE_BEZIER_KNOTS.);
#1973 = CARTESIAN_POINT('',(-0.395,0.236234528556,0.259015089715));
#1974 = CARTESIAN_POINT('',(-0.395,0.254308987001,0.306469641016));
#1975 = ORIENTED_EDGE('',*,*,#1976,.F.);
#1976 = EDGE_CURVE('',#1977,#1968,#1979,.T.);
#1977 = VERTEX_POINT('',#1978);
#1978 = CARTESIAN_POINT('',(-0.395,0.243003352591,0.259015089715));
#1979 = B_SPLINE_CURVE_WITH_KNOTS('',1,(#1980,#1981),.UNSPECIFIED.,.F.,
  .F.,(2,2),(-6.768824034949E-03,0.),.PIECEWISE_BEZIER_KNOTS.);
#1980 = CARTESIAN_POINT('',(-0.395,0.243003352591,0.259015089715));
#1981 = CARTESIAN_POINT('',(-0.395,0.236234528556,0.259015089715));
#1982 = ORIENTED_EDGE('',*,*,#1983,.F.);
#1983 = EDGE_CURVE('',#1984,#1977,#1986,.T.);
#1984 = VERTEX_POINT('',#1985);
#1985 = CARTESIAN_POINT('',(-0.395,0.247843425691,0.271994734371));
#1986 = B_SPLINE_CURVE_WITH_KNOTS('',1,(#1987,#1988),.UNSPECIFIED.,.F.,
  .F.,(2,2),(-1.38527067028E-02,0.),.PIECEWISE_BEZIER_KNOTS.);
#1987 = CARTESIAN_POINT('',(-0.395,0.247843425691,0.271994734371));
#1988 = CARTESIAN_POINT('',(-0.395,0.243003352591,0.259015089715));
#1989 = ORIENTED_EDGE('',*,*,#1990,.F.);
#1990 = EDGE_CURVE('',#1991,#1984,#1993,.T.);
#1991 = VERTEX_POINT('',#1992);
#1992 = CARTESIAN_POINT('',(-0.395,0.267604024891,0.271994734371));
#1993 = B_SPLINE_CURVE_WITH_KNOTS('',1,(#1994,#1995),.UNSPECIFIED.,.F.,
  .F.,(2,2),(-1.976059919973E-02,-3.045722963853E-31),
  .PIECEWISE_BEZIER_KNOTS.);
#1994 = CARTESIAN_POINT('',(-0.395,0.267604024891,0.271994734371));
#1995 = CARTESIAN_POINT('',(-0.395,0.247843425691,0.271994734371));
#1996 = ORIENTED_EDGE('',*,*,#1997,.F.);
#1997 = EDGE_CURVE('',#1998,#1991,#2000,.T.);
#1998 = VERTEX_POINT('',#1999);
#1999 = CARTESIAN_POINT('',(-0.395,0.272165096284,0.259015089715));
#2000 = B_SPLINE_CURVE_WITH_KNOTS('',1,(#2001,#2002),.UNSPECIFIED.,.F.,
  .F.,(2,2),(-1.375770866184E-02,1.840352416891E-17),
  .PIECEWISE_BEZIER_KNOTS.);
#2001 = CARTESIAN_POINT('',(-0.395,0.272165096284,0.259015089715));
#2002 = CARTESIAN_POINT('',(-0.395,0.267604024891,0.271994734371));
#2003 = ORIENTED_EDGE('',*,*,#2004,.F.);
#2004 = EDGE_CURVE('',#2005,#1998,#2007,.T.);
#2005 = VERTEX_POINT('',#2006);
#2006 = CARTESIAN_POINT('',(-0.395,0.278933920319,0.259015089715));
#2007 = B_SPLINE_CURVE_WITH_KNOTS('',1,(#2008,#2009),.UNSPECIFIED.,.F.,
  .F.,(2,2),(-6.768824035273E-03,0.),.PIECEWISE_BEZIER_KNOTS.);
#2008 = CARTESIAN_POINT('',(-0.395,0.278933920319,0.259015089715));
#2009 = CARTESIAN_POINT('',(-0.395,0.272165096284,0.259015089715));
#2010 = ORIENTED_EDGE('',*,*,#2011,.F.);
#2011 = EDGE_CURVE('',#2012,#2005,#2014,.T.);
#2012 = VERTEX_POINT('',#2013);
#2013 = CARTESIAN_POINT('',(-0.395,0.260859461874,0.306469641016));
#2014 = B_SPLINE_CURVE_WITH_KNOTS('',1,(#2015,#2016),.UNSPECIFIED.,.F.,
  .F.,(2,2),(-5.078011901562E-02,-1.97584018241E-17),
  .PIECEWISE_BEZIER_KNOTS.);
#2015 = CARTESIAN_POINT('',(-0.395,0.260859461874,0.306469641016));
#2016 = CARTESIAN_POINT('',(-0.395,0.278933920319,0.259015089715));
#2017 = ORIENTED_EDGE('',*,*,#2018,.F.);
#2018 = EDGE_CURVE('',#1970,#2012,#2019,.T.);
#2019 = B_SPLINE_CURVE_WITH_KNOTS('',1,(#2020,#2021),.UNSPECIFIED.,.F.,
  .F.,(2,2),(-6.550474873096E-03,-5.551115123126E-17),
  .PIECEWISE_BEZIER_KNOTS.);
#2020 = CARTESIAN_POINT('',(-0.395,0.254308987001,0.306469641016));
#2021 = CARTESIAN_POINT('',(-0.395,0.260859461874,0.306469641016));
#2022 = FACE_BOUND('',#2023,.T.);
#2023 = EDGE_LOOP('',(#2024,#2035,#2044,#2053,#2060,#2069,#2078,#2087,
    #2094,#2103,#2112,#2121,#2130,#2139,#2148,#2157,#2166,#2175,#2184,
    #2191,#2198,#2205,#2214,#2223,#2232,#2241,#2250,#2259,#2268,#2277,
    #2286,#2295,#2304));
#2024 = ORIENTED_EDGE('',*,*,#2025,.F.);
#2025 = EDGE_CURVE('',#2026,#2028,#2030,.T.);
#2026 = VERTEX_POINT('',#2027);
#2027 = CARTESIAN_POINT('',(-0.395,0.524975241004,0.306086090484));
#2028 = VERTEX_POINT('',#2029);
#2029 = CARTESIAN_POINT('',(-0.395,0.558377536921,0.350285086748));
#2030 = B_SPLINE_CURVE_WITH_KNOTS('',3,(#2031,#2032,#2033,#2034),
  .UNSPECIFIED.,.F.,.F.,(4,4),(35.,36.),.PIECEWISE_BEZIER_KNOTS.);
#2031 = CARTESIAN_POINT('',(-0.395,0.524975241004,0.306086090484));
#2032 = CARTESIAN_POINT('',(-0.395,0.525312632862,0.326329898002));
#2033 = CARTESIAN_POINT('',(-0.395,0.539145917849,0.344211943206));
#2034 = CARTESIAN_POINT('',(-0.395,0.558377536921,0.350285086748));
#2035 = ORIENTED_EDGE('',*,*,#2036,.F.);
#2036 = EDGE_CURVE('',#2037,#2026,#2039,.T.);
#2037 = VERTEX_POINT('',#2038);
#2038 = CARTESIAN_POINT('',(-0.395,0.537458932817,0.27403337487));
#2039 = B_SPLINE_CURVE_WITH_KNOTS('',3,(#2040,#2041,#2042,#2043),
  .UNSPECIFIED.,.F.,.F.,(4,4),(34.,35.),.PIECEWISE_BEZIER_KNOTS.);
#2040 = CARTESIAN_POINT('',(-0.395,0.537458932817,0.27403337487));
#2041 = CARTESIAN_POINT('',(-0.395,0.529361399514,0.28280569189));
#2042 = CARTESIAN_POINT('',(-0.395,0.524975241004,0.294277195258));
#2043 = CARTESIAN_POINT('',(-0.395,0.524975241004,0.306086090484));
#2044 = ORIENTED_EDGE('',*,*,#2045,.F.);
#2045 = EDGE_CURVE('',#2046,#2037,#2048,.T.);
#2046 = VERTEX_POINT('',#2047);
#2047 = CARTESIAN_POINT('',(-0.395,0.568162055257,0.258850509579));
#2048 = B_SPLINE_CURVE_WITH_KNOTS('',3,(#2049,#2050,#2051,#2052),
  .UNSPECIFIED.,.F.,.F.,(4,4),(33.,34.),.PIECEWISE_BEZIER_KNOTS.);
#2049 = CARTESIAN_POINT('',(-0.395,0.568162055257,0.258850509579));
#2050 = CARTESIAN_POINT('',(-0.395,0.556353160031,0.259862698024));
#2051 = CARTESIAN_POINT('',(-0.395,0.54555645325,0.26526105785));
#2052 = CARTESIAN_POINT('',(-0.395,0.537458932817,0.27403337487));
#2053 = ORIENTED_EDGE('',*,*,#2054,.F.);
#2054 = EDGE_CURVE('',#2055,#2046,#2057,.T.);
#2055 = VERTEX_POINT('',#2056);
#2056 = CARTESIAN_POINT('',(-0.395,0.588068470916,0.258850509579));
#2057 = B_SPLINE_CURVE_WITH_KNOTS('',1,(#2058,#2059),.UNSPECIFIED.,.F.,
  .F.,(2,2),(-1.889422721388E-02,1.012188445363E-03),
  .PIECEWISE_BEZIER_KNOTS.);
#2058 = CARTESIAN_POINT('',(-0.395,0.588068470916,0.258850509579));
#2059 = CARTESIAN_POINT('',(-0.395,0.568162055257,0.258850509579));
#2060 = ORIENTED_EDGE('',*,*,#2061,.F.);
#2061 = EDGE_CURVE('',#2062,#2055,#2064,.T.);
#2062 = VERTEX_POINT('',#2063);
#2063 = CARTESIAN_POINT('',(-0.395,0.597852989252,0.269309811631));
#2064 = B_SPLINE_CURVE_WITH_KNOTS('',3,(#2065,#2066,#2067,#2068),
  .UNSPECIFIED.,.F.,.F.,(4,4),(28.,29.),.PIECEWISE_BEZIER_KNOTS.);
#2065 = CARTESIAN_POINT('',(-0.395,0.597852989252,0.269309811631));
#2066 = CARTESIAN_POINT('',(-0.395,0.597852989252,0.263911464676));
#2067 = CARTESIAN_POINT('',(-0.395,0.593466830742,0.259187901437));
#2068 = CARTESIAN_POINT('',(-0.395,0.588068470916,0.258850509579));
#2069 = ORIENTED_EDGE('',*,*,#2070,.F.);
#2070 = EDGE_CURVE('',#2071,#2062,#2073,.T.);
#2071 = VERTEX_POINT('',#2072);
#2072 = CARTESIAN_POINT('',(-0.395,0.5873936872,0.279769113684));
#2073 = B_SPLINE_CURVE_WITH_KNOTS('',3,(#2074,#2075,#2076,#2077),
  .UNSPECIFIED.,.F.,.F.,(4,4),(27.,28.),.PIECEWISE_BEZIER_KNOTS.);
#2074 = CARTESIAN_POINT('',(-0.395,0.5873936872,0.279769113684));
#2075 = CARTESIAN_POINT('',(-0.395,0.593129438884,0.279769113684));
#2076 = CARTESIAN_POINT('',(-0.395,0.597852989252,0.275045550445));
#2077 = CARTESIAN_POINT('',(-0.395,0.597852989252,0.269309811631));
#2078 = ORIENTED_EDGE('',*,*,#2079,.F.);
#2079 = EDGE_CURVE('',#2080,#2071,#2082,.T.);
#2080 = VERTEX_POINT('',#2081);
#2081 = CARTESIAN_POINT('',(-0.395,0.585369310309,0.279431721825));
#2082 = B_SPLINE_CURVE_WITH_KNOTS('',3,(#2083,#2084,#2085,#2086),
  .UNSPECIFIED.,.F.,.F.,(4,4),(26.,27.),.PIECEWISE_BEZIER_KNOTS.);
#2083 = CARTESIAN_POINT('',(-0.395,0.585369310309,0.279431721825));
#2084 = CARTESIAN_POINT('',(-0.395,0.586044106896,0.279431721825));
#2085 = CARTESIAN_POINT('',(-0.395,0.586718903484,0.279769113684));
#2086 = CARTESIAN_POINT('',(-0.395,0.5873936872,0.279769113684));
#2087 = ORIENTED_EDGE('',*,*,#2088,.F.);
#2088 = EDGE_CURVE('',#2089,#2080,#2091,.T.);
#2089 = VERTEX_POINT('',#2090);
#2090 = CARTESIAN_POINT('',(-0.395,0.570186445018,0.279431721825));
#2091 = B_SPLINE_CURVE_WITH_KNOTS('',1,(#2092,#2093),.UNSPECIFIED.,.F.,
  .F.,(2,2),(1.982014251212E-31,1.518286529103E-02),
  .PIECEWISE_BEZIER_KNOTS.);
#2092 = CARTESIAN_POINT('',(-0.395,0.570186445018,0.279431721825));
#2093 = CARTESIAN_POINT('',(-0.395,0.585369310309,0.279431721825));
#2094 = ORIENTED_EDGE('',*,*,#2095,.F.);
#2095 = EDGE_CURVE('',#2096,#2089,#2098,.T.);
#2096 = VERTEX_POINT('',#2097);
#2097 = CARTESIAN_POINT('',(-0.395,0.545893857979,0.305748685756));
#2098 = B_SPLINE_CURVE_WITH_KNOTS('',3,(#2099,#2100,#2101,#2102),
  .UNSPECIFIED.,.F.,.F.,(4,4),(24.,25.),.PIECEWISE_BEZIER_KNOTS.);
#2099 = CARTESIAN_POINT('',(-0.395,0.545893857979,0.305748685756));
#2100 = CARTESIAN_POINT('',(-0.395,0.545893857979,0.291915407203));
#2101 = CARTESIAN_POINT('',(-0.395,0.556353160031,0.280443910271));
#2102 = CARTESIAN_POINT('',(-0.395,0.570186445018,0.279431721825));
#2103 = ORIENTED_EDGE('',*,*,#2104,.F.);
#2104 = EDGE_CURVE('',#2105,#2096,#2107,.T.);
#2105 = VERTEX_POINT('',#2106);
#2106 = CARTESIAN_POINT('',(-0.395,0.572210821909,0.332065649686));
#2107 = B_SPLINE_CURVE_WITH_KNOTS('',3,(#2108,#2109,#2110,#2111),
  .UNSPECIFIED.,.F.,.F.,(4,4),(23.,24.),.PIECEWISE_BEZIER_KNOTS.);
#2108 = CARTESIAN_POINT('',(-0.395,0.572210821909,0.332065649686));
#2109 = CARTESIAN_POINT('',(-0.395,0.557702753205,0.332065649686));
#2110 = CARTESIAN_POINT('',(-0.395,0.545893857979,0.32025675446));
#2111 = CARTESIAN_POINT('',(-0.395,0.545893857979,0.305748685756));
#2112 = ORIENTED_EDGE('',*,*,#2113,.F.);
#2113 = EDGE_CURVE('',#2114,#2105,#2116,.T.);
#2114 = VERTEX_POINT('',#2115);
#2115 = CARTESIAN_POINT('',(-0.395,0.574909995387,0.332065649686));
#2116 = B_SPLINE_CURVE_WITH_KNOTS('',3,(#2117,#2118,#2119,#2120),
  .UNSPECIFIED.,.F.,.F.,(4,4),(22.,23.),.PIECEWISE_BEZIER_KNOTS.);
#2117 = CARTESIAN_POINT('',(-0.395,0.574909995387,0.332065649686));
#2118 = CARTESIAN_POINT('',(-0.395,0.573897806941,0.332065649686));
#2119 = CARTESIAN_POINT('',(-0.395,0.573223010354,0.332065649686));
#2120 = CARTESIAN_POINT('',(-0.395,0.572210821909,0.332065649686));
#2121 = ORIENTED_EDGE('',*,*,#2122,.F.);
#2122 = EDGE_CURVE('',#2123,#2114,#2125,.T.);
#2123 = VERTEX_POINT('',#2124);
#2124 = CARTESIAN_POINT('',(-0.395,0.622145576292,0.374240275494));
#2125 = B_SPLINE_CURVE_WITH_KNOTS('',3,(#2126,#2127,#2128,#2129),
  .UNSPECIFIED.,.F.,.F.,(4,4),(21.,22.),.PIECEWISE_BEZIER_KNOTS.);
#2126 = CARTESIAN_POINT('',(-0.395,0.622145576292,0.374240275494));
#2127 = CARTESIAN_POINT('',(-0.395,0.597852989252,0.374240275494));
#2128 = CARTESIAN_POINT('',(-0.395,0.577609168864,0.355683440138));
#2129 = CARTESIAN_POINT('',(-0.395,0.574909995387,0.332065649686));
#2130 = ORIENTED_EDGE('',*,*,#2131,.F.);
#2131 = EDGE_CURVE('',#2132,#2123,#2134,.T.);
#2132 = VERTEX_POINT('',#2133);
#2133 = CARTESIAN_POINT('',(-0.395,0.667356767436,0.341850180892));
#2134 = B_SPLINE_CURVE_WITH_KNOTS('',3,(#2135,#2136,#2137,#2138),
  .UNSPECIFIED.,.F.,.F.,(4,4),(20.,21.),.PIECEWISE_BEZIER_KNOTS.);
#2135 = CARTESIAN_POINT('',(-0.395,0.667356767436,0.341850180892));
#2136 = CARTESIAN_POINT('',(-0.395,0.660946232036,0.360744395236));
#2137 = CARTESIAN_POINT('',(-0.395,0.643401585125,0.374240275494));
#2138 = CARTESIAN_POINT('',(-0.395,0.622145576292,0.374240275494));
#2139 = ORIENTED_EDGE('',*,*,#2140,.F.);
#2140 = EDGE_CURVE('',#2141,#2132,#2143,.T.);
#2141 = VERTEX_POINT('',#2142);
#2142 = CARTESIAN_POINT('',(-0.395,0.685238806205,0.346911135989));
#2143 = B_SPLINE_CURVE_WITH_KNOTS('',3,(#2144,#2145,#2146,#2147),
  .UNSPECIFIED.,.F.,.F.,(4,4),(19.,20.),.PIECEWISE_BEZIER_KNOTS.);
#2144 = CARTESIAN_POINT('',(-0.395,0.685238806205,0.346911135989));
#2145 = CARTESIAN_POINT('',(-0.395,0.678828264369,0.346911135989));
#2146 = CARTESIAN_POINT('',(-0.395,0.672417722533,0.344886752664));
#2147 = CARTESIAN_POINT('',(-0.395,0.667356767436,0.341850180892));
#2148 = ORIENTED_EDGE('',*,*,#2149,.F.);
#2149 = EDGE_CURVE('',#2150,#2141,#2152,.T.);
#2150 = VERTEX_POINT('',#2151);
#2151 = CARTESIAN_POINT('',(-0.395,0.718978506852,0.313171435343));
#2152 = B_SPLINE_CURVE_WITH_KNOTS('',3,(#2153,#2154,#2155,#2156),
  .UNSPECIFIED.,.F.,.F.,(4,4),(18.,19.),.PIECEWISE_BEZIER_KNOTS.);
#2153 = CARTESIAN_POINT('',(-0.395,0.718978506852,0.313171435343));
#2154 = CARTESIAN_POINT('',(-0.395,0.718978506852,0.331728270698));
#2155 = CARTESIAN_POINT('',(-0.395,0.703795641561,0.346911135989));
#2156 = CARTESIAN_POINT('',(-0.395,0.685238806205,0.346911135989));
#2157 = ORIENTED_EDGE('',*,*,#2158,.F.);
#2158 = EDGE_CURVE('',#2159,#2150,#2161,.T.);
#2159 = VERTEX_POINT('',#2160);
#2160 = CARTESIAN_POINT('',(-0.395,0.698734686464,0.282130908174));
#2161 = B_SPLINE_CURVE_WITH_KNOTS('',3,(#2162,#2163,#2164,#2165),
  .UNSPECIFIED.,.F.,.F.,(4,4),(17.,18.),.PIECEWISE_BEZIER_KNOTS.);
#2162 = CARTESIAN_POINT('',(-0.395,0.698734686464,0.282130908174));
#2163 = CARTESIAN_POINT('',(-0.395,0.71054358169,0.287529261564));
#2164 = CARTESIAN_POINT('',(-0.395,0.718978506852,0.29933815679));
#2165 = CARTESIAN_POINT('',(-0.395,0.718978506852,0.313171435343));
#2166 = ORIENTED_EDGE('',*,*,#2167,.F.);
#2167 = EDGE_CURVE('',#2168,#2159,#2170,.T.);
#2168 = VERTEX_POINT('',#2169);
#2169 = CARTESIAN_POINT('',(-0.395,0.667019369143,0.304399111887));
#2170 = B_SPLINE_CURVE_WITH_KNOTS('',3,(#2171,#2172,#2173,#2174),
  .UNSPECIFIED.,.F.,.F.,(4,4),(16.,17.),.PIECEWISE_BEZIER_KNOTS.);
#2171 = CARTESIAN_POINT('',(-0.395,0.667019369143,0.304399111887));
#2172 = CARTESIAN_POINT('',(-0.395,0.681527444282,0.304399111887));
#2173 = CARTESIAN_POINT('',(-0.395,0.69401112966,0.294951998281));
#2174 = CARTESIAN_POINT('',(-0.395,0.698734686464,0.282130908174));
#2175 = ORIENTED_EDGE('',*,*,#2176,.F.);
#2176 = EDGE_CURVE('',#2177,#2168,#2179,.T.);
#2177 = VERTEX_POINT('',#2178);
#2178 = CARTESIAN_POINT('',(-0.395,0.641714593658,0.292927614955));
#2179 = B_SPLINE_CURVE_WITH_KNOTS('',3,(#2180,#2181,#2182,#2183),
  .UNSPECIFIED.,.F.,.F.,(4,4),(15.,16.),.PIECEWISE_BEZIER_KNOTS.);
#2180 = CARTESIAN_POINT('',(-0.395,0.641714593658,0.292927614955));
#2181 = CARTESIAN_POINT('',(-0.395,0.6477877372,0.300012953378));
#2182 = CARTESIAN_POINT('',(-0.395,0.656897458949,0.304399111887));
#2183 = CARTESIAN_POINT('',(-0.395,0.667019369143,0.304399111887));
#2184 = ORIENTED_EDGE('',*,*,#2185,.F.);
#2185 = EDGE_CURVE('',#2186,#2177,#2188,.T.);
#2186 = VERTEX_POINT('',#2187);
#2187 = CARTESIAN_POINT('',(-0.395,0.596503396078,0.316545405407));
#2188 = B_SPLINE_CURVE_WITH_KNOTS('',1,(#2189,#2190),.UNSPECIFIED.,.F.,
  .F.,(2,2),(0.,5.100835630005E-02),.PIECEWISE_BEZIER_KNOTS.);
#2189 = CARTESIAN_POINT('',(-0.395,0.596503396078,0.316545405407));
#2190 = CARTESIAN_POINT('',(-0.395,0.641714593658,0.292927614955));
#2191 = ORIENTED_EDGE('',*,*,#2192,.F.);
#2192 = EDGE_CURVE('',#2193,#2186,#2195,.T.);
#2193 = VERTEX_POINT('',#2194);
#2194 = CARTESIAN_POINT('',(-0.395,0.586044094026,0.298663360203));
#2195 = B_SPLINE_CURVE_WITH_KNOTS('',1,(#2196,#2197),.UNSPECIFIED.,.F.,
  .F.,(2,2),(0.,2.071628683171E-02),.PIECEWISE_BEZIER_KNOTS.);
#2196 = CARTESIAN_POINT('',(-0.395,0.586044094026,0.298663360203));
#2197 = CARTESIAN_POINT('',(-0.395,0.596503396078,0.316545405407));
#2198 = ORIENTED_EDGE('',*,*,#2199,.F.);
#2199 = EDGE_CURVE('',#2200,#2193,#2202,.T.);
#2200 = VERTEX_POINT('',#2201);
#2201 = CARTESIAN_POINT('',(-0.395,0.633279674931,0.273695983012));
#2202 = B_SPLINE_CURVE_WITH_KNOTS('',1,(#2203,#2204),.UNSPECIFIED.,.F.,
  .F.,(2,2),(-2.594076657672E-17,5.342817634251E-02),
  .PIECEWISE_BEZIER_KNOTS.);
#2203 = CARTESIAN_POINT('',(-0.395,0.633279674931,0.273695983012));
#2204 = CARTESIAN_POINT('',(-0.395,0.586044094026,0.298663360203));
#2205 = ORIENTED_EDGE('',*,*,#2206,.F.);
#2206 = EDGE_CURVE('',#2207,#2200,#2209,.T.);
#2207 = VERTEX_POINT('',#2208);
#2208 = CARTESIAN_POINT('',(-0.395,0.633279674931,0.270322012947));
#2209 = B_SPLINE_CURVE_WITH_KNOTS('',3,(#2210,#2211,#2212,#2213),
  .UNSPECIFIED.,.F.,.F.,(4,4),(11.,12.),.PIECEWISE_BEZIER_KNOTS.);
#2210 = CARTESIAN_POINT('',(-0.395,0.633279674931,0.270322012947));
#2211 = CARTESIAN_POINT('',(-0.395,0.633279674931,0.271334201392));
#2212 = CARTESIAN_POINT('',(-0.395,0.633279674931,0.272346389838));
#2213 = CARTESIAN_POINT('',(-0.395,0.633279674931,0.273695983012));
#2214 = ORIENTED_EDGE('',*,*,#2215,.F.);
#2215 = EDGE_CURVE('',#2216,#2207,#2218,.T.);
#2216 = VERTEX_POINT('',#2217);
#2217 = CARTESIAN_POINT('',(-0.395,0.667019375578,0.2365823123));
#2218 = B_SPLINE_CURVE_WITH_KNOTS('',3,(#2219,#2220,#2221,#2222),
  .UNSPECIFIED.,.F.,.F.,(4,4),(10.,11.),.PIECEWISE_BEZIER_KNOTS.);
#2219 = CARTESIAN_POINT('',(-0.395,0.667019375578,0.2365823123));
#2220 = CARTESIAN_POINT('',(-0.395,0.648462540222,0.2365823123));
#2221 = CARTESIAN_POINT('',(-0.395,0.633279674931,0.251765177591));
#2222 = CARTESIAN_POINT('',(-0.395,0.633279674931,0.270322012947));
#2223 = ORIENTED_EDGE('',*,*,#2224,.F.);
#2224 = EDGE_CURVE('',#2225,#2216,#2227,.T.);
#2225 = VERTEX_POINT('',#2226);
#2226 = CARTESIAN_POINT('',(-0.395,0.69907209441,0.259525306166));
#2227 = B_SPLINE_CURVE_WITH_KNOTS('',3,(#2228,#2229,#2230,#2231),
  .UNSPECIFIED.,.F.,.F.,(4,4),(9.,10.),.PIECEWISE_BEZIER_KNOTS.);
#2228 = CARTESIAN_POINT('',(-0.395,0.69907209441,0.259525306166));
#2229 = CARTESIAN_POINT('',(-0.395,0.694685932683,0.246029425907));
#2230 = CARTESIAN_POINT('',(-0.395,0.681864849011,0.2365823123));
#2231 = CARTESIAN_POINT('',(-0.395,0.667019375578,0.2365823123));
#2232 = ORIENTED_EDGE('',*,*,#2233,.F.);
#2233 = EDGE_CURVE('',#2234,#2225,#2236,.T.);
#2234 = VERTEX_POINT('',#2235);
#2235 = CARTESIAN_POINT('',(-0.395,0.726063854927,0.275720359902));
#2236 = B_SPLINE_CURVE_WITH_KNOTS('',3,(#2237,#2238,#2239,#2240),
  .UNSPECIFIED.,.F.,.F.,(4,4),(8.,9.),.PIECEWISE_BEZIER_KNOTS.);
#2237 = CARTESIAN_POINT('',(-0.395,0.726063854927,0.275720359902));
#2238 = CARTESIAN_POINT('',(-0.395,0.718641121429,0.267622826599));
#2239 = CARTESIAN_POINT('',(-0.395,0.70953139968,0.262224479644));
#2240 = CARTESIAN_POINT('',(-0.395,0.69907209441,0.259525306166));
#2241 = ORIENTED_EDGE('',*,*,#2242,.F.);
#2242 = EDGE_CURVE('',#2243,#2234,#2245,.T.);
#2243 = VERTEX_POINT('',#2244);
#2244 = CARTESIAN_POINT('',(-0.395,0.740234528555,0.312496625885));
#2245 = B_SPLINE_CURVE_WITH_KNOTS('',3,(#2246,#2247,#2248,#2249),
  .UNSPECIFIED.,.F.,.F.,(4,4),(7.,8.),.PIECEWISE_BEZIER_KNOTS.);
#2246 = CARTESIAN_POINT('',(-0.395,0.740234528555,0.312496625885));
#2247 = CARTESIAN_POINT('',(-0.395,0.740234528555,0.299000745626));
#2248 = CARTESIAN_POINT('',(-0.395,0.735173573459,0.285842257226));
#2249 = CARTESIAN_POINT('',(-0.395,0.726063854927,0.275720359902));
#2250 = ORIENTED_EDGE('',*,*,#2251,.F.);
#2251 = EDGE_CURVE('',#2252,#2243,#2254,.T.);
#2252 = VERTEX_POINT('',#2253);
#2253 = CARTESIAN_POINT('',(-0.395,0.724376860242,0.350959880117));
#2254 = B_SPLINE_CURVE_WITH_KNOTS('',3,(#2255,#2256,#2257,#2258),
  .UNSPECIFIED.,.F.,.F.,(4,4),(6.,7.),.PIECEWISE_BEZIER_KNOTS.);
#2255 = CARTESIAN_POINT('',(-0.395,0.724376860242,0.350959880117));
#2256 = CARTESIAN_POINT('',(-0.395,0.734498779285,0.340837973141));
#2257 = CARTESIAN_POINT('',(-0.395,0.740234528555,0.327004694589));
#2258 = CARTESIAN_POINT('',(-0.395,0.740234528555,0.312496625885));
#2259 = ORIENTED_EDGE('',*,*,#2260,.F.);
#2260 = EDGE_CURVE('',#2261,#2252,#2263,.T.);
#2261 = VERTEX_POINT('',#2262);
#2262 = CARTESIAN_POINT('',(-0.395,0.685576204498,0.367154937071));
#2263 = B_SPLINE_CURVE_WITH_KNOTS('',3,(#2264,#2265,#2266,#2267),
  .UNSPECIFIED.,.F.,.F.,(4,4),(5.,6.),.PIECEWISE_BEZIER_KNOTS.);
#2264 = CARTESIAN_POINT('',(-0.395,0.685576204498,0.367154937071));
#2265 = CARTESIAN_POINT('',(-0.395,0.70008427642,0.367154937071));
#2266 = CARTESIAN_POINT('',(-0.395,0.713917551755,0.361419188605));
#2267 = CARTESIAN_POINT('',(-0.395,0.724376860242,0.350959880117));
#2268 = ORIENTED_EDGE('',*,*,#2269,.F.);
#2269 = EDGE_CURVE('',#2270,#2261,#2272,.T.);
#2270 = VERTEX_POINT('',#2271);
#2271 = CARTESIAN_POINT('',(-0.395,0.677816075924,0.366480143702));
#2272 = B_SPLINE_CURVE_WITH_KNOTS('',3,(#2273,#2274,#2275,#2276),
  .UNSPECIFIED.,.F.,.F.,(4,4),(4.,5.),.PIECEWISE_BEZIER_KNOTS.);
#2273 = CARTESIAN_POINT('',(-0.395,0.677816075924,0.366480143702));
#2274 = CARTESIAN_POINT('',(-0.395,0.680515249401,0.366817541996));
#2275 = CARTESIAN_POINT('',(-0.395,0.682877031021,0.367154937071));
#2276 = CARTESIAN_POINT('',(-0.395,0.685576204498,0.367154937071));
#2277 = ORIENTED_EDGE('',*,*,#2278,.F.);
#2278 = EDGE_CURVE('',#2279,#2270,#2281,.T.);
#2279 = VERTEX_POINT('',#2280);
#2280 = CARTESIAN_POINT('',(-0.395,0.662970608926,0.381325612308));
#2281 = B_SPLINE_CURVE_WITH_KNOTS('',3,(#2282,#2283,#2284,#2285),
  .UNSPECIFIED.,.F.,.F.,(4,4),(3.,4.),.PIECEWISE_BEZIER_KNOTS.);
#2282 = CARTESIAN_POINT('',(-0.395,0.662970608926,0.381325612308));
#2283 = CARTESIAN_POINT('',(-0.395,0.66870636061,0.377276847265));
#2284 = CARTESIAN_POINT('',(-0.395,0.673429917414,0.372215892168));
#2285 = CARTESIAN_POINT('',(-0.395,0.677816075924,0.366480143702));
#2286 = ORIENTED_EDGE('',*,*,#2287,.F.);
#2287 = EDGE_CURVE('',#2288,#2279,#2290,.T.);
#2288 = VERTEX_POINT('',#2289);
#2289 = CARTESIAN_POINT('',(-0.395,0.62248296815,0.394484095882));
#2290 = B_SPLINE_CURVE_WITH_KNOTS('',3,(#2291,#2292,#2293,#2294),
  .UNSPECIFIED.,.F.,.F.,(4,4),(2.,3.),.PIECEWISE_BEZIER_KNOTS.);
#2291 = CARTESIAN_POINT('',(-0.395,0.62248296815,0.394484095882));
#2292 = CARTESIAN_POINT('',(-0.395,0.637328435148,0.394484095882));
#2293 = CARTESIAN_POINT('',(-0.395,0.6511617137,0.389760537872));
#2294 = CARTESIAN_POINT('',(-0.395,0.662970608926,0.381325612308));
#2295 = ORIENTED_EDGE('',*,*,#2296,.F.);
#2296 = EDGE_CURVE('',#2297,#2288,#2299,.T.);
#2297 = VERTEX_POINT('',#2298);
#2298 = CARTESIAN_POINT('',(-0.395,0.576596980419,0.376939450581));
#2299 = B_SPLINE_CURVE_WITH_KNOTS('',3,(#2300,#2301,#2302,#2303),
  .UNSPECIFIED.,.F.,.F.,(4,4),(1.,2.),.PIECEWISE_BEZIER_KNOTS.);
#2300 = CARTESIAN_POINT('',(-0.395,0.576596980419,0.376939450581));
#2301 = CARTESIAN_POINT('',(-0.395,0.589418064091,0.38807355284));
#2302 = CARTESIAN_POINT('',(-0.395,0.605613117827,0.394484095882));
#2303 = CARTESIAN_POINT('',(-0.395,0.62248296815,0.394484095882));
#2304 = ORIENTED_EDGE('',*,*,#2305,.F.);
#2305 = EDGE_CURVE('',#2028,#2297,#2306,.T.);
#2306 = B_SPLINE_CURVE_WITH_KNOTS('',3,(#2307,#2308,#2309,#2310),
  .UNSPECIFIED.,.F.,.F.,(4,4),(0.,1.),.PIECEWISE_BEZIER_KNOTS.);
#2307 = CARTESIAN_POINT('',(-0.395,0.558377536921,0.350285086748));
#2308 = CARTESIAN_POINT('',(-0.395,0.562088898844,0.360406996942));
#2309 = CARTESIAN_POINT('',(-0.395,0.568499447115,0.369516715473));
#2310 = CARTESIAN_POINT('',(-0.395,0.576596980419,0.376939450581));
#2311 = B_SPLINE_SURFACE_WITH_KNOTS('',1,1,(
    (#2312,#2313)
    ,(#2314,#2315
    )),.UNSPECIFIED.,.F.,.F.,.F.,(2,2),(2,2),(-1.6,0.),(-0.43,0.),
  .PIECEWISE_BEZIER_KNOTS.);
#2312 = CARTESIAN_POINT('',(-0.395,-0.8,1.00001E-02));
#2313 = CARTESIAN_POINT('',(-0.395,-0.8,0.4400001));
#2314 = CARTESIAN_POINT('',(-0.395,0.8,1.00001E-02));
#2315 = CARTESIAN_POINT('',(-0.395,0.8,0.4400001));
#2316 = ADVANCED_FACE('',(#2317),#2347,.F.);
#2317 = FACE_BOUND('',#2318,.T.);
#2318 = EDGE_LOOP('',(#2319,#2328,#2335,#2342));
#2319 = ORIENTED_EDGE('',*,*,#2320,.T.);
#2320 = EDGE_CURVE('',#2321,#2323,#2325,.T.);
#2321 = VERTEX_POINT('',#2322);
#2322 = CARTESIAN_POINT('',(0.405,-0.8,1.00001E-02));
#2323 = VERTEX_POINT('',#2324);
#2324 = CARTESIAN_POINT('',(0.405,0.8,1.00001E-02));
#2325 = B_SPLINE_CURVE_WITH_KNOTS('',1,(#2326,#2327),.UNSPECIFIED.,.F.,
  .F.,(2,2),(-1.6,0.),.PIECEWISE_BEZIER_KNOTS.);
#2326 = CARTESIAN_POINT('',(0.405,-0.8,1.00001E-02));
#2327 = CARTESIAN_POINT('',(0.405,0.8,1.00001E-02));
#2328 = ORIENTED_EDGE('',*,*,#2329,.F.);
#2329 = EDGE_CURVE('',#2330,#2323,#2332,.T.);
#2330 = VERTEX_POINT('',#2331);
#2331 = CARTESIAN_POINT('',(0.405,0.8,0.4400001));
#2332 = B_SPLINE_CURVE_WITH_KNOTS('',1,(#2333,#2334),.UNSPECIFIED.,.F.,
  .F.,(2,2),(-0.,0.43),.PIECEWISE_BEZIER_KNOTS.);
#2333 = CARTESIAN_POINT('',(0.405,0.8,0.4400001));
#2334 = CARTESIAN_POINT('',(0.405,0.8,1.00001E-02));
#2335 = ORIENTED_EDGE('',*,*,#2336,.F.);
#2336 = EDGE_CURVE('',#2337,#2330,#2339,.T.);
#2337 = VERTEX_POINT('',#2338);
#2338 = CARTESIAN_POINT('',(0.405,-0.8,0.4400001));
#2339 = B_SPLINE_CURVE_WITH_KNOTS('',1,(#2340,#2341),.UNSPECIFIED.,.F.,
  .F.,(2,2),(-1.6,0.),.PIECEWISE_BEZIER_KNOTS.);
#2340 = CARTESIAN_POINT('',(0.405,-0.8,0.4400001));
#2341 = CARTESIAN_POINT('',(0.405,0.8,0.4400001));
#2342 = ORIENTED_EDGE('',*,*,#2343,.T.);
#2343 = EDGE_CURVE('',#2337,#2321,#2344,.T.);
#2344 = B_SPLINE_CURVE_WITH_KNOTS('',1,(#2345,#2346),.UNSPECIFIED.,.F.,
  .F.,(2,2),(-0.,0.43),.PIECEWISE_BEZIER_KNOTS.);
#2345 = CARTESIAN_POINT('',(0.405,-0.8,0.4400001));
#2346 = CARTESIAN_POINT('',(0.405,-0.8,1.00001E-02));
#2347 = B_SPLINE_SURFACE_WITH_KNOTS('',1,1,(
    (#2348,#2349)
    ,(#2350,#2351
    )),.UNSPECIFIED.,.F.,.F.,.F.,(2,2),(2,2),(0.,1.6),(-0.43,0.),
  .PIECEWISE_BEZIER_KNOTS.);
#2348 = CARTESIAN_POINT('',(0.405,0.8,1.00001E-02));
#2349 = CARTESIAN_POINT('',(0.405,0.8,0.4400001));
#2350 = CARTESIAN_POINT('',(0.405,-0.8,1.00001E-02));
#2351 = CARTESIAN_POINT('',(0.405,-0.8,0.4400001));
#2352 = ADVANCED_FACE('',(#2353),#2367,.F.);
#2353 = FACE_BOUND('',#2354,.T.);
#2354 = EDGE_LOOP('',(#2355,#2360,#2361,#2366));
#2355 = ORIENTED_EDGE('',*,*,#2356,.T.);
#2356 = EDGE_CURVE('',#2323,#1359,#2357,.T.);
#2357 = B_SPLINE_CURVE_WITH_KNOTS('',1,(#2358,#2359),.UNSPECIFIED.,.F.,
  .F.,(2,2),(-0.8,-0.),.PIECEWISE_BEZIER_KNOTS.);
#2358 = CARTESIAN_POINT('',(0.405,0.8,1.00001E-02));
#2359 = CARTESIAN_POINT('',(-0.395,0.8,1.00001E-02));
#2360 = ORIENTED_EDGE('',*,*,#1381,.F.);
#2361 = ORIENTED_EDGE('',*,*,#2362,.F.);
#2362 = EDGE_CURVE('',#2330,#1375,#2363,.T.);
#2363 = B_SPLINE_CURVE_WITH_KNOTS('',1,(#2364,#2365),.UNSPECIFIED.,.F.,
  .F.,(2,2),(-0.8,-0.),.PIECEWISE_BEZIER_KNOTS.);
#2364 = CARTESIAN_POINT('',(0.405,0.8,0.4400001));
#2365 = CARTESIAN_POINT('',(-0.395,0.8,0.4400001));
#2366 = ORIENTED_EDGE('',*,*,#2329,.T.);
#2367 = B_SPLINE_SURFACE_WITH_KNOTS('',1,1,(
    (#2368,#2369)
    ,(#2370,#2371
    )),.UNSPECIFIED.,.F.,.F.,.F.,(2,2),(2,2),(0.,0.43),(0.,0.8),
  .PIECEWISE_BEZIER_KNOTS.);
#2368 = CARTESIAN_POINT('',(-0.395,0.8,0.4400001));
#2369 = CARTESIAN_POINT('',(0.405,0.8,0.4400001));
#2370 = CARTESIAN_POINT('',(-0.395,0.8,1.00001E-02));
#2371 = CARTESIAN_POINT('',(0.405,0.8,1.00001E-02));
#2372 = ADVANCED_FACE('',(#2373),#2387,.F.);
#2373 = FACE_BOUND('',#2374,.T.);
#2374 = EDGE_LOOP('',(#2375,#2380,#2381,#2386));
#2375 = ORIENTED_EDGE('',*,*,#2376,.T.);
#2376 = EDGE_CURVE('',#1361,#2321,#2377,.T.);
#2377 = B_SPLINE_CURVE_WITH_KNOTS('',1,(#2378,#2379),.UNSPECIFIED.,.F.,
  .F.,(2,2),(0.,0.8),.PIECEWISE_BEZIER_KNOTS.);
#2378 = CARTESIAN_POINT('',(-0.395,-0.8,1.00001E-02));
#2379 = CARTESIAN_POINT('',(0.405,-0.8,1.00001E-02));
#2380 = ORIENTED_EDGE('',*,*,#2343,.F.);
#2381 = ORIENTED_EDGE('',*,*,#2382,.F.);
#2382 = EDGE_CURVE('',#1368,#2337,#2383,.T.);
#2383 = B_SPLINE_CURVE_WITH_KNOTS('',1,(#2384,#2385),.UNSPECIFIED.,.F.,
  .F.,(2,2),(0.,0.8),.PIECEWISE_BEZIER_KNOTS.);
#2384 = CARTESIAN_POINT('',(-0.395,-0.8,0.4400001));
#2385 = CARTESIAN_POINT('',(0.405,-0.8,0.4400001));
#2386 = ORIENTED_EDGE('',*,*,#1367,.T.);
#2387 = B_SPLINE_SURFACE_WITH_KNOTS('',1,1,(
    (#2388,#2389)
    ,(#2390,#2391
    )),.UNSPECIFIED.,.F.,.F.,.F.,(2,2),(2,2),(-0.43,0.),(0.,0.8),
  .PIECEWISE_BEZIER_KNOTS.);
#2388 = CARTESIAN_POINT('',(-0.395,-0.8,1.00001E-02));
#2389 = CARTESIAN_POINT('',(0.405,-0.8,1.00001E-02));
#2390 = CARTESIAN_POINT('',(-0.395,-0.8,0.4400001));
#2391 = CARTESIAN_POINT('',(0.405,-0.8,0.4400001));
#2392 = ADVANCED_FACE('',(#2393),#2399,.T.);
#2393 = FACE_BOUND('',#2394,.T.);
#2394 = EDGE_LOOP('',(#2395,#2396,#2397,#2398));
#2395 = ORIENTED_EDGE('',*,*,#2336,.T.);
#2396 = ORIENTED_EDGE('',*,*,#2362,.T.);
#2397 = ORIENTED_EDGE('',*,*,#1374,.T.);
#2398 = ORIENTED_EDGE('',*,*,#2382,.T.);
#2399 = B_SPLINE_SURFACE_WITH_KNOTS('',1,1,(
    (#2400,#2401)
    ,(#2402,#2403
    )),.UNSPECIFIED.,.F.,.F.,.F.,(2,2),(2,2),(-0.4,0.4),(-0.8,0.8),
  .PIECEWISE_BEZIER_KNOTS.);
#2400 = CARTESIAN_POINT('',(-0.395,-0.8,0.4400001));
#2401 = CARTESIAN_POINT('',(-0.395,0.8,0.4400001));
#2402 = CARTESIAN_POINT('',(0.405,-0.8,0.4400001));
#2403 = CARTESIAN_POINT('',(0.405,0.8,0.4400001));
#2404 = ADVANCED_FACE('',(#2405),#2411,.F.);
#2405 = FACE_BOUND('',#2406,.T.);
#2406 = EDGE_LOOP('',(#2407,#2408,#2409,#2410));
#2407 = ORIENTED_EDGE('',*,*,#2320,.F.);
#2408 = ORIENTED_EDGE('',*,*,#2376,.F.);
#2409 = ORIENTED_EDGE('',*,*,#1358,.F.);
#2410 = ORIENTED_EDGE('',*,*,#2356,.F.);
#2411 = B_SPLINE_SURFACE_WITH_KNOTS('',1,1,(
    (#2412,#2413)
    ,(#2414,#2415
    )),.UNSPECIFIED.,.F.,.F.,.F.,(2,2),(2,2),(-0.4,0.4),(-0.8,0.8),
  .PIECEWISE_BEZIER_KNOTS.);
#2412 = CARTESIAN_POINT('',(-0.395,-0.8,1.00001E-02));
#2413 = CARTESIAN_POINT('',(-0.395,0.8,1.00001E-02));
#2414 = CARTESIAN_POINT('',(0.405,-0.8,1.00001E-02));
#2415 = CARTESIAN_POINT('',(0.405,0.8,1.00001E-02));
#2416 = ADVANCED_FACE('',(#2417),#2439,.F.);
#2417 = FACE_BOUND('',#2418,.T.);
#2418 = EDGE_LOOP('',(#2419,#2420,#2427,#2434));
#2419 = ORIENTED_EDGE('',*,*,#1388,.T.);
#2420 = ORIENTED_EDGE('',*,*,#2421,.F.);
#2421 = EDGE_CURVE('',#2422,#1391,#2424,.T.);
#2422 = VERTEX_POINT('',#2423);
#2423 = CARTESIAN_POINT('',(-0.405,0.461085643819,0.339707235741));
#2424 = B_SPLINE_CURVE_WITH_KNOTS('',1,(#2425,#2426),.UNSPECIFIED.,.F.,
  .F.,(2,2),(0.,1.E-02),.PIECEWISE_BEZIER_KNOTS.);
#2425 = CARTESIAN_POINT('',(-0.405,0.461085643819,0.339707235741));
#2426 = CARTESIAN_POINT('',(-0.395,0.461085643819,0.339707235741));
#2427 = ORIENTED_EDGE('',*,*,#2428,.F.);
#2428 = EDGE_CURVE('',#2429,#2422,#2431,.T.);
#2429 = VERTEX_POINT('',#2430);
#2430 = CARTESIAN_POINT('',(-0.405,0.461085643819,0.334297028716));
#2431 = B_SPLINE_CURVE_WITH_KNOTS('',1,(#2432,#2433),.UNSPECIFIED.,.F.,
  .F.,(2,2),(-5.41020702455E-03,0.),.PIECEWISE_BEZIER_KNOTS.);
#2432 = CARTESIAN_POINT('',(-0.405,0.461085643819,0.334297028716));
#2433 = CARTESIAN_POINT('',(-0.405,0.461085643819,0.339707235741));
#2434 = ORIENTED_EDGE('',*,*,#2435,.T.);
#2435 = EDGE_CURVE('',#2429,#1389,#2436,.T.);
#2436 = B_SPLINE_CURVE_WITH_KNOTS('',1,(#2437,#2438),.UNSPECIFIED.,.F.,
  .F.,(2,2),(0.,1.E-02),.PIECEWISE_BEZIER_KNOTS.);
#2437 = CARTESIAN_POINT('',(-0.405,0.461085643819,0.334297028716));
#2438 = CARTESIAN_POINT('',(-0.395,0.461085643819,0.334297028716));
#2439 = B_SPLINE_SURFACE_WITH_KNOTS('',1,1,(
    (#2440,#2441)
    ,(#2442,#2443
    )),.UNSPECIFIED.,.F.,.F.,.F.,(2,2),(2,2),(-5.41020702455E-03,
    1.6974488359E-32),(-2.204051907792E-34,1.E-02),
  .PIECEWISE_BEZIER_KNOTS.);
#2440 = CARTESIAN_POINT('',(-0.405,0.461085643819,0.334297028716));
#2441 = CARTESIAN_POINT('',(-0.395,0.461085643819,0.334297028716));
#2442 = CARTESIAN_POINT('',(-0.405,0.461085643819,0.339707235741));
#2443 = CARTESIAN_POINT('',(-0.395,0.461085643819,0.339707235741));
#2444 = ADVANCED_FACE('',(#2445),#2461,.F.);
#2445 = FACE_BOUND('',#2446,.T.);
#2446 = EDGE_LOOP('',(#2447,#2448,#2455,#2460));
#2447 = ORIENTED_EDGE('',*,*,#1425,.T.);
#2448 = ORIENTED_EDGE('',*,*,#2449,.F.);
#2449 = EDGE_CURVE('',#2450,#1419,#2452,.T.);
#2450 = VERTEX_POINT('',#2451);
#2451 = CARTESIAN_POINT('',(-0.405,0.479984976878,0.339707235741));
#2452 = B_SPLINE_CURVE_WITH_KNOTS('',1,(#2453,#2454),.UNSPECIFIED.,.F.,
  .F.,(2,2),(0.,1.E-02),.PIECEWISE_BEZIER_KNOTS.);
#2453 = CARTESIAN_POINT('',(-0.405,0.479984976878,0.339707235741));
#2454 = CARTESIAN_POINT('',(-0.395,0.479984976878,0.339707235741));
#2455 = ORIENTED_EDGE('',*,*,#2456,.F.);
#2456 = EDGE_CURVE('',#2422,#2450,#2457,.T.);
#2457 = B_SPLINE_CURVE_WITH_KNOTS('',1,(#2458,#2459),.UNSPECIFIED.,.F.,
  .F.,(2,2),(-1.889933305905E-02,0.),.PIECEWISE_BEZIER_KNOTS.);
#2458 = CARTESIAN_POINT('',(-0.405,0.461085643819,0.339707235741));
#2459 = CARTESIAN_POINT('',(-0.405,0.479984976878,0.339707235741));
#2460 = ORIENTED_EDGE('',*,*,#2421,.T.);
#2461 = B_SPLINE_SURFACE_WITH_KNOTS('',1,1,(
    (#2462,#2463)
    ,(#2464,#2465
    )),.UNSPECIFIED.,.F.,.F.,.F.,(2,2),(2,2),(-1.889933305905E-02,
    1.694065894509E-18),(-9.408867069431E-62,1.E-02),
  .PIECEWISE_BEZIER_KNOTS.);
#2462 = CARTESIAN_POINT('',(-0.405,0.461085643819,0.339707235741));
#2463 = CARTESIAN_POINT('',(-0.395,0.461085643819,0.339707235741));
#2464 = CARTESIAN_POINT('',(-0.405,0.479984976878,0.339707235741));
#2465 = CARTESIAN_POINT('',(-0.395,0.479984976878,0.339707235741));
#2466 = ADVANCED_FACE('',(#2467),#2483,.F.);
#2467 = FACE_BOUND('',#2468,.T.);
#2468 = EDGE_LOOP('',(#2469,#2470,#2477,#2482));
#2469 = ORIENTED_EDGE('',*,*,#1418,.T.);
#2470 = ORIENTED_EDGE('',*,*,#2471,.F.);
#2471 = EDGE_CURVE('',#2472,#1412,#2474,.T.);
#2472 = VERTEX_POINT('',#2473);
#2473 = CARTESIAN_POINT('',(-0.405,0.479984976878,0.381751580017));
#2474 = B_SPLINE_CURVE_WITH_KNOTS('',1,(#2475,#2476),.UNSPECIFIED.,.F.,
  .F.,(2,2),(0.,1.E-02),.PIECEWISE_BEZIER_KNOTS.);
#2475 = CARTESIAN_POINT('',(-0.405,0.479984976878,0.381751580017));
#2476 = CARTESIAN_POINT('',(-0.395,0.479984976878,0.381751580017));
#2477 = ORIENTED_EDGE('',*,*,#2478,.F.);
#2478 = EDGE_CURVE('',#2450,#2472,#2479,.T.);
#2479 = B_SPLINE_CURVE_WITH_KNOTS('',1,(#2480,#2481),.UNSPECIFIED.,.F.,
  .F.,(2,2),(-4.20443442761E-02,0.),.PIECEWISE_BEZIER_KNOTS.);
#2480 = CARTESIAN_POINT('',(-0.405,0.479984976878,0.339707235741));
#2481 = CARTESIAN_POINT('',(-0.405,0.479984976878,0.381751580017));
#2482 = ORIENTED_EDGE('',*,*,#2449,.T.);
#2483 = B_SPLINE_SURFACE_WITH_KNOTS('',1,1,(
    (#2484,#2485)
    ,(#2486,#2487
    )),.UNSPECIFIED.,.F.,.F.,.F.,(2,2),(2,2),(-4.20443442761E-02,
    1.747402610062E-32),(-1.763241526233E-33,1.E-02),
  .PIECEWISE_BEZIER_KNOTS.);
#2484 = CARTESIAN_POINT('',(-0.405,0.479984976878,0.339707235741));
#2485 = CARTESIAN_POINT('',(-0.395,0.479984976878,0.339707235741));
#2486 = CARTESIAN_POINT('',(-0.405,0.479984976878,0.381751580017));
#2487 = CARTESIAN_POINT('',(-0.395,0.479984976878,0.381751580017));
#2488 = ADVANCED_FACE('',(#2489),#2505,.F.);
#2489 = FACE_BOUND('',#2490,.T.);
#2490 = EDGE_LOOP('',(#2491,#2492,#2499,#2504));
#2491 = ORIENTED_EDGE('',*,*,#1411,.T.);
#2492 = ORIENTED_EDGE('',*,*,#2493,.F.);
#2493 = EDGE_CURVE('',#2494,#1405,#2496,.T.);
#2494 = VERTEX_POINT('',#2495);
#2495 = CARTESIAN_POINT('',(-0.405,0.486110883935,0.381751580017));
#2496 = B_SPLINE_CURVE_WITH_KNOTS('',1,(#2497,#2498),.UNSPECIFIED.,.F.,
  .F.,(2,2),(0.,1.E-02),.PIECEWISE_BEZIER_KNOTS.);
#2497 = CARTESIAN_POINT('',(-0.405,0.486110883935,0.381751580017));
#2498 = CARTESIAN_POINT('',(-0.395,0.486110883935,0.381751580017));
#2499 = ORIENTED_EDGE('',*,*,#2500,.F.);
#2500 = EDGE_CURVE('',#2472,#2494,#2501,.T.);
#2501 = B_SPLINE_CURVE_WITH_KNOTS('',1,(#2502,#2503),.UNSPECIFIED.,.F.,
  .F.,(2,2),(-6.125907056942E-03,0.),.PIECEWISE_BEZIER_KNOTS.);
#2502 = CARTESIAN_POINT('',(-0.405,0.479984976878,0.381751580017));
#2503 = CARTESIAN_POINT('',(-0.405,0.486110883935,0.381751580017));
#2504 = ORIENTED_EDGE('',*,*,#2471,.T.);
#2505 = B_SPLINE_SURFACE_WITH_KNOTS('',1,1,(
    (#2506,#2507)
    ,(#2508,#2509
    )),.UNSPECIFIED.,.F.,.F.,.F.,(2,2),(2,2),(-6.125907056942E-03,
    1.694065894509E-18),(0.,1.E-02),.PIECEWISE_BEZIER_KNOTS.);
#2506 = CARTESIAN_POINT('',(-0.405,0.479984976878,0.381751580017));
#2507 = CARTESIAN_POINT('',(-0.395,0.479984976878,0.381751580017));
#2508 = CARTESIAN_POINT('',(-0.405,0.486110883935,0.381751580017));
#2509 = CARTESIAN_POINT('',(-0.395,0.486110883935,0.381751580017));
#2510 = ADVANCED_FACE('',(#2511),#2527,.F.);
#2511 = FACE_BOUND('',#2512,.T.);
#2512 = EDGE_LOOP('',(#2513,#2514,#2521,#2526));
#2513 = ORIENTED_EDGE('',*,*,#1404,.T.);
#2514 = ORIENTED_EDGE('',*,*,#2515,.F.);
#2515 = EDGE_CURVE('',#2516,#1398,#2518,.T.);
#2516 = VERTEX_POINT('',#2517);
#2517 = CARTESIAN_POINT('',(-0.405,0.486110883935,0.334297028716));
#2518 = B_SPLINE_CURVE_WITH_KNOTS('',1,(#2519,#2520),.UNSPECIFIED.,.F.,
  .F.,(2,2),(0.,1.E-02),.PIECEWISE_BEZIER_KNOTS.);
#2519 = CARTESIAN_POINT('',(-0.405,0.486110883935,0.334297028716));
#2520 = CARTESIAN_POINT('',(-0.395,0.486110883935,0.334297028716));
#2521 = ORIENTED_EDGE('',*,*,#2522,.F.);
#2522 = EDGE_CURVE('',#2494,#2516,#2523,.T.);
#2523 = B_SPLINE_CURVE_WITH_KNOTS('',1,(#2524,#2525),.UNSPECIFIED.,.F.,
  .F.,(2,2),(-4.745455130064E-02,-0.),.PIECEWISE_BEZIER_KNOTS.);
#2524 = CARTESIAN_POINT('',(-0.405,0.486110883935,0.381751580017));
#2525 = CARTESIAN_POINT('',(-0.405,0.486110883935,0.334297028716));
#2526 = ORIENTED_EDGE('',*,*,#2493,.T.);
#2527 = B_SPLINE_SURFACE_WITH_KNOTS('',1,1,(
    (#2528,#2529)
    ,(#2530,#2531
    )),.UNSPECIFIED.,.F.,.F.,.F.,(2,2),(2,2),(-4.745455130064E-02,0.),(
    -1.66244974657E-47,1.E-02),.PIECEWISE_BEZIER_KNOTS.);
#2528 = CARTESIAN_POINT('',(-0.405,0.486110883935,0.381751580017));
#2529 = CARTESIAN_POINT('',(-0.395,0.486110883935,0.381751580017));
#2530 = CARTESIAN_POINT('',(-0.405,0.486110883935,0.334297028716));
#2531 = CARTESIAN_POINT('',(-0.395,0.486110883935,0.334297028716));
#2532 = ADVANCED_FACE('',(#2533),#2543,.F.);
#2533 = FACE_BOUND('',#2534,.T.);
#2534 = EDGE_LOOP('',(#2535,#2536,#2537,#2542));
#2535 = ORIENTED_EDGE('',*,*,#1397,.T.);
#2536 = ORIENTED_EDGE('',*,*,#2435,.F.);
#2537 = ORIENTED_EDGE('',*,*,#2538,.F.);
#2538 = EDGE_CURVE('',#2516,#2429,#2539,.T.);
#2539 = B_SPLINE_CURVE_WITH_KNOTS('',1,(#2540,#2541),.UNSPECIFIED.,.F.,
  .F.,(2,2),(-2.5025240116E-02,0.),.PIECEWISE_BEZIER_KNOTS.);
#2540 = CARTESIAN_POINT('',(-0.405,0.486110883935,0.334297028716));
#2541 = CARTESIAN_POINT('',(-0.405,0.461085643819,0.334297028716));
#2542 = ORIENTED_EDGE('',*,*,#2515,.T.);
#2543 = B_SPLINE_SURFACE_WITH_KNOTS('',1,1,(
    (#2544,#2545)
    ,(#2546,#2547
    )),.UNSPECIFIED.,.F.,.F.,.F.,(2,2),(2,2),(-2.5025240116E-02,0.),(
    -1.193613855263E-47,1.E-02),.PIECEWISE_BEZIER_KNOTS.);
#2544 = CARTESIAN_POINT('',(-0.405,0.486110883935,0.334297028716));
#2545 = CARTESIAN_POINT('',(-0.395,0.486110883935,0.334297028716));
#2546 = CARTESIAN_POINT('',(-0.405,0.461085643819,0.334297028716));
#2547 = CARTESIAN_POINT('',(-0.395,0.461085643819,0.334297028716));
#2548 = ADVANCED_FACE('',(#2549),#2557,.F.);
#2549 = FACE_BOUND('',#2550,.T.);
#2550 = EDGE_LOOP('',(#2551,#2552,#2553,#2554,#2555,#2556));
#2551 = ORIENTED_EDGE('',*,*,#2428,.T.);
#2552 = ORIENTED_EDGE('',*,*,#2456,.T.);
#2553 = ORIENTED_EDGE('',*,*,#2478,.T.);
#2554 = ORIENTED_EDGE('',*,*,#2500,.T.);
#2555 = ORIENTED_EDGE('',*,*,#2522,.T.);
#2556 = ORIENTED_EDGE('',*,*,#2538,.T.);
#2557 = B_SPLINE_SURFACE_WITH_KNOTS('',1,1,(
    (#2558,#2559)
    ,(#2560,#2561
    )),.UNSPECIFIED.,.F.,.F.,.F.,(2,2),(2,2),(-0.371751480017,
    -0.324296928716),(0.461085643819,0.486110883935),
  .PIECEWISE_BEZIER_KNOTS.);
#2558 = CARTESIAN_POINT('',(-0.405,0.461085643819,0.381751580017));
#2559 = CARTESIAN_POINT('',(-0.405,0.486110883935,0.381751580017));
#2560 = CARTESIAN_POINT('',(-0.405,0.461085643819,0.334297028716));
#2561 = CARTESIAN_POINT('',(-0.405,0.486110883935,0.334297028716));
#2562 = ADVANCED_FACE('',(#2563),#2587,.F.);
#2563 = FACE_BOUND('',#2564,.F.);
#2564 = EDGE_LOOP('',(#2565,#2572,#2581,#2586));
#2565 = ORIENTED_EDGE('',*,*,#2566,.F.);
#2566 = EDGE_CURVE('',#2567,#1235,#2569,.T.);
#2567 = VERTEX_POINT('',#2568);
#2568 = CARTESIAN_POINT('',(-0.405,0.436751842717,0.333496415121));
#2569 = B_SPLINE_CURVE_WITH_KNOTS('',1,(#2570,#2571),.UNSPECIFIED.,.F.,
  .F.,(2,2),(0.,1.E-02),.PIECEWISE_BEZIER_KNOTS.);
#2570 = CARTESIAN_POINT('',(-0.405,0.436751842717,0.333496415121));
#2571 = CARTESIAN_POINT('',(-0.395,0.436751842717,0.333496415121));
#2572 = ORIENTED_EDGE('',*,*,#2573,.T.);
#2573 = EDGE_CURVE('',#2567,#2574,#2576,.T.);
#2574 = VERTEX_POINT('',#2575);
#2575 = CARTESIAN_POINT('',(-0.405,0.423614501445,0.336262171178));
#2576 = B_SPLINE_CURVE_WITH_KNOTS('',3,(#2577,#2578,#2579,#2580),
  .UNSPECIFIED.,.F.,.F.,(4,4),(0.,1.),.PIECEWISE_BEZIER_KNOTS.);
#2577 = CARTESIAN_POINT('',(-0.405,0.436751842717,0.333496415121));
#2578 = CARTESIAN_POINT('',(-0.405,0.431487201801,0.333496415121));
#2579 = CARTESIAN_POINT('',(-0.405,0.427108088043,0.334418333807));
#2580 = CARTESIAN_POINT('',(-0.405,0.423614501445,0.336262171178));
#2581 = ORIENTED_EDGE('',*,*,#2582,.T.);
#2582 = EDGE_CURVE('',#2574,#1237,#2583,.T.);
#2583 = B_SPLINE_CURVE_WITH_KNOTS('',1,(#2584,#2585),.UNSPECIFIED.,.F.,
  .F.,(2,2),(0.,1.E-02),.PIECEWISE_BEZIER_KNOTS.);
#2584 = CARTESIAN_POINT('',(-0.405,0.423614501445,0.336262171178));
#2585 = CARTESIAN_POINT('',(-0.395,0.423614501445,0.336262171178));
#2586 = ORIENTED_EDGE('',*,*,#1234,.F.);
#2587 = B_SPLINE_SURFACE_WITH_KNOTS('',3,1,(
    (#2588,#2589)
    ,(#2590,#2591)
    ,(#2592,#2593)
    ,(#2594,#2595
    )),.UNSPECIFIED.,.F.,.F.,.F.,(4,4),(2,2),(0.,1.),(0.,1.),
  .PIECEWISE_BEZIER_KNOTS.);
#2588 = CARTESIAN_POINT('',(-0.405,0.436751842717,0.333496415121));
#2589 = CARTESIAN_POINT('',(-0.395,0.436751842717,0.333496415121));
#2590 = CARTESIAN_POINT('',(-0.405,0.431487201801,0.333496415121));
#2591 = CARTESIAN_POINT('',(-0.395,0.431487201801,0.333496415121));
#2592 = CARTESIAN_POINT('',(-0.405,0.427108088043,0.334418333807));
#2593 = CARTESIAN_POINT('',(-0.395,0.427108088043,0.334418333807));
#2594 = CARTESIAN_POINT('',(-0.405,0.423614501445,0.336262171178));
#2595 = CARTESIAN_POINT('',(-0.395,0.423614501445,0.336262171178));
#2596 = ADVANCED_FACE('',(#2597),#2613,.F.);
#2597 = FACE_BOUND('',#2598,.T.);
#2598 = EDGE_LOOP('',(#2599,#2600,#2607,#2612));
#2599 = ORIENTED_EDGE('',*,*,#1351,.T.);
#2600 = ORIENTED_EDGE('',*,*,#2601,.F.);
#2601 = EDGE_CURVE('',#2602,#1343,#2604,.T.);
#2602 = VERTEX_POINT('',#2603);
#2603 = CARTESIAN_POINT('',(-0.405,0.423614501445,0.342133337546));
#2604 = B_SPLINE_CURVE_WITH_KNOTS('',1,(#2605,#2606),.UNSPECIFIED.,.F.,
  .F.,(2,2),(0.,1.E-02),.PIECEWISE_BEZIER_KNOTS.);
#2605 = CARTESIAN_POINT('',(-0.405,0.423614501445,0.342133337546));
#2606 = CARTESIAN_POINT('',(-0.395,0.423614501445,0.342133337546));
#2607 = ORIENTED_EDGE('',*,*,#2608,.F.);
#2608 = EDGE_CURVE('',#2574,#2602,#2609,.T.);
#2609 = B_SPLINE_CURVE_WITH_KNOTS('',1,(#2610,#2611),.UNSPECIFIED.,.F.,
  .F.,(2,2),(-5.871166367572E-03,0.),.PIECEWISE_BEZIER_KNOTS.);
#2610 = CARTESIAN_POINT('',(-0.405,0.423614501445,0.336262171178));
#2611 = CARTESIAN_POINT('',(-0.405,0.423614501445,0.342133337546));
#2612 = ORIENTED_EDGE('',*,*,#2582,.T.);
#2613 = B_SPLINE_SURFACE_WITH_KNOTS('',1,1,(
    (#2614,#2615)
    ,(#2616,#2617
    )),.UNSPECIFIED.,.F.,.F.,.F.,(2,2),(2,2),(-5.871166367572E-03,
    1.02509973307E-30),(-4.408103815582E-34,1.E-02),
  .PIECEWISE_BEZIER_KNOTS.);
#2614 = CARTESIAN_POINT('',(-0.405,0.423614501445,0.336262171178));
#2615 = CARTESIAN_POINT('',(-0.395,0.423614501445,0.336262171178));
#2616 = CARTESIAN_POINT('',(-0.405,0.423614501445,0.342133337546));
#2617 = CARTESIAN_POINT('',(-0.395,0.423614501445,0.342133337546));
#2618 = ADVANCED_FACE('',(#2619),#2637,.F.);
#2619 = FACE_BOUND('',#2620,.F.);
#2620 = EDGE_LOOP('',(#2621,#2622,#2631,#2636));
#2621 = ORIENTED_EDGE('',*,*,#2601,.F.);
#2622 = ORIENTED_EDGE('',*,*,#2623,.T.);
#2623 = EDGE_CURVE('',#2602,#2624,#2626,.T.);
#2624 = VERTEX_POINT('',#2625);
#2625 = CARTESIAN_POINT('',(-0.405,0.435866315559,0.338955144181));
#2626 = B_SPLINE_CURVE_WITH_KNOTS('',3,(#2627,#2628,#2629,#2630),
  .UNSPECIFIED.,.F.,.F.,(4,4),(12.,13.),.PIECEWISE_BEZIER_KNOTS.);
#2627 = CARTESIAN_POINT('',(-0.405,0.423614501445,0.342133337546));
#2628 = CARTESIAN_POINT('',(-0.405,0.427083827025,0.340022628976));
#2629 = CARTESIAN_POINT('',(-0.405,0.431171808566,0.338955144181));
#2630 = CARTESIAN_POINT('',(-0.405,0.435866315559,0.338955144181));
#2631 = ORIENTED_EDGE('',*,*,#2632,.T.);
#2632 = EDGE_CURVE('',#2624,#1334,#2633,.T.);
#2633 = B_SPLINE_CURVE_WITH_KNOTS('',1,(#2634,#2635),.UNSPECIFIED.,.F.,
  .F.,(2,2),(0.,1.E-02),.PIECEWISE_BEZIER_KNOTS.);
#2634 = CARTESIAN_POINT('',(-0.405,0.435866315559,0.338955144181));
#2635 = CARTESIAN_POINT('',(-0.395,0.435866315559,0.338955144181));
#2636 = ORIENTED_EDGE('',*,*,#1342,.F.);
#2637 = B_SPLINE_SURFACE_WITH_KNOTS('',3,1,(
    (#2638,#2639)
    ,(#2640,#2641)
    ,(#2642,#2643)
    ,(#2644,#2645
    )),.UNSPECIFIED.,.F.,.F.,.F.,(4,4),(2,2),(12.,13.),(0.,1.),
  .PIECEWISE_BEZIER_KNOTS.);
#2638 = CARTESIAN_POINT('',(-0.405,0.423614501445,0.342133337546));
#2639 = CARTESIAN_POINT('',(-0.395,0.423614501445,0.342133337546));
#2640 = CARTESIAN_POINT('',(-0.405,0.427083827025,0.340022628976));
#2641 = CARTESIAN_POINT('',(-0.395,0.427083827025,0.340022628976));
#2642 = CARTESIAN_POINT('',(-0.405,0.431171808566,0.338955144181));
#2643 = CARTESIAN_POINT('',(-0.395,0.431171808566,0.338955144181));
#2644 = CARTESIAN_POINT('',(-0.405,0.435866315559,0.338955144181));
#2645 = CARTESIAN_POINT('',(-0.395,0.435866315559,0.338955144181));
#2646 = ADVANCED_FACE('',(#2647),#2665,.F.);
#2647 = FACE_BOUND('',#2648,.F.);
#2648 = EDGE_LOOP('',(#2649,#2650,#2659,#2664));
#2649 = ORIENTED_EDGE('',*,*,#2632,.F.);
#2650 = ORIENTED_EDGE('',*,*,#2651,.T.);
#2651 = EDGE_CURVE('',#2624,#2652,#2654,.T.);
#2652 = VERTEX_POINT('',#2653);
#2653 = CARTESIAN_POINT('',(-0.405,0.448057477127,0.343952913899));
#2654 = B_SPLINE_CURVE_WITH_KNOTS('',3,(#2655,#2656,#2657,#2658),
  .UNSPECIFIED.,.F.,.F.,(4,4),(11.,12.),.PIECEWISE_BEZIER_KNOTS.);
#2655 = CARTESIAN_POINT('',(-0.405,0.435866315559,0.338955144181));
#2656 = CARTESIAN_POINT('',(-0.405,0.440888346294,0.338955144181));
#2657 = CARTESIAN_POINT('',(-0.405,0.444952066817,0.340629154427));
#2658 = CARTESIAN_POINT('',(-0.405,0.448057477127,0.343952913899));
#2659 = ORIENTED_EDGE('',*,*,#2660,.T.);
#2660 = EDGE_CURVE('',#2652,#1325,#2661,.T.);
#2661 = B_SPLINE_CURVE_WITH_KNOTS('',1,(#2662,#2663),.UNSPECIFIED.,.F.,
  .F.,(2,2),(0.,1.E-02),.PIECEWISE_BEZIER_KNOTS.);
#2662 = CARTESIAN_POINT('',(-0.405,0.448057477127,0.343952913899));
#2663 = CARTESIAN_POINT('',(-0.395,0.448057477127,0.343952913899));
#2664 = ORIENTED_EDGE('',*,*,#1333,.F.);
#2665 = B_SPLINE_SURFACE_WITH_KNOTS('',3,1,(
    (#2666,#2667)
    ,(#2668,#2669)
    ,(#2670,#2671)
    ,(#2672,#2673
    )),.UNSPECIFIED.,.F.,.F.,.F.,(4,4),(2,2),(11.,12.),(0.,1.),
  .PIECEWISE_BEZIER_KNOTS.);
#2666 = CARTESIAN_POINT('',(-0.405,0.435866315559,0.338955144181));
#2667 = CARTESIAN_POINT('',(-0.395,0.435866315559,0.338955144181));
#2668 = CARTESIAN_POINT('',(-0.405,0.440888346294,0.338955144181));
#2669 = CARTESIAN_POINT('',(-0.395,0.440888346294,0.338955144181));
#2670 = CARTESIAN_POINT('',(-0.405,0.444952066817,0.340629154427));
#2671 = CARTESIAN_POINT('',(-0.395,0.444952066817,0.340629154427));
#2672 = CARTESIAN_POINT('',(-0.405,0.448057477127,0.343952913899));
#2673 = CARTESIAN_POINT('',(-0.395,0.448057477127,0.343952913899));
#2674 = ADVANCED_FACE('',(#2675),#2693,.F.);
#2675 = FACE_BOUND('',#2676,.F.);
#2676 = EDGE_LOOP('',(#2677,#2678,#2687,#2692));
#2677 = ORIENTED_EDGE('',*,*,#2660,.F.);
#2678 = ORIENTED_EDGE('',*,*,#2679,.T.);
#2679 = EDGE_CURVE('',#2652,#2680,#2682,.T.);
#2680 = VERTEX_POINT('',#2681);
#2681 = CARTESIAN_POINT('',(-0.405,0.452715592592,0.35749056197));
#2682 = B_SPLINE_CURVE_WITH_KNOTS('',3,(#2683,#2684,#2685,#2686),
  .UNSPECIFIED.,.F.,.F.,(4,4),(10.,11.),.PIECEWISE_BEZIER_KNOTS.);
#2683 = CARTESIAN_POINT('',(-0.405,0.448057477127,0.343952913899));
#2684 = CARTESIAN_POINT('',(-0.405,0.451162887438,0.34730093439));
#2685 = CARTESIAN_POINT('',(-0.405,0.452715592592,0.351813483747));
#2686 = CARTESIAN_POINT('',(-0.405,0.452715592592,0.35749056197));
#2687 = ORIENTED_EDGE('',*,*,#2688,.T.);
#2688 = EDGE_CURVE('',#2680,#1316,#2689,.T.);
#2689 = B_SPLINE_CURVE_WITH_KNOTS('',1,(#2690,#2691),.UNSPECIFIED.,.F.,
  .F.,(2,2),(0.,1.E-02),.PIECEWISE_BEZIER_KNOTS.);
#2690 = CARTESIAN_POINT('',(-0.405,0.452715592592,0.35749056197));
#2691 = CARTESIAN_POINT('',(-0.395,0.452715592592,0.35749056197));
#2692 = ORIENTED_EDGE('',*,*,#1324,.F.);
#2693 = B_SPLINE_SURFACE_WITH_KNOTS('',3,1,(
    (#2694,#2695)
    ,(#2696,#2697)
    ,(#2698,#2699)
    ,(#2700,#2701
    )),.UNSPECIFIED.,.F.,.F.,.F.,(4,4),(2,2),(10.,11.),(0.,1.),
  .PIECEWISE_BEZIER_KNOTS.);
#2694 = CARTESIAN_POINT('',(-0.405,0.448057477127,0.343952913899));
#2695 = CARTESIAN_POINT('',(-0.395,0.448057477127,0.343952913899));
#2696 = CARTESIAN_POINT('',(-0.405,0.451162887438,0.34730093439));
#2697 = CARTESIAN_POINT('',(-0.395,0.451162887438,0.34730093439));
#2698 = CARTESIAN_POINT('',(-0.405,0.452715592592,0.351813483747));
#2699 = CARTESIAN_POINT('',(-0.395,0.452715592592,0.351813483747));
#2700 = CARTESIAN_POINT('',(-0.405,0.452715592592,0.35749056197));
#2701 = CARTESIAN_POINT('',(-0.395,0.452715592592,0.35749056197));
#2702 = ADVANCED_FACE('',(#2703),#2721,.F.);
#2703 = FACE_BOUND('',#2704,.F.);
#2704 = EDGE_LOOP('',(#2705,#2706,#2715,#2720));
#2705 = ORIENTED_EDGE('',*,*,#2688,.F.);
#2706 = ORIENTED_EDGE('',*,*,#2707,.T.);
#2707 = EDGE_CURVE('',#2680,#2708,#2710,.T.);
#2708 = VERTEX_POINT('',#2709);
#2709 = CARTESIAN_POINT('',(-0.405,0.447729953384,0.371756040582));
#2710 = B_SPLINE_CURVE_WITH_KNOTS('',3,(#2711,#2712,#2713,#2714),
  .UNSPECIFIED.,.F.,.F.,(4,4),(9.,10.),.PIECEWISE_BEZIER_KNOTS.);
#2711 = CARTESIAN_POINT('',(-0.405,0.452715592592,0.35749056197));
#2712 = CARTESIAN_POINT('',(-0.405,0.452715592592,0.36345877241));
#2713 = CARTESIAN_POINT('',(-0.405,0.451053712856,0.368213931947));
#2714 = CARTESIAN_POINT('',(-0.405,0.447729953384,0.371756040582));
#2715 = ORIENTED_EDGE('',*,*,#2716,.T.);
#2716 = EDGE_CURVE('',#2708,#1307,#2717,.T.);
#2717 = B_SPLINE_CURVE_WITH_KNOTS('',1,(#2718,#2719),.UNSPECIFIED.,.F.,
  .F.,(2,2),(0.,1.E-02),.PIECEWISE_BEZIER_KNOTS.);
#2718 = CARTESIAN_POINT('',(-0.405,0.447729953384,0.371756040582));
#2719 = CARTESIAN_POINT('',(-0.395,0.447729953384,0.371756040582));
#2720 = ORIENTED_EDGE('',*,*,#1315,.F.);
#2721 = B_SPLINE_SURFACE_WITH_KNOTS('',3,1,(
    (#2722,#2723)
    ,(#2724,#2725)
    ,(#2726,#2727)
    ,(#2728,#2729
    )),.UNSPECIFIED.,.F.,.F.,.F.,(4,4),(2,2),(9.,10.),(0.,1.),
  .PIECEWISE_BEZIER_KNOTS.);
#2722 = CARTESIAN_POINT('',(-0.405,0.452715592592,0.35749056197));
#2723 = CARTESIAN_POINT('',(-0.395,0.452715592592,0.35749056197));
#2724 = CARTESIAN_POINT('',(-0.405,0.452715592592,0.36345877241));
#2725 = CARTESIAN_POINT('',(-0.395,0.452715592592,0.36345877241));
#2726 = CARTESIAN_POINT('',(-0.405,0.451053712856,0.368213931947));
#2727 = CARTESIAN_POINT('',(-0.395,0.451053712856,0.368213931947));
#2728 = CARTESIAN_POINT('',(-0.405,0.447729953384,0.371756040582));
#2729 = CARTESIAN_POINT('',(-0.395,0.447729953384,0.371756040582));
#2730 = ADVANCED_FACE('',(#2731),#2749,.F.);
#2731 = FACE_BOUND('',#2732,.F.);
#2732 = EDGE_LOOP('',(#2733,#2734,#2743,#2748));
#2733 = ORIENTED_EDGE('',*,*,#2716,.F.);
#2734 = ORIENTED_EDGE('',*,*,#2735,.T.);
#2735 = EDGE_CURVE('',#2708,#2736,#2738,.T.);
#2736 = VERTEX_POINT('',#2737);
#2737 = CARTESIAN_POINT('',(-0.405,0.434798830764,0.377020681498));
#2738 = B_SPLINE_CURVE_WITH_KNOTS('',3,(#2739,#2740,#2741,#2742),
  .UNSPECIFIED.,.F.,.F.,(4,4),(8.,9.),.PIECEWISE_BEZIER_KNOTS.);
#2739 = CARTESIAN_POINT('',(-0.405,0.447729953384,0.371756040582));
#2740 = CARTESIAN_POINT('',(-0.405,0.444394063402,0.375273888198));
#2741 = CARTESIAN_POINT('',(-0.405,0.440087732699,0.377020681498));
#2742 = CARTESIAN_POINT('',(-0.405,0.434798830764,0.377020681498));
#2743 = ORIENTED_EDGE('',*,*,#2744,.T.);
#2744 = EDGE_CURVE('',#2736,#1298,#2745,.T.);
#2745 = B_SPLINE_CURVE_WITH_KNOTS('',1,(#2746,#2747),.UNSPECIFIED.,.F.,
  .F.,(2,2),(0.,1.E-02),.PIECEWISE_BEZIER_KNOTS.);
#2746 = CARTESIAN_POINT('',(-0.405,0.434798830764,0.377020681498));
#2747 = CARTESIAN_POINT('',(-0.395,0.434798830764,0.377020681498));
#2748 = ORIENTED_EDGE('',*,*,#1306,.F.);
#2749 = B_SPLINE_SURFACE_WITH_KNOTS('',3,1,(
    (#2750,#2751)
    ,(#2752,#2753)
    ,(#2754,#2755)
    ,(#2756,#2757
    )),.UNSPECIFIED.,.F.,.F.,.F.,(4,4),(2,2),(8.,9.),(0.,1.),
  .PIECEWISE_BEZIER_KNOTS.);
#2750 = CARTESIAN_POINT('',(-0.405,0.447729953384,0.371756040582));
#2751 = CARTESIAN_POINT('',(-0.395,0.447729953384,0.371756040582));
#2752 = CARTESIAN_POINT('',(-0.405,0.444394063402,0.375273888198));
#2753 = CARTESIAN_POINT('',(-0.395,0.444394063402,0.375273888198));
#2754 = CARTESIAN_POINT('',(-0.405,0.440087732699,0.377020681498));
#2755 = CARTESIAN_POINT('',(-0.395,0.440087732699,0.377020681498));
#2756 = CARTESIAN_POINT('',(-0.405,0.434798830764,0.377020681498));
#2757 = CARTESIAN_POINT('',(-0.395,0.434798830764,0.377020681498));
#2758 = ADVANCED_FACE('',(#2759),#2777,.F.);
#2759 = FACE_BOUND('',#2760,.F.);
#2760 = EDGE_LOOP('',(#2761,#2762,#2771,#2776));
#2761 = ORIENTED_EDGE('',*,*,#2744,.F.);
#2762 = ORIENTED_EDGE('',*,*,#2763,.T.);
#2763 = EDGE_CURVE('',#2736,#2764,#2766,.T.);
#2764 = VERTEX_POINT('',#2765);
#2765 = CARTESIAN_POINT('',(-0.405,0.423614501445,0.374206403405));
#2766 = B_SPLINE_CURVE_WITH_KNOTS('',3,(#2767,#2768,#2769,#2770),
  .UNSPECIFIED.,.F.,.F.,(4,4),(7.,8.),.PIECEWISE_BEZIER_KNOTS.);
#2767 = CARTESIAN_POINT('',(-0.405,0.434798830764,0.377020681498));
#2768 = CARTESIAN_POINT('',(-0.405,0.430735110242,0.377020681498));
#2769 = CARTESIAN_POINT('',(-0.405,0.427011043971,0.376098762812));
#2770 = CARTESIAN_POINT('',(-0.405,0.423614501445,0.374206403405));
#2771 = ORIENTED_EDGE('',*,*,#2772,.T.);
#2772 = EDGE_CURVE('',#2764,#1291,#2773,.T.);
#2773 = B_SPLINE_CURVE_WITH_KNOTS('',1,(#2774,#2775),.UNSPECIFIED.,.F.,
  .F.,(2,2),(0.,1.E-02),.PIECEWISE_BEZIER_KNOTS.);
#2774 = CARTESIAN_POINT('',(-0.405,0.423614501445,0.374206403405));
#2775 = CARTESIAN_POINT('',(-0.395,0.423614501445,0.374206403405));
#2776 = ORIENTED_EDGE('',*,*,#1297,.F.);
#2777 = B_SPLINE_SURFACE_WITH_KNOTS('',3,1,(
    (#2778,#2779)
    ,(#2780,#2781)
    ,(#2782,#2783)
    ,(#2784,#2785
    )),.UNSPECIFIED.,.F.,.F.,.F.,(4,4),(2,2),(7.,8.),(0.,1.),
  .PIECEWISE_BEZIER_KNOTS.);
#2778 = CARTESIAN_POINT('',(-0.405,0.434798830764,0.377020681498));
#2779 = CARTESIAN_POINT('',(-0.395,0.434798830764,0.377020681498));
#2780 = CARTESIAN_POINT('',(-0.405,0.430735110242,0.377020681498));
#2781 = CARTESIAN_POINT('',(-0.395,0.430735110242,0.377020681498));
#2782 = CARTESIAN_POINT('',(-0.405,0.427011043971,0.376098762812));
#2783 = CARTESIAN_POINT('',(-0.395,0.427011043971,0.376098762812));
#2784 = CARTESIAN_POINT('',(-0.405,0.423614501445,0.374206403405));
#2785 = CARTESIAN_POINT('',(-0.395,0.423614501445,0.374206403405));
#2786 = ADVANCED_FACE('',(#2787),#2803,.F.);
#2787 = FACE_BOUND('',#2788,.T.);
#2788 = EDGE_LOOP('',(#2789,#2790,#2797,#2802));
#2789 = ORIENTED_EDGE('',*,*,#1290,.T.);
#2790 = ORIENTED_EDGE('',*,*,#2791,.F.);
#2791 = EDGE_CURVE('',#2792,#1282,#2794,.T.);
#2792 = VERTEX_POINT('',#2793);
#2793 = CARTESIAN_POINT('',(-0.405,0.423614501445,0.380611312169));
#2794 = B_SPLINE_CURVE_WITH_KNOTS('',1,(#2795,#2796),.UNSPECIFIED.,.F.,
  .F.,(2,2),(0.,1.E-02),.PIECEWISE_BEZIER_KNOTS.);
#2795 = CARTESIAN_POINT('',(-0.405,0.423614501445,0.380611312169));
#2796 = CARTESIAN_POINT('',(-0.395,0.423614501445,0.380611312169));
#2797 = ORIENTED_EDGE('',*,*,#2798,.F.);
#2798 = EDGE_CURVE('',#2764,#2792,#2799,.T.);
#2799 = B_SPLINE_CURVE_WITH_KNOTS('',1,(#2800,#2801),.UNSPECIFIED.,.F.,
  .F.,(2,2),(-6.40490876433E-03,0.),.PIECEWISE_BEZIER_KNOTS.);
#2800 = CARTESIAN_POINT('',(-0.405,0.423614501445,0.374206403405));
#2801 = CARTESIAN_POINT('',(-0.405,0.423614501445,0.380611312169));
#2802 = ORIENTED_EDGE('',*,*,#2772,.T.);
#2803 = B_SPLINE_SURFACE_WITH_KNOTS('',1,1,(
    (#2804,#2805)
    ,(#2806,#2807
    )),.UNSPECIFIED.,.F.,.F.,.F.,(2,2),(2,2),(-6.40490876433E-03,
    4.698373776789E-31),(-2.204051907792E-34,1.E-02),
  .PIECEWISE_BEZIER_KNOTS.);
#2804 = CARTESIAN_POINT('',(-0.405,0.423614501445,0.374206403405));
#2805 = CARTESIAN_POINT('',(-0.395,0.423614501445,0.374206403405));
#2806 = CARTESIAN_POINT('',(-0.405,0.423614501445,0.380611312169));
#2807 = CARTESIAN_POINT('',(-0.395,0.423614501445,0.380611312169));
#2808 = ADVANCED_FACE('',(#2809),#2827,.F.);
#2809 = FACE_BOUND('',#2810,.F.);
#2810 = EDGE_LOOP('',(#2811,#2812,#2821,#2826));
#2811 = ORIENTED_EDGE('',*,*,#2791,.F.);
#2812 = ORIENTED_EDGE('',*,*,#2813,.T.);
#2813 = EDGE_CURVE('',#2792,#2814,#2816,.T.);
#2814 = VERTEX_POINT('',#2815);
#2815 = CARTESIAN_POINT('',(-0.405,0.43485948331,0.382552193613));
#2816 = B_SPLINE_CURVE_WITH_KNOTS('',3,(#2817,#2818,#2819,#2820),
  .UNSPECIFIED.,.F.,.F.,(4,4),(5.,6.),.PIECEWISE_BEZIER_KNOTS.);
#2817 = CARTESIAN_POINT('',(-0.405,0.423614501445,0.380611312169));
#2818 = CARTESIAN_POINT('',(-0.405,0.426574345646,0.381897146126));
#2819 = CARTESIAN_POINT('',(-0.405,0.430322672935,0.382552193613));
#2820 = CARTESIAN_POINT('',(-0.405,0.43485948331,0.382552193613));
#2821 = ORIENTED_EDGE('',*,*,#2822,.T.);
#2822 = EDGE_CURVE('',#2814,#1273,#2823,.T.);
#2823 = B_SPLINE_CURVE_WITH_KNOTS('',1,(#2824,#2825),.UNSPECIFIED.,.F.,
  .F.,(2,2),(0.,1.E-02),.PIECEWISE_BEZIER_KNOTS.);
#2824 = CARTESIAN_POINT('',(-0.405,0.43485948331,0.382552193613));
#2825 = CARTESIAN_POINT('',(-0.395,0.43485948331,0.382552193613));
#2826 = ORIENTED_EDGE('',*,*,#1281,.F.);
#2827 = B_SPLINE_SURFACE_WITH_KNOTS('',3,1,(
    (#2828,#2829)
    ,(#2830,#2831)
    ,(#2832,#2833)
    ,(#2834,#2835
    )),.UNSPECIFIED.,.F.,.F.,.F.,(4,4),(2,2),(5.,6.),(0.,1.),
  .PIECEWISE_BEZIER_KNOTS.);
#2828 = CARTESIAN_POINT('',(-0.405,0.423614501445,0.380611312169));
#2829 = CARTESIAN_POINT('',(-0.395,0.423614501445,0.380611312169));
#2830 = CARTESIAN_POINT('',(-0.405,0.426574345646,0.381897146126));
#2831 = CARTESIAN_POINT('',(-0.395,0.426574345646,0.381897146126));
#2832 = CARTESIAN_POINT('',(-0.405,0.430322672935,0.382552193613));
#2833 = CARTESIAN_POINT('',(-0.395,0.430322672935,0.382552193613));
#2834 = CARTESIAN_POINT('',(-0.405,0.43485948331,0.382552193613));
#2835 = CARTESIAN_POINT('',(-0.395,0.43485948331,0.382552193613));
#2836 = ADVANCED_FACE('',(#2837),#2855,.F.);
#2837 = FACE_BOUND('',#2838,.F.);
#2838 = EDGE_LOOP('',(#2839,#2840,#2849,#2854));
#2839 = ORIENTED_EDGE('',*,*,#2822,.F.);
#2840 = ORIENTED_EDGE('',*,*,#2841,.T.);
#2841 = EDGE_CURVE('',#2814,#2842,#2844,.T.);
#2842 = VERTEX_POINT('',#2843);
#2843 = CARTESIAN_POINT('',(-0.405,0.452291024777,0.375565020415));
#2844 = B_SPLINE_CURVE_WITH_KNOTS('',3,(#2845,#2846,#2847,#2848),
  .UNSPECIFIED.,.F.,.F.,(4,4),(4.,5.),.PIECEWISE_BEZIER_KNOTS.);
#2845 = CARTESIAN_POINT('',(-0.405,0.43485948331,0.382552193613));
#2846 = CARTESIAN_POINT('',(-0.405,0.441907309052,0.382552193613));
#2847 = CARTESIAN_POINT('',(-0.405,0.447717822875,0.38022313588));
#2848 = CARTESIAN_POINT('',(-0.405,0.452291024777,0.375565020415));
#2849 = ORIENTED_EDGE('',*,*,#2850,.T.);
#2850 = EDGE_CURVE('',#2842,#1264,#2851,.T.);
#2851 = B_SPLINE_CURVE_WITH_KNOTS('',1,(#2852,#2853),.UNSPECIFIED.,.F.,
  .F.,(2,2),(0.,1.E-02),.PIECEWISE_BEZIER_KNOTS.);
#2852 = CARTESIAN_POINT('',(-0.405,0.452291024777,0.375565020415));
#2853 = CARTESIAN_POINT('',(-0.395,0.452291024777,0.375565020415));
#2854 = ORIENTED_EDGE('',*,*,#1272,.F.);
#2855 = B_SPLINE_SURFACE_WITH_KNOTS('',3,1,(
    (#2856,#2857)
    ,(#2858,#2859)
    ,(#2860,#2861)
    ,(#2862,#2863
    )),.UNSPECIFIED.,.F.,.F.,.F.,(4,4),(2,2),(4.,5.),(0.,1.),
  .PIECEWISE_BEZIER_KNOTS.);
#2856 = CARTESIAN_POINT('',(-0.405,0.43485948331,0.382552193613));
#2857 = CARTESIAN_POINT('',(-0.395,0.43485948331,0.382552193613));
#2858 = CARTESIAN_POINT('',(-0.405,0.441907309052,0.382552193613));
#2859 = CARTESIAN_POINT('',(-0.395,0.441907309052,0.382552193613));
#2860 = CARTESIAN_POINT('',(-0.405,0.447717822875,0.38022313588));
#2861 = CARTESIAN_POINT('',(-0.395,0.447717822875,0.38022313588));
#2862 = CARTESIAN_POINT('',(-0.405,0.452291024777,0.375565020415));
#2863 = CARTESIAN_POINT('',(-0.395,0.452291024777,0.375565020415));
#2864 = ADVANCED_FACE('',(#2865),#2883,.F.);
#2865 = FACE_BOUND('',#2866,.F.);
#2866 = EDGE_LOOP('',(#2867,#2868,#2877,#2882));
#2867 = ORIENTED_EDGE('',*,*,#2850,.F.);
#2868 = ORIENTED_EDGE('',*,*,#2869,.T.);
#2869 = EDGE_CURVE('',#2842,#2870,#2872,.T.);
#2870 = VERTEX_POINT('',#2871);
#2871 = CARTESIAN_POINT('',(-0.405,0.459144762375,0.357126646699));
#2872 = B_SPLINE_CURVE_WITH_KNOTS('',3,(#2873,#2874,#2875,#2876),
  .UNSPECIFIED.,.F.,.F.,(4,4),(3.,4.),.PIECEWISE_BEZIER_KNOTS.);
#2873 = CARTESIAN_POINT('',(-0.405,0.452291024777,0.375565020415));
#2874 = CARTESIAN_POINT('',(-0.405,0.456864226679,0.37090690495));
#2875 = CARTESIAN_POINT('',(-0.405,0.459144762375,0.364768867384));
#2876 = CARTESIAN_POINT('',(-0.405,0.459144762375,0.357126646699));
#2877 = ORIENTED_EDGE('',*,*,#2878,.T.);
#2878 = EDGE_CURVE('',#2870,#1255,#2879,.T.);
#2879 = B_SPLINE_CURVE_WITH_KNOTS('',1,(#2880,#2881),.UNSPECIFIED.,.F.,
  .F.,(2,2),(0.,1.E-02),.PIECEWISE_BEZIER_KNOTS.);
#2880 = CARTESIAN_POINT('',(-0.405,0.459144762375,0.357126646699));
#2881 = CARTESIAN_POINT('',(-0.395,0.459144762375,0.357126646699));
#2882 = ORIENTED_EDGE('',*,*,#1263,.F.);
#2883 = B_SPLINE_SURFACE_WITH_KNOTS('',3,1,(
    (#2884,#2885)
    ,(#2886,#2887)
    ,(#2888,#2889)
    ,(#2890,#2891
    )),.UNSPECIFIED.,.F.,.F.,.F.,(4,4),(2,2),(3.,4.),(0.,1.),
  .PIECEWISE_BEZIER_KNOTS.);
#2884 = CARTESIAN_POINT('',(-0.405,0.452291024777,0.375565020415));
#2885 = CARTESIAN_POINT('',(-0.395,0.452291024777,0.375565020415));
#2886 = CARTESIAN_POINT('',(-0.405,0.456864226679,0.37090690495));
#2887 = CARTESIAN_POINT('',(-0.395,0.456864226679,0.37090690495));
#2888 = CARTESIAN_POINT('',(-0.405,0.459144762375,0.364768867384));
#2889 = CARTESIAN_POINT('',(-0.395,0.459144762375,0.364768867384));
#2890 = CARTESIAN_POINT('',(-0.405,0.459144762375,0.357126646699));
#2891 = CARTESIAN_POINT('',(-0.395,0.459144762375,0.357126646699));
#2892 = ADVANCED_FACE('',(#2893),#2911,.F.);
#2893 = FACE_BOUND('',#2894,.F.);
#2894 = EDGE_LOOP('',(#2895,#2896,#2905,#2910));
#2895 = ORIENTED_EDGE('',*,*,#2878,.F.);
#2896 = ORIENTED_EDGE('',*,*,#2897,.T.);
#2897 = EDGE_CURVE('',#2870,#2898,#2900,.T.);
#2898 = VERTEX_POINT('',#2899);
#2899 = CARTESIAN_POINT('',(-0.405,0.453055246845,0.33997410694));
#2900 = B_SPLINE_CURVE_WITH_KNOTS('',3,(#2901,#2902,#2903,#2904),
  .UNSPECIFIED.,.F.,.F.,(4,4),(2.,3.),.PIECEWISE_BEZIER_KNOTS.);
#2901 = CARTESIAN_POINT('',(-0.405,0.459144762375,0.357126646699));
#2902 = CARTESIAN_POINT('',(-0.405,0.459144762375,0.350018168411));
#2903 = CARTESIAN_POINT('',(-0.405,0.457118967368,0.344292568152));
#2904 = CARTESIAN_POINT('',(-0.405,0.453055246845,0.33997410694));
#2905 = ORIENTED_EDGE('',*,*,#2906,.T.);
#2906 = EDGE_CURVE('',#2898,#1246,#2907,.T.);
#2907 = B_SPLINE_CURVE_WITH_KNOTS('',1,(#2908,#2909),.UNSPECIFIED.,.F.,
  .F.,(2,2),(0.,1.E-02),.PIECEWISE_BEZIER_KNOTS.);
#2908 = CARTESIAN_POINT('',(-0.405,0.453055246845,0.33997410694));
#2909 = CARTESIAN_POINT('',(-0.395,0.453055246845,0.33997410694));
#2910 = ORIENTED_EDGE('',*,*,#1254,.F.);
#2911 = B_SPLINE_SURFACE_WITH_KNOTS('',3,1,(
    (#2912,#2913)
    ,(#2914,#2915)
    ,(#2916,#2917)
    ,(#2918,#2919
    )),.UNSPECIFIED.,.F.,.F.,.F.,(4,4),(2,2),(2.,3.),(0.,1.),
  .PIECEWISE_BEZIER_KNOTS.);
#2912 = CARTESIAN_POINT('',(-0.405,0.459144762375,0.357126646699));
#2913 = CARTESIAN_POINT('',(-0.395,0.459144762375,0.357126646699));
#2914 = CARTESIAN_POINT('',(-0.405,0.459144762375,0.350018168411));
#2915 = CARTESIAN_POINT('',(-0.395,0.459144762375,0.350018168411));
#2916 = CARTESIAN_POINT('',(-0.405,0.457118967368,0.344292568152));
#2917 = CARTESIAN_POINT('',(-0.395,0.457118967368,0.344292568152));
#2918 = CARTESIAN_POINT('',(-0.405,0.453055246845,0.33997410694));
#2919 = CARTESIAN_POINT('',(-0.395,0.453055246845,0.33997410694));
#2920 = ADVANCED_FACE('',(#2921),#2933,.F.);
#2921 = FACE_BOUND('',#2922,.F.);
#2922 = EDGE_LOOP('',(#2923,#2924,#2931,#2932));
#2923 = ORIENTED_EDGE('',*,*,#2906,.F.);
#2924 = ORIENTED_EDGE('',*,*,#2925,.T.);
#2925 = EDGE_CURVE('',#2898,#2567,#2926,.T.);
#2926 = B_SPLINE_CURVE_WITH_KNOTS('',3,(#2927,#2928,#2929,#2930),
  .UNSPECIFIED.,.F.,.F.,(4,4),(1.,2.),.PIECEWISE_BEZIER_KNOTS.);
#2927 = CARTESIAN_POINT('',(-0.405,0.453055246845,0.33997410694));
#2928 = CARTESIAN_POINT('',(-0.405,0.448991526322,0.335655645727));
#2929 = CARTESIAN_POINT('',(-0.405,0.44355705828,0.333496415121));
#2930 = CARTESIAN_POINT('',(-0.405,0.436751842717,0.333496415121));
#2931 = ORIENTED_EDGE('',*,*,#2566,.T.);
#2932 = ORIENTED_EDGE('',*,*,#1245,.F.);
#2933 = B_SPLINE_SURFACE_WITH_KNOTS('',3,1,(
    (#2934,#2935)
    ,(#2936,#2937)
    ,(#2938,#2939)
    ,(#2940,#2941
    )),.UNSPECIFIED.,.F.,.F.,.F.,(4,4),(2,2),(1.,2.),(0.,1.),
  .PIECEWISE_BEZIER_KNOTS.);
#2934 = CARTESIAN_POINT('',(-0.405,0.453055246845,0.33997410694));
#2935 = CARTESIAN_POINT('',(-0.395,0.453055246845,0.33997410694));
#2936 = CARTESIAN_POINT('',(-0.405,0.448991526322,0.335655645727));
#2937 = CARTESIAN_POINT('',(-0.395,0.448991526322,0.335655645727));
#2938 = CARTESIAN_POINT('',(-0.405,0.44355705828,0.333496415121));
#2939 = CARTESIAN_POINT('',(-0.395,0.44355705828,0.333496415121));
#2940 = CARTESIAN_POINT('',(-0.405,0.436751842717,0.333496415121));
#2941 = CARTESIAN_POINT('',(-0.395,0.436751842717,0.333496415121));
#2942 = ADVANCED_FACE('',(#2943),#2959,.T.);
#2943 = FACE_BOUND('',#2944,.T.);
#2944 = EDGE_LOOP('',(#2945,#2946,#2947,#2948,#2949,#2950,#2951,#2952,
    #2953,#2954,#2955,#2956,#2957,#2958));
#2945 = ORIENTED_EDGE('',*,*,#2573,.T.);
#2946 = ORIENTED_EDGE('',*,*,#2608,.T.);
#2947 = ORIENTED_EDGE('',*,*,#2623,.T.);
#2948 = ORIENTED_EDGE('',*,*,#2651,.T.);
#2949 = ORIENTED_EDGE('',*,*,#2679,.T.);
#2950 = ORIENTED_EDGE('',*,*,#2707,.T.);
#2951 = ORIENTED_EDGE('',*,*,#2735,.T.);
#2952 = ORIENTED_EDGE('',*,*,#2763,.T.);
#2953 = ORIENTED_EDGE('',*,*,#2798,.T.);
#2954 = ORIENTED_EDGE('',*,*,#2813,.T.);
#2955 = ORIENTED_EDGE('',*,*,#2841,.T.);
#2956 = ORIENTED_EDGE('',*,*,#2869,.T.);
#2957 = ORIENTED_EDGE('',*,*,#2897,.T.);
#2958 = ORIENTED_EDGE('',*,*,#2925,.T.);
#2959 = B_SPLINE_SURFACE_WITH_KNOTS('',1,1,(
    (#2960,#2961)
    ,(#2962,#2963
    )),.UNSPECIFIED.,.F.,.F.,.F.,(2,2),(2,2),(-6.914390143312E-04,
    4.836433947756E-02),(-5.904525267348E-03,2.962573566317E-02),
  .PIECEWISE_BEZIER_KNOTS.);
#2960 = CARTESIAN_POINT('',(-0.405,0.423614501445,0.333496415121));
#2961 = CARTESIAN_POINT('',(-0.405,0.459144762375,0.333496415121));
#2962 = CARTESIAN_POINT('',(-0.405,0.423614501445,0.382552193613));
#2963 = CARTESIAN_POINT('',(-0.405,0.459144762375,0.382552193613));
#2964 = ADVANCED_FACE('',(#2965),#2987,.F.);
#2965 = FACE_BOUND('',#2966,.T.);
#2966 = EDGE_LOOP('',(#2967,#2968,#2975,#2982));
#2967 = ORIENTED_EDGE('',*,*,#1432,.T.);
#2968 = ORIENTED_EDGE('',*,*,#2969,.F.);
#2969 = EDGE_CURVE('',#2970,#1435,#2972,.T.);
#2970 = VERTEX_POINT('',#2971);
#2971 = CARTESIAN_POINT('',(-0.405,0.388593721893,0.339707235741));
#2972 = B_SPLINE_CURVE_WITH_KNOTS('',1,(#2973,#2974),.UNSPECIFIED.,.F.,
  .F.,(2,2),(0.,1.E-02),.PIECEWISE_BEZIER_KNOTS.);
#2973 = CARTESIAN_POINT('',(-0.405,0.388593721893,0.339707235741));
#2974 = CARTESIAN_POINT('',(-0.395,0.388593721893,0.339707235741));
#2975 = ORIENTED_EDGE('',*,*,#2976,.F.);
#2976 = EDGE_CURVE('',#2977,#2970,#2979,.T.);
#2977 = VERTEX_POINT('',#2978);
#2978 = CARTESIAN_POINT('',(-0.405,0.388593721893,0.334297028716));
#2979 = B_SPLINE_CURVE_WITH_KNOTS('',1,(#2980,#2981),.UNSPECIFIED.,.F.,
  .F.,(2,2),(-5.41020702455E-03,0.),.PIECEWISE_BEZIER_KNOTS.);
#2980 = CARTESIAN_POINT('',(-0.405,0.388593721893,0.334297028716));
#2981 = CARTESIAN_POINT('',(-0.405,0.388593721893,0.339707235741));
#2982 = ORIENTED_EDGE('',*,*,#2983,.T.);
#2983 = EDGE_CURVE('',#2977,#1433,#2984,.T.);
#2984 = B_SPLINE_CURVE_WITH_KNOTS('',1,(#2985,#2986),.UNSPECIFIED.,.F.,
  .F.,(2,2),(0.,1.E-02),.PIECEWISE_BEZIER_KNOTS.);
#2985 = CARTESIAN_POINT('',(-0.405,0.388593721893,0.334297028716));
#2986 = CARTESIAN_POINT('',(-0.395,0.388593721893,0.334297028716));
#2987 = B_SPLINE_SURFACE_WITH_KNOTS('',1,1,(
    (#2988,#2989)
    ,(#2990,#2991
    )),.UNSPECIFIED.,.F.,.F.,.F.,(2,2),(2,2),(-5.41020702455E-03,
    1.6974488359E-32),(-2.204051907791E-34,1.E-02),
  .PIECEWISE_BEZIER_KNOTS.);
#2988 = CARTESIAN_POINT('',(-0.405,0.388593721893,0.334297028716));
#2989 = CARTESIAN_POINT('',(-0.395,0.388593721893,0.334297028716));
#2990 = CARTESIAN_POINT('',(-0.405,0.388593721893,0.339707235741));
#2991 = CARTESIAN_POINT('',(-0.395,0.388593721893,0.339707235741));
#2992 = ADVANCED_FACE('',(#2993),#3009,.F.);
#2993 = FACE_BOUND('',#2994,.T.);
#2994 = EDGE_LOOP('',(#2995,#2996,#3003,#3008));
#2995 = ORIENTED_EDGE('',*,*,#1511,.T.);
#2996 = ORIENTED_EDGE('',*,*,#2997,.F.);
#2997 = EDGE_CURVE('',#2998,#1505,#3000,.T.);
#2998 = VERTEX_POINT('',#2999);
#2999 = CARTESIAN_POINT('',(-0.405,0.407990405822,0.339707235741));
#3000 = B_SPLINE_CURVE_WITH_KNOTS('',1,(#3001,#3002),.UNSPECIFIED.,.F.,
  .F.,(2,2),(0.,1.E-02),.PIECEWISE_BEZIER_KNOTS.);
#3001 = CARTESIAN_POINT('',(-0.405,0.407990405822,0.339707235741));
#3002 = CARTESIAN_POINT('',(-0.395,0.407990405822,0.339707235741));
#3003 = ORIENTED_EDGE('',*,*,#3004,.F.);
#3004 = EDGE_CURVE('',#2970,#2998,#3005,.T.);
#3005 = B_SPLINE_CURVE_WITH_KNOTS('',1,(#3006,#3007),.UNSPECIFIED.,.F.,
  .F.,(2,2),(-1.939668392878E-02,0.),.PIECEWISE_BEZIER_KNOTS.);
#3006 = CARTESIAN_POINT('',(-0.405,0.388593721893,0.339707235741));
#3007 = CARTESIAN_POINT('',(-0.405,0.407990405822,0.339707235741));
#3008 = ORIENTED_EDGE('',*,*,#2969,.T.);
#3009 = B_SPLINE_SURFACE_WITH_KNOTS('',1,1,(
    (#3010,#3011)
    ,(#3012,#3013
    )),.UNSPECIFIED.,.F.,.F.,.F.,(2,2),(2,2),(-1.939668392878E-02,
    1.694065894509E-18),(-4.828234417147E-62,1.E-02),
  .PIECEWISE_BEZIER_KNOTS.);
#3010 = CARTESIAN_POINT('',(-0.405,0.388593721893,0.339707235741));
#3011 = CARTESIAN_POINT('',(-0.395,0.388593721893,0.339707235741));
#3012 = CARTESIAN_POINT('',(-0.405,0.407990405822,0.339707235741));
#3013 = CARTESIAN_POINT('',(-0.395,0.407990405822,0.339707235741));
#3014 = ADVANCED_FACE('',(#3015),#3031,.F.);
#3015 = FACE_BOUND('',#3016,.T.);
#3016 = EDGE_LOOP('',(#3017,#3018,#3025,#3030));
#3017 = ORIENTED_EDGE('',*,*,#1504,.T.);
#3018 = ORIENTED_EDGE('',*,*,#3019,.F.);
#3019 = EDGE_CURVE('',#3020,#1498,#3022,.T.);
#3020 = VERTEX_POINT('',#3021);
#3021 = CARTESIAN_POINT('',(-0.405,0.407990405822,0.355670985616));
#3022 = B_SPLINE_CURVE_WITH_KNOTS('',1,(#3023,#3024),.UNSPECIFIED.,.F.,
  .F.,(2,2),(0.,1.E-02),.PIECEWISE_BEZIER_KNOTS.);
#3023 = CARTESIAN_POINT('',(-0.405,0.407990405822,0.355670985616));
#3024 = CARTESIAN_POINT('',(-0.395,0.407990405822,0.355670985616));
#3025 = ORIENTED_EDGE('',*,*,#3026,.F.);
#3026 = EDGE_CURVE('',#2998,#3020,#3027,.T.);
#3027 = B_SPLINE_CURVE_WITH_KNOTS('',1,(#3028,#3029),.UNSPECIFIED.,.F.,
  .F.,(2,2),(-1.596374987511E-02,0.),.PIECEWISE_BEZIER_KNOTS.);
#3028 = CARTESIAN_POINT('',(-0.405,0.407990405822,0.339707235741));
#3029 = CARTESIAN_POINT('',(-0.405,0.407990405822,0.355670985616));
#3030 = ORIENTED_EDGE('',*,*,#2997,.T.);
#3031 = B_SPLINE_SURFACE_WITH_KNOTS('',1,1,(
    (#3032,#3033)
    ,(#3034,#3035
    )),.UNSPECIFIED.,.F.,.F.,.F.,(2,2),(2,2),(-1.596374987511E-02,
    2.301100853533E-32),(-8.816207631168E-34,1.E-02),
  .PIECEWISE_BEZIER_KNOTS.);
#3032 = CARTESIAN_POINT('',(-0.405,0.407990405822,0.339707235741));
#3033 = CARTESIAN_POINT('',(-0.395,0.407990405822,0.339707235741));
#3034 = CARTESIAN_POINT('',(-0.405,0.407990405822,0.355670985616));
#3035 = CARTESIAN_POINT('',(-0.395,0.407990405822,0.355670985616));
#3036 = ADVANCED_FACE('',(#3037),#3053,.F.);
#3037 = FACE_BOUND('',#3038,.T.);
#3038 = EDGE_LOOP('',(#3039,#3040,#3047,#3052));
#3039 = ORIENTED_EDGE('',*,*,#1497,.T.);
#3040 = ORIENTED_EDGE('',*,*,#3041,.F.);
#3041 = EDGE_CURVE('',#3042,#1491,#3044,.T.);
#3042 = VERTEX_POINT('',#3043);
#3043 = CARTESIAN_POINT('',(-0.405,0.391019823698,0.355670985616));
#3044 = B_SPLINE_CURVE_WITH_KNOTS('',1,(#3045,#3046),.UNSPECIFIED.,.F.,
  .F.,(2,2),(0.,1.E-02),.PIECEWISE_BEZIER_KNOTS.);
#3045 = CARTESIAN_POINT('',(-0.405,0.391019823698,0.355670985616));
#3046 = CARTESIAN_POINT('',(-0.395,0.391019823698,0.355670985616));
#3047 = ORIENTED_EDGE('',*,*,#3048,.F.);
#3048 = EDGE_CURVE('',#3020,#3042,#3049,.T.);
#3049 = B_SPLINE_CURVE_WITH_KNOTS('',1,(#3050,#3051),.UNSPECIFIED.,.F.,
  .F.,(2,2),(-1.697058212406E-02,0.),.PIECEWISE_BEZIER_KNOTS.);
#3050 = CARTESIAN_POINT('',(-0.405,0.407990405822,0.355670985616));
#3051 = CARTESIAN_POINT('',(-0.405,0.391019823698,0.355670985616));
#3052 = ORIENTED_EDGE('',*,*,#3019,.T.);
#3053 = B_SPLINE_SURFACE_WITH_KNOTS('',1,1,(
    (#3054,#3055)
    ,(#3056,#3057
    )),.UNSPECIFIED.,.F.,.F.,.F.,(2,2),(2,2),(-1.697058212406E-02,
    5.319674097399E-31),(-6.336477040996E-48,1.E-02),
  .PIECEWISE_BEZIER_KNOTS.);
#3054 = CARTESIAN_POINT('',(-0.405,0.407990405822,0.355670985616));
#3055 = CARTESIAN_POINT('',(-0.395,0.407990405822,0.355670985616));
#3056 = CARTESIAN_POINT('',(-0.405,0.391019823698,0.355670985616));
#3057 = CARTESIAN_POINT('',(-0.395,0.391019823698,0.355670985616));
#3058 = ADVANCED_FACE('',(#3059),#3075,.F.);
#3059 = FACE_BOUND('',#3060,.T.);
#3060 = EDGE_LOOP('',(#3061,#3062,#3069,#3074));
#3061 = ORIENTED_EDGE('',*,*,#1490,.T.);
#3062 = ORIENTED_EDGE('',*,*,#3063,.F.);
#3063 = EDGE_CURVE('',#3064,#1484,#3066,.T.);
#3064 = VERTEX_POINT('',#3065);
#3065 = CARTESIAN_POINT('',(-0.405,0.391019823698,0.361105453659));
#3066 = B_SPLINE_CURVE_WITH_KNOTS('',1,(#3067,#3068),.UNSPECIFIED.,.F.,
  .F.,(2,2),(0.,1.E-02),.PIECEWISE_BEZIER_KNOTS.);
#3067 = CARTESIAN_POINT('',(-0.405,0.391019823698,0.361105453659));
#3068 = CARTESIAN_POINT('',(-0.395,0.391019823698,0.361105453659));
#3069 = ORIENTED_EDGE('',*,*,#3070,.F.);
#3070 = EDGE_CURVE('',#3042,#3064,#3071,.T.);
#3071 = B_SPLINE_CURVE_WITH_KNOTS('',1,(#3072,#3073),.UNSPECIFIED.,.F.,
  .F.,(2,2),(-5.434468042569E-03,0.),.PIECEWISE_BEZIER_KNOTS.);
#3072 = CARTESIAN_POINT('',(-0.405,0.391019823698,0.355670985616));
#3073 = CARTESIAN_POINT('',(-0.405,0.391019823698,0.361105453659));
#3074 = ORIENTED_EDGE('',*,*,#3041,.T.);
#3075 = B_SPLINE_SURFACE_WITH_KNOTS('',1,1,(
    (#3076,#3077)
    ,(#3078,#3079)),.UNSPECIFIED.,.F.,.F.,.F.,(2,2),(2,2),(-1.E-02,0.),(
    -5.434468042569E-03,0.),.PIECEWISE_BEZIER_KNOTS.);
#3076 = CARTESIAN_POINT('',(-0.395,0.391019823698,0.355670985616));
#3077 = CARTESIAN_POINT('',(-0.395,0.391019823698,0.361105453659));
#3078 = CARTESIAN_POINT('',(-0.405,0.391019823698,0.355670985616));
#3079 = CARTESIAN_POINT('',(-0.405,0.391019823698,0.361105453659));
#3080 = ADVANCED_FACE('',(#3081),#3097,.F.);
#3081 = FACE_BOUND('',#3082,.T.);
#3082 = EDGE_LOOP('',(#3083,#3084,#3091,#3096));
#3083 = ORIENTED_EDGE('',*,*,#1483,.T.);
#3084 = ORIENTED_EDGE('',*,*,#3085,.F.);
#3085 = EDGE_CURVE('',#3086,#1477,#3088,.T.);
#3086 = VERTEX_POINT('',#3087);
#3087 = CARTESIAN_POINT('',(-0.405,0.407990405822,0.361105453659));
#3088 = B_SPLINE_CURVE_WITH_KNOTS('',1,(#3089,#3090),.UNSPECIFIED.,.F.,
  .F.,(2,2),(0.,1.E-02),.PIECEWISE_BEZIER_KNOTS.);
#3089 = CARTESIAN_POINT('',(-0.405,0.407990405822,0.361105453659));
#3090 = CARTESIAN_POINT('',(-0.395,0.407990405822,0.361105453659));
#3091 = ORIENTED_EDGE('',*,*,#3092,.F.);
#3092 = EDGE_CURVE('',#3064,#3086,#3093,.T.);
#3093 = B_SPLINE_CURVE_WITH_KNOTS('',1,(#3094,#3095),.UNSPECIFIED.,.F.,
  .F.,(2,2),(-1.697058212406E-02,0.),.PIECEWISE_BEZIER_KNOTS.);
#3094 = CARTESIAN_POINT('',(-0.405,0.391019823698,0.361105453659));
#3095 = CARTESIAN_POINT('',(-0.405,0.407990405822,0.361105453659));
#3096 = ORIENTED_EDGE('',*,*,#3063,.T.);
#3097 = B_SPLINE_SURFACE_WITH_KNOTS('',1,1,(
    (#3098,#3099)
    ,(#3100,#3101
    )),.UNSPECIFIED.,.F.,.F.,.F.,(2,2),(2,2),(-1.697058212406E-02,
    1.694065894509E-18),(-8.448655346578E-62,1.E-02),
  .PIECEWISE_BEZIER_KNOTS.);
#3098 = CARTESIAN_POINT('',(-0.405,0.391019823698,0.361105453659));
#3099 = CARTESIAN_POINT('',(-0.395,0.391019823698,0.361105453659));
#3100 = CARTESIAN_POINT('',(-0.405,0.407990405822,0.361105453659));
#3101 = CARTESIAN_POINT('',(-0.395,0.407990405822,0.361105453659));
#3102 = ADVANCED_FACE('',(#3103),#3119,.F.);
#3103 = FACE_BOUND('',#3104,.T.);
#3104 = EDGE_LOOP('',(#3105,#3106,#3113,#3118));
#3105 = ORIENTED_EDGE('',*,*,#1476,.T.);
#3106 = ORIENTED_EDGE('',*,*,#3107,.F.);
#3107 = EDGE_CURVE('',#3108,#1470,#3110,.T.);
#3108 = VERTEX_POINT('',#3109);
#3109 = CARTESIAN_POINT('',(-0.405,0.407990405822,0.376292850957));
#3110 = B_SPLINE_CURVE_WITH_KNOTS('',1,(#3111,#3112),.UNSPECIFIED.,.F.,
  .F.,(2,2),(0.,1.E-02),.PIECEWISE_BEZIER_KNOTS.);
#3111 = CARTESIAN_POINT('',(-0.405,0.407990405822,0.376292850957));
#3112 = CARTESIAN_POINT('',(-0.395,0.407990405822,0.376292850957));
#3113 = ORIENTED_EDGE('',*,*,#3114,.F.);
#3114 = EDGE_CURVE('',#3086,#3108,#3115,.T.);
#3115 = B_SPLINE_CURVE_WITH_KNOTS('',1,(#3116,#3117),.UNSPECIFIED.,.F.,
  .F.,(2,2),(-1.518739729783E-02,0.),.PIECEWISE_BEZIER_KNOTS.);
#3116 = CARTESIAN_POINT('',(-0.405,0.407990405822,0.361105453659));
#3117 = CARTESIAN_POINT('',(-0.405,0.407990405822,0.376292850957));
#3118 = ORIENTED_EDGE('',*,*,#3085,.T.);
#3119 = B_SPLINE_SURFACE_WITH_KNOTS('',1,1,(
    (#3120,#3121)
    ,(#3122,#3123
    )),.UNSPECIFIED.,.F.,.F.,.F.,(2,2),(2,2),(-1.518739729783E-02,
    1.814046759107E-32),(-6.612155723375E-34,1.E-02),
  .PIECEWISE_BEZIER_KNOTS.);
#3120 = CARTESIAN_POINT('',(-0.405,0.407990405822,0.361105453659));
#3121 = CARTESIAN_POINT('',(-0.395,0.407990405822,0.361105453659));
#3122 = CARTESIAN_POINT('',(-0.405,0.407990405822,0.376292850957));
#3123 = CARTESIAN_POINT('',(-0.395,0.407990405822,0.376292850957));
#3124 = ADVANCED_FACE('',(#3125),#3141,.F.);
#3125 = FACE_BOUND('',#3126,.T.);
#3126 = EDGE_LOOP('',(#3127,#3128,#3135,#3140));
#3127 = ORIENTED_EDGE('',*,*,#1469,.T.);
#3128 = ORIENTED_EDGE('',*,*,#3129,.F.);
#3129 = EDGE_CURVE('',#3130,#1463,#3132,.T.);
#3130 = VERTEX_POINT('',#3131);
#3131 = CARTESIAN_POINT('',(-0.405,0.389673337196,0.376292850957));
#3132 = B_SPLINE_CURVE_WITH_KNOTS('',1,(#3133,#3134),.UNSPECIFIED.,.F.,
  .F.,(2,2),(0.,1.E-02),.PIECEWISE_BEZIER_KNOTS.);
#3133 = CARTESIAN_POINT('',(-0.405,0.389673337196,0.376292850957));
#3134 = CARTESIAN_POINT('',(-0.395,0.389673337196,0.376292850957));
#3135 = ORIENTED_EDGE('',*,*,#3136,.F.);
#3136 = EDGE_CURVE('',#3108,#3130,#3137,.T.);
#3137 = B_SPLINE_CURVE_WITH_KNOTS('',1,(#3138,#3139),.UNSPECIFIED.,.F.,
  .F.,(2,2),(-1.831706862577E-02,0.),.PIECEWISE_BEZIER_KNOTS.);
#3138 = CARTESIAN_POINT('',(-0.405,0.407990405822,0.376292850957));
#3139 = CARTESIAN_POINT('',(-0.405,0.389673337196,0.376292850957));
#3140 = ORIENTED_EDGE('',*,*,#3107,.T.);
#3141 = B_SPLINE_SURFACE_WITH_KNOTS('',1,1,(
    (#3142,#3143)
    ,(#3144,#3145
    )),.UNSPECIFIED.,.F.,.F.,.F.,(2,2),(2,2),(-1.831706862577E-02,0.),(
    -1.043676983701E-47,1.E-02),.PIECEWISE_BEZIER_KNOTS.);
#3142 = CARTESIAN_POINT('',(-0.405,0.407990405822,0.376292850957));
#3143 = CARTESIAN_POINT('',(-0.395,0.407990405822,0.376292850957));
#3144 = CARTESIAN_POINT('',(-0.405,0.389673337196,0.376292850957));
#3145 = CARTESIAN_POINT('',(-0.395,0.389673337196,0.376292850957));
#3146 = ADVANCED_FACE('',(#3147),#3163,.F.);
#3147 = FACE_BOUND('',#3148,.T.);
#3148 = EDGE_LOOP('',(#3149,#3150,#3157,#3162));
#3149 = ORIENTED_EDGE('',*,*,#1462,.T.);
#3150 = ORIENTED_EDGE('',*,*,#3151,.F.);
#3151 = EDGE_CURVE('',#3152,#1456,#3154,.T.);
#3152 = VERTEX_POINT('',#3153);
#3153 = CARTESIAN_POINT('',(-0.405,0.389673337196,0.381751580017));
#3154 = B_SPLINE_CURVE_WITH_KNOTS('',1,(#3155,#3156),.UNSPECIFIED.,.F.,
  .F.,(2,2),(0.,1.E-02),.PIECEWISE_BEZIER_KNOTS.);
#3155 = CARTESIAN_POINT('',(-0.405,0.389673337196,0.381751580017));
#3156 = CARTESIAN_POINT('',(-0.395,0.389673337196,0.381751580017));
#3157 = ORIENTED_EDGE('',*,*,#3158,.F.);
#3158 = EDGE_CURVE('',#3130,#3152,#3159,.T.);
#3159 = B_SPLINE_CURVE_WITH_KNOTS('',1,(#3160,#3161),.UNSPECIFIED.,.F.,
  .F.,(2,2),(-5.458729060589E-03,0.),.PIECEWISE_BEZIER_KNOTS.);
#3160 = CARTESIAN_POINT('',(-0.405,0.389673337196,0.376292850957));
#3161 = CARTESIAN_POINT('',(-0.405,0.389673337196,0.381751580017));
#3162 = ORIENTED_EDGE('',*,*,#3129,.T.);
#3163 = B_SPLINE_SURFACE_WITH_KNOTS('',1,1,(
    (#3164,#3165)
    ,(#3166,#3167
    )),.UNSPECIFIED.,.F.,.F.,.F.,(2,2),(2,2),(-5.458729060589E-03,
    1.68236040182E-32),(-2.204051907792E-34,1.E-02),
  .PIECEWISE_BEZIER_KNOTS.);
#3164 = CARTESIAN_POINT('',(-0.405,0.389673337196,0.376292850957));
#3165 = CARTESIAN_POINT('',(-0.395,0.389673337196,0.376292850957));
#3166 = CARTESIAN_POINT('',(-0.405,0.389673337196,0.381751580017));
#3167 = CARTESIAN_POINT('',(-0.395,0.389673337196,0.381751580017));
#3168 = ADVANCED_FACE('',(#3169),#3185,.F.);
#3169 = FACE_BOUND('',#3170,.T.);
#3170 = EDGE_LOOP('',(#3171,#3172,#3179,#3184));
#3171 = ORIENTED_EDGE('',*,*,#1455,.T.);
#3172 = ORIENTED_EDGE('',*,*,#3173,.F.);
#3173 = EDGE_CURVE('',#3174,#1449,#3176,.T.);
#3174 = VERTEX_POINT('',#3175);
#3175 = CARTESIAN_POINT('',(-0.405,0.414116312879,0.381751580017));
#3176 = B_SPLINE_CURVE_WITH_KNOTS('',1,(#3177,#3178),.UNSPECIFIED.,.F.,
  .F.,(2,2),(0.,1.E-02),.PIECEWISE_BEZIER_KNOTS.);
#3177 = CARTESIAN_POINT('',(-0.405,0.414116312879,0.381751580017));
#3178 = CARTESIAN_POINT('',(-0.395,0.414116312879,0.381751580017));
#3179 = ORIENTED_EDGE('',*,*,#3180,.F.);
#3180 = EDGE_CURVE('',#3152,#3174,#3181,.T.);
#3181 = B_SPLINE_CURVE_WITH_KNOTS('',1,(#3182,#3183),.UNSPECIFIED.,.F.,
  .F.,(2,2),(-2.444297568271E-02,0.),.PIECEWISE_BEZIER_KNOTS.);
#3182 = CARTESIAN_POINT('',(-0.405,0.389673337196,0.381751580017));
#3183 = CARTESIAN_POINT('',(-0.405,0.414116312879,0.381751580017));
#3184 = ORIENTED_EDGE('',*,*,#3151,.T.);
#3185 = B_SPLINE_SURFACE_WITH_KNOTS('',1,1,(
    (#3186,#3187)
    ,(#3188,#3189
    )),.UNSPECIFIED.,.F.,.F.,.F.,(2,2),(2,2),(-2.444297568271E-02,
    1.694065894509E-18),(-1.216872088879E-61,1.E-02),
  .PIECEWISE_BEZIER_KNOTS.);
#3186 = CARTESIAN_POINT('',(-0.405,0.389673337196,0.381751580017));
#3187 = CARTESIAN_POINT('',(-0.395,0.389673337196,0.381751580017));
#3188 = CARTESIAN_POINT('',(-0.405,0.414116312879,0.381751580017));
#3189 = CARTESIAN_POINT('',(-0.395,0.414116312879,0.381751580017));
#3190 = ADVANCED_FACE('',(#3191),#3207,.F.);
#3191 = FACE_BOUND('',#3192,.T.);
#3192 = EDGE_LOOP('',(#3193,#3194,#3201,#3206));
#3193 = ORIENTED_EDGE('',*,*,#1448,.T.);
#3194 = ORIENTED_EDGE('',*,*,#3195,.F.);
#3195 = EDGE_CURVE('',#3196,#1442,#3198,.T.);
#3196 = VERTEX_POINT('',#3197);
#3197 = CARTESIAN_POINT('',(-0.405,0.414116312879,0.334297028716));
#3198 = B_SPLINE_CURVE_WITH_KNOTS('',1,(#3199,#3200),.UNSPECIFIED.,.F.,
  .F.,(2,2),(0.,1.E-02),.PIECEWISE_BEZIER_KNOTS.);
#3199 = CARTESIAN_POINT('',(-0.405,0.414116312879,0.334297028716));
#3200 = CARTESIAN_POINT('',(-0.395,0.414116312879,0.334297028716));
#3201 = ORIENTED_EDGE('',*,*,#3202,.F.);
#3202 = EDGE_CURVE('',#3174,#3196,#3203,.T.);
#3203 = B_SPLINE_CURVE_WITH_KNOTS('',1,(#3204,#3205),.UNSPECIFIED.,.F.,
  .F.,(2,2),(-4.745455130064E-02,-0.),.PIECEWISE_BEZIER_KNOTS.);
#3204 = CARTESIAN_POINT('',(-0.405,0.414116312879,0.381751580017));
#3205 = CARTESIAN_POINT('',(-0.405,0.414116312879,0.334297028716));
#3206 = ORIENTED_EDGE('',*,*,#3173,.T.);
#3207 = B_SPLINE_SURFACE_WITH_KNOTS('',1,1,(
    (#3208,#3209)
    ,(#3210,#3211
    )),.UNSPECIFIED.,.F.,.F.,.F.,(2,2),(2,2),(-4.745455130064E-02,0.),(
    -1.66244974657E-47,1.E-02),.PIECEWISE_BEZIER_KNOTS.);
#3208 = CARTESIAN_POINT('',(-0.405,0.414116312879,0.381751580017));
#3209 = CARTESIAN_POINT('',(-0.395,0.414116312879,0.381751580017));
#3210 = CARTESIAN_POINT('',(-0.405,0.414116312879,0.334297028716));
#3211 = CARTESIAN_POINT('',(-0.395,0.414116312879,0.334297028716));
#3212 = ADVANCED_FACE('',(#3213),#3223,.F.);
#3213 = FACE_BOUND('',#3214,.T.);
#3214 = EDGE_LOOP('',(#3215,#3216,#3217,#3222));
#3215 = ORIENTED_EDGE('',*,*,#1441,.T.);
#3216 = ORIENTED_EDGE('',*,*,#2983,.F.);
#3217 = ORIENTED_EDGE('',*,*,#3218,.F.);
#3218 = EDGE_CURVE('',#3196,#2977,#3219,.T.);
#3219 = B_SPLINE_CURVE_WITH_KNOTS('',1,(#3220,#3221),.UNSPECIFIED.,.F.,
  .F.,(2,2),(-2.552259098572E-02,0.),.PIECEWISE_BEZIER_KNOTS.);
#3220 = CARTESIAN_POINT('',(-0.405,0.414116312879,0.334297028716));
#3221 = CARTESIAN_POINT('',(-0.405,0.388593721893,0.334297028716));
#3222 = ORIENTED_EDGE('',*,*,#3195,.T.);
#3223 = B_SPLINE_SURFACE_WITH_KNOTS('',1,1,(
    (#3224,#3225)
    ,(#3226,#3227
    )),.UNSPECIFIED.,.F.,.F.,.F.,(2,2),(2,2),(-2.552259098572E-02,0.),(
    -7.490267326026E-48,1.E-02),.PIECEWISE_BEZIER_KNOTS.);
#3224 = CARTESIAN_POINT('',(-0.405,0.414116312879,0.334297028716));
#3225 = CARTESIAN_POINT('',(-0.395,0.414116312879,0.334297028716));
#3226 = CARTESIAN_POINT('',(-0.405,0.388593721893,0.334297028716));
#3227 = CARTESIAN_POINT('',(-0.395,0.388593721893,0.334297028716));
#3228 = ADVANCED_FACE('',(#3229),#3243,.F.);
#3229 = FACE_BOUND('',#3230,.T.);
#3230 = EDGE_LOOP('',(#3231,#3232,#3233,#3234,#3235,#3236,#3237,#3238,
    #3239,#3240,#3241,#3242));
#3231 = ORIENTED_EDGE('',*,*,#2976,.T.);
#3232 = ORIENTED_EDGE('',*,*,#3004,.T.);
#3233 = ORIENTED_EDGE('',*,*,#3026,.T.);
#3234 = ORIENTED_EDGE('',*,*,#3048,.T.);
#3235 = ORIENTED_EDGE('',*,*,#3070,.T.);
#3236 = ORIENTED_EDGE('',*,*,#3092,.T.);
#3237 = ORIENTED_EDGE('',*,*,#3114,.T.);
#3238 = ORIENTED_EDGE('',*,*,#3136,.T.);
#3239 = ORIENTED_EDGE('',*,*,#3158,.T.);
#3240 = ORIENTED_EDGE('',*,*,#3180,.T.);
#3241 = ORIENTED_EDGE('',*,*,#3202,.T.);
#3242 = ORIENTED_EDGE('',*,*,#3218,.T.);
#3243 = B_SPLINE_SURFACE_WITH_KNOTS('',1,1,(
    (#3244,#3245)
    ,(#3246,#3247
    )),.UNSPECIFIED.,.F.,.F.,.F.,(2,2),(2,2),(-0.371751480017,
    -0.324296928716),(0.388593721893,0.414116312879),
  .PIECEWISE_BEZIER_KNOTS.);
#3244 = CARTESIAN_POINT('',(-0.405,0.388593721893,0.381751580017));
#3245 = CARTESIAN_POINT('',(-0.405,0.414116312879,0.381751580017));
#3246 = CARTESIAN_POINT('',(-0.405,0.388593721893,0.334297028716));
#3247 = CARTESIAN_POINT('',(-0.405,0.414116312879,0.334297028716));
#3248 = ADVANCED_FACE('',(#3249,#3308),#3367,.T.);
#3249 = FACE_BOUND('',#3250,.T.);
#3250 = EDGE_LOOP('',(#3251,#3260,#3269,#3278,#3287,#3296,#3303));
#3251 = ORIENTED_EDGE('',*,*,#3252,.T.);
#3252 = EDGE_CURVE('',#3253,#3255,#3257,.T.);
#3253 = VERTEX_POINT('',#3254);
#3254 = CARTESIAN_POINT('',(-0.405,0.379629275725,0.334297028716));
#3255 = VERTEX_POINT('',#3256);
#3256 = CARTESIAN_POINT('',(-0.405,0.366576848015,0.334297028716));
#3257 = B_SPLINE_CURVE_WITH_KNOTS('',1,(#3258,#3259),.UNSPECIFIED.,.F.,
  .F.,(2,2),(-1.30524277095E-02,-5.551115123126E-17),
  .PIECEWISE_BEZIER_KNOTS.);
#3258 = CARTESIAN_POINT('',(-0.405,0.379629275725,0.334297028716));
#3259 = CARTESIAN_POINT('',(-0.405,0.366576848015,0.334297028716));
#3260 = ORIENTED_EDGE('',*,*,#3261,.T.);
#3261 = EDGE_CURVE('',#3255,#3262,#3264,.T.);
#3262 = VERTEX_POINT('',#3263);
#3263 = CARTESIAN_POINT('',(-0.405,0.348150604808,0.340944547661));
#3264 = B_SPLINE_CURVE_WITH_KNOTS('',3,(#3265,#3266,#3267,#3268),
  .UNSPECIFIED.,.F.,.F.,(4,4),(5.,6.),.PIECEWISE_BEZIER_KNOTS.);
#3265 = CARTESIAN_POINT('',(-0.405,0.366576848015,0.334297028716));
#3266 = CARTESIAN_POINT('',(-0.405,0.35906806293,0.334297028716));
#3267 = CARTESIAN_POINT('',(-0.405,0.352917894854,0.336504781359));
#3268 = CARTESIAN_POINT('',(-0.405,0.348150604808,0.340944547661));
#3269 = ORIENTED_EDGE('',*,*,#3270,.T.);
#3270 = EDGE_CURVE('',#3262,#3271,#3273,.T.);
#3271 = VERTEX_POINT('',#3272);
#3272 = CARTESIAN_POINT('',(-0.405,0.340993604484,0.358630829818));
#3273 = B_SPLINE_CURVE_WITH_KNOTS('',3,(#3274,#3275,#3276,#3277),
  .UNSPECIFIED.,.F.,.F.,(4,4),(4.,5.),.PIECEWISE_BEZIER_KNOTS.);
#3274 = CARTESIAN_POINT('',(-0.405,0.348150604808,0.340944547661));
#3275 = CARTESIAN_POINT('',(-0.405,0.343383314762,0.345384313964));
#3276 = CARTESIAN_POINT('',(-0.405,0.340993604484,0.35127974135));
#3277 = CARTESIAN_POINT('',(-0.405,0.340993604484,0.358630829818));
#3278 = ORIENTED_EDGE('',*,*,#3279,.T.);
#3279 = EDGE_CURVE('',#3271,#3280,#3282,.T.);
#3280 = VERTEX_POINT('',#3281);
#3281 = CARTESIAN_POINT('',(-0.405,0.348150604808,0.375467976343));
#3282 = B_SPLINE_CURVE_WITH_KNOTS('',3,(#3283,#3284,#3285,#3286),
  .UNSPECIFIED.,.F.,.F.,(4,4),(3.,4.),.PIECEWISE_BEZIER_KNOTS.);
#3283 = CARTESIAN_POINT('',(-0.405,0.340993604484,0.358630829818));
#3284 = CARTESIAN_POINT('',(-0.405,0.340993604484,0.365666525052));
#3285 = CARTESIAN_POINT('',(-0.405,0.343383314762,0.371270820221));
#3286 = CARTESIAN_POINT('',(-0.405,0.348150604808,0.375467976343));
#3287 = ORIENTED_EDGE('',*,*,#3288,.T.);
#3288 = EDGE_CURVE('',#3280,#3289,#3291,.T.);
#3289 = VERTEX_POINT('',#3290);
#3290 = CARTESIAN_POINT('',(-0.405,0.366091627654,0.381751580017));
#3291 = B_SPLINE_CURVE_WITH_KNOTS('',3,(#3292,#3293,#3294,#3295),
  .UNSPECIFIED.,.F.,.F.,(4,4),(2.,3.),.PIECEWISE_BEZIER_KNOTS.);
#3292 = CARTESIAN_POINT('',(-0.405,0.348150604808,0.375467976343));
#3293 = CARTESIAN_POINT('',(-0.405,0.352917894854,0.379665132465));
#3294 = CARTESIAN_POINT('',(-0.405,0.358898235803,0.381751580017));
#3295 = CARTESIAN_POINT('',(-0.405,0.366091627654,0.381751580017));
#3296 = ORIENTED_EDGE('',*,*,#3297,.T.);
#3297 = EDGE_CURVE('',#3289,#3298,#3300,.T.);
#3298 = VERTEX_POINT('',#3299);
#3299 = CARTESIAN_POINT('',(-0.405,0.379629275725,0.381751580017));
#3300 = B_SPLINE_CURVE_WITH_KNOTS('',1,(#3301,#3302),.UNSPECIFIED.,.F.,
  .F.,(2,2),(-1.353764807055E-02,0.),.PIECEWISE_BEZIER_KNOTS.);
#3301 = CARTESIAN_POINT('',(-0.405,0.366091627654,0.381751580017));
#3302 = CARTESIAN_POINT('',(-0.405,0.379629275725,0.381751580017));
#3303 = ORIENTED_EDGE('',*,*,#3304,.T.);
#3304 = EDGE_CURVE('',#3298,#3253,#3305,.T.);
#3305 = B_SPLINE_CURVE_WITH_KNOTS('',1,(#3306,#3307),.UNSPECIFIED.,.F.,
  .F.,(2,2),(-4.745455130064E-02,-0.),.PIECEWISE_BEZIER_KNOTS.);
#3306 = CARTESIAN_POINT('',(-0.405,0.379629275725,0.381751580017));
#3307 = CARTESIAN_POINT('',(-0.405,0.379629275725,0.334297028716));
#3308 = FACE_BOUND('',#3309,.T.);
#3309 = EDGE_LOOP('',(#3310,#3319,#3326,#3335,#3344,#3353,#3362));
#3310 = ORIENTED_EDGE('',*,*,#3311,.F.);
#3311 = EDGE_CURVE('',#3312,#3314,#3316,.T.);
#3312 = VERTEX_POINT('',#3313);
#3313 = CARTESIAN_POINT('',(-0.405,0.373503368668,0.376292850957));
#3314 = VERTEX_POINT('',#3315);
#3315 = CARTESIAN_POINT('',(-0.405,0.373503368668,0.339707235741));
#3316 = B_SPLINE_CURVE_WITH_KNOTS('',1,(#3317,#3318),.UNSPECIFIED.,.F.,
  .F.,(2,2),(0.,3.658561521551E-02),.PIECEWISE_BEZIER_KNOTS.);
#3317 = CARTESIAN_POINT('',(-0.405,0.373503368668,0.376292850957));
#3318 = CARTESIAN_POINT('',(-0.405,0.373503368668,0.339707235741));
#3319 = ORIENTED_EDGE('',*,*,#3320,.F.);
#3320 = EDGE_CURVE('',#3321,#3312,#3323,.T.);
#3321 = VERTEX_POINT('',#3322);
#3322 = CARTESIAN_POINT('',(-0.405,0.366334237835,0.376292850957));
#3323 = B_SPLINE_CURVE_WITH_KNOTS('',1,(#3324,#3325),.UNSPECIFIED.,.F.,
  .F.,(2,2),(5.551115123126E-17,7.169130832598E-03),
  .PIECEWISE_BEZIER_KNOTS.);
#3324 = CARTESIAN_POINT('',(-0.405,0.366334237835,0.376292850957));
#3325 = CARTESIAN_POINT('',(-0.405,0.373503368668,0.376292850957));
#3326 = ORIENTED_EDGE('',*,*,#3327,.F.);
#3327 = EDGE_CURVE('',#3328,#3321,#3330,.T.);
#3328 = VERTEX_POINT('',#3329);
#3329 = CARTESIAN_POINT('',(-0.405,0.352638893147,0.371828823636));
#3330 = B_SPLINE_CURVE_WITH_KNOTS('',3,(#3331,#3332,#3333,#3334),
  .UNSPECIFIED.,.F.,.F.,(4,4),(5.,6.),.PIECEWISE_BEZIER_KNOTS.);
#3331 = CARTESIAN_POINT('',(-0.405,0.352638893147,0.371828823636));
#3332 = CARTESIAN_POINT('',(-0.405,0.356108218728,0.374812928856));
#3333 = CARTESIAN_POINT('',(-0.405,0.36068142063,0.376292850957));
#3334 = CARTESIAN_POINT('',(-0.405,0.366334237835,0.376292850957));
#3335 = ORIENTED_EDGE('',*,*,#3336,.F.);
#3336 = EDGE_CURVE('',#3337,#3328,#3339,.T.);
#3337 = VERTEX_POINT('',#3338);
#3338 = CARTESIAN_POINT('',(-0.405,0.347434904776,0.358461002692));
#3339 = B_SPLINE_CURVE_WITH_KNOTS('',3,(#3340,#3341,#3342,#3343),
  .UNSPECIFIED.,.F.,.F.,(4,4),(4.,5.),.PIECEWISE_BEZIER_KNOTS.);
#3340 = CARTESIAN_POINT('',(-0.405,0.347434904776,0.358461002692));
#3341 = CARTESIAN_POINT('',(-0.405,0.347434904776,0.364380691095));
#3342 = CARTESIAN_POINT('',(-0.405,0.349169567566,0.368844718416));
#3343 = CARTESIAN_POINT('',(-0.405,0.352638893147,0.371828823636));
#3344 = ORIENTED_EDGE('',*,*,#3345,.F.);
#3345 = EDGE_CURVE('',#3346,#3337,#3348,.T.);
#3346 = VERTEX_POINT('',#3347);
#3347 = CARTESIAN_POINT('',(-0.405,0.352505457548,0.344656483423));
#3348 = B_SPLINE_CURVE_WITH_KNOTS('',3,(#3349,#3350,#3351,#3352),
  .UNSPECIFIED.,.F.,.F.,(4,4),(3.,4.),.PIECEWISE_BEZIER_KNOTS.);
#3349 = CARTESIAN_POINT('',(-0.405,0.352505457548,0.344656483423));
#3350 = CARTESIAN_POINT('',(-0.405,0.34912104553,0.347931720859));
#3351 = CARTESIAN_POINT('',(-0.405,0.347434904776,0.352541314288));
#3352 = CARTESIAN_POINT('',(-0.405,0.347434904776,0.358461002692));
#3353 = ORIENTED_EDGE('',*,*,#3354,.F.);
#3354 = EDGE_CURVE('',#3355,#3346,#3357,.T.);
#3355 = VERTEX_POINT('',#3356);
#3356 = CARTESIAN_POINT('',(-0.405,0.366613239542,0.339707235741));
#3357 = B_SPLINE_CURVE_WITH_KNOTS('',3,(#3358,#3359,#3360,#3361),
  .UNSPECIFIED.,.F.,.F.,(4,4),(2.,3.),.PIECEWISE_BEZIER_KNOTS.);
#3358 = CARTESIAN_POINT('',(-0.405,0.366613239542,0.339707235741));
#3359 = CARTESIAN_POINT('',(-0.405,0.360584376557,0.339707235741));
#3360 = CARTESIAN_POINT('',(-0.405,0.355877739056,0.341356984968));
#3361 = CARTESIAN_POINT('',(-0.405,0.352505457548,0.344656483423));
#3362 = ORIENTED_EDGE('',*,*,#3363,.F.);
#3363 = EDGE_CURVE('',#3314,#3355,#3364,.T.);
#3364 = B_SPLINE_CURVE_WITH_KNOTS('',1,(#3365,#3366),.UNSPECIFIED.,.F.,
  .F.,(2,2),(0.,6.89012912537E-03),.PIECEWISE_BEZIER_KNOTS.);
#3365 = CARTESIAN_POINT('',(-0.405,0.373503368668,0.339707235741));
#3366 = CARTESIAN_POINT('',(-0.405,0.366613239542,0.339707235741));
#3367 = B_SPLINE_SURFACE_WITH_KNOTS('',1,1,(
    (#3368,#3369)
    ,(#3370,#3371
    )),.UNSPECIFIED.,.F.,.F.,.F.,(2,2),(2,2),(-4.588668300938E-02,
    1.567868291265E-03),(-1.521772357019E-02,2.341794767025E-02),
  .PIECEWISE_BEZIER_KNOTS.);
#3368 = CARTESIAN_POINT('',(-0.405,0.340993604484,0.334297028716));
#3369 = CARTESIAN_POINT('',(-0.405,0.379629275725,0.334297028716));
#3370 = CARTESIAN_POINT('',(-0.405,0.340993604484,0.381751580017));
#3371 = CARTESIAN_POINT('',(-0.405,0.379629275725,0.381751580017));
#3372 = ADVANCED_FACE('',(#3373),#3387,.F.);
#3373 = FACE_BOUND('',#3374,.T.);
#3374 = EDGE_LOOP('',(#3375,#3376,#3381,#3382));
#3375 = ORIENTED_EDGE('',*,*,#1518,.T.);
#3376 = ORIENTED_EDGE('',*,*,#3377,.F.);
#3377 = EDGE_CURVE('',#3255,#1521,#3378,.T.);
#3378 = B_SPLINE_CURVE_WITH_KNOTS('',1,(#3379,#3380),.UNSPECIFIED.,.F.,
  .F.,(2,2),(0.,1.E-02),.PIECEWISE_BEZIER_KNOTS.);
#3379 = CARTESIAN_POINT('',(-0.405,0.366576848015,0.334297028716));
#3380 = CARTESIAN_POINT('',(-0.395,0.366576848015,0.334297028716));
#3381 = ORIENTED_EDGE('',*,*,#3252,.F.);
#3382 = ORIENTED_EDGE('',*,*,#3383,.T.);
#3383 = EDGE_CURVE('',#3253,#1519,#3384,.T.);
#3384 = B_SPLINE_CURVE_WITH_KNOTS('',1,(#3385,#3386),.UNSPECIFIED.,.F.,
  .F.,(2,2),(0.,1.E-02),.PIECEWISE_BEZIER_KNOTS.);
#3385 = CARTESIAN_POINT('',(-0.405,0.379629275725,0.334297028716));
#3386 = CARTESIAN_POINT('',(-0.395,0.379629275725,0.334297028716));
#3387 = B_SPLINE_SURFACE_WITH_KNOTS('',1,1,(
    (#3388,#3389)
    ,(#3390,#3391
    )),.UNSPECIFIED.,.F.,.F.,.F.,(2,2),(2,2),(-1.30524277095E-02,
    -5.551115123126E-17),(-8.238597937082E-48,1.E-02),
  .PIECEWISE_BEZIER_KNOTS.);
#3388 = CARTESIAN_POINT('',(-0.405,0.379629275725,0.334297028716));
#3389 = CARTESIAN_POINT('',(-0.395,0.379629275725,0.334297028716));
#3390 = CARTESIAN_POINT('',(-0.405,0.366576848015,0.334297028716));
#3391 = CARTESIAN_POINT('',(-0.395,0.366576848015,0.334297028716));
#3392 = ADVANCED_FACE('',(#3393),#3403,.F.);
#3393 = FACE_BOUND('',#3394,.F.);
#3394 = EDGE_LOOP('',(#3395,#3396,#3397,#3402));
#3395 = ORIENTED_EDGE('',*,*,#3377,.F.);
#3396 = ORIENTED_EDGE('',*,*,#3261,.T.);
#3397 = ORIENTED_EDGE('',*,*,#3398,.T.);
#3398 = EDGE_CURVE('',#3262,#1560,#3399,.T.);
#3399 = B_SPLINE_CURVE_WITH_KNOTS('',1,(#3400,#3401),.UNSPECIFIED.,.F.,
  .F.,(2,2),(0.,1.E-02),.PIECEWISE_BEZIER_KNOTS.);
#3400 = CARTESIAN_POINT('',(-0.405,0.348150604808,0.340944547661));
#3401 = CARTESIAN_POINT('',(-0.395,0.348150604808,0.340944547661));
#3402 = ORIENTED_EDGE('',*,*,#1568,.F.);
#3403 = B_SPLINE_SURFACE_WITH_KNOTS('',3,1,(
    (#3404,#3405)
    ,(#3406,#3407)
    ,(#3408,#3409)
    ,(#3410,#3411
    )),.UNSPECIFIED.,.F.,.F.,.F.,(4,4),(2,2),(5.,6.),(0.,1.),
  .PIECEWISE_BEZIER_KNOTS.);
#3404 = CARTESIAN_POINT('',(-0.405,0.366576848015,0.334297028716));
#3405 = CARTESIAN_POINT('',(-0.395,0.366576848015,0.334297028716));
#3406 = CARTESIAN_POINT('',(-0.405,0.35906806293,0.334297028716));
#3407 = CARTESIAN_POINT('',(-0.395,0.35906806293,0.334297028716));
#3408 = CARTESIAN_POINT('',(-0.405,0.352917894854,0.336504781359));
#3409 = CARTESIAN_POINT('',(-0.395,0.352917894854,0.336504781359));
#3410 = CARTESIAN_POINT('',(-0.405,0.348150604808,0.340944547661));
#3411 = CARTESIAN_POINT('',(-0.395,0.348150604808,0.340944547661));
#3412 = ADVANCED_FACE('',(#3413),#3423,.F.);
#3413 = FACE_BOUND('',#3414,.F.);
#3414 = EDGE_LOOP('',(#3415,#3416,#3417,#3422));
#3415 = ORIENTED_EDGE('',*,*,#3398,.F.);
#3416 = ORIENTED_EDGE('',*,*,#3270,.T.);
#3417 = ORIENTED_EDGE('',*,*,#3418,.T.);
#3418 = EDGE_CURVE('',#3271,#1551,#3419,.T.);
#3419 = B_SPLINE_CURVE_WITH_KNOTS('',1,(#3420,#3421),.UNSPECIFIED.,.F.,
  .F.,(2,2),(0.,1.E-02),.PIECEWISE_BEZIER_KNOTS.);
#3420 = CARTESIAN_POINT('',(-0.405,0.340993604484,0.358630829818));
#3421 = CARTESIAN_POINT('',(-0.395,0.340993604484,0.358630829818));
#3422 = ORIENTED_EDGE('',*,*,#1559,.F.);
#3423 = B_SPLINE_SURFACE_WITH_KNOTS('',3,1,(
    (#3424,#3425)
    ,(#3426,#3427)
    ,(#3428,#3429)
    ,(#3430,#3431
    )),.UNSPECIFIED.,.F.,.F.,.F.,(4,4),(2,2),(4.,5.),(0.,1.),
  .PIECEWISE_BEZIER_KNOTS.);
#3424 = CARTESIAN_POINT('',(-0.405,0.348150604808,0.340944547661));
#3425 = CARTESIAN_POINT('',(-0.395,0.348150604808,0.340944547661));
#3426 = CARTESIAN_POINT('',(-0.405,0.343383314762,0.345384313964));
#3427 = CARTESIAN_POINT('',(-0.395,0.343383314762,0.345384313964));
#3428 = CARTESIAN_POINT('',(-0.405,0.340993604484,0.35127974135));
#3429 = CARTESIAN_POINT('',(-0.395,0.340993604484,0.35127974135));
#3430 = CARTESIAN_POINT('',(-0.405,0.340993604484,0.358630829818));
#3431 = CARTESIAN_POINT('',(-0.395,0.340993604484,0.358630829818));
#3432 = ADVANCED_FACE('',(#3433),#3443,.F.);
#3433 = FACE_BOUND('',#3434,.F.);
#3434 = EDGE_LOOP('',(#3435,#3436,#3437,#3442));
#3435 = ORIENTED_EDGE('',*,*,#3418,.F.);
#3436 = ORIENTED_EDGE('',*,*,#3279,.T.);
#3437 = ORIENTED_EDGE('',*,*,#3438,.T.);
#3438 = EDGE_CURVE('',#3280,#1542,#3439,.T.);
#3439 = B_SPLINE_CURVE_WITH_KNOTS('',1,(#3440,#3441),.UNSPECIFIED.,.F.,
  .F.,(2,2),(0.,1.E-02),.PIECEWISE_BEZIER_KNOTS.);
#3440 = CARTESIAN_POINT('',(-0.405,0.348150604808,0.375467976343));
#3441 = CARTESIAN_POINT('',(-0.395,0.348150604808,0.375467976343));
#3442 = ORIENTED_EDGE('',*,*,#1550,.F.);
#3443 = B_SPLINE_SURFACE_WITH_KNOTS('',3,1,(
    (#3444,#3445)
    ,(#3446,#3447)
    ,(#3448,#3449)
    ,(#3450,#3451
    )),.UNSPECIFIED.,.F.,.F.,.F.,(4,4),(2,2),(3.,4.),(0.,1.),
  .PIECEWISE_BEZIER_KNOTS.);
#3444 = CARTESIAN_POINT('',(-0.405,0.340993604484,0.358630829818));
#3445 = CARTESIAN_POINT('',(-0.395,0.340993604484,0.358630829818));
#3446 = CARTESIAN_POINT('',(-0.405,0.340993604484,0.365666525052));
#3447 = CARTESIAN_POINT('',(-0.395,0.340993604484,0.365666525052));
#3448 = CARTESIAN_POINT('',(-0.405,0.343383314762,0.371270820221));
#3449 = CARTESIAN_POINT('',(-0.395,0.343383314762,0.371270820221));
#3450 = CARTESIAN_POINT('',(-0.405,0.348150604808,0.375467976343));
#3451 = CARTESIAN_POINT('',(-0.395,0.348150604808,0.375467976343));
#3452 = ADVANCED_FACE('',(#3453),#3463,.F.);
#3453 = FACE_BOUND('',#3454,.F.);
#3454 = EDGE_LOOP('',(#3455,#3456,#3457,#3462));
#3455 = ORIENTED_EDGE('',*,*,#3438,.F.);
#3456 = ORIENTED_EDGE('',*,*,#3288,.T.);
#3457 = ORIENTED_EDGE('',*,*,#3458,.T.);
#3458 = EDGE_CURVE('',#3289,#1535,#3459,.T.);
#3459 = B_SPLINE_CURVE_WITH_KNOTS('',1,(#3460,#3461),.UNSPECIFIED.,.F.,
  .F.,(2,2),(0.,1.E-02),.PIECEWISE_BEZIER_KNOTS.);
#3460 = CARTESIAN_POINT('',(-0.405,0.366091627654,0.381751580017));
#3461 = CARTESIAN_POINT('',(-0.395,0.366091627654,0.381751580017));
#3462 = ORIENTED_EDGE('',*,*,#1541,.F.);
#3463 = B_SPLINE_SURFACE_WITH_KNOTS('',3,1,(
    (#3464,#3465)
    ,(#3466,#3467)
    ,(#3468,#3469)
    ,(#3470,#3471
    )),.UNSPECIFIED.,.F.,.F.,.F.,(4,4),(2,2),(2.,3.),(0.,1.),
  .PIECEWISE_BEZIER_KNOTS.);
#3464 = CARTESIAN_POINT('',(-0.405,0.348150604808,0.375467976343));
#3465 = CARTESIAN_POINT('',(-0.395,0.348150604808,0.375467976343));
#3466 = CARTESIAN_POINT('',(-0.405,0.352917894854,0.379665132465));
#3467 = CARTESIAN_POINT('',(-0.395,0.352917894854,0.379665132465));
#3468 = CARTESIAN_POINT('',(-0.405,0.358898235803,0.381751580017));
#3469 = CARTESIAN_POINT('',(-0.395,0.358898235803,0.381751580017));
#3470 = CARTESIAN_POINT('',(-0.405,0.366091627654,0.381751580017));
#3471 = CARTESIAN_POINT('',(-0.395,0.366091627654,0.381751580017));
#3472 = ADVANCED_FACE('',(#3473),#3483,.F.);
#3473 = FACE_BOUND('',#3474,.T.);
#3474 = EDGE_LOOP('',(#3475,#3476,#3481,#3482));
#3475 = ORIENTED_EDGE('',*,*,#1534,.T.);
#3476 = ORIENTED_EDGE('',*,*,#3477,.F.);
#3477 = EDGE_CURVE('',#3298,#1528,#3478,.T.);
#3478 = B_SPLINE_CURVE_WITH_KNOTS('',1,(#3479,#3480),.UNSPECIFIED.,.F.,
  .F.,(2,2),(0.,1.E-02),.PIECEWISE_BEZIER_KNOTS.);
#3479 = CARTESIAN_POINT('',(-0.405,0.379629275725,0.381751580017));
#3480 = CARTESIAN_POINT('',(-0.395,0.379629275725,0.381751580017));
#3481 = ORIENTED_EDGE('',*,*,#3297,.F.);
#3482 = ORIENTED_EDGE('',*,*,#3458,.T.);
#3483 = B_SPLINE_SURFACE_WITH_KNOTS('',1,1,(
    (#3484,#3485)
    ,(#3486,#3487
    )),.UNSPECIFIED.,.F.,.F.,.F.,(2,2),(2,2),(-1.353764807055E-02,
    1.694065894509E-18),(-6.739599261545E-62,1.E-02),
  .PIECEWISE_BEZIER_KNOTS.);
#3484 = CARTESIAN_POINT('',(-0.405,0.366091627654,0.381751580017));
#3485 = CARTESIAN_POINT('',(-0.395,0.366091627654,0.381751580017));
#3486 = CARTESIAN_POINT('',(-0.405,0.379629275725,0.381751580017));
#3487 = CARTESIAN_POINT('',(-0.395,0.379629275725,0.381751580017));
#3488 = ADVANCED_FACE('',(#3489),#3495,.F.);
#3489 = FACE_BOUND('',#3490,.T.);
#3490 = EDGE_LOOP('',(#3491,#3492,#3493,#3494));
#3491 = ORIENTED_EDGE('',*,*,#1527,.T.);
#3492 = ORIENTED_EDGE('',*,*,#3383,.F.);
#3493 = ORIENTED_EDGE('',*,*,#3304,.F.);
#3494 = ORIENTED_EDGE('',*,*,#3477,.T.);
#3495 = B_SPLINE_SURFACE_WITH_KNOTS('',1,1,(
    (#3496,#3497)
    ,(#3498,#3499
    )),.UNSPECIFIED.,.F.,.F.,.F.,(2,2),(2,2),(-4.745455130064E-02,0.),(
    0.,1.E-02),.PIECEWISE_BEZIER_KNOTS.);
#3496 = CARTESIAN_POINT('',(-0.405,0.379629275725,0.381751580017));
#3497 = CARTESIAN_POINT('',(-0.395,0.379629275725,0.381751580017));
#3498 = CARTESIAN_POINT('',(-0.405,0.379629275725,0.334297028716));
#3499 = CARTESIAN_POINT('',(-0.395,0.379629275725,0.334297028716));
#3500 = ADVANCED_FACE('',(#3501),#3523,.T.);
#3501 = FACE_BOUND('',#3502,.T.);
#3502 = EDGE_LOOP('',(#3503,#3512,#3517,#3518));
#3503 = ORIENTED_EDGE('',*,*,#3504,.F.);
#3504 = EDGE_CURVE('',#3505,#3507,#3509,.T.);
#3505 = VERTEX_POINT('',#3506);
#3506 = CARTESIAN_POINT('',(-0.395,0.366334237835,0.376292850957));
#3507 = VERTEX_POINT('',#3508);
#3508 = CARTESIAN_POINT('',(-0.395,0.373503368668,0.376292850957));
#3509 = B_SPLINE_CURVE_WITH_KNOTS('',1,(#3510,#3511),.UNSPECIFIED.,.F.,
  .F.,(2,2),(5.551115123126E-17,7.169130832598E-03),
  .PIECEWISE_BEZIER_KNOTS.);
#3510 = CARTESIAN_POINT('',(-0.395,0.366334237835,0.376292850957));
#3511 = CARTESIAN_POINT('',(-0.395,0.373503368668,0.376292850957));
#3512 = ORIENTED_EDGE('',*,*,#3513,.F.);
#3513 = EDGE_CURVE('',#3321,#3505,#3514,.T.);
#3514 = B_SPLINE_CURVE_WITH_KNOTS('',1,(#3515,#3516),.UNSPECIFIED.,.F.,
  .F.,(2,2),(0.,1.E-02),.PIECEWISE_BEZIER_KNOTS.);
#3515 = CARTESIAN_POINT('',(-0.405,0.366334237835,0.376292850957));
#3516 = CARTESIAN_POINT('',(-0.395,0.366334237835,0.376292850957));
#3517 = ORIENTED_EDGE('',*,*,#3320,.T.);
#3518 = ORIENTED_EDGE('',*,*,#3519,.T.);
#3519 = EDGE_CURVE('',#3312,#3507,#3520,.T.);
#3520 = B_SPLINE_CURVE_WITH_KNOTS('',1,(#3521,#3522),.UNSPECIFIED.,.F.,
  .F.,(2,2),(0.,1.E-02),.PIECEWISE_BEZIER_KNOTS.);
#3521 = CARTESIAN_POINT('',(-0.405,0.373503368668,0.376292850957));
#3522 = CARTESIAN_POINT('',(-0.395,0.373503368668,0.376292850957));
#3523 = B_SPLINE_SURFACE_WITH_KNOTS('',1,1,(
    (#3524,#3525)
    ,(#3526,#3527
    )),.UNSPECIFIED.,.F.,.F.,.F.,(2,2),(2,2),(5.551115123126E-17,
    7.169130832598E-03),(-1.666616164845E-48,1.E-02),
  .PIECEWISE_BEZIER_KNOTS.);
#3524 = CARTESIAN_POINT('',(-0.405,0.366334237835,0.376292850957));
#3525 = CARTESIAN_POINT('',(-0.395,0.366334237835,0.376292850957));
#3526 = CARTESIAN_POINT('',(-0.405,0.373503368668,0.376292850957));
#3527 = CARTESIAN_POINT('',(-0.395,0.373503368668,0.376292850957));
#3528 = ADVANCED_FACE('',(#3529),#3545,.T.);
#3529 = FACE_BOUND('',#3530,.T.);
#3530 = EDGE_LOOP('',(#3531,#3538,#3539,#3540));
#3531 = ORIENTED_EDGE('',*,*,#3532,.F.);
#3532 = EDGE_CURVE('',#3507,#3533,#3535,.T.);
#3533 = VERTEX_POINT('',#3534);
#3534 = CARTESIAN_POINT('',(-0.395,0.373503368668,0.339707235741));
#3535 = B_SPLINE_CURVE_WITH_KNOTS('',1,(#3536,#3537),.UNSPECIFIED.,.F.,
  .F.,(2,2),(0.,3.658561521551E-02),.PIECEWISE_BEZIER_KNOTS.);
#3536 = CARTESIAN_POINT('',(-0.395,0.373503368668,0.376292850957));
#3537 = CARTESIAN_POINT('',(-0.395,0.373503368668,0.339707235741));
#3538 = ORIENTED_EDGE('',*,*,#3519,.F.);
#3539 = ORIENTED_EDGE('',*,*,#3311,.T.);
#3540 = ORIENTED_EDGE('',*,*,#3541,.T.);
#3541 = EDGE_CURVE('',#3314,#3533,#3542,.T.);
#3542 = B_SPLINE_CURVE_WITH_KNOTS('',1,(#3543,#3544),.UNSPECIFIED.,.F.,
  .F.,(2,2),(0.,1.E-02),.PIECEWISE_BEZIER_KNOTS.);
#3543 = CARTESIAN_POINT('',(-0.405,0.373503368668,0.339707235741));
#3544 = CARTESIAN_POINT('',(-0.395,0.373503368668,0.339707235741));
#3545 = B_SPLINE_SURFACE_WITH_KNOTS('',1,1,(
    (#3546,#3547)
    ,(#3548,#3549
    )),.UNSPECIFIED.,.F.,.F.,.F.,(2,2),(2,2),(-1.757107183573E-32,
    3.658561521551E-02),(-1.542836335454E-33,1.E-02),
  .PIECEWISE_BEZIER_KNOTS.);
#3546 = CARTESIAN_POINT('',(-0.405,0.373503368668,0.376292850957));
#3547 = CARTESIAN_POINT('',(-0.395,0.373503368668,0.376292850957));
#3548 = CARTESIAN_POINT('',(-0.405,0.373503368668,0.339707235741));
#3549 = CARTESIAN_POINT('',(-0.395,0.373503368668,0.339707235741));
#3550 = ADVANCED_FACE('',(#3551),#3567,.T.);
#3551 = FACE_BOUND('',#3552,.T.);
#3552 = EDGE_LOOP('',(#3553,#3560,#3561,#3562));
#3553 = ORIENTED_EDGE('',*,*,#3554,.F.);
#3554 = EDGE_CURVE('',#3533,#3555,#3557,.T.);
#3555 = VERTEX_POINT('',#3556);
#3556 = CARTESIAN_POINT('',(-0.395,0.366613239542,0.339707235741));
#3557 = B_SPLINE_CURVE_WITH_KNOTS('',1,(#3558,#3559),.UNSPECIFIED.,.F.,
  .F.,(2,2),(0.,6.89012912537E-03),.PIECEWISE_BEZIER_KNOTS.);
#3558 = CARTESIAN_POINT('',(-0.395,0.373503368668,0.339707235741));
#3559 = CARTESIAN_POINT('',(-0.395,0.366613239542,0.339707235741));
#3560 = ORIENTED_EDGE('',*,*,#3541,.F.);
#3561 = ORIENTED_EDGE('',*,*,#3363,.T.);
#3562 = ORIENTED_EDGE('',*,*,#3563,.T.);
#3563 = EDGE_CURVE('',#3355,#3555,#3564,.T.);
#3564 = B_SPLINE_CURVE_WITH_KNOTS('',1,(#3565,#3566),.UNSPECIFIED.,.F.,
  .F.,(2,2),(0.,1.E-02),.PIECEWISE_BEZIER_KNOTS.);
#3565 = CARTESIAN_POINT('',(-0.405,0.366613239542,0.339707235741));
#3566 = CARTESIAN_POINT('',(-0.395,0.366613239542,0.339707235741));
#3567 = B_SPLINE_SURFACE_WITH_KNOTS('',1,1,(
    (#3568,#3569)
    ,(#3570,#3571
    )),.UNSPECIFIED.,.F.,.F.,.F.,(2,2),(2,2),(-1.694065894509E-18,
    6.89012912537E-03),(0.,1.E-02),.PIECEWISE_BEZIER_KNOTS.);
#3568 = CARTESIAN_POINT('',(-0.405,0.373503368668,0.339707235741));
#3569 = CARTESIAN_POINT('',(-0.395,0.373503368668,0.339707235741));
#3570 = CARTESIAN_POINT('',(-0.405,0.366613239542,0.339707235741));
#3571 = CARTESIAN_POINT('',(-0.395,0.366613239542,0.339707235741));
#3572 = ADVANCED_FACE('',(#3573),#3591,.T.);
#3573 = FACE_BOUND('',#3574,.T.);
#3574 = EDGE_LOOP('',(#3575,#3584,#3585,#3586));
#3575 = ORIENTED_EDGE('',*,*,#3576,.F.);
#3576 = EDGE_CURVE('',#3555,#3577,#3579,.T.);
#3577 = VERTEX_POINT('',#3578);
#3578 = CARTESIAN_POINT('',(-0.395,0.352505457548,0.344656483423));
#3579 = B_SPLINE_CURVE_WITH_KNOTS('',3,(#3580,#3581,#3582,#3583),
  .UNSPECIFIED.,.F.,.F.,(4,4),(2.,3.),.PIECEWISE_BEZIER_KNOTS.);
#3580 = CARTESIAN_POINT('',(-0.395,0.366613239542,0.339707235741));
#3581 = CARTESIAN_POINT('',(-0.395,0.360584376557,0.339707235741));
#3582 = CARTESIAN_POINT('',(-0.395,0.355877739056,0.341356984968));
#3583 = CARTESIAN_POINT('',(-0.395,0.352505457548,0.344656483423));
#3584 = ORIENTED_EDGE('',*,*,#3563,.F.);
#3585 = ORIENTED_EDGE('',*,*,#3354,.T.);
#3586 = ORIENTED_EDGE('',*,*,#3587,.T.);
#3587 = EDGE_CURVE('',#3346,#3577,#3588,.T.);
#3588 = B_SPLINE_CURVE_WITH_KNOTS('',1,(#3589,#3590),.UNSPECIFIED.,.F.,
  .F.,(2,2),(0.,1.E-02),.PIECEWISE_BEZIER_KNOTS.);
#3589 = CARTESIAN_POINT('',(-0.405,0.352505457548,0.344656483423));
#3590 = CARTESIAN_POINT('',(-0.395,0.352505457548,0.344656483423));
#3591 = B_SPLINE_SURFACE_WITH_KNOTS('',3,1,(
    (#3592,#3593)
    ,(#3594,#3595)
    ,(#3596,#3597)
    ,(#3598,#3599
    )),.UNSPECIFIED.,.F.,.F.,.F.,(4,4),(2,2),(2.,3.),(0.,1.),
  .PIECEWISE_BEZIER_KNOTS.);
#3592 = CARTESIAN_POINT('',(-0.405,0.366613239542,0.339707235741));
#3593 = CARTESIAN_POINT('',(-0.395,0.366613239542,0.339707235741));
#3594 = CARTESIAN_POINT('',(-0.405,0.360584376557,0.339707235741));
#3595 = CARTESIAN_POINT('',(-0.395,0.360584376557,0.339707235741));
#3596 = CARTESIAN_POINT('',(-0.405,0.355877739056,0.341356984968));
#3597 = CARTESIAN_POINT('',(-0.395,0.355877739056,0.341356984968));
#3598 = CARTESIAN_POINT('',(-0.405,0.352505457548,0.344656483423));
#3599 = CARTESIAN_POINT('',(-0.395,0.352505457548,0.344656483423));
#3600 = ADVANCED_FACE('',(#3601),#3619,.T.);
#3601 = FACE_BOUND('',#3602,.T.);
#3602 = EDGE_LOOP('',(#3603,#3612,#3613,#3614));
#3603 = ORIENTED_EDGE('',*,*,#3604,.F.);
#3604 = EDGE_CURVE('',#3577,#3605,#3607,.T.);
#3605 = VERTEX_POINT('',#3606);
#3606 = CARTESIAN_POINT('',(-0.395,0.347434904776,0.358461002692));
#3607 = B_SPLINE_CURVE_WITH_KNOTS('',3,(#3608,#3609,#3610,#3611),
  .UNSPECIFIED.,.F.,.F.,(4,4),(3.,4.),.PIECEWISE_BEZIER_KNOTS.);
#3608 = CARTESIAN_POINT('',(-0.395,0.352505457548,0.344656483423));
#3609 = CARTESIAN_POINT('',(-0.395,0.34912104553,0.347931720859));
#3610 = CARTESIAN_POINT('',(-0.395,0.347434904776,0.352541314288));
#3611 = CARTESIAN_POINT('',(-0.395,0.347434904776,0.358461002692));
#3612 = ORIENTED_EDGE('',*,*,#3587,.F.);
#3613 = ORIENTED_EDGE('',*,*,#3345,.T.);
#3614 = ORIENTED_EDGE('',*,*,#3615,.T.);
#3615 = EDGE_CURVE('',#3337,#3605,#3616,.T.);
#3616 = B_SPLINE_CURVE_WITH_KNOTS('',1,(#3617,#3618),.UNSPECIFIED.,.F.,
  .F.,(2,2),(0.,1.E-02),.PIECEWISE_BEZIER_KNOTS.);
#3617 = CARTESIAN_POINT('',(-0.405,0.347434904776,0.358461002692));
#3618 = CARTESIAN_POINT('',(-0.395,0.347434904776,0.358461002692));
#3619 = B_SPLINE_SURFACE_WITH_KNOTS('',3,1,(
    (#3620,#3621)
    ,(#3622,#3623)
    ,(#3624,#3625)
    ,(#3626,#3627
    )),.UNSPECIFIED.,.F.,.F.,.F.,(4,4),(2,2),(3.,4.),(0.,1.),
  .PIECEWISE_BEZIER_KNOTS.);
#3620 = CARTESIAN_POINT('',(-0.405,0.352505457548,0.344656483423));
#3621 = CARTESIAN_POINT('',(-0.395,0.352505457548,0.344656483423));
#3622 = CARTESIAN_POINT('',(-0.405,0.34912104553,0.347931720859));
#3623 = CARTESIAN_POINT('',(-0.395,0.34912104553,0.347931720859));
#3624 = CARTESIAN_POINT('',(-0.405,0.347434904776,0.352541314288));
#3625 = CARTESIAN_POINT('',(-0.395,0.347434904776,0.352541314288));
#3626 = CARTESIAN_POINT('',(-0.405,0.347434904776,0.358461002692));
#3627 = CARTESIAN_POINT('',(-0.395,0.347434904776,0.358461002692));
#3628 = ADVANCED_FACE('',(#3629),#3647,.T.);
#3629 = FACE_BOUND('',#3630,.T.);
#3630 = EDGE_LOOP('',(#3631,#3640,#3641,#3642));
#3631 = ORIENTED_EDGE('',*,*,#3632,.F.);
#3632 = EDGE_CURVE('',#3605,#3633,#3635,.T.);
#3633 = VERTEX_POINT('',#3634);
#3634 = CARTESIAN_POINT('',(-0.395,0.352638893147,0.371828823636));
#3635 = B_SPLINE_CURVE_WITH_KNOTS('',3,(#3636,#3637,#3638,#3639),
  .UNSPECIFIED.,.F.,.F.,(4,4),(4.,5.),.PIECEWISE_BEZIER_KNOTS.);
#3636 = CARTESIAN_POINT('',(-0.395,0.347434904776,0.358461002692));
#3637 = CARTESIAN_POINT('',(-0.395,0.347434904776,0.364380691095));
#3638 = CARTESIAN_POINT('',(-0.395,0.349169567566,0.368844718416));
#3639 = CARTESIAN_POINT('',(-0.395,0.352638893147,0.371828823636));
#3640 = ORIENTED_EDGE('',*,*,#3615,.F.);
#3641 = ORIENTED_EDGE('',*,*,#3336,.T.);
#3642 = ORIENTED_EDGE('',*,*,#3643,.T.);
#3643 = EDGE_CURVE('',#3328,#3633,#3644,.T.);
#3644 = B_SPLINE_CURVE_WITH_KNOTS('',1,(#3645,#3646),.UNSPECIFIED.,.F.,
  .F.,(2,2),(0.,1.E-02),.PIECEWISE_BEZIER_KNOTS.);
#3645 = CARTESIAN_POINT('',(-0.405,0.352638893147,0.371828823636));
#3646 = CARTESIAN_POINT('',(-0.395,0.352638893147,0.371828823636));
#3647 = B_SPLINE_SURFACE_WITH_KNOTS('',3,1,(
    (#3648,#3649)
    ,(#3650,#3651)
    ,(#3652,#3653)
    ,(#3654,#3655
    )),.UNSPECIFIED.,.F.,.F.,.F.,(4,4),(2,2),(4.,5.),(0.,1.),
  .PIECEWISE_BEZIER_KNOTS.);
#3648 = CARTESIAN_POINT('',(-0.405,0.347434904776,0.358461002692));
#3649 = CARTESIAN_POINT('',(-0.395,0.347434904776,0.358461002692));
#3650 = CARTESIAN_POINT('',(-0.405,0.347434904776,0.364380691095));
#3651 = CARTESIAN_POINT('',(-0.395,0.347434904776,0.364380691095));
#3652 = CARTESIAN_POINT('',(-0.405,0.349169567566,0.368844718416));
#3653 = CARTESIAN_POINT('',(-0.395,0.349169567566,0.368844718416));
#3654 = CARTESIAN_POINT('',(-0.405,0.352638893147,0.371828823636));
#3655 = CARTESIAN_POINT('',(-0.395,0.352638893147,0.371828823636));
#3656 = ADVANCED_FACE('',(#3657),#3669,.T.);
#3657 = FACE_BOUND('',#3658,.T.);
#3658 = EDGE_LOOP('',(#3659,#3666,#3667,#3668));
#3659 = ORIENTED_EDGE('',*,*,#3660,.F.);
#3660 = EDGE_CURVE('',#3633,#3505,#3661,.T.);
#3661 = B_SPLINE_CURVE_WITH_KNOTS('',3,(#3662,#3663,#3664,#3665),
  .UNSPECIFIED.,.F.,.F.,(4,4),(5.,6.),.PIECEWISE_BEZIER_KNOTS.);
#3662 = CARTESIAN_POINT('',(-0.395,0.352638893147,0.371828823636));
#3663 = CARTESIAN_POINT('',(-0.395,0.356108218728,0.374812928856));
#3664 = CARTESIAN_POINT('',(-0.395,0.36068142063,0.376292850957));
#3665 = CARTESIAN_POINT('',(-0.395,0.366334237835,0.376292850957));
#3666 = ORIENTED_EDGE('',*,*,#3643,.F.);
#3667 = ORIENTED_EDGE('',*,*,#3327,.T.);
#3668 = ORIENTED_EDGE('',*,*,#3513,.T.);
#3669 = B_SPLINE_SURFACE_WITH_KNOTS('',3,1,(
    (#3670,#3671)
    ,(#3672,#3673)
    ,(#3674,#3675)
    ,(#3676,#3677
    )),.UNSPECIFIED.,.F.,.F.,.F.,(4,4),(2,2),(5.,6.),(0.,1.),
  .PIECEWISE_BEZIER_KNOTS.);
#3670 = CARTESIAN_POINT('',(-0.405,0.352638893147,0.371828823636));
#3671 = CARTESIAN_POINT('',(-0.395,0.352638893147,0.371828823636));
#3672 = CARTESIAN_POINT('',(-0.405,0.356108218728,0.374812928856));
#3673 = CARTESIAN_POINT('',(-0.395,0.356108218728,0.374812928856));
#3674 = CARTESIAN_POINT('',(-0.405,0.36068142063,0.376292850957));
#3675 = CARTESIAN_POINT('',(-0.395,0.36068142063,0.376292850957));
#3676 = CARTESIAN_POINT('',(-0.405,0.366334237835,0.376292850957));
#3677 = CARTESIAN_POINT('',(-0.395,0.366334237835,0.376292850957));
#3678 = ADVANCED_FACE('',(#3679),#3688,.F.);
#3679 = FACE_BOUND('',#3680,.T.);
#3680 = EDGE_LOOP('',(#3681,#3682,#3683,#3684,#3685,#3686,#3687));
#3681 = ORIENTED_EDGE('',*,*,#3660,.T.);
#3682 = ORIENTED_EDGE('',*,*,#3504,.T.);
#3683 = ORIENTED_EDGE('',*,*,#3532,.T.);
#3684 = ORIENTED_EDGE('',*,*,#3554,.T.);
#3685 = ORIENTED_EDGE('',*,*,#3576,.T.);
#3686 = ORIENTED_EDGE('',*,*,#3604,.T.);
#3687 = ORIENTED_EDGE('',*,*,#3632,.T.);
#3688 = B_SPLINE_SURFACE_WITH_KNOTS('',1,1,(
    (#3689,#3690)
    ,(#3691,#3692
    )),.UNSPECIFIED.,.F.,.F.,.F.,(2,2),(2,2),(-0.452565095224,
    -0.426496631332),(-0.100292864259,-6.370724904347E-02),
  .PIECEWISE_BEZIER_KNOTS.);
#3689 = CARTESIAN_POINT('',(-0.395,0.347434904776,0.339707235741));
#3690 = CARTESIAN_POINT('',(-0.395,0.347434904776,0.376292850957));
#3691 = CARTESIAN_POINT('',(-0.395,0.373503368668,0.339707235741));
#3692 = CARTESIAN_POINT('',(-0.395,0.373503368668,0.376292850957));
#3693 = ADVANCED_FACE('',(#3694,#3752),#3800,.F.);
#3694 = FACE_BOUND('',#3695,.T.);
#3695 = EDGE_LOOP('',(#3696,#3705,#3712,#3719,#3726,#3733,#3740,#3747));
#3696 = ORIENTED_EDGE('',*,*,#3697,.T.);
#3697 = EDGE_CURVE('',#3698,#3700,#3702,.T.);
#3698 = VERTEX_POINT('',#3699);
#3699 = CARTESIAN_POINT('',(-0.405,0.295661892263,0.334297028716));
#3700 = VERTEX_POINT('',#3701);
#3701 = CARTESIAN_POINT('',(-0.405,0.313736350708,0.381751580017));
#3702 = B_SPLINE_CURVE_WITH_KNOTS('',1,(#3703,#3704),.UNSPECIFIED.,.F.,
  .F.,(2,2),(-5.078011901562E-02,0.),.PIECEWISE_BEZIER_KNOTS.);
#3703 = CARTESIAN_POINT('',(-0.405,0.295661892263,0.334297028716));
#3704 = CARTESIAN_POINT('',(-0.405,0.313736350708,0.381751580017));
#3705 = ORIENTED_EDGE('',*,*,#3706,.T.);
#3706 = EDGE_CURVE('',#3700,#3707,#3709,.T.);
#3707 = VERTEX_POINT('',#3708);
#3708 = CARTESIAN_POINT('',(-0.405,0.320286825581,0.381751580017));
#3709 = B_SPLINE_CURVE_WITH_KNOTS('',1,(#3710,#3711),.UNSPECIFIED.,.F.,
  .F.,(2,2),(-6.550474872772E-03,0.),.PIECEWISE_BEZIER_KNOTS.);
#3710 = CARTESIAN_POINT('',(-0.405,0.313736350708,0.381751580017));
#3711 = CARTESIAN_POINT('',(-0.405,0.320286825581,0.381751580017));
#3712 = ORIENTED_EDGE('',*,*,#3713,.T.);
#3713 = EDGE_CURVE('',#3707,#3714,#3716,.T.);
#3714 = VERTEX_POINT('',#3715);
#3715 = CARTESIAN_POINT('',(-0.405,0.338361284026,0.334297028716));
#3716 = B_SPLINE_CURVE_WITH_KNOTS('',1,(#3717,#3718),.UNSPECIFIED.,.F.,
  .F.,(2,2),(-5.07801190155E-02,0.),.PIECEWISE_BEZIER_KNOTS.);
#3717 = CARTESIAN_POINT('',(-0.405,0.320286825581,0.381751580017));
#3718 = CARTESIAN_POINT('',(-0.405,0.338361284026,0.334297028716));
#3719 = ORIENTED_EDGE('',*,*,#3720,.T.);
#3720 = EDGE_CURVE('',#3714,#3721,#3723,.T.);
#3721 = VERTEX_POINT('',#3722);
#3722 = CARTESIAN_POINT('',(-0.405,0.331592459991,0.334297028716));
#3723 = B_SPLINE_CURVE_WITH_KNOTS('',1,(#3724,#3725),.UNSPECIFIED.,.F.,
  .F.,(2,2),(-6.768824034949E-03,0.),.PIECEWISE_BEZIER_KNOTS.);
#3724 = CARTESIAN_POINT('',(-0.405,0.338361284026,0.334297028716));
#3725 = CARTESIAN_POINT('',(-0.405,0.331592459991,0.334297028716));
#3726 = ORIENTED_EDGE('',*,*,#3727,.T.);
#3727 = EDGE_CURVE('',#3721,#3728,#3730,.T.);
#3728 = VERTEX_POINT('',#3729);
#3729 = CARTESIAN_POINT('',(-0.405,0.327031388598,0.347276673372));
#3730 = B_SPLINE_CURVE_WITH_KNOTS('',1,(#3731,#3732),.UNSPECIFIED.,.F.,
  .F.,(2,2),(-1.375770866215E-02,0.),.PIECEWISE_BEZIER_KNOTS.);
#3731 = CARTESIAN_POINT('',(-0.405,0.331592459991,0.334297028716));
#3732 = CARTESIAN_POINT('',(-0.405,0.327031388598,0.347276673372));
#3733 = ORIENTED_EDGE('',*,*,#3734,.T.);
#3734 = EDGE_CURVE('',#3728,#3735,#3737,.T.);
#3735 = VERTEX_POINT('',#3736);
#3736 = CARTESIAN_POINT('',(-0.405,0.307270789398,0.347276673372));
#3737 = B_SPLINE_CURVE_WITH_KNOTS('',1,(#3738,#3739),.UNSPECIFIED.,.F.,
  .F.,(2,2),(-1.976059919973E-02,0.),.PIECEWISE_BEZIER_KNOTS.);
#3738 = CARTESIAN_POINT('',(-0.405,0.327031388598,0.347276673372));
#3739 = CARTESIAN_POINT('',(-0.405,0.307270789398,0.347276673372));
#3740 = ORIENTED_EDGE('',*,*,#3741,.T.);
#3741 = EDGE_CURVE('',#3735,#3742,#3744,.T.);
#3742 = VERTEX_POINT('',#3743);
#3743 = CARTESIAN_POINT('',(-0.405,0.302430716298,0.334297028716));
#3744 = B_SPLINE_CURVE_WITH_KNOTS('',1,(#3745,#3746),.UNSPECIFIED.,.F.,
  .F.,(2,2),(-1.385270670299E-02,-0.),.PIECEWISE_BEZIER_KNOTS.);
#3745 = CARTESIAN_POINT('',(-0.405,0.307270789398,0.347276673372));
#3746 = CARTESIAN_POINT('',(-0.405,0.302430716298,0.334297028716));
#3747 = ORIENTED_EDGE('',*,*,#3748,.T.);
#3748 = EDGE_CURVE('',#3742,#3698,#3749,.T.);
#3749 = B_SPLINE_CURVE_WITH_KNOTS('',1,(#3750,#3751),.UNSPECIFIED.,.F.,
  .F.,(2,2),(-6.768824035272E-03,-0.),.PIECEWISE_BEZIER_KNOTS.);
#3750 = CARTESIAN_POINT('',(-0.405,0.302430716298,0.334297028716));
#3751 = CARTESIAN_POINT('',(-0.405,0.295661892263,0.334297028716));
#3752 = FACE_BOUND('',#3753,.T.);
#3753 = EDGE_LOOP('',(#3754,#3763,#3770,#3779,#3786,#3795));
#3754 = ORIENTED_EDGE('',*,*,#3755,.F.);
#3755 = EDGE_CURVE('',#3756,#3758,#3760,.T.);
#3756 = VERTEX_POINT('',#3757);
#3757 = CARTESIAN_POINT('',(-0.405,0.325090507154,0.35263835836));
#3758 = VERTEX_POINT('',#3759);
#3759 = CARTESIAN_POINT('',(-0.405,0.309163148806,0.35263835836));
#3760 = B_SPLINE_CURVE_WITH_KNOTS('',1,(#3761,#3762),.UNSPECIFIED.,.F.,
  .F.,(2,2),(0.,1.592735834808E-02),.PIECEWISE_BEZIER_KNOTS.);
#3761 = CARTESIAN_POINT('',(-0.405,0.325090507154,0.35263835836));
#3762 = CARTESIAN_POINT('',(-0.405,0.309163148806,0.35263835836));
#3763 = ORIENTED_EDGE('',*,*,#3764,.F.);
#3764 = EDGE_CURVE('',#3765,#3756,#3767,.T.);
#3765 = VERTEX_POINT('',#3766);
#3766 = CARTESIAN_POINT('',(-0.405,0.317994159375,0.372362566033));
#3767 = B_SPLINE_CURVE_WITH_KNOTS('',1,(#3768,#3769),.UNSPECIFIED.,.F.,
  .F.,(2,2),(-1.879246948689E-17,2.096193025705E-02),
  .PIECEWISE_BEZIER_KNOTS.);
#3768 = CARTESIAN_POINT('',(-0.405,0.317994159375,0.372362566033));
#3769 = CARTESIAN_POINT('',(-0.405,0.325090507154,0.35263835836));
#3770 = ORIENTED_EDGE('',*,*,#3771,.F.);
#3771 = EDGE_CURVE('',#3772,#3765,#3774,.T.);
#3772 = VERTEX_POINT('',#3773);
#3773 = CARTESIAN_POINT('',(-0.405,0.317217806798,0.375686325505));
#3774 = B_SPLINE_CURVE_WITH_KNOTS('',3,(#3775,#3776,#3777,#3778),
  .UNSPECIFIED.,.F.,.F.,(4,4),(3.,4.),.PIECEWISE_BEZIER_KNOTS.);
#3775 = CARTESIAN_POINT('',(-0.405,0.317217806798,0.375686325505));
#3776 = CARTESIAN_POINT('',(-0.405,0.317448286469,0.374254925441));
#3777 = CARTESIAN_POINT('',(-0.405,0.317703027159,0.37313891861));
#3778 = CARTESIAN_POINT('',(-0.405,0.317994159375,0.372362566033));
#3779 = ORIENTED_EDGE('',*,*,#3780,.F.);
#3780 = EDGE_CURVE('',#3781,#3772,#3783,.T.);
#3781 = VERTEX_POINT('',#3782);
#3782 = CARTESIAN_POINT('',(-0.405,0.31707224069,0.375686325505));
#3783 = B_SPLINE_CURVE_WITH_KNOTS('',1,(#3784,#3785),.UNSPECIFIED.,.F.,
  .F.,(2,2),(5.551115123126E-17,1.455661081186E-04),
  .PIECEWISE_BEZIER_KNOTS.);
#3784 = CARTESIAN_POINT('',(-0.405,0.31707224069,0.375686325505));
#3785 = CARTESIAN_POINT('',(-0.405,0.317217806798,0.375686325505));
#3786 = ORIENTED_EDGE('',*,*,#3787,.F.);
#3787 = EDGE_CURVE('',#3788,#3781,#3790,.T.);
#3788 = VERTEX_POINT('',#3789);
#3789 = CARTESIAN_POINT('',(-0.405,0.316332279639,0.372362566033));
#3790 = B_SPLINE_CURVE_WITH_KNOTS('',3,(#3791,#3792,#3793,#3794),
  .UNSPECIFIED.,.F.,.F.,(4,4),(1.,2.),.PIECEWISE_BEZIER_KNOTS.);
#3791 = CARTESIAN_POINT('',(-0.405,0.316332279639,0.372362566033));
#3792 = CARTESIAN_POINT('',(-0.405,0.316562759311,0.37301761352));
#3793 = CARTESIAN_POINT('',(-0.405,0.316805369491,0.374109359332));
#3794 = CARTESIAN_POINT('',(-0.405,0.31707224069,0.375686325505));
#3795 = ORIENTED_EDGE('',*,*,#3796,.F.);
#3796 = EDGE_CURVE('',#3758,#3788,#3797,.T.);
#3797 = B_SPLINE_CURVE_WITH_KNOTS('',1,(#3798,#3799),.UNSPECIFIED.,.F.,
  .F.,(2,2),(0.,2.098668161484E-02),.PIECEWISE_BEZIER_KNOTS.);
#3798 = CARTESIAN_POINT('',(-0.405,0.309163148806,0.35263835836));
#3799 = CARTESIAN_POINT('',(-0.405,0.316332279639,0.372362566033));
#3800 = B_SPLINE_SURFACE_WITH_KNOTS('',1,1,(
    (#3801,#3802)
    ,(#3803,#3804
    )),.UNSPECIFIED.,.F.,.F.,.F.,(2,2),(2,2),(-0.371751480017,
    -0.324296928716),(0.295661892263,0.338361284026),
  .PIECEWISE_BEZIER_KNOTS.);
#3801 = CARTESIAN_POINT('',(-0.405,0.295661892263,0.381751580017));
#3802 = CARTESIAN_POINT('',(-0.405,0.338361284026,0.381751580017));
#3803 = CARTESIAN_POINT('',(-0.405,0.295661892263,0.334297028716));
#3804 = CARTESIAN_POINT('',(-0.405,0.338361284026,0.334297028716));
#3805 = ADVANCED_FACE('',(#3806),#3820,.F.);
#3806 = FACE_BOUND('',#3807,.T.);
#3807 = EDGE_LOOP('',(#3808,#3809,#3814,#3815));
#3808 = ORIENTED_EDGE('',*,*,#1577,.T.);
#3809 = ORIENTED_EDGE('',*,*,#3810,.F.);
#3810 = EDGE_CURVE('',#3700,#1580,#3811,.T.);
#3811 = B_SPLINE_CURVE_WITH_KNOTS('',1,(#3812,#3813),.UNSPECIFIED.,.F.,
  .F.,(2,2),(0.,1.E-02),.PIECEWISE_BEZIER_KNOTS.);
#3812 = CARTESIAN_POINT('',(-0.405,0.313736350708,0.381751580017));
#3813 = CARTESIAN_POINT('',(-0.395,0.313736350708,0.381751580017));
#3814 = ORIENTED_EDGE('',*,*,#3697,.F.);
#3815 = ORIENTED_EDGE('',*,*,#3816,.T.);
#3816 = EDGE_CURVE('',#3698,#1578,#3817,.T.);
#3817 = B_SPLINE_CURVE_WITH_KNOTS('',1,(#3818,#3819),.UNSPECIFIED.,.F.,
  .F.,(2,2),(0.,1.E-02),.PIECEWISE_BEZIER_KNOTS.);
#3818 = CARTESIAN_POINT('',(-0.405,0.295661892263,0.334297028716));
#3819 = CARTESIAN_POINT('',(-0.395,0.295661892263,0.334297028716));
#3820 = B_SPLINE_SURFACE_WITH_KNOTS('',1,1,(
    (#3821,#3822)
    ,(#3823,#3824
    )),.UNSPECIFIED.,.F.,.F.,.F.,(2,2),(2,2),(-5.078011901562E-02,
    6.029785712922E-19),(0.,1.E-02),.PIECEWISE_BEZIER_KNOTS.);
#3821 = CARTESIAN_POINT('',(-0.405,0.295661892263,0.334297028716));
#3822 = CARTESIAN_POINT('',(-0.395,0.295661892263,0.334297028716));
#3823 = CARTESIAN_POINT('',(-0.405,0.313736350708,0.381751580017));
#3824 = CARTESIAN_POINT('',(-0.395,0.313736350708,0.381751580017));
#3825 = ADVANCED_FACE('',(#3826),#3836,.F.);
#3826 = FACE_BOUND('',#3827,.T.);
#3827 = EDGE_LOOP('',(#3828,#3829,#3834,#3835));
#3828 = ORIENTED_EDGE('',*,*,#1628,.T.);
#3829 = ORIENTED_EDGE('',*,*,#3830,.F.);
#3830 = EDGE_CURVE('',#3707,#1622,#3831,.T.);
#3831 = B_SPLINE_CURVE_WITH_KNOTS('',1,(#3832,#3833),.UNSPECIFIED.,.F.,
  .F.,(2,2),(0.,1.E-02),.PIECEWISE_BEZIER_KNOTS.);
#3832 = CARTESIAN_POINT('',(-0.405,0.320286825581,0.381751580017));
#3833 = CARTESIAN_POINT('',(-0.395,0.320286825581,0.381751580017));
#3834 = ORIENTED_EDGE('',*,*,#3706,.F.);
#3835 = ORIENTED_EDGE('',*,*,#3810,.T.);
#3836 = B_SPLINE_SURFACE_WITH_KNOTS('',1,1,(
    (#3837,#3838)
    ,(#3839,#3840
    )),.UNSPECIFIED.,.F.,.F.,.F.,(2,2),(2,2),(-6.550474872772E-03,
    1.694065894509E-18),(0.,1.E-02),.PIECEWISE_BEZIER_KNOTS.);
#3837 = CARTESIAN_POINT('',(-0.405,0.313736350708,0.381751580017));
#3838 = CARTESIAN_POINT('',(-0.395,0.313736350708,0.381751580017));
#3839 = CARTESIAN_POINT('',(-0.405,0.320286825581,0.381751580017));
#3840 = CARTESIAN_POINT('',(-0.395,0.320286825581,0.381751580017));
#3841 = ADVANCED_FACE('',(#3842),#3852,.F.);
#3842 = FACE_BOUND('',#3843,.T.);
#3843 = EDGE_LOOP('',(#3844,#3845,#3850,#3851));
#3844 = ORIENTED_EDGE('',*,*,#1621,.T.);
#3845 = ORIENTED_EDGE('',*,*,#3846,.F.);
#3846 = EDGE_CURVE('',#3714,#1615,#3847,.T.);
#3847 = B_SPLINE_CURVE_WITH_KNOTS('',1,(#3848,#3849),.UNSPECIFIED.,.F.,
  .F.,(2,2),(0.,1.E-02),.PIECEWISE_BEZIER_KNOTS.);
#3848 = CARTESIAN_POINT('',(-0.405,0.338361284026,0.334297028716));
#3849 = CARTESIAN_POINT('',(-0.395,0.338361284026,0.334297028716));
#3850 = ORIENTED_EDGE('',*,*,#3713,.F.);
#3851 = ORIENTED_EDGE('',*,*,#3830,.T.);
#3852 = B_SPLINE_SURFACE_WITH_KNOTS('',1,1,(
    (#3853,#3854)
    ,(#3855,#3856
    )),.UNSPECIFIED.,.F.,.F.,.F.,(2,2),(2,2),(-5.07801190155E-02,
    6.029785712828E-19),(-3.466673899897E-33,1.E-02),
  .PIECEWISE_BEZIER_KNOTS.);
#3853 = CARTESIAN_POINT('',(-0.405,0.320286825581,0.381751580017));
#3854 = CARTESIAN_POINT('',(-0.395,0.320286825581,0.381751580017));
#3855 = CARTESIAN_POINT('',(-0.405,0.338361284026,0.334297028716));
#3856 = CARTESIAN_POINT('',(-0.395,0.338361284026,0.334297028716));
#3857 = ADVANCED_FACE('',(#3858),#3868,.F.);
#3858 = FACE_BOUND('',#3859,.T.);
#3859 = EDGE_LOOP('',(#3860,#3861,#3866,#3867));
#3860 = ORIENTED_EDGE('',*,*,#1614,.T.);
#3861 = ORIENTED_EDGE('',*,*,#3862,.F.);
#3862 = EDGE_CURVE('',#3721,#1608,#3863,.T.);
#3863 = B_SPLINE_CURVE_WITH_KNOTS('',1,(#3864,#3865),.UNSPECIFIED.,.F.,
  .F.,(2,2),(0.,1.E-02),.PIECEWISE_BEZIER_KNOTS.);
#3864 = CARTESIAN_POINT('',(-0.405,0.331592459991,0.334297028716));
#3865 = CARTESIAN_POINT('',(-0.395,0.331592459991,0.334297028716));
#3866 = ORIENTED_EDGE('',*,*,#3720,.F.);
#3867 = ORIENTED_EDGE('',*,*,#3846,.T.);
#3868 = B_SPLINE_SURFACE_WITH_KNOTS('',1,1,(
    (#3869,#3870)
    ,(#3871,#3872
    )),.UNSPECIFIED.,.F.,.F.,.F.,(2,2),(2,2),(-6.768824034949E-03,
    5.551115123126E-17),(-7.06071794557E-48,1.E-02),
  .PIECEWISE_BEZIER_KNOTS.);
#3869 = CARTESIAN_POINT('',(-0.405,0.338361284026,0.334297028716));
#3870 = CARTESIAN_POINT('',(-0.395,0.338361284026,0.334297028716));
#3871 = CARTESIAN_POINT('',(-0.405,0.331592459991,0.334297028716));
#3872 = CARTESIAN_POINT('',(-0.395,0.331592459991,0.334297028716));
#3873 = ADVANCED_FACE('',(#3874),#3884,.F.);
#3874 = FACE_BOUND('',#3875,.T.);
#3875 = EDGE_LOOP('',(#3876,#3877,#3882,#3883));
#3876 = ORIENTED_EDGE('',*,*,#1607,.T.);
#3877 = ORIENTED_EDGE('',*,*,#3878,.F.);
#3878 = EDGE_CURVE('',#3728,#1601,#3879,.T.);
#3879 = B_SPLINE_CURVE_WITH_KNOTS('',1,(#3880,#3881),.UNSPECIFIED.,.F.,
  .F.,(2,2),(0.,1.E-02),.PIECEWISE_BEZIER_KNOTS.);
#3880 = CARTESIAN_POINT('',(-0.405,0.327031388598,0.347276673372));
#3881 = CARTESIAN_POINT('',(-0.395,0.327031388598,0.347276673372));
#3882 = ORIENTED_EDGE('',*,*,#3727,.F.);
#3883 = ORIENTED_EDGE('',*,*,#3862,.T.);
#3884 = B_SPLINE_SURFACE_WITH_KNOTS('',1,1,(
    (#3885,#3886)
    ,(#3887,#3888
    )),.UNSPECIFIED.,.F.,.F.,.F.,(2,2),(2,2),(-1.375770866215E-02,0.),(
    0.,1.E-02),.PIECEWISE_BEZIER_KNOTS.);
#3885 = CARTESIAN_POINT('',(-0.405,0.331592459991,0.334297028716));
#3886 = CARTESIAN_POINT('',(-0.395,0.331592459991,0.334297028716));
#3887 = CARTESIAN_POINT('',(-0.405,0.327031388598,0.347276673372));
#3888 = CARTESIAN_POINT('',(-0.395,0.327031388598,0.347276673372));
#3889 = ADVANCED_FACE('',(#3890),#3900,.F.);
#3890 = FACE_BOUND('',#3891,.T.);
#3891 = EDGE_LOOP('',(#3892,#3893,#3898,#3899));
#3892 = ORIENTED_EDGE('',*,*,#1600,.T.);
#3893 = ORIENTED_EDGE('',*,*,#3894,.F.);
#3894 = EDGE_CURVE('',#3735,#1594,#3895,.T.);
#3895 = B_SPLINE_CURVE_WITH_KNOTS('',1,(#3896,#3897),.UNSPECIFIED.,.F.,
  .F.,(2,2),(0.,1.E-02),.PIECEWISE_BEZIER_KNOTS.);
#3896 = CARTESIAN_POINT('',(-0.405,0.307270789398,0.347276673372));
#3897 = CARTESIAN_POINT('',(-0.395,0.307270789398,0.347276673372));
#3898 = ORIENTED_EDGE('',*,*,#3734,.F.);
#3899 = ORIENTED_EDGE('',*,*,#3878,.T.);
#3900 = B_SPLINE_SURFACE_WITH_KNOTS('',1,1,(
    (#3901,#3902)
    ,(#3903,#3904
    )),.UNSPECIFIED.,.F.,.F.,.F.,(2,2),(2,2),(-1.976059919973E-02,0.),(
    -9.674353869723E-48,1.E-02),.PIECEWISE_BEZIER_KNOTS.);
#3901 = CARTESIAN_POINT('',(-0.405,0.327031388598,0.347276673372));
#3902 = CARTESIAN_POINT('',(-0.395,0.327031388598,0.347276673372));
#3903 = CARTESIAN_POINT('',(-0.405,0.307270789398,0.347276673372));
#3904 = CARTESIAN_POINT('',(-0.395,0.307270789398,0.347276673372));
#3905 = ADVANCED_FACE('',(#3906),#3916,.F.);
#3906 = FACE_BOUND('',#3907,.T.);
#3907 = EDGE_LOOP('',(#3908,#3909,#3914,#3915));
#3908 = ORIENTED_EDGE('',*,*,#1593,.T.);
#3909 = ORIENTED_EDGE('',*,*,#3910,.F.);
#3910 = EDGE_CURVE('',#3742,#1587,#3911,.T.);
#3911 = B_SPLINE_CURVE_WITH_KNOTS('',1,(#3912,#3913),.UNSPECIFIED.,.F.,
  .F.,(2,2),(0.,1.E-02),.PIECEWISE_BEZIER_KNOTS.);
#3912 = CARTESIAN_POINT('',(-0.405,0.302430716298,0.334297028716));
#3913 = CARTESIAN_POINT('',(-0.395,0.302430716298,0.334297028716));
#3914 = ORIENTED_EDGE('',*,*,#3741,.F.);
#3915 = ORIENTED_EDGE('',*,*,#3894,.T.);
#3916 = B_SPLINE_SURFACE_WITH_KNOTS('',1,1,(
    (#3917,#3918)
    ,(#3919,#3920
    )),.UNSPECIFIED.,.F.,.F.,.F.,(2,2),(2,2),(-1.385270670299E-02,
    1.939534530033E-17),(-1.707477929607E-34,1.E-02),
  .PIECEWISE_BEZIER_KNOTS.);
#3917 = CARTESIAN_POINT('',(-0.405,0.307270789398,0.347276673372));
#3918 = CARTESIAN_POINT('',(-0.395,0.307270789398,0.347276673372));
#3919 = CARTESIAN_POINT('',(-0.405,0.302430716298,0.334297028716));
#3920 = CARTESIAN_POINT('',(-0.395,0.302430716298,0.334297028716));
#3921 = ADVANCED_FACE('',(#3922),#3928,.F.);
#3922 = FACE_BOUND('',#3923,.T.);
#3923 = EDGE_LOOP('',(#3924,#3925,#3926,#3927));
#3924 = ORIENTED_EDGE('',*,*,#1586,.T.);
#3925 = ORIENTED_EDGE('',*,*,#3816,.F.);
#3926 = ORIENTED_EDGE('',*,*,#3748,.F.);
#3927 = ORIENTED_EDGE('',*,*,#3910,.T.);
#3928 = B_SPLINE_SURFACE_WITH_KNOTS('',1,1,(
    (#3929,#3930)
    ,(#3931,#3932
    )),.UNSPECIFIED.,.F.,.F.,.F.,(2,2),(2,2),(0.,1.E-02),(0.,
    6.768824035272E-03),.PIECEWISE_BEZIER_KNOTS.);
#3929 = CARTESIAN_POINT('',(-0.405,0.295661892263,0.334297028716));
#3930 = CARTESIAN_POINT('',(-0.405,0.302430716298,0.334297028716));
#3931 = CARTESIAN_POINT('',(-0.395,0.295661892263,0.334297028716));
#3932 = CARTESIAN_POINT('',(-0.395,0.302430716298,0.334297028716));
#3933 = ADVANCED_FACE('',(#3934),#3956,.T.);
#3934 = FACE_BOUND('',#3935,.T.);
#3935 = EDGE_LOOP('',(#3936,#3945,#3950,#3951));
#3936 = ORIENTED_EDGE('',*,*,#3937,.F.);
#3937 = EDGE_CURVE('',#3938,#3940,#3942,.T.);
#3938 = VERTEX_POINT('',#3939);
#3939 = CARTESIAN_POINT('',(-0.395,0.325090507154,0.35263835836));
#3940 = VERTEX_POINT('',#3941);
#3941 = CARTESIAN_POINT('',(-0.395,0.309163148806,0.35263835836));
#3942 = B_SPLINE_CURVE_WITH_KNOTS('',1,(#3943,#3944),.UNSPECIFIED.,.F.,
  .F.,(2,2),(0.,1.592735834808E-02),.PIECEWISE_BEZIER_KNOTS.);
#3943 = CARTESIAN_POINT('',(-0.395,0.325090507154,0.35263835836));
#3944 = CARTESIAN_POINT('',(-0.395,0.309163148806,0.35263835836));
#3945 = ORIENTED_EDGE('',*,*,#3946,.F.);
#3946 = EDGE_CURVE('',#3756,#3938,#3947,.T.);
#3947 = B_SPLINE_CURVE_WITH_KNOTS('',1,(#3948,#3949),.UNSPECIFIED.,.F.,
  .F.,(2,2),(0.,1.E-02),.PIECEWISE_BEZIER_KNOTS.);
#3948 = CARTESIAN_POINT('',(-0.405,0.325090507154,0.35263835836));
#3949 = CARTESIAN_POINT('',(-0.395,0.325090507154,0.35263835836));
#3950 = ORIENTED_EDGE('',*,*,#3755,.T.);
#3951 = ORIENTED_EDGE('',*,*,#3952,.T.);
#3952 = EDGE_CURVE('',#3758,#3940,#3953,.T.);
#3953 = B_SPLINE_CURVE_WITH_KNOTS('',1,(#3954,#3955),.UNSPECIFIED.,.F.,
  .F.,(2,2),(0.,1.E-02),.PIECEWISE_BEZIER_KNOTS.);
#3954 = CARTESIAN_POINT('',(-0.405,0.309163148806,0.35263835836));
#3955 = CARTESIAN_POINT('',(-0.395,0.309163148806,0.35263835836));
#3956 = B_SPLINE_SURFACE_WITH_KNOTS('',1,1,(
    (#3957,#3958)
    ,(#3959,#3960
    )),.UNSPECIFIED.,.F.,.F.,.F.,(2,2),(2,2),(-1.694065894509E-18,
    1.592735834808E-02),(-7.929295546885E-62,1.E-02),
  .PIECEWISE_BEZIER_KNOTS.);
#3957 = CARTESIAN_POINT('',(-0.405,0.325090507154,0.35263835836));
#3958 = CARTESIAN_POINT('',(-0.395,0.325090507154,0.35263835836));
#3959 = CARTESIAN_POINT('',(-0.405,0.309163148806,0.35263835836));
#3960 = CARTESIAN_POINT('',(-0.395,0.309163148806,0.35263835836));
#3961 = ADVANCED_FACE('',(#3962),#3978,.T.);
#3962 = FACE_BOUND('',#3963,.T.);
#3963 = EDGE_LOOP('',(#3964,#3971,#3972,#3973));
#3964 = ORIENTED_EDGE('',*,*,#3965,.F.);
#3965 = EDGE_CURVE('',#3940,#3966,#3968,.T.);
#3966 = VERTEX_POINT('',#3967);
#3967 = CARTESIAN_POINT('',(-0.395,0.316332279639,0.372362566033));
#3968 = B_SPLINE_CURVE_WITH_KNOTS('',1,(#3969,#3970),.UNSPECIFIED.,.F.,
  .F.,(2,2),(0.,2.098668161484E-02),.PIECEWISE_BEZIER_KNOTS.);
#3969 = CARTESIAN_POINT('',(-0.395,0.309163148806,0.35263835836));
#3970 = CARTESIAN_POINT('',(-0.395,0.316332279639,0.372362566033));
#3971 = ORIENTED_EDGE('',*,*,#3952,.F.);
#3972 = ORIENTED_EDGE('',*,*,#3796,.T.);
#3973 = ORIENTED_EDGE('',*,*,#3974,.T.);
#3974 = EDGE_CURVE('',#3788,#3966,#3975,.T.);
#3975 = B_SPLINE_CURVE_WITH_KNOTS('',1,(#3976,#3977),.UNSPECIFIED.,.F.,
  .F.,(2,2),(0.,1.E-02),.PIECEWISE_BEZIER_KNOTS.);
#3976 = CARTESIAN_POINT('',(-0.405,0.316332279639,0.372362566033));
#3977 = CARTESIAN_POINT('',(-0.395,0.316332279639,0.372362566033));
#3978 = B_SPLINE_SURFACE_WITH_KNOTS('',1,1,(
    (#3979,#3980)
    ,(#3981,#3982
    )),.UNSPECIFIED.,.F.,.F.,.F.,(2,2),(2,2),(0.,2.098668161484E-02),(
    -3.851859888774E-34,1.E-02),.PIECEWISE_BEZIER_KNOTS.);
#3979 = CARTESIAN_POINT('',(-0.405,0.309163148806,0.35263835836));
#3980 = CARTESIAN_POINT('',(-0.395,0.309163148806,0.35263835836));
#3981 = CARTESIAN_POINT('',(-0.405,0.316332279639,0.372362566033));
#3982 = CARTESIAN_POINT('',(-0.395,0.316332279639,0.372362566033));
#3983 = ADVANCED_FACE('',(#3984),#4002,.T.);
#3984 = FACE_BOUND('',#3985,.T.);
#3985 = EDGE_LOOP('',(#3986,#3995,#3996,#3997));
#3986 = ORIENTED_EDGE('',*,*,#3987,.F.);
#3987 = EDGE_CURVE('',#3966,#3988,#3990,.T.);
#3988 = VERTEX_POINT('',#3989);
#3989 = CARTESIAN_POINT('',(-0.395,0.31707224069,0.375686325505));
#3990 = B_SPLINE_CURVE_WITH_KNOTS('',3,(#3991,#3992,#3993,#3994),
  .UNSPECIFIED.,.F.,.F.,(4,4),(1.,2.),.PIECEWISE_BEZIER_KNOTS.);
#3991 = CARTESIAN_POINT('',(-0.395,0.316332279639,0.372362566033));
#3992 = CARTESIAN_POINT('',(-0.395,0.316562759311,0.37301761352));
#3993 = CARTESIAN_POINT('',(-0.395,0.316805369491,0.374109359332));
#3994 = CARTESIAN_POINT('',(-0.395,0.31707224069,0.375686325505));
#3995 = ORIENTED_EDGE('',*,*,#3974,.F.);
#3996 = ORIENTED_EDGE('',*,*,#3787,.T.);
#3997 = ORIENTED_EDGE('',*,*,#3998,.T.);
#3998 = EDGE_CURVE('',#3781,#3988,#3999,.T.);
#3999 = B_SPLINE_CURVE_WITH_KNOTS('',1,(#4000,#4001),.UNSPECIFIED.,.F.,
  .F.,(2,2),(0.,1.E-02),.PIECEWISE_BEZIER_KNOTS.);
#4000 = CARTESIAN_POINT('',(-0.405,0.31707224069,0.375686325505));
#4001 = CARTESIAN_POINT('',(-0.395,0.31707224069,0.375686325505));
#4002 = B_SPLINE_SURFACE_WITH_KNOTS('',3,1,(
    (#4003,#4004)
    ,(#4005,#4006)
    ,(#4007,#4008)
    ,(#4009,#4010
    )),.UNSPECIFIED.,.F.,.F.,.F.,(4,4),(2,2),(1.,2.),(0.,1.),
  .PIECEWISE_BEZIER_KNOTS.);
#4003 = CARTESIAN_POINT('',(-0.405,0.316332279639,0.372362566033));
#4004 = CARTESIAN_POINT('',(-0.395,0.316332279639,0.372362566033));
#4005 = CARTESIAN_POINT('',(-0.405,0.316562759311,0.37301761352));
#4006 = CARTESIAN_POINT('',(-0.395,0.316562759311,0.37301761352));
#4007 = CARTESIAN_POINT('',(-0.405,0.316805369491,0.374109359332));
#4008 = CARTESIAN_POINT('',(-0.395,0.316805369491,0.374109359332));
#4009 = CARTESIAN_POINT('',(-0.405,0.31707224069,0.375686325505));
#4010 = CARTESIAN_POINT('',(-0.395,0.31707224069,0.375686325505));
#4011 = ADVANCED_FACE('',(#4012),#4028,.T.);
#4012 = FACE_BOUND('',#4013,.T.);
#4013 = EDGE_LOOP('',(#4014,#4021,#4022,#4023));
#4014 = ORIENTED_EDGE('',*,*,#4015,.F.);
#4015 = EDGE_CURVE('',#3988,#4016,#4018,.T.);
#4016 = VERTEX_POINT('',#4017);
#4017 = CARTESIAN_POINT('',(-0.395,0.317217806798,0.375686325505));
#4018 = B_SPLINE_CURVE_WITH_KNOTS('',1,(#4019,#4020),.UNSPECIFIED.,.F.,
  .F.,(2,2),(5.551115123126E-17,1.455661081186E-04),
  .PIECEWISE_BEZIER_KNOTS.);
#4019 = CARTESIAN_POINT('',(-0.395,0.31707224069,0.375686325505));
#4020 = CARTESIAN_POINT('',(-0.395,0.317217806798,0.375686325505));
#4021 = ORIENTED_EDGE('',*,*,#3998,.F.);
#4022 = ORIENTED_EDGE('',*,*,#3780,.T.);
#4023 = ORIENTED_EDGE('',*,*,#4024,.T.);
#4024 = EDGE_CURVE('',#3772,#4016,#4025,.T.);
#4025 = B_SPLINE_CURVE_WITH_KNOTS('',1,(#4026,#4027),.UNSPECIFIED.,.F.,
  .F.,(2,2),(0.,1.E-02),.PIECEWISE_BEZIER_KNOTS.);
#4026 = CARTESIAN_POINT('',(-0.405,0.317217806798,0.375686325505));
#4027 = CARTESIAN_POINT('',(-0.395,0.317217806798,0.375686325505));
#4028 = B_SPLINE_SURFACE_WITH_KNOTS('',1,1,(
    (#4029,#4030)
    ,(#4031,#4032)),.UNSPECIFIED.,.F.,.F.,.F.,(2,2),(2,2),(-1.E-02,0.),(
    5.551115123126E-17,1.455661081186E-04),.PIECEWISE_BEZIER_KNOTS.);
#4029 = CARTESIAN_POINT('',(-0.395,0.31707224069,0.375686325505));
#4030 = CARTESIAN_POINT('',(-0.395,0.317217806798,0.375686325505));
#4031 = CARTESIAN_POINT('',(-0.405,0.31707224069,0.375686325505));
#4032 = CARTESIAN_POINT('',(-0.405,0.317217806798,0.375686325505));
#4033 = ADVANCED_FACE('',(#4034),#4052,.T.);
#4034 = FACE_BOUND('',#4035,.T.);
#4035 = EDGE_LOOP('',(#4036,#4045,#4046,#4047));
#4036 = ORIENTED_EDGE('',*,*,#4037,.F.);
#4037 = EDGE_CURVE('',#4016,#4038,#4040,.T.);
#4038 = VERTEX_POINT('',#4039);
#4039 = CARTESIAN_POINT('',(-0.395,0.317994159375,0.372362566033));
#4040 = B_SPLINE_CURVE_WITH_KNOTS('',3,(#4041,#4042,#4043,#4044),
  .UNSPECIFIED.,.F.,.F.,(4,4),(3.,4.),.PIECEWISE_BEZIER_KNOTS.);
#4041 = CARTESIAN_POINT('',(-0.395,0.317217806798,0.375686325505));
#4042 = CARTESIAN_POINT('',(-0.395,0.317448286469,0.374254925441));
#4043 = CARTESIAN_POINT('',(-0.395,0.317703027159,0.37313891861));
#4044 = CARTESIAN_POINT('',(-0.395,0.317994159375,0.372362566033));
#4045 = ORIENTED_EDGE('',*,*,#4024,.F.);
#4046 = ORIENTED_EDGE('',*,*,#3771,.T.);
#4047 = ORIENTED_EDGE('',*,*,#4048,.T.);
#4048 = EDGE_CURVE('',#3765,#4038,#4049,.T.);
#4049 = B_SPLINE_CURVE_WITH_KNOTS('',1,(#4050,#4051),.UNSPECIFIED.,.F.,
  .F.,(2,2),(-1.880790961316E-32,1.E-02),.PIECEWISE_BEZIER_KNOTS.);
#4050 = CARTESIAN_POINT('',(-0.405,0.317994159375,0.372362566033));
#4051 = CARTESIAN_POINT('',(-0.395,0.317994159375,0.372362566033));
#4052 = B_SPLINE_SURFACE_WITH_KNOTS('',3,1,(
    (#4053,#4054)
    ,(#4055,#4056)
    ,(#4057,#4058)
    ,(#4059,#4060
    )),.UNSPECIFIED.,.F.,.F.,.F.,(4,4),(2,2),(3.,4.),(0.,1.),
  .PIECEWISE_BEZIER_KNOTS.);
#4053 = CARTESIAN_POINT('',(-0.405,0.317217806798,0.375686325505));
#4054 = CARTESIAN_POINT('',(-0.395,0.317217806798,0.375686325505));
#4055 = CARTESIAN_POINT('',(-0.405,0.317448286469,0.374254925441));
#4056 = CARTESIAN_POINT('',(-0.395,0.317448286469,0.374254925441));
#4057 = CARTESIAN_POINT('',(-0.405,0.317703027159,0.37313891861));
#4058 = CARTESIAN_POINT('',(-0.395,0.317703027159,0.37313891861));
#4059 = CARTESIAN_POINT('',(-0.405,0.317994159375,0.372362566033));
#4060 = CARTESIAN_POINT('',(-0.395,0.317994159375,0.372362566033));
#4061 = ADVANCED_FACE('',(#4062),#4072,.T.);
#4062 = FACE_BOUND('',#4063,.T.);
#4063 = EDGE_LOOP('',(#4064,#4069,#4070,#4071));
#4064 = ORIENTED_EDGE('',*,*,#4065,.F.);
#4065 = EDGE_CURVE('',#4038,#3938,#4066,.T.);
#4066 = B_SPLINE_CURVE_WITH_KNOTS('',1,(#4067,#4068),.UNSPECIFIED.,.F.,
  .F.,(2,2),(1.879246948689E-17,2.096193025705E-02),
  .PIECEWISE_BEZIER_KNOTS.);
#4067 = CARTESIAN_POINT('',(-0.395,0.317994159375,0.372362566033));
#4068 = CARTESIAN_POINT('',(-0.395,0.325090507154,0.35263835836));
#4069 = ORIENTED_EDGE('',*,*,#4048,.F.);
#4070 = ORIENTED_EDGE('',*,*,#3764,.T.);
#4071 = ORIENTED_EDGE('',*,*,#3946,.T.);
#4072 = B_SPLINE_SURFACE_WITH_KNOTS('',1,1,(
    (#4073,#4074)
    ,(#4075,#4076
    )),.UNSPECIFIED.,.F.,.F.,.F.,(2,2),(2,2),(-1.879246948689E-17,
    2.096193025705E-02),(-1.880790961316E-32,1.E-02),
  .PIECEWISE_BEZIER_KNOTS.);
#4073 = CARTESIAN_POINT('',(-0.405,0.317994159375,0.372362566033));
#4074 = CARTESIAN_POINT('',(-0.395,0.317994159375,0.372362566033));
#4075 = CARTESIAN_POINT('',(-0.405,0.325090507154,0.35263835836));
#4076 = CARTESIAN_POINT('',(-0.395,0.325090507154,0.35263835836));
#4077 = ADVANCED_FACE('',(#4078),#4086,.F.);
#4078 = FACE_BOUND('',#4079,.T.);
#4079 = EDGE_LOOP('',(#4080,#4081,#4082,#4083,#4084,#4085));
#4080 = ORIENTED_EDGE('',*,*,#4065,.T.);
#4081 = ORIENTED_EDGE('',*,*,#3937,.T.);
#4082 = ORIENTED_EDGE('',*,*,#3965,.T.);
#4083 = ORIENTED_EDGE('',*,*,#3987,.T.);
#4084 = ORIENTED_EDGE('',*,*,#4015,.T.);
#4085 = ORIENTED_EDGE('',*,*,#4037,.T.);
#4086 = B_SPLINE_SURFACE_WITH_KNOTS('',1,1,(
    (#4087,#4088)
    ,(#4089,#4090
    )),.UNSPECIFIED.,.F.,.F.,.F.,(2,2),(2,2),(-0.490836851194,
    -0.474909492846),(-8.736174163957E-02,-6.431377449461E-02),
  .PIECEWISE_BEZIER_KNOTS.);
#4087 = CARTESIAN_POINT('',(-0.395,0.309163148806,0.35263835836));
#4088 = CARTESIAN_POINT('',(-0.395,0.309163148806,0.375686325505));
#4089 = CARTESIAN_POINT('',(-0.395,0.325090507154,0.35263835836));
#4090 = CARTESIAN_POINT('',(-0.395,0.325090507154,0.375686325505));
#4091 = ADVANCED_FACE('',(#4092),#4114,.F.);
#4092 = FACE_BOUND('',#4093,.T.);
#4093 = EDGE_LOOP('',(#4094,#4095,#4102,#4109));
#4094 = ORIENTED_EDGE('',*,*,#1148,.T.);
#4095 = ORIENTED_EDGE('',*,*,#4096,.F.);
#4096 = EDGE_CURVE('',#4097,#1151,#4099,.T.);
#4097 = VERTEX_POINT('',#4098);
#4098 = CARTESIAN_POINT('',(-0.405,0.460588292949,0.26442529674));
#4099 = B_SPLINE_CURVE_WITH_KNOTS('',1,(#4100,#4101),.UNSPECIFIED.,.F.,
  .F.,(2,2),(0.,1.E-02),.PIECEWISE_BEZIER_KNOTS.);
#4100 = CARTESIAN_POINT('',(-0.405,0.460588292949,0.26442529674));
#4101 = CARTESIAN_POINT('',(-0.395,0.460588292949,0.26442529674));
#4102 = ORIENTED_EDGE('',*,*,#4103,.F.);
#4103 = EDGE_CURVE('',#4104,#4097,#4106,.T.);
#4104 = VERTEX_POINT('',#4105);
#4105 = CARTESIAN_POINT('',(-0.405,0.460588292949,0.259015089715));
#4106 = B_SPLINE_CURVE_WITH_KNOTS('',1,(#4107,#4108),.UNSPECIFIED.,.F.,
  .F.,(2,2),(-5.41020702455E-03,0.),.PIECEWISE_BEZIER_KNOTS.);
#4107 = CARTESIAN_POINT('',(-0.405,0.460588292949,0.259015089715));
#4108 = CARTESIAN_POINT('',(-0.405,0.460588292949,0.26442529674));
#4109 = ORIENTED_EDGE('',*,*,#4110,.T.);
#4110 = EDGE_CURVE('',#4104,#1149,#4111,.T.);
#4111 = B_SPLINE_CURVE_WITH_KNOTS('',1,(#4112,#4113),.UNSPECIFIED.,.F.,
  .F.,(2,2),(0.,1.E-02),.PIECEWISE_BEZIER_KNOTS.);
#4112 = CARTESIAN_POINT('',(-0.405,0.460588292949,0.259015089715));
#4113 = CARTESIAN_POINT('',(-0.395,0.460588292949,0.259015089715));
#4114 = B_SPLINE_SURFACE_WITH_KNOTS('',1,1,(
    (#4115,#4116)
    ,(#4117,#4118)),.UNSPECIFIED.,.F.,.F.,.F.,(2,2),(2,2),(-1.E-02,0.),(
    -5.41020702455E-03,0.),.PIECEWISE_BEZIER_KNOTS.);
#4115 = CARTESIAN_POINT('',(-0.395,0.460588292949,0.259015089715));
#4116 = CARTESIAN_POINT('',(-0.395,0.460588292949,0.26442529674));
#4117 = CARTESIAN_POINT('',(-0.405,0.460588292949,0.259015089715));
#4118 = CARTESIAN_POINT('',(-0.405,0.460588292949,0.26442529674));
#4119 = ADVANCED_FACE('',(#4120),#4136,.F.);
#4120 = FACE_BOUND('',#4121,.T.);
#4121 = EDGE_LOOP('',(#4122,#4123,#4130,#4135));
#4122 = ORIENTED_EDGE('',*,*,#1227,.T.);
#4123 = ORIENTED_EDGE('',*,*,#4124,.F.);
#4124 = EDGE_CURVE('',#4125,#1221,#4127,.T.);
#4125 = VERTEX_POINT('',#4126);
#4126 = CARTESIAN_POINT('',(-0.405,0.479984976878,0.26442529674));
#4127 = B_SPLINE_CURVE_WITH_KNOTS('',1,(#4128,#4129),.UNSPECIFIED.,.F.,
  .F.,(2,2),(0.,1.E-02),.PIECEWISE_BEZIER_KNOTS.);
#4128 = CARTESIAN_POINT('',(-0.405,0.479984976878,0.26442529674));
#4129 = CARTESIAN_POINT('',(-0.395,0.479984976878,0.26442529674));
#4130 = ORIENTED_EDGE('',*,*,#4131,.F.);
#4131 = EDGE_CURVE('',#4097,#4125,#4132,.T.);
#4132 = B_SPLINE_CURVE_WITH_KNOTS('',1,(#4133,#4134),.UNSPECIFIED.,.F.,
  .F.,(2,2),(-1.939668392894E-02,0.),.PIECEWISE_BEZIER_KNOTS.);
#4133 = CARTESIAN_POINT('',(-0.405,0.460588292949,0.26442529674));
#4134 = CARTESIAN_POINT('',(-0.405,0.479984976878,0.26442529674));
#4135 = ORIENTED_EDGE('',*,*,#4096,.T.);
#4136 = B_SPLINE_SURFACE_WITH_KNOTS('',1,1,(
    (#4137,#4138)
    ,(#4139,#4140
    )),.UNSPECIFIED.,.F.,.F.,.F.,(2,2),(2,2),(-1.939668392894E-02,
    1.694065894509E-18),(-4.828234417187E-62,1.E-02),
  .PIECEWISE_BEZIER_KNOTS.);
#4137 = CARTESIAN_POINT('',(-0.405,0.460588292949,0.26442529674));
#4138 = CARTESIAN_POINT('',(-0.395,0.460588292949,0.26442529674));
#4139 = CARTESIAN_POINT('',(-0.405,0.479984976878,0.26442529674));
#4140 = CARTESIAN_POINT('',(-0.395,0.479984976878,0.26442529674));
#4141 = ADVANCED_FACE('',(#4142),#4158,.F.);
#4142 = FACE_BOUND('',#4143,.T.);
#4143 = EDGE_LOOP('',(#4144,#4145,#4152,#4157));
#4144 = ORIENTED_EDGE('',*,*,#1220,.T.);
#4145 = ORIENTED_EDGE('',*,*,#4146,.F.);
#4146 = EDGE_CURVE('',#4147,#1214,#4149,.T.);
#4147 = VERTEX_POINT('',#4148);
#4148 = CARTESIAN_POINT('',(-0.405,0.479984976878,0.280389046615));
#4149 = B_SPLINE_CURVE_WITH_KNOTS('',1,(#4150,#4151),.UNSPECIFIED.,.F.,
  .F.,(2,2),(0.,1.E-02),.PIECEWISE_BEZIER_KNOTS.);
#4150 = CARTESIAN_POINT('',(-0.405,0.479984976878,0.280389046615));
#4151 = CARTESIAN_POINT('',(-0.395,0.479984976878,0.280389046615));
#4152 = ORIENTED_EDGE('',*,*,#4153,.F.);
#4153 = EDGE_CURVE('',#4125,#4147,#4154,.T.);
#4154 = B_SPLINE_CURVE_WITH_KNOTS('',1,(#4155,#4156),.UNSPECIFIED.,.F.,
  .F.,(2,2),(-1.596374987511E-02,0.),.PIECEWISE_BEZIER_KNOTS.);
#4155 = CARTESIAN_POINT('',(-0.405,0.479984976878,0.26442529674));
#4156 = CARTESIAN_POINT('',(-0.405,0.479984976878,0.280389046615));
#4157 = ORIENTED_EDGE('',*,*,#4124,.T.);
#4158 = B_SPLINE_SURFACE_WITH_KNOTS('',1,1,(
    (#4159,#4160)
    ,(#4161,#4162
    )),.UNSPECIFIED.,.F.,.F.,.F.,(2,2),(2,2),(-1.596374987511E-02,
    5.551115123126E-17),(-6.612155723376E-34,1.E-02),
  .PIECEWISE_BEZIER_KNOTS.);
#4159 = CARTESIAN_POINT('',(-0.405,0.479984976878,0.26442529674));
#4160 = CARTESIAN_POINT('',(-0.395,0.479984976878,0.26442529674));
#4161 = CARTESIAN_POINT('',(-0.405,0.479984976878,0.280389046615));
#4162 = CARTESIAN_POINT('',(-0.395,0.479984976878,0.280389046615));
#4163 = ADVANCED_FACE('',(#4164),#4180,.F.);
#4164 = FACE_BOUND('',#4165,.T.);
#4165 = EDGE_LOOP('',(#4166,#4167,#4174,#4179));
#4166 = ORIENTED_EDGE('',*,*,#1213,.T.);
#4167 = ORIENTED_EDGE('',*,*,#4168,.F.);
#4168 = EDGE_CURVE('',#4169,#1207,#4171,.T.);
#4169 = VERTEX_POINT('',#4170);
#4170 = CARTESIAN_POINT('',(-0.405,0.463014394754,0.280389046615));
#4171 = B_SPLINE_CURVE_WITH_KNOTS('',1,(#4172,#4173),.UNSPECIFIED.,.F.,
  .F.,(2,2),(0.,1.E-02),.PIECEWISE_BEZIER_KNOTS.);
#4172 = CARTESIAN_POINT('',(-0.405,0.463014394754,0.280389046615));
#4173 = CARTESIAN_POINT('',(-0.395,0.463014394754,0.280389046615));
#4174 = ORIENTED_EDGE('',*,*,#4175,.F.);
#4175 = EDGE_CURVE('',#4147,#4169,#4176,.T.);
#4176 = B_SPLINE_CURVE_WITH_KNOTS('',1,(#4177,#4178),.UNSPECIFIED.,.F.,
  .F.,(2,2),(-1.697058212422E-02,0.),.PIECEWISE_BEZIER_KNOTS.);
#4177 = CARTESIAN_POINT('',(-0.405,0.479984976878,0.280389046615));
#4178 = CARTESIAN_POINT('',(-0.405,0.463014394754,0.280389046615));
#4179 = ORIENTED_EDGE('',*,*,#4146,.T.);
#4180 = B_SPLINE_SURFACE_WITH_KNOTS('',1,1,(
    (#4181,#4182)
    ,(#4183,#4184
    )),.UNSPECIFIED.,.F.,.F.,.F.,(2,2),(2,2),(-1.697058212422E-02,
    5.319674097349E-31),(-6.336477040936E-48,1.E-02),
  .PIECEWISE_BEZIER_KNOTS.);
#4181 = CARTESIAN_POINT('',(-0.405,0.479984976878,0.280389046615));
#4182 = CARTESIAN_POINT('',(-0.395,0.479984976878,0.280389046615));
#4183 = CARTESIAN_POINT('',(-0.405,0.463014394754,0.280389046615));
#4184 = CARTESIAN_POINT('',(-0.395,0.463014394754,0.280389046615));
#4185 = ADVANCED_FACE('',(#4186),#4202,.F.);
#4186 = FACE_BOUND('',#4187,.T.);
#4187 = EDGE_LOOP('',(#4188,#4189,#4196,#4201));
#4188 = ORIENTED_EDGE('',*,*,#1206,.T.);
#4189 = ORIENTED_EDGE('',*,*,#4190,.F.);
#4190 = EDGE_CURVE('',#4191,#1200,#4193,.T.);
#4191 = VERTEX_POINT('',#4192);
#4192 = CARTESIAN_POINT('',(-0.405,0.463014394754,0.285823514658));
#4193 = B_SPLINE_CURVE_WITH_KNOTS('',1,(#4194,#4195),.UNSPECIFIED.,.F.,
  .F.,(2,2),(0.,1.E-02),.PIECEWISE_BEZIER_KNOTS.);
#4194 = CARTESIAN_POINT('',(-0.405,0.463014394754,0.285823514658));
#4195 = CARTESIAN_POINT('',(-0.395,0.463014394754,0.285823514658));
#4196 = ORIENTED_EDGE('',*,*,#4197,.F.);
#4197 = EDGE_CURVE('',#4169,#4191,#4198,.T.);
#4198 = B_SPLINE_CURVE_WITH_KNOTS('',1,(#4199,#4200),.UNSPECIFIED.,.F.,
  .F.,(2,2),(-5.434468042569E-03,0.),.PIECEWISE_BEZIER_KNOTS.);
#4199 = CARTESIAN_POINT('',(-0.405,0.463014394754,0.280389046615));
#4200 = CARTESIAN_POINT('',(-0.405,0.463014394754,0.285823514658));
#4201 = ORIENTED_EDGE('',*,*,#4168,.T.);
#4202 = B_SPLINE_SURFACE_WITH_KNOTS('',1,1,(
    (#4203,#4204)
    ,(#4205,#4206
    )),.UNSPECIFIED.,.F.,.F.,.F.,(2,2),(2,2),(-5.434468042569E-03,
    3.379741878639E-32),(-4.408103815583E-34,1.E-02),
  .PIECEWISE_BEZIER_KNOTS.);
#4203 = CARTESIAN_POINT('',(-0.405,0.463014394754,0.280389046615));
#4204 = CARTESIAN_POINT('',(-0.395,0.463014394754,0.280389046615));
#4205 = CARTESIAN_POINT('',(-0.405,0.463014394754,0.285823514658));
#4206 = CARTESIAN_POINT('',(-0.395,0.463014394754,0.285823514658));
#4207 = ADVANCED_FACE('',(#4208),#4224,.F.);
#4208 = FACE_BOUND('',#4209,.T.);
#4209 = EDGE_LOOP('',(#4210,#4211,#4218,#4223));
#4210 = ORIENTED_EDGE('',*,*,#1199,.T.);
#4211 = ORIENTED_EDGE('',*,*,#4212,.F.);
#4212 = EDGE_CURVE('',#4213,#1193,#4215,.T.);
#4213 = VERTEX_POINT('',#4214);
#4214 = CARTESIAN_POINT('',(-0.405,0.479984976878,0.285823514658));
#4215 = B_SPLINE_CURVE_WITH_KNOTS('',1,(#4216,#4217),.UNSPECIFIED.,.F.,
  .F.,(2,2),(0.,1.E-02),.PIECEWISE_BEZIER_KNOTS.);
#4216 = CARTESIAN_POINT('',(-0.405,0.479984976878,0.285823514658));
#4217 = CARTESIAN_POINT('',(-0.395,0.479984976878,0.285823514658));
#4218 = ORIENTED_EDGE('',*,*,#4219,.F.);
#4219 = EDGE_CURVE('',#4191,#4213,#4220,.T.);
#4220 = B_SPLINE_CURVE_WITH_KNOTS('',1,(#4221,#4222),.UNSPECIFIED.,.F.,
  .F.,(2,2),(-1.697058212422E-02,0.),.PIECEWISE_BEZIER_KNOTS.);
#4221 = CARTESIAN_POINT('',(-0.405,0.463014394754,0.285823514658));
#4222 = CARTESIAN_POINT('',(-0.405,0.479984976878,0.285823514658));
#4223 = ORIENTED_EDGE('',*,*,#4190,.T.);
#4224 = B_SPLINE_SURFACE_WITH_KNOTS('',1,1,(
    (#4225,#4226)
    ,(#4227,#4228
    )),.UNSPECIFIED.,.F.,.F.,.F.,(2,2),(2,2),(-1.697058212422E-02,
    1.694065894509E-18),(-8.448655346657E-62,1.E-02),
  .PIECEWISE_BEZIER_KNOTS.);
#4225 = CARTESIAN_POINT('',(-0.405,0.463014394754,0.285823514658));
#4226 = CARTESIAN_POINT('',(-0.395,0.463014394754,0.285823514658));
#4227 = CARTESIAN_POINT('',(-0.405,0.479984976878,0.285823514658));
#4228 = CARTESIAN_POINT('',(-0.395,0.479984976878,0.285823514658));
#4229 = ADVANCED_FACE('',(#4230),#4246,.F.);
#4230 = FACE_BOUND('',#4231,.T.);
#4231 = EDGE_LOOP('',(#4232,#4233,#4240,#4245));
#4232 = ORIENTED_EDGE('',*,*,#1192,.T.);
#4233 = ORIENTED_EDGE('',*,*,#4234,.F.);
#4234 = EDGE_CURVE('',#4235,#1186,#4237,.T.);
#4235 = VERTEX_POINT('',#4236);
#4236 = CARTESIAN_POINT('',(-0.405,0.479984976878,0.301010911956));
#4237 = B_SPLINE_CURVE_WITH_KNOTS('',1,(#4238,#4239),.UNSPECIFIED.,.F.,
  .F.,(2,2),(0.,1.E-02),.PIECEWISE_BEZIER_KNOTS.);
#4238 = CARTESIAN_POINT('',(-0.405,0.479984976878,0.301010911956));
#4239 = CARTESIAN_POINT('',(-0.395,0.479984976878,0.301010911956));
#4240 = ORIENTED_EDGE('',*,*,#4241,.F.);
#4241 = EDGE_CURVE('',#4213,#4235,#4242,.T.);
#4242 = B_SPLINE_CURVE_WITH_KNOTS('',1,(#4243,#4244),.UNSPECIFIED.,.F.,
  .F.,(2,2),(-1.518739729783E-02,0.),.PIECEWISE_BEZIER_KNOTS.);
#4243 = CARTESIAN_POINT('',(-0.405,0.479984976878,0.285823514658));
#4244 = CARTESIAN_POINT('',(-0.405,0.479984976878,0.301010911956));
#4245 = ORIENTED_EDGE('',*,*,#4212,.T.);
#4246 = B_SPLINE_SURFACE_WITH_KNOTS('',1,1,(
    (#4247,#4248)
    ,(#4249,#4250
    )),.UNSPECIFIED.,.F.,.F.,.F.,(2,2),(2,2),(-1.518739729783E-02,
    1.209364506071E-32),(-4.408103815583E-34,1.E-02),
  .PIECEWISE_BEZIER_KNOTS.);
#4247 = CARTESIAN_POINT('',(-0.405,0.479984976878,0.285823514658));
#4248 = CARTESIAN_POINT('',(-0.395,0.479984976878,0.285823514658));
#4249 = CARTESIAN_POINT('',(-0.405,0.479984976878,0.301010911956));
#4250 = CARTESIAN_POINT('',(-0.395,0.479984976878,0.301010911956));
#4251 = ADVANCED_FACE('',(#4252),#4268,.F.);
#4252 = FACE_BOUND('',#4253,.T.);
#4253 = EDGE_LOOP('',(#4254,#4255,#4262,#4267));
#4254 = ORIENTED_EDGE('',*,*,#1185,.T.);
#4255 = ORIENTED_EDGE('',*,*,#4256,.F.);
#4256 = EDGE_CURVE('',#4257,#1179,#4259,.T.);
#4257 = VERTEX_POINT('',#4258);
#4258 = CARTESIAN_POINT('',(-0.405,0.461667908252,0.301010911956));
#4259 = B_SPLINE_CURVE_WITH_KNOTS('',1,(#4260,#4261),.UNSPECIFIED.,.F.,
  .F.,(2,2),(0.,1.E-02),.PIECEWISE_BEZIER_KNOTS.);
#4260 = CARTESIAN_POINT('',(-0.405,0.461667908252,0.301010911956));
#4261 = CARTESIAN_POINT('',(-0.395,0.461667908252,0.301010911956));
#4262 = ORIENTED_EDGE('',*,*,#4263,.F.);
#4263 = EDGE_CURVE('',#4235,#4257,#4264,.T.);
#4264 = B_SPLINE_CURVE_WITH_KNOTS('',1,(#4265,#4266),.UNSPECIFIED.,.F.,
  .F.,(2,2),(-1.831706862577E-02,0.),.PIECEWISE_BEZIER_KNOTS.);
#4265 = CARTESIAN_POINT('',(-0.405,0.479984976878,0.301010911956));
#4266 = CARTESIAN_POINT('',(-0.405,0.461667908252,0.301010911956));
#4267 = ORIENTED_EDGE('',*,*,#4234,.T.);
#4268 = B_SPLINE_SURFACE_WITH_KNOTS('',1,1,(
    (#4269,#4270)
    ,(#4271,#4272
    )),.UNSPECIFIED.,.F.,.F.,.F.,(2,2),(2,2),(-1.831706862577E-02,
    4.928625206772E-31),(-5.870683033318E-48,1.E-02),
  .PIECEWISE_BEZIER_KNOTS.);
#4269 = CARTESIAN_POINT('',(-0.405,0.479984976878,0.301010911956));
#4270 = CARTESIAN_POINT('',(-0.395,0.479984976878,0.301010911956));
#4271 = CARTESIAN_POINT('',(-0.405,0.461667908252,0.301010911956));
#4272 = CARTESIAN_POINT('',(-0.395,0.461667908252,0.301010911956));
#4273 = ADVANCED_FACE('',(#4274),#4290,.F.);
#4274 = FACE_BOUND('',#4275,.T.);
#4275 = EDGE_LOOP('',(#4276,#4277,#4284,#4289));
#4276 = ORIENTED_EDGE('',*,*,#1178,.T.);
#4277 = ORIENTED_EDGE('',*,*,#4278,.F.);
#4278 = EDGE_CURVE('',#4279,#1172,#4281,.T.);
#4279 = VERTEX_POINT('',#4280);
#4280 = CARTESIAN_POINT('',(-0.405,0.461667908252,0.306469641016));
#4281 = B_SPLINE_CURVE_WITH_KNOTS('',1,(#4282,#4283),.UNSPECIFIED.,.F.,
  .F.,(2,2),(0.,1.E-02),.PIECEWISE_BEZIER_KNOTS.);
#4282 = CARTESIAN_POINT('',(-0.405,0.461667908252,0.306469641016));
#4283 = CARTESIAN_POINT('',(-0.395,0.461667908252,0.306469641016));
#4284 = ORIENTED_EDGE('',*,*,#4285,.F.);
#4285 = EDGE_CURVE('',#4257,#4279,#4286,.T.);
#4286 = B_SPLINE_CURVE_WITH_KNOTS('',1,(#4287,#4288),.UNSPECIFIED.,.F.,
  .F.,(2,2),(-5.458729060589E-03,0.),.PIECEWISE_BEZIER_KNOTS.);
#4287 = CARTESIAN_POINT('',(-0.405,0.461667908252,0.301010911956));
#4288 = CARTESIAN_POINT('',(-0.405,0.461667908252,0.306469641016));
#4289 = ORIENTED_EDGE('',*,*,#4256,.T.);
#4290 = B_SPLINE_SURFACE_WITH_KNOTS('',1,1,(
    (#4291,#4292)
    ,(#4293,#4294
    )),.UNSPECIFIED.,.F.,.F.,.F.,(2,2),(2,2),(-5.458729060589E-03,
    1.68236040182E-32),(-2.204051907791E-34,1.E-02),
  .PIECEWISE_BEZIER_KNOTS.);
#4291 = CARTESIAN_POINT('',(-0.405,0.461667908252,0.301010911956));
#4292 = CARTESIAN_POINT('',(-0.395,0.461667908252,0.301010911956));
#4293 = CARTESIAN_POINT('',(-0.405,0.461667908252,0.306469641016));
#4294 = CARTESIAN_POINT('',(-0.395,0.461667908252,0.306469641016));
#4295 = ADVANCED_FACE('',(#4296),#4312,.F.);
#4296 = FACE_BOUND('',#4297,.T.);
#4297 = EDGE_LOOP('',(#4298,#4299,#4306,#4311));
#4298 = ORIENTED_EDGE('',*,*,#1171,.T.);
#4299 = ORIENTED_EDGE('',*,*,#4300,.F.);
#4300 = EDGE_CURVE('',#4301,#1165,#4303,.T.);
#4301 = VERTEX_POINT('',#4302);
#4302 = CARTESIAN_POINT('',(-0.405,0.486110883935,0.306469641016));
#4303 = B_SPLINE_CURVE_WITH_KNOTS('',1,(#4304,#4305),.UNSPECIFIED.,.F.,
  .F.,(2,2),(0.,1.E-02),.PIECEWISE_BEZIER_KNOTS.);
#4304 = CARTESIAN_POINT('',(-0.405,0.486110883935,0.306469641016));
#4305 = CARTESIAN_POINT('',(-0.395,0.486110883935,0.306469641016));
#4306 = ORIENTED_EDGE('',*,*,#4307,.F.);
#4307 = EDGE_CURVE('',#4279,#4301,#4308,.T.);
#4308 = B_SPLINE_CURVE_WITH_KNOTS('',1,(#4309,#4310),.UNSPECIFIED.,.F.,
  .F.,(2,2),(-2.444297568271E-02,0.),.PIECEWISE_BEZIER_KNOTS.);
#4309 = CARTESIAN_POINT('',(-0.405,0.461667908252,0.306469641016));
#4310 = CARTESIAN_POINT('',(-0.405,0.486110883935,0.306469641016));
#4311 = ORIENTED_EDGE('',*,*,#4278,.T.);
#4312 = B_SPLINE_SURFACE_WITH_KNOTS('',1,1,(
    (#4313,#4314)
    ,(#4315,#4316
    )),.UNSPECIFIED.,.F.,.F.,.F.,(2,2),(2,2),(-2.444297568271E-02,
    1.694065894509E-18),(-6.084360444397E-62,1.E-02),
  .PIECEWISE_BEZIER_KNOTS.);
#4313 = CARTESIAN_POINT('',(-0.405,0.461667908252,0.306469641016));
#4314 = CARTESIAN_POINT('',(-0.395,0.461667908252,0.306469641016));
#4315 = CARTESIAN_POINT('',(-0.405,0.486110883935,0.306469641016));
#4316 = CARTESIAN_POINT('',(-0.395,0.486110883935,0.306469641016));
#4317 = ADVANCED_FACE('',(#4318),#4334,.F.);
#4318 = FACE_BOUND('',#4319,.T.);
#4319 = EDGE_LOOP('',(#4320,#4321,#4328,#4333));
#4320 = ORIENTED_EDGE('',*,*,#1164,.T.);
#4321 = ORIENTED_EDGE('',*,*,#4322,.F.);
#4322 = EDGE_CURVE('',#4323,#1158,#4325,.T.);
#4323 = VERTEX_POINT('',#4324);
#4324 = CARTESIAN_POINT('',(-0.405,0.486110883935,0.259015089715));
#4325 = B_SPLINE_CURVE_WITH_KNOTS('',1,(#4326,#4327),.UNSPECIFIED.,.F.,
  .F.,(2,2),(0.,1.E-02),.PIECEWISE_BEZIER_KNOTS.);
#4326 = CARTESIAN_POINT('',(-0.405,0.486110883935,0.259015089715));
#4327 = CARTESIAN_POINT('',(-0.395,0.486110883935,0.259015089715));
#4328 = ORIENTED_EDGE('',*,*,#4329,.F.);
#4329 = EDGE_CURVE('',#4301,#4323,#4330,.T.);
#4330 = B_SPLINE_CURVE_WITH_KNOTS('',1,(#4331,#4332),.UNSPECIFIED.,.F.,
  .F.,(2,2),(-4.745455130064E-02,-0.),.PIECEWISE_BEZIER_KNOTS.);
#4331 = CARTESIAN_POINT('',(-0.405,0.486110883935,0.306469641016));
#4332 = CARTESIAN_POINT('',(-0.405,0.486110883935,0.259015089715));
#4333 = ORIENTED_EDGE('',*,*,#4300,.T.);
#4334 = B_SPLINE_SURFACE_WITH_KNOTS('',1,1,(
    (#4335,#4336)
    ,(#4337,#4338
    )),.UNSPECIFIED.,.F.,.F.,.F.,(2,2),(2,2),(-4.745455130064E-02,0.),(
    0.,1.E-02),.PIECEWISE_BEZIER_KNOTS.);
#4335 = CARTESIAN_POINT('',(-0.405,0.486110883935,0.306469641016));
#4336 = CARTESIAN_POINT('',(-0.395,0.486110883935,0.306469641016));
#4337 = CARTESIAN_POINT('',(-0.405,0.486110883935,0.259015089715));
#4338 = CARTESIAN_POINT('',(-0.395,0.486110883935,0.259015089715));
#4339 = ADVANCED_FACE('',(#4340),#4350,.F.);
#4340 = FACE_BOUND('',#4341,.T.);
#4341 = EDGE_LOOP('',(#4342,#4343,#4344,#4349));
#4342 = ORIENTED_EDGE('',*,*,#1157,.T.);
#4343 = ORIENTED_EDGE('',*,*,#4110,.F.);
#4344 = ORIENTED_EDGE('',*,*,#4345,.F.);
#4345 = EDGE_CURVE('',#4323,#4104,#4346,.T.);
#4346 = B_SPLINE_CURVE_WITH_KNOTS('',1,(#4347,#4348),.UNSPECIFIED.,.F.,
  .F.,(2,2),(-2.552259098589E-02,0.),.PIECEWISE_BEZIER_KNOTS.);
#4347 = CARTESIAN_POINT('',(-0.405,0.486110883935,0.259015089715));
#4348 = CARTESIAN_POINT('',(-0.405,0.460588292949,0.259015089715));
#4349 = ORIENTED_EDGE('',*,*,#4322,.T.);
#4350 = B_SPLINE_SURFACE_WITH_KNOTS('',1,1,(
    (#4351,#4352)
    ,(#4353,#4354
    )),.UNSPECIFIED.,.F.,.F.,.F.,(2,2),(2,2),(-2.552259098589E-02,0.),(
    -1.170354269684E-47,1.E-02),.PIECEWISE_BEZIER_KNOTS.);
#4351 = CARTESIAN_POINT('',(-0.405,0.486110883935,0.259015089715));
#4352 = CARTESIAN_POINT('',(-0.395,0.486110883935,0.259015089715));
#4353 = CARTESIAN_POINT('',(-0.405,0.460588292949,0.259015089715));
#4354 = CARTESIAN_POINT('',(-0.395,0.460588292949,0.259015089715));
#4355 = ADVANCED_FACE('',(#4356),#4370,.F.);
#4356 = FACE_BOUND('',#4357,.T.);
#4357 = EDGE_LOOP('',(#4358,#4359,#4360,#4361,#4362,#4363,#4364,#4365,
    #4366,#4367,#4368,#4369));
#4358 = ORIENTED_EDGE('',*,*,#4103,.T.);
#4359 = ORIENTED_EDGE('',*,*,#4131,.T.);
#4360 = ORIENTED_EDGE('',*,*,#4153,.T.);
#4361 = ORIENTED_EDGE('',*,*,#4175,.T.);
#4362 = ORIENTED_EDGE('',*,*,#4197,.T.);
#4363 = ORIENTED_EDGE('',*,*,#4219,.T.);
#4364 = ORIENTED_EDGE('',*,*,#4241,.T.);
#4365 = ORIENTED_EDGE('',*,*,#4263,.T.);
#4366 = ORIENTED_EDGE('',*,*,#4285,.T.);
#4367 = ORIENTED_EDGE('',*,*,#4307,.T.);
#4368 = ORIENTED_EDGE('',*,*,#4329,.T.);
#4369 = ORIENTED_EDGE('',*,*,#4345,.T.);
#4370 = B_SPLINE_SURFACE_WITH_KNOTS('',1,1,(
    (#4371,#4372)
    ,(#4373,#4374
    )),.UNSPECIFIED.,.F.,.F.,.F.,(2,2),(2,2),(-0.296469541016,
    -0.249014989715),(0.460588292949,0.486110883935),
  .PIECEWISE_BEZIER_KNOTS.);
#4371 = CARTESIAN_POINT('',(-0.405,0.460588292949,0.306469641016));
#4372 = CARTESIAN_POINT('',(-0.405,0.486110883935,0.306469641016));
#4373 = CARTESIAN_POINT('',(-0.405,0.460588292949,0.259015089715));
#4374 = CARTESIAN_POINT('',(-0.405,0.486110883935,0.259015089715));
#4375 = ADVANCED_FACE('',(#4376,#4492),#4562,.T.);
#4376 = FACE_BOUND('',#4377,.T.);
#4377 = EDGE_LOOP('',(#4378,#4389,#4396,#4405,#4414,#4421,#4430,#4439,
    #4448,#4457,#4464,#4471,#4478,#4485));
#4378 = ORIENTED_EDGE('',*,*,#4379,.T.);
#4379 = EDGE_CURVE('',#4380,#4382,#4384,.T.);
#4380 = VERTEX_POINT('',#4381);
#4381 = CARTESIAN_POINT('',(-0.405,0.439917905572,0.293684084505));
#4382 = VERTEX_POINT('',#4383);
#4383 = CARTESIAN_POINT('',(-0.405,0.451587455253,0.290530152159));
#4384 = B_SPLINE_CURVE_WITH_KNOTS('',3,(#4385,#4386,#4387,#4388),
  .UNSPECIFIED.,.F.,.F.,(4,4),(0.,1.),.PIECEWISE_BEZIER_KNOTS.);
#4385 = CARTESIAN_POINT('',(-0.405,0.439917905572,0.293684084505));
#4386 = CARTESIAN_POINT('',(-0.405,0.444333410857,0.293684084505));
#4387 = CARTESIAN_POINT('',(-0.405,0.448227304254,0.292640860729));
#4388 = CARTESIAN_POINT('',(-0.405,0.451587455253,0.290530152159));
#4389 = ORIENTED_EDGE('',*,*,#4390,.T.);
#4390 = EDGE_CURVE('',#4382,#4391,#4393,.T.);
#4391 = VERTEX_POINT('',#4392);
#4392 = CARTESIAN_POINT('',(-0.405,0.451587455253,0.284756029864));
#4393 = B_SPLINE_CURVE_WITH_KNOTS('',1,(#4394,#4395),.UNSPECIFIED.,.F.,
  .F.,(2,2),(-5.774122295494E-03,-0.),.PIECEWISE_BEZIER_KNOTS.);
#4394 = CARTESIAN_POINT('',(-0.405,0.451587455253,0.290530152159));
#4395 = CARTESIAN_POINT('',(-0.405,0.451587455253,0.284756029864));
#4396 = ORIENTED_EDGE('',*,*,#4397,.T.);
#4397 = EDGE_CURVE('',#4391,#4398,#4400,.T.);
#4398 = VERTEX_POINT('',#4399);
#4399 = CARTESIAN_POINT('',(-0.405,0.440475908988,0.288856141914));
#4400 = B_SPLINE_CURVE_WITH_KNOTS('',3,(#4401,#4402,#4403,#4404),
  .UNSPECIFIED.,.F.,.F.,(4,4),(12.,13.),.PIECEWISE_BEZIER_KNOTS.);
#4401 = CARTESIAN_POINT('',(-0.405,0.451587455253,0.284756029864));
#4402 = CARTESIAN_POINT('',(-0.405,0.448239434763,0.287473263885));
#4403 = CARTESIAN_POINT('',(-0.405,0.444539629511,0.288856141914));
#4404 = CARTESIAN_POINT('',(-0.405,0.440475908988,0.288856141914));
#4405 = ORIENTED_EDGE('',*,*,#4406,.T.);
#4406 = EDGE_CURVE('',#4398,#4407,#4409,.T.);
#4407 = VERTEX_POINT('',#4408);
#4408 = CARTESIAN_POINT('',(-0.405,0.43361004088,0.280558873742));
#4409 = B_SPLINE_CURVE_WITH_KNOTS('',3,(#4410,#4411,#4412,#4413),
  .UNSPECIFIED.,.F.,.F.,(4,4),(11.,12.),.PIECEWISE_BEZIER_KNOTS.);
#4410 = CARTESIAN_POINT('',(-0.405,0.440475908988,0.288856141914));
#4411 = CARTESIAN_POINT('',(-0.405,0.435902707086,0.288856141914));
#4412 = CARTESIAN_POINT('',(-0.405,0.43361004088,0.286090385856));
#4413 = CARTESIAN_POINT('',(-0.405,0.43361004088,0.280558873742));
#4414 = ORIENTED_EDGE('',*,*,#4415,.T.);
#4415 = EDGE_CURVE('',#4407,#4416,#4418,.T.);
#4416 = VERTEX_POINT('',#4417);
#4417 = CARTESIAN_POINT('',(-0.405,0.443654102352,0.279151734695));
#4418 = B_SPLINE_CURVE_WITH_KNOTS('',1,(#4419,#4420),.UNSPECIFIED.,.F.,
  .F.,(2,2),(-1.014215022288E-02,0.),.PIECEWISE_BEZIER_KNOTS.);
#4419 = CARTESIAN_POINT('',(-0.405,0.43361004088,0.280558873742));
#4420 = CARTESIAN_POINT('',(-0.405,0.443654102352,0.279151734695));
#4421 = ORIENTED_EDGE('',*,*,#4422,.T.);
#4422 = EDGE_CURVE('',#4416,#4423,#4425,.T.);
#4423 = VERTEX_POINT('',#4424);
#4424 = CARTESIAN_POINT('',(-0.405,0.454899084217,0.268088710465));
#4425 = B_SPLINE_CURVE_WITH_KNOTS('',3,(#4426,#4427,#4428,#4429),
  .UNSPECIFIED.,.F.,.F.,(4,4),(9.,10.),.PIECEWISE_BEZIER_KNOTS.);
#4426 = CARTESIAN_POINT('',(-0.405,0.443654102352,0.279151734695));
#4427 = CARTESIAN_POINT('',(-0.405,0.451150756928,0.278108510919));
#4428 = CARTESIAN_POINT('',(-0.405,0.454899084217,0.274420836175));
#4429 = CARTESIAN_POINT('',(-0.405,0.454899084217,0.268088710465));
#4430 = ORIENTED_EDGE('',*,*,#4431,.T.);
#4431 = EDGE_CURVE('',#4423,#4432,#4434,.T.);
#4432 = VERTEX_POINT('',#4433);
#4433 = CARTESIAN_POINT('',(-0.405,0.451987762051,0.260883188105));
#4434 = B_SPLINE_CURVE_WITH_KNOTS('',3,(#4435,#4436,#4437,#4438),
  .UNSPECIFIED.,.F.,.F.,(4,4),(8.,9.),.PIECEWISE_BEZIER_KNOTS.);
#4435 = CARTESIAN_POINT('',(-0.405,0.454899084217,0.268088710465));
#4436 = CARTESIAN_POINT('',(-0.405,0.454899084217,0.265056083209));
#4437 = CARTESIAN_POINT('',(-0.405,0.453928643495,0.262654242422));
#4438 = CARTESIAN_POINT('',(-0.405,0.451987762051,0.260883188105));
#4439 = ORIENTED_EDGE('',*,*,#4440,.T.);
#4440 = EDGE_CURVE('',#4432,#4441,#4443,.T.);
#4441 = VERTEX_POINT('',#4442);
#4442 = CARTESIAN_POINT('',(-0.405,0.444151453222,0.25821447612));
#4443 = B_SPLINE_CURVE_WITH_KNOTS('',3,(#4444,#4445,#4446,#4447),
  .UNSPECIFIED.,.F.,.F.,(4,4),(7.,8.),.PIECEWISE_BEZIER_KNOTS.);
#4444 = CARTESIAN_POINT('',(-0.405,0.451987762051,0.260883188105));
#4445 = CARTESIAN_POINT('',(-0.405,0.450046880607,0.259112133788));
#4446 = CARTESIAN_POINT('',(-0.405,0.447438821167,0.25821447612));
#4447 = CARTESIAN_POINT('',(-0.405,0.444151453222,0.25821447612));
#4448 = ORIENTED_EDGE('',*,*,#4449,.T.);
#4449 = EDGE_CURVE('',#4441,#4450,#4452,.T.);
#4450 = VERTEX_POINT('',#4451);
#4451 = CARTESIAN_POINT('',(-0.405,0.433767737497,0.264255469614));
#4452 = B_SPLINE_CURVE_WITH_KNOTS('',3,(#4453,#4454,#4455,#4456),
  .UNSPECIFIED.,.F.,.F.,(4,4),(6.,7.),.PIECEWISE_BEZIER_KNOTS.);
#4453 = CARTESIAN_POINT('',(-0.405,0.444151453222,0.25821447612));
#4454 = CARTESIAN_POINT('',(-0.405,0.43957825132,0.25821447612));
#4455 = CARTESIAN_POINT('',(-0.405,0.436108925739,0.260228140618));
#4456 = CARTESIAN_POINT('',(-0.405,0.433767737497,0.264255469614));
#4457 = ORIENTED_EDGE('',*,*,#4458,.T.);
#4458 = EDGE_CURVE('',#4450,#4459,#4461,.T.);
#4459 = VERTEX_POINT('',#4460);
#4460 = CARTESIAN_POINT('',(-0.405,0.43361004088,0.264255469614));
#4461 = B_SPLINE_CURVE_WITH_KNOTS('',1,(#4462,#4463),.UNSPECIFIED.,.F.,
  .F.,(2,2),(-1.576966172898E-04,-0.),.PIECEWISE_BEZIER_KNOTS.);
#4462 = CARTESIAN_POINT('',(-0.405,0.433767737497,0.264255469614));
#4463 = CARTESIAN_POINT('',(-0.405,0.43361004088,0.264255469614));
#4464 = ORIENTED_EDGE('',*,*,#4465,.T.);
#4465 = EDGE_CURVE('',#4459,#4466,#4468,.T.);
#4466 = VERTEX_POINT('',#4467);
#4467 = CARTESIAN_POINT('',(-0.405,0.43361004088,0.259015089715));
#4468 = B_SPLINE_CURVE_WITH_KNOTS('',1,(#4469,#4470),.UNSPECIFIED.,.F.,
  .F.,(2,2),(-5.240379898088E-03,-0.),.PIECEWISE_BEZIER_KNOTS.);
#4469 = CARTESIAN_POINT('',(-0.405,0.43361004088,0.264255469614));
#4470 = CARTESIAN_POINT('',(-0.405,0.43361004088,0.259015089715));
#4471 = ORIENTED_EDGE('',*,*,#4472,.T.);
#4472 = EDGE_CURVE('',#4466,#4473,#4475,.T.);
#4473 = VERTEX_POINT('',#4474);
#4474 = CARTESIAN_POINT('',(-0.405,0.427666091459,0.259015089715));
#4475 = B_SPLINE_CURVE_WITH_KNOTS('',1,(#4476,#4477),.UNSPECIFIED.,.F.,
  .F.,(2,2),(-5.943949421631E-03,0.),.PIECEWISE_BEZIER_KNOTS.);
#4476 = CARTESIAN_POINT('',(-0.405,0.43361004088,0.259015089715));
#4477 = CARTESIAN_POINT('',(-0.405,0.427666091459,0.259015089715));
#4478 = ORIENTED_EDGE('',*,*,#4479,.T.);
#4479 = EDGE_CURVE('',#4473,#4480,#4482,.T.);
#4480 = VERTEX_POINT('',#4481);
#4481 = CARTESIAN_POINT('',(-0.405,0.427666091459,0.28082574494));
#4482 = B_SPLINE_CURVE_WITH_KNOTS('',1,(#4483,#4484),.UNSPECIFIED.,.F.,
  .F.,(2,2),(-2.181065522434E-02,0.),.PIECEWISE_BEZIER_KNOTS.);
#4483 = CARTESIAN_POINT('',(-0.405,0.427666091459,0.259015089715));
#4484 = CARTESIAN_POINT('',(-0.405,0.427666091459,0.28082574494));
#4485 = ORIENTED_EDGE('',*,*,#4486,.T.);
#4486 = EDGE_CURVE('',#4480,#4380,#4487,.T.);
#4487 = B_SPLINE_CURVE_WITH_KNOTS('',3,(#4488,#4489,#4490,#4491),
  .UNSPECIFIED.,.F.,.F.,(4,4),(1.,2.),.PIECEWISE_BEZIER_KNOTS.);
#4488 = CARTESIAN_POINT('',(-0.405,0.427666091459,0.28082574494));
#4489 = CARTESIAN_POINT('',(-0.405,0.427666091459,0.289414145329));
#4490 = CARTESIAN_POINT('',(-0.405,0.431754073,0.293684084505));
#4491 = CARTESIAN_POINT('',(-0.405,0.439917905572,0.293684084505));
#4492 = FACE_BOUND('',#4493,.T.);
#4493 = EDGE_LOOP('',(#4494,#4505,#4514,#4521,#4528,#4537,#4546,#4555));
#4494 = ORIENTED_EDGE('',*,*,#4495,.F.);
#4495 = EDGE_CURVE('',#4496,#4498,#4500,.T.);
#4496 = VERTEX_POINT('',#4497);
#4497 = CARTESIAN_POINT('',(-0.405,0.447293255059,0.27286813102));
#4498 = VERTEX_POINT('',#4499);
#4499 = CARTESIAN_POINT('',(-0.405,0.448870221232,0.268573930826));
#4500 = B_SPLINE_CURVE_WITH_KNOTS('',3,(#4501,#4502,#4503,#4504),
  .UNSPECIFIED.,.F.,.F.,(4,4),(1.,2.),.PIECEWISE_BEZIER_KNOTS.);
#4501 = CARTESIAN_POINT('',(-0.405,0.447293255059,0.27286813102));
#4502 = CARTESIAN_POINT('',(-0.405,0.448336478835,0.271849168262));
#4503 = CARTESIAN_POINT('',(-0.405,0.448870221232,0.270417768198));
#4504 = CARTESIAN_POINT('',(-0.405,0.448870221232,0.268573930826));
#4505 = ORIENTED_EDGE('',*,*,#4506,.F.);
#4506 = EDGE_CURVE('',#4507,#4496,#4509,.T.);
#4507 = VERTEX_POINT('',#4508);
#4508 = CARTESIAN_POINT('',(-0.405,0.441543393782,0.274954578573));
#4509 = B_SPLINE_CURVE_WITH_KNOTS('',3,(#4510,#4511,#4512,#4513),
  .UNSPECIFIED.,.F.,.F.,(4,4),(0.,1.),.PIECEWISE_BEZIER_KNOTS.);
#4510 = CARTESIAN_POINT('',(-0.405,0.441543393782,0.274954578573));
#4511 = CARTESIAN_POINT('',(-0.405,0.444321280348,0.274566402284));
#4512 = CARTESIAN_POINT('',(-0.405,0.446237900774,0.273887093778));
#4513 = CARTESIAN_POINT('',(-0.405,0.447293255059,0.27286813102));
#4514 = ORIENTED_EDGE('',*,*,#4515,.F.);
#4515 = EDGE_CURVE('',#4516,#4507,#4518,.T.);
#4516 = VERTEX_POINT('',#4517);
#4517 = CARTESIAN_POINT('',(-0.405,0.43361004088,0.276022063367));
#4518 = B_SPLINE_CURVE_WITH_KNOTS('',1,(#4519,#4520),.UNSPECIFIED.,.F.,
  .F.,(2,2),(0.,8.004849283137E-03),.PIECEWISE_BEZIER_KNOTS.);
#4519 = CARTESIAN_POINT('',(-0.405,0.43361004088,0.276022063367));
#4520 = CARTESIAN_POINT('',(-0.405,0.441543393782,0.274954578573));
#4521 = ORIENTED_EDGE('',*,*,#4522,.F.);
#4522 = EDGE_CURVE('',#4523,#4516,#4525,.T.);
#4523 = VERTEX_POINT('',#4524);
#4524 = CARTESIAN_POINT('',(-0.405,0.43361004088,0.272771086948));
#4525 = B_SPLINE_CURVE_WITH_KNOTS('',1,(#4526,#4527),.UNSPECIFIED.,.F.,
  .F.,(2,2),(0.,3.250976418526E-03),.PIECEWISE_BEZIER_KNOTS.);
#4526 = CARTESIAN_POINT('',(-0.405,0.43361004088,0.272771086948));
#4527 = CARTESIAN_POINT('',(-0.405,0.43361004088,0.276022063367));
#4528 = ORIENTED_EDGE('',*,*,#4529,.F.);
#4529 = EDGE_CURVE('',#4530,#4523,#4532,.T.);
#4530 = VERTEX_POINT('',#4531);
#4531 = CARTESIAN_POINT('',(-0.405,0.436157447775,0.265856696805));
#4532 = B_SPLINE_CURVE_WITH_KNOTS('',3,(#4533,#4534,#4535,#4536),
  .UNSPECIFIED.,.F.,.F.,(4,4),(5.,6.),.PIECEWISE_BEZIER_KNOTS.);
#4533 = CARTESIAN_POINT('',(-0.405,0.436157447775,0.265856696805));
#4534 = CARTESIAN_POINT('',(-0.405,0.434459176512,0.267676273158));
#4535 = CARTESIAN_POINT('',(-0.405,0.43361004088,0.269981069873));
#4536 = CARTESIAN_POINT('',(-0.405,0.43361004088,0.272771086948));
#4537 = ORIENTED_EDGE('',*,*,#4538,.F.);
#4538 = EDGE_CURVE('',#4539,#4530,#4541,.T.);
#4539 = VERTEX_POINT('',#4540);
#4540 = CARTESIAN_POINT('',(-0.405,0.442610878576,0.263090940747));
#4541 = B_SPLINE_CURVE_WITH_KNOTS('',3,(#4542,#4543,#4544,#4545),
  .UNSPECIFIED.,.F.,.F.,(4,4),(4.,5.),.PIECEWISE_BEZIER_KNOTS.);
#4542 = CARTESIAN_POINT('',(-0.405,0.442610878576,0.263090940747));
#4543 = CARTESIAN_POINT('',(-0.405,0.440002819136,0.263090940747));
#4544 = CARTESIAN_POINT('',(-0.405,0.43784358853,0.264012859433));
#4545 = CARTESIAN_POINT('',(-0.405,0.436157447775,0.265856696805));
#4546 = ORIENTED_EDGE('',*,*,#4547,.F.);
#4547 = EDGE_CURVE('',#4548,#4539,#4550,.T.);
#4548 = VERTEX_POINT('',#4549);
#4549 = CARTESIAN_POINT('',(-0.405,0.447147688951,0.264619384884));
#4550 = B_SPLINE_CURVE_WITH_KNOTS('',3,(#4551,#4552,#4553,#4554),
  .UNSPECIFIED.,.F.,.F.,(4,4),(3.,4.),.PIECEWISE_BEZIER_KNOTS.);
#4551 = CARTESIAN_POINT('',(-0.405,0.447147688951,0.264619384884));
#4552 = CARTESIAN_POINT('',(-0.405,0.446007421102,0.263600422126));
#4553 = CARTESIAN_POINT('',(-0.405,0.444491107475,0.263090940747));
#4554 = CARTESIAN_POINT('',(-0.405,0.442610878576,0.263090940747));
#4555 = ORIENTED_EDGE('',*,*,#4556,.F.);
#4556 = EDGE_CURVE('',#4498,#4548,#4557,.T.);
#4557 = B_SPLINE_CURVE_WITH_KNOTS('',3,(#4558,#4559,#4560,#4561),
  .UNSPECIFIED.,.F.,.F.,(4,4),(2.,3.),.PIECEWISE_BEZIER_KNOTS.);
#4558 = CARTESIAN_POINT('',(-0.405,0.448870221232,0.268573930826));
#4559 = CARTESIAN_POINT('',(-0.405,0.448870221232,0.266948442617));
#4560 = CARTESIAN_POINT('',(-0.405,0.448300087308,0.265638347642));
#4561 = CARTESIAN_POINT('',(-0.405,0.447147688951,0.264619384884));
#4562 = B_SPLINE_SURFACE_WITH_KNOTS('',1,1,(
    (#4563,#4564)
    ,(#4565,#4566
    )),.UNSPECIFIED.,.F.,.F.,.F.,(2,2),(2,2),(-3.468415792599E-02,
    7.854504593198E-04),(-1.848234681122E-02,8.750645947005E-03),
  .PIECEWISE_BEZIER_KNOTS.);
#4563 = CARTESIAN_POINT('',(-0.405,0.427666091459,0.25821447612));
#4564 = CARTESIAN_POINT('',(-0.405,0.454899084217,0.25821447612));
#4565 = CARTESIAN_POINT('',(-0.405,0.427666091459,0.293684084505));
#4566 = CARTESIAN_POINT('',(-0.405,0.454899084217,0.293684084505));
#4567 = ADVANCED_FACE('',(#4568),#4582,.F.);
#4568 = FACE_BOUND('',#4569,.F.);
#4569 = EDGE_LOOP('',(#4570,#4575,#4576,#4581));
#4570 = ORIENTED_EDGE('',*,*,#4571,.F.);
#4571 = EDGE_CURVE('',#4380,#1033,#4572,.T.);
#4572 = B_SPLINE_CURVE_WITH_KNOTS('',1,(#4573,#4574),.UNSPECIFIED.,.F.,
  .F.,(2,2),(0.,1.E-02),.PIECEWISE_BEZIER_KNOTS.);
#4573 = CARTESIAN_POINT('',(-0.405,0.439917905572,0.293684084505));
#4574 = CARTESIAN_POINT('',(-0.395,0.439917905572,0.293684084505));
#4575 = ORIENTED_EDGE('',*,*,#4379,.T.);
#4576 = ORIENTED_EDGE('',*,*,#4577,.T.);
#4577 = EDGE_CURVE('',#4382,#1035,#4578,.T.);
#4578 = B_SPLINE_CURVE_WITH_KNOTS('',1,(#4579,#4580),.UNSPECIFIED.,.F.,
  .F.,(2,2),(0.,1.E-02),.PIECEWISE_BEZIER_KNOTS.);
#4579 = CARTESIAN_POINT('',(-0.405,0.451587455253,0.290530152159));
#4580 = CARTESIAN_POINT('',(-0.395,0.451587455253,0.290530152159));
#4581 = ORIENTED_EDGE('',*,*,#1032,.F.);
#4582 = B_SPLINE_SURFACE_WITH_KNOTS('',3,1,(
    (#4583,#4584)
    ,(#4585,#4586)
    ,(#4587,#4588)
    ,(#4589,#4590
    )),.UNSPECIFIED.,.F.,.F.,.F.,(4,4),(2,2),(0.,1.),(0.,1.),
  .PIECEWISE_BEZIER_KNOTS.);
#4583 = CARTESIAN_POINT('',(-0.405,0.439917905572,0.293684084505));
#4584 = CARTESIAN_POINT('',(-0.395,0.439917905572,0.293684084505));
#4585 = CARTESIAN_POINT('',(-0.405,0.444333410857,0.293684084505));
#4586 = CARTESIAN_POINT('',(-0.395,0.444333410857,0.293684084505));
#4587 = CARTESIAN_POINT('',(-0.405,0.448227304254,0.292640860729));
#4588 = CARTESIAN_POINT('',(-0.395,0.448227304254,0.292640860729));
#4589 = CARTESIAN_POINT('',(-0.405,0.451587455253,0.290530152159));
#4590 = CARTESIAN_POINT('',(-0.395,0.451587455253,0.290530152159));
#4591 = ADVANCED_FACE('',(#4592),#4602,.F.);
#4592 = FACE_BOUND('',#4593,.T.);
#4593 = EDGE_LOOP('',(#4594,#4595,#4600,#4601));
#4594 = ORIENTED_EDGE('',*,*,#1141,.T.);
#4595 = ORIENTED_EDGE('',*,*,#4596,.F.);
#4596 = EDGE_CURVE('',#4391,#1133,#4597,.T.);
#4597 = B_SPLINE_CURVE_WITH_KNOTS('',1,(#4598,#4599),.UNSPECIFIED.,.F.,
  .F.,(2,2),(0.,1.E-02),.PIECEWISE_BEZIER_KNOTS.);
#4598 = CARTESIAN_POINT('',(-0.405,0.451587455253,0.284756029864));
#4599 = CARTESIAN_POINT('',(-0.395,0.451587455253,0.284756029864));
#4600 = ORIENTED_EDGE('',*,*,#4390,.F.);
#4601 = ORIENTED_EDGE('',*,*,#4577,.T.);
#4602 = B_SPLINE_SURFACE_WITH_KNOTS('',1,1,(
    (#4603,#4604)
    ,(#4605,#4606
    )),.UNSPECIFIED.,.F.,.F.,.F.,(2,2),(2,2),(-5.774122295494E-03,0.),(
    0.,1.E-02),.PIECEWISE_BEZIER_KNOTS.);
#4603 = CARTESIAN_POINT('',(-0.405,0.451587455253,0.290530152159));
#4604 = CARTESIAN_POINT('',(-0.395,0.451587455253,0.290530152159));
#4605 = CARTESIAN_POINT('',(-0.405,0.451587455253,0.284756029864));
#4606 = CARTESIAN_POINT('',(-0.395,0.451587455253,0.284756029864));
#4607 = ADVANCED_FACE('',(#4608),#4618,.F.);
#4608 = FACE_BOUND('',#4609,.F.);
#4609 = EDGE_LOOP('',(#4610,#4611,#4612,#4617));
#4610 = ORIENTED_EDGE('',*,*,#4596,.F.);
#4611 = ORIENTED_EDGE('',*,*,#4397,.T.);
#4612 = ORIENTED_EDGE('',*,*,#4613,.T.);
#4613 = EDGE_CURVE('',#4398,#1124,#4614,.T.);
#4614 = B_SPLINE_CURVE_WITH_KNOTS('',1,(#4615,#4616),.UNSPECIFIED.,.F.,
  .F.,(2,2),(0.,1.E-02),.PIECEWISE_BEZIER_KNOTS.);
#4615 = CARTESIAN_POINT('',(-0.405,0.440475908988,0.288856141914));
#4616 = CARTESIAN_POINT('',(-0.395,0.440475908988,0.288856141914));
#4617 = ORIENTED_EDGE('',*,*,#1132,.F.);
#4618 = B_SPLINE_SURFACE_WITH_KNOTS('',3,1,(
    (#4619,#4620)
    ,(#4621,#4622)
    ,(#4623,#4624)
    ,(#4625,#4626
    )),.UNSPECIFIED.,.F.,.F.,.F.,(4,4),(2,2),(12.,13.),(0.,1.),
  .PIECEWISE_BEZIER_KNOTS.);
#4619 = CARTESIAN_POINT('',(-0.405,0.451587455253,0.284756029864));
#4620 = CARTESIAN_POINT('',(-0.395,0.451587455253,0.284756029864));
#4621 = CARTESIAN_POINT('',(-0.405,0.448239434763,0.287473263885));
#4622 = CARTESIAN_POINT('',(-0.395,0.448239434763,0.287473263885));
#4623 = CARTESIAN_POINT('',(-0.405,0.444539629511,0.288856141914));
#4624 = CARTESIAN_POINT('',(-0.395,0.444539629511,0.288856141914));
#4625 = CARTESIAN_POINT('',(-0.405,0.440475908988,0.288856141914));
#4626 = CARTESIAN_POINT('',(-0.395,0.440475908988,0.288856141914));
#4627 = ADVANCED_FACE('',(#4628),#4638,.F.);
#4628 = FACE_BOUND('',#4629,.F.);
#4629 = EDGE_LOOP('',(#4630,#4631,#4632,#4637));
#4630 = ORIENTED_EDGE('',*,*,#4613,.F.);
#4631 = ORIENTED_EDGE('',*,*,#4406,.T.);
#4632 = ORIENTED_EDGE('',*,*,#4633,.T.);
#4633 = EDGE_CURVE('',#4407,#1117,#4634,.T.);
#4634 = B_SPLINE_CURVE_WITH_KNOTS('',1,(#4635,#4636),.UNSPECIFIED.,.F.,
  .F.,(2,2),(0.,1.E-02),.PIECEWISE_BEZIER_KNOTS.);
#4635 = CARTESIAN_POINT('',(-0.405,0.43361004088,0.280558873742));
#4636 = CARTESIAN_POINT('',(-0.395,0.43361004088,0.280558873742));
#4637 = ORIENTED_EDGE('',*,*,#1123,.F.);
#4638 = B_SPLINE_SURFACE_WITH_KNOTS('',3,1,(
    (#4639,#4640)
    ,(#4641,#4642)
    ,(#4643,#4644)
    ,(#4645,#4646
    )),.UNSPECIFIED.,.F.,.F.,.F.,(4,4),(2,2),(11.,12.),(0.,1.),
  .PIECEWISE_BEZIER_KNOTS.);
#4639 = CARTESIAN_POINT('',(-0.405,0.440475908988,0.288856141914));
#4640 = CARTESIAN_POINT('',(-0.395,0.440475908988,0.288856141914));
#4641 = CARTESIAN_POINT('',(-0.405,0.435902707086,0.288856141914));
#4642 = CARTESIAN_POINT('',(-0.395,0.435902707086,0.288856141914));
#4643 = CARTESIAN_POINT('',(-0.405,0.43361004088,0.286090385856));
#4644 = CARTESIAN_POINT('',(-0.395,0.43361004088,0.286090385856));
#4645 = CARTESIAN_POINT('',(-0.405,0.43361004088,0.280558873742));
#4646 = CARTESIAN_POINT('',(-0.395,0.43361004088,0.280558873742));
#4647 = ADVANCED_FACE('',(#4648),#4658,.F.);
#4648 = FACE_BOUND('',#4649,.T.);
#4649 = EDGE_LOOP('',(#4650,#4651,#4656,#4657));
#4650 = ORIENTED_EDGE('',*,*,#1116,.T.);
#4651 = ORIENTED_EDGE('',*,*,#4652,.F.);
#4652 = EDGE_CURVE('',#4416,#1108,#4653,.T.);
#4653 = B_SPLINE_CURVE_WITH_KNOTS('',1,(#4654,#4655),.UNSPECIFIED.,.F.,
  .F.,(2,2),(0.,1.E-02),.PIECEWISE_BEZIER_KNOTS.);
#4654 = CARTESIAN_POINT('',(-0.405,0.443654102352,0.279151734695));
#4655 = CARTESIAN_POINT('',(-0.395,0.443654102352,0.279151734695));
#4656 = ORIENTED_EDGE('',*,*,#4415,.F.);
#4657 = ORIENTED_EDGE('',*,*,#4633,.T.);
#4658 = B_SPLINE_SURFACE_WITH_KNOTS('',1,1,(
    (#4659,#4660)
    ,(#4661,#4662
    )),.UNSPECIFIED.,.F.,.F.,.F.,(2,2),(2,2),(-1.014215022288E-02,
    5.497428090463E-17),(-3.550933334964E-34,1.E-02),
  .PIECEWISE_BEZIER_KNOTS.);
#4659 = CARTESIAN_POINT('',(-0.405,0.43361004088,0.280558873742));
#4660 = CARTESIAN_POINT('',(-0.395,0.43361004088,0.280558873742));
#4661 = CARTESIAN_POINT('',(-0.405,0.443654102352,0.279151734695));
#4662 = CARTESIAN_POINT('',(-0.395,0.443654102352,0.279151734695));
#4663 = ADVANCED_FACE('',(#4664),#4674,.F.);
#4664 = FACE_BOUND('',#4665,.F.);
#4665 = EDGE_LOOP('',(#4666,#4667,#4668,#4673));
#4666 = ORIENTED_EDGE('',*,*,#4652,.F.);
#4667 = ORIENTED_EDGE('',*,*,#4422,.T.);
#4668 = ORIENTED_EDGE('',*,*,#4669,.T.);
#4669 = EDGE_CURVE('',#4423,#1099,#4670,.T.);
#4670 = B_SPLINE_CURVE_WITH_KNOTS('',1,(#4671,#4672),.UNSPECIFIED.,.F.,
  .F.,(2,2),(0.,1.E-02),.PIECEWISE_BEZIER_KNOTS.);
#4671 = CARTESIAN_POINT('',(-0.405,0.454899084217,0.268088710465));
#4672 = CARTESIAN_POINT('',(-0.395,0.454899084217,0.268088710465));
#4673 = ORIENTED_EDGE('',*,*,#1107,.F.);
#4674 = B_SPLINE_SURFACE_WITH_KNOTS('',3,1,(
    (#4675,#4676)
    ,(#4677,#4678)
    ,(#4679,#4680)
    ,(#4681,#4682
    )),.UNSPECIFIED.,.F.,.F.,.F.,(4,4),(2,2),(9.,10.),(0.,1.),
  .PIECEWISE_BEZIER_KNOTS.);
#4675 = CARTESIAN_POINT('',(-0.405,0.443654102352,0.279151734695));
#4676 = CARTESIAN_POINT('',(-0.395,0.443654102352,0.279151734695));
#4677 = CARTESIAN_POINT('',(-0.405,0.451150756928,0.278108510919));
#4678 = CARTESIAN_POINT('',(-0.395,0.451150756928,0.278108510919));
#4679 = CARTESIAN_POINT('',(-0.405,0.454899084217,0.274420836175));
#4680 = CARTESIAN_POINT('',(-0.395,0.454899084217,0.274420836175));
#4681 = CARTESIAN_POINT('',(-0.405,0.454899084217,0.268088710465));
#4682 = CARTESIAN_POINT('',(-0.395,0.454899084217,0.268088710465));
#4683 = ADVANCED_FACE('',(#4684),#4694,.F.);
#4684 = FACE_BOUND('',#4685,.F.);
#4685 = EDGE_LOOP('',(#4686,#4687,#4688,#4693));
#4686 = ORIENTED_EDGE('',*,*,#4669,.F.);
#4687 = ORIENTED_EDGE('',*,*,#4431,.T.);
#4688 = ORIENTED_EDGE('',*,*,#4689,.T.);
#4689 = EDGE_CURVE('',#4432,#1090,#4690,.T.);
#4690 = B_SPLINE_CURVE_WITH_KNOTS('',1,(#4691,#4692),.UNSPECIFIED.,.F.,
  .F.,(2,2),(0.,1.E-02),.PIECEWISE_BEZIER_KNOTS.);
#4691 = CARTESIAN_POINT('',(-0.405,0.451987762051,0.260883188105));
#4692 = CARTESIAN_POINT('',(-0.395,0.451987762051,0.260883188105));
#4693 = ORIENTED_EDGE('',*,*,#1098,.F.);
#4694 = B_SPLINE_SURFACE_WITH_KNOTS('',3,1,(
    (#4695,#4696)
    ,(#4697,#4698)
    ,(#4699,#4700)
    ,(#4701,#4702
    )),.UNSPECIFIED.,.F.,.F.,.F.,(4,4),(2,2),(8.,9.),(0.,1.),
  .PIECEWISE_BEZIER_KNOTS.);
#4695 = CARTESIAN_POINT('',(-0.405,0.454899084217,0.268088710465));
#4696 = CARTESIAN_POINT('',(-0.395,0.454899084217,0.268088710465));
#4697 = CARTESIAN_POINT('',(-0.405,0.454899084217,0.265056083209));
#4698 = CARTESIAN_POINT('',(-0.395,0.454899084217,0.265056083209));
#4699 = CARTESIAN_POINT('',(-0.405,0.453928643495,0.262654242422));
#4700 = CARTESIAN_POINT('',(-0.395,0.453928643495,0.262654242422));
#4701 = CARTESIAN_POINT('',(-0.405,0.451987762051,0.260883188105));
#4702 = CARTESIAN_POINT('',(-0.395,0.451987762051,0.260883188105));
#4703 = ADVANCED_FACE('',(#4704),#4714,.F.);
#4704 = FACE_BOUND('',#4705,.F.);
#4705 = EDGE_LOOP('',(#4706,#4707,#4708,#4713));
#4706 = ORIENTED_EDGE('',*,*,#4689,.F.);
#4707 = ORIENTED_EDGE('',*,*,#4440,.T.);
#4708 = ORIENTED_EDGE('',*,*,#4709,.T.);
#4709 = EDGE_CURVE('',#4441,#1081,#4710,.T.);
#4710 = B_SPLINE_CURVE_WITH_KNOTS('',1,(#4711,#4712),.UNSPECIFIED.,.F.,
  .F.,(2,2),(0.,1.E-02),.PIECEWISE_BEZIER_KNOTS.);
#4711 = CARTESIAN_POINT('',(-0.405,0.444151453222,0.25821447612));
#4712 = CARTESIAN_POINT('',(-0.395,0.444151453222,0.25821447612));
#4713 = ORIENTED_EDGE('',*,*,#1089,.F.);
#4714 = B_SPLINE_SURFACE_WITH_KNOTS('',3,1,(
    (#4715,#4716)
    ,(#4717,#4718)
    ,(#4719,#4720)
    ,(#4721,#4722
    )),.UNSPECIFIED.,.F.,.F.,.F.,(4,4),(2,2),(7.,8.),(0.,1.),
  .PIECEWISE_BEZIER_KNOTS.);
#4715 = CARTESIAN_POINT('',(-0.405,0.451987762051,0.260883188105));
#4716 = CARTESIAN_POINT('',(-0.395,0.451987762051,0.260883188105));
#4717 = CARTESIAN_POINT('',(-0.405,0.450046880607,0.259112133788));
#4718 = CARTESIAN_POINT('',(-0.395,0.450046880607,0.259112133788));
#4719 = CARTESIAN_POINT('',(-0.405,0.447438821167,0.25821447612));
#4720 = CARTESIAN_POINT('',(-0.395,0.447438821167,0.25821447612));
#4721 = CARTESIAN_POINT('',(-0.405,0.444151453222,0.25821447612));
#4722 = CARTESIAN_POINT('',(-0.395,0.444151453222,0.25821447612));
#4723 = ADVANCED_FACE('',(#4724),#4734,.F.);
#4724 = FACE_BOUND('',#4725,.F.);
#4725 = EDGE_LOOP('',(#4726,#4727,#4728,#4733));
#4726 = ORIENTED_EDGE('',*,*,#4709,.F.);
#4727 = ORIENTED_EDGE('',*,*,#4449,.T.);
#4728 = ORIENTED_EDGE('',*,*,#4729,.T.);
#4729 = EDGE_CURVE('',#4450,#1074,#4730,.T.);
#4730 = B_SPLINE_CURVE_WITH_KNOTS('',1,(#4731,#4732),.UNSPECIFIED.,.F.,
  .F.,(2,2),(0.,1.E-02),.PIECEWISE_BEZIER_KNOTS.);
#4731 = CARTESIAN_POINT('',(-0.405,0.433767737497,0.264255469614));
#4732 = CARTESIAN_POINT('',(-0.395,0.433767737497,0.264255469614));
#4733 = ORIENTED_EDGE('',*,*,#1080,.F.);
#4734 = B_SPLINE_SURFACE_WITH_KNOTS('',3,1,(
    (#4735,#4736)
    ,(#4737,#4738)
    ,(#4739,#4740)
    ,(#4741,#4742
    )),.UNSPECIFIED.,.F.,.F.,.F.,(4,4),(2,2),(6.,7.),(0.,1.),
  .PIECEWISE_BEZIER_KNOTS.);
#4735 = CARTESIAN_POINT('',(-0.405,0.444151453222,0.25821447612));
#4736 = CARTESIAN_POINT('',(-0.395,0.444151453222,0.25821447612));
#4737 = CARTESIAN_POINT('',(-0.405,0.43957825132,0.25821447612));
#4738 = CARTESIAN_POINT('',(-0.395,0.43957825132,0.25821447612));
#4739 = CARTESIAN_POINT('',(-0.405,0.436108925739,0.260228140618));
#4740 = CARTESIAN_POINT('',(-0.395,0.436108925739,0.260228140618));
#4741 = CARTESIAN_POINT('',(-0.405,0.433767737497,0.264255469614));
#4742 = CARTESIAN_POINT('',(-0.395,0.433767737497,0.264255469614));
#4743 = ADVANCED_FACE('',(#4744),#4754,.F.);
#4744 = FACE_BOUND('',#4745,.T.);
#4745 = EDGE_LOOP('',(#4746,#4747,#4752,#4753));
#4746 = ORIENTED_EDGE('',*,*,#1073,.T.);
#4747 = ORIENTED_EDGE('',*,*,#4748,.F.);
#4748 = EDGE_CURVE('',#4459,#1067,#4749,.T.);
#4749 = B_SPLINE_CURVE_WITH_KNOTS('',1,(#4750,#4751),.UNSPECIFIED.,.F.,
  .F.,(2,2),(0.,1.E-02),.PIECEWISE_BEZIER_KNOTS.);
#4750 = CARTESIAN_POINT('',(-0.405,0.43361004088,0.264255469614));
#4751 = CARTESIAN_POINT('',(-0.395,0.43361004088,0.264255469614));
#4752 = ORIENTED_EDGE('',*,*,#4458,.F.);
#4753 = ORIENTED_EDGE('',*,*,#4729,.T.);
#4754 = B_SPLINE_SURFACE_WITH_KNOTS('',1,1,(
    (#4755,#4756)
    ,(#4757,#4758
    )),.UNSPECIFIED.,.F.,.F.,.F.,(2,2),(2,2),(0.,1.E-02),(0.,
    1.576966172898E-04),.PIECEWISE_BEZIER_KNOTS.);
#4755 = CARTESIAN_POINT('',(-0.405,0.43361004088,0.264255469614));
#4756 = CARTESIAN_POINT('',(-0.405,0.433767737497,0.264255469614));
#4757 = CARTESIAN_POINT('',(-0.395,0.43361004088,0.264255469614));
#4758 = CARTESIAN_POINT('',(-0.395,0.433767737497,0.264255469614));
#4759 = ADVANCED_FACE('',(#4760),#4770,.F.);
#4760 = FACE_BOUND('',#4761,.T.);
#4761 = EDGE_LOOP('',(#4762,#4763,#4768,#4769));
#4762 = ORIENTED_EDGE('',*,*,#1066,.T.);
#4763 = ORIENTED_EDGE('',*,*,#4764,.F.);
#4764 = EDGE_CURVE('',#4466,#1060,#4765,.T.);
#4765 = B_SPLINE_CURVE_WITH_KNOTS('',1,(#4766,#4767),.UNSPECIFIED.,.F.,
  .F.,(2,2),(0.,1.E-02),.PIECEWISE_BEZIER_KNOTS.);
#4766 = CARTESIAN_POINT('',(-0.405,0.43361004088,0.259015089715));
#4767 = CARTESIAN_POINT('',(-0.395,0.43361004088,0.259015089715));
#4768 = ORIENTED_EDGE('',*,*,#4465,.F.);
#4769 = ORIENTED_EDGE('',*,*,#4748,.T.);
#4770 = B_SPLINE_SURFACE_WITH_KNOTS('',1,1,(
    (#4771,#4772)
    ,(#4773,#4774
    )),.UNSPECIFIED.,.F.,.F.,.F.,(2,2),(2,2),(-5.240379898088E-03,0.),(
    -1.835834075917E-48,1.E-02),.PIECEWISE_BEZIER_KNOTS.);
#4771 = CARTESIAN_POINT('',(-0.405,0.43361004088,0.264255469614));
#4772 = CARTESIAN_POINT('',(-0.395,0.43361004088,0.264255469614));
#4773 = CARTESIAN_POINT('',(-0.405,0.43361004088,0.259015089715));
#4774 = CARTESIAN_POINT('',(-0.395,0.43361004088,0.259015089715));
#4775 = ADVANCED_FACE('',(#4776),#4786,.F.);
#4776 = FACE_BOUND('',#4777,.T.);
#4777 = EDGE_LOOP('',(#4778,#4779,#4784,#4785));
#4778 = ORIENTED_EDGE('',*,*,#1059,.T.);
#4779 = ORIENTED_EDGE('',*,*,#4780,.F.);
#4780 = EDGE_CURVE('',#4473,#1053,#4781,.T.);
#4781 = B_SPLINE_CURVE_WITH_KNOTS('',1,(#4782,#4783),.UNSPECIFIED.,.F.,
  .F.,(2,2),(0.,1.E-02),.PIECEWISE_BEZIER_KNOTS.);
#4782 = CARTESIAN_POINT('',(-0.405,0.427666091459,0.259015089715));
#4783 = CARTESIAN_POINT('',(-0.395,0.427666091459,0.259015089715));
#4784 = ORIENTED_EDGE('',*,*,#4472,.F.);
#4785 = ORIENTED_EDGE('',*,*,#4764,.T.);
#4786 = B_SPLINE_SURFACE_WITH_KNOTS('',1,1,(
    (#4787,#4788)
    ,(#4789,#4790
    )),.UNSPECIFIED.,.F.,.F.,.F.,(2,2),(2,2),(-5.943949421631E-03,0.),(
    -2.01014317013E-48,1.E-02),.PIECEWISE_BEZIER_KNOTS.);
#4787 = CARTESIAN_POINT('',(-0.405,0.43361004088,0.259015089715));
#4788 = CARTESIAN_POINT('',(-0.395,0.43361004088,0.259015089715));
#4789 = CARTESIAN_POINT('',(-0.405,0.427666091459,0.259015089715));
#4790 = CARTESIAN_POINT('',(-0.395,0.427666091459,0.259015089715));
#4791 = ADVANCED_FACE('',(#4792),#4802,.F.);
#4792 = FACE_BOUND('',#4793,.T.);
#4793 = EDGE_LOOP('',(#4794,#4795,#4800,#4801));
#4794 = ORIENTED_EDGE('',*,*,#1052,.T.);
#4795 = ORIENTED_EDGE('',*,*,#4796,.F.);
#4796 = EDGE_CURVE('',#4480,#1044,#4797,.T.);
#4797 = B_SPLINE_CURVE_WITH_KNOTS('',1,(#4798,#4799),.UNSPECIFIED.,.F.,
  .F.,(2,2),(0.,1.E-02),.PIECEWISE_BEZIER_KNOTS.);
#4798 = CARTESIAN_POINT('',(-0.405,0.427666091459,0.28082574494));
#4799 = CARTESIAN_POINT('',(-0.395,0.427666091459,0.28082574494));
#4800 = ORIENTED_EDGE('',*,*,#4479,.F.);
#4801 = ORIENTED_EDGE('',*,*,#4780,.T.);
#4802 = B_SPLINE_SURFACE_WITH_KNOTS('',1,1,(
    (#4803,#4804)
    ,(#4805,#4806
    )),.UNSPECIFIED.,.F.,.F.,.F.,(2,2),(2,2),(-2.181065522434E-02,
    6.89861333177E-31),(-1.102025953896E-33,1.E-02),
  .PIECEWISE_BEZIER_KNOTS.);
#4803 = CARTESIAN_POINT('',(-0.405,0.427666091459,0.259015089715));
#4804 = CARTESIAN_POINT('',(-0.395,0.427666091459,0.259015089715));
#4805 = CARTESIAN_POINT('',(-0.405,0.427666091459,0.28082574494));
#4806 = CARTESIAN_POINT('',(-0.395,0.427666091459,0.28082574494));
#4807 = ADVANCED_FACE('',(#4808),#4814,.F.);
#4808 = FACE_BOUND('',#4809,.F.);
#4809 = EDGE_LOOP('',(#4810,#4811,#4812,#4813));
#4810 = ORIENTED_EDGE('',*,*,#4796,.F.);
#4811 = ORIENTED_EDGE('',*,*,#4486,.T.);
#4812 = ORIENTED_EDGE('',*,*,#4571,.T.);
#4813 = ORIENTED_EDGE('',*,*,#1043,.F.);
#4814 = B_SPLINE_SURFACE_WITH_KNOTS('',3,1,(
    (#4815,#4816)
    ,(#4817,#4818)
    ,(#4819,#4820)
    ,(#4821,#4822
    )),.UNSPECIFIED.,.F.,.F.,.F.,(4,4),(2,2),(1.,2.),(0.,1.),
  .PIECEWISE_BEZIER_KNOTS.);
#4815 = CARTESIAN_POINT('',(-0.405,0.427666091459,0.28082574494));
#4816 = CARTESIAN_POINT('',(-0.395,0.427666091459,0.28082574494));
#4817 = CARTESIAN_POINT('',(-0.405,0.427666091459,0.289414145329));
#4818 = CARTESIAN_POINT('',(-0.395,0.427666091459,0.289414145329));
#4819 = CARTESIAN_POINT('',(-0.405,0.431754073,0.293684084505));
#4820 = CARTESIAN_POINT('',(-0.395,0.431754073,0.293684084505));
#4821 = CARTESIAN_POINT('',(-0.405,0.439917905572,0.293684084505));
#4822 = CARTESIAN_POINT('',(-0.395,0.439917905572,0.293684084505));
#4823 = ADVANCED_FACE('',(#4824),#4848,.T.);
#4824 = FACE_BOUND('',#4825,.T.);
#4825 = EDGE_LOOP('',(#4826,#4837,#4842,#4843));
#4826 = ORIENTED_EDGE('',*,*,#4827,.F.);
#4827 = EDGE_CURVE('',#4828,#4830,#4832,.T.);
#4828 = VERTEX_POINT('',#4829);
#4829 = CARTESIAN_POINT('',(-0.395,0.441543393782,0.274954578573));
#4830 = VERTEX_POINT('',#4831);
#4831 = CARTESIAN_POINT('',(-0.395,0.447293255059,0.27286813102));
#4832 = B_SPLINE_CURVE_WITH_KNOTS('',3,(#4833,#4834,#4835,#4836),
  .UNSPECIFIED.,.F.,.F.,(4,4),(0.,1.),.PIECEWISE_BEZIER_KNOTS.);
#4833 = CARTESIAN_POINT('',(-0.395,0.441543393782,0.274954578573));
#4834 = CARTESIAN_POINT('',(-0.395,0.444321280348,0.274566402284));
#4835 = CARTESIAN_POINT('',(-0.395,0.446237900774,0.273887093778));
#4836 = CARTESIAN_POINT('',(-0.395,0.447293255059,0.27286813102));
#4837 = ORIENTED_EDGE('',*,*,#4838,.F.);
#4838 = EDGE_CURVE('',#4507,#4828,#4839,.T.);
#4839 = B_SPLINE_CURVE_WITH_KNOTS('',1,(#4840,#4841),.UNSPECIFIED.,.F.,
  .F.,(2,2),(0.,1.E-02),.PIECEWISE_BEZIER_KNOTS.);
#4840 = CARTESIAN_POINT('',(-0.405,0.441543393782,0.274954578573));
#4841 = CARTESIAN_POINT('',(-0.395,0.441543393782,0.274954578573));
#4842 = ORIENTED_EDGE('',*,*,#4506,.T.);
#4843 = ORIENTED_EDGE('',*,*,#4844,.T.);
#4844 = EDGE_CURVE('',#4496,#4830,#4845,.T.);
#4845 = B_SPLINE_CURVE_WITH_KNOTS('',1,(#4846,#4847),.UNSPECIFIED.,.F.,
  .F.,(2,2),(0.,1.E-02),.PIECEWISE_BEZIER_KNOTS.);
#4846 = CARTESIAN_POINT('',(-0.405,0.447293255059,0.27286813102));
#4847 = CARTESIAN_POINT('',(-0.395,0.447293255059,0.27286813102));
#4848 = B_SPLINE_SURFACE_WITH_KNOTS('',3,1,(
    (#4849,#4850)
    ,(#4851,#4852)
    ,(#4853,#4854)
    ,(#4855,#4856
    )),.UNSPECIFIED.,.F.,.F.,.F.,(4,4),(2,2),(0.,1.),(0.,1.),
  .PIECEWISE_BEZIER_KNOTS.);
#4849 = CARTESIAN_POINT('',(-0.405,0.441543393782,0.274954578573));
#4850 = CARTESIAN_POINT('',(-0.395,0.441543393782,0.274954578573));
#4851 = CARTESIAN_POINT('',(-0.405,0.444321280348,0.274566402284));
#4852 = CARTESIAN_POINT('',(-0.395,0.444321280348,0.274566402284));
#4853 = CARTESIAN_POINT('',(-0.405,0.446237900774,0.273887093778));
#4854 = CARTESIAN_POINT('',(-0.395,0.446237900774,0.273887093778));
#4855 = CARTESIAN_POINT('',(-0.405,0.447293255059,0.27286813102));
#4856 = CARTESIAN_POINT('',(-0.395,0.447293255059,0.27286813102));
#4857 = ADVANCED_FACE('',(#4858),#4876,.T.);
#4858 = FACE_BOUND('',#4859,.T.);
#4859 = EDGE_LOOP('',(#4860,#4869,#4870,#4871));
#4860 = ORIENTED_EDGE('',*,*,#4861,.F.);
#4861 = EDGE_CURVE('',#4830,#4862,#4864,.T.);
#4862 = VERTEX_POINT('',#4863);
#4863 = CARTESIAN_POINT('',(-0.395,0.448870221232,0.268573930826));
#4864 = B_SPLINE_CURVE_WITH_KNOTS('',3,(#4865,#4866,#4867,#4868),
  .UNSPECIFIED.,.F.,.F.,(4,4),(1.,2.),.PIECEWISE_BEZIER_KNOTS.);
#4865 = CARTESIAN_POINT('',(-0.395,0.447293255059,0.27286813102));
#4866 = CARTESIAN_POINT('',(-0.395,0.448336478835,0.271849168262));
#4867 = CARTESIAN_POINT('',(-0.395,0.448870221232,0.270417768198));
#4868 = CARTESIAN_POINT('',(-0.395,0.448870221232,0.268573930826));
#4869 = ORIENTED_EDGE('',*,*,#4844,.F.);
#4870 = ORIENTED_EDGE('',*,*,#4495,.T.);
#4871 = ORIENTED_EDGE('',*,*,#4872,.T.);
#4872 = EDGE_CURVE('',#4498,#4862,#4873,.T.);
#4873 = B_SPLINE_CURVE_WITH_KNOTS('',1,(#4874,#4875),.UNSPECIFIED.,.F.,
  .F.,(2,2),(0.,1.E-02),.PIECEWISE_BEZIER_KNOTS.);
#4874 = CARTESIAN_POINT('',(-0.405,0.448870221232,0.268573930826));
#4875 = CARTESIAN_POINT('',(-0.395,0.448870221232,0.268573930826));
#4876 = B_SPLINE_SURFACE_WITH_KNOTS('',3,1,(
    (#4877,#4878)
    ,(#4879,#4880)
    ,(#4881,#4882)
    ,(#4883,#4884
    )),.UNSPECIFIED.,.F.,.F.,.F.,(4,4),(2,2),(1.,2.),(0.,1.),
  .PIECEWISE_BEZIER_KNOTS.);
#4877 = CARTESIAN_POINT('',(-0.405,0.447293255059,0.27286813102));
#4878 = CARTESIAN_POINT('',(-0.395,0.447293255059,0.27286813102));
#4879 = CARTESIAN_POINT('',(-0.405,0.448336478835,0.271849168262));
#4880 = CARTESIAN_POINT('',(-0.395,0.448336478835,0.271849168262));
#4881 = CARTESIAN_POINT('',(-0.405,0.448870221232,0.270417768198));
#4882 = CARTESIAN_POINT('',(-0.395,0.448870221232,0.270417768198));
#4883 = CARTESIAN_POINT('',(-0.405,0.448870221232,0.268573930826));
#4884 = CARTESIAN_POINT('',(-0.395,0.448870221232,0.268573930826));
#4885 = ADVANCED_FACE('',(#4886),#4904,.T.);
#4886 = FACE_BOUND('',#4887,.T.);
#4887 = EDGE_LOOP('',(#4888,#4897,#4898,#4899));
#4888 = ORIENTED_EDGE('',*,*,#4889,.F.);
#4889 = EDGE_CURVE('',#4862,#4890,#4892,.T.);
#4890 = VERTEX_POINT('',#4891);
#4891 = CARTESIAN_POINT('',(-0.395,0.447147688951,0.264619384884));
#4892 = B_SPLINE_CURVE_WITH_KNOTS('',3,(#4893,#4894,#4895,#4896),
  .UNSPECIFIED.,.F.,.F.,(4,4),(2.,3.),.PIECEWISE_BEZIER_KNOTS.);
#4893 = CARTESIAN_POINT('',(-0.395,0.448870221232,0.268573930826));
#4894 = CARTESIAN_POINT('',(-0.395,0.448870221232,0.266948442617));
#4895 = CARTESIAN_POINT('',(-0.395,0.448300087308,0.265638347642));
#4896 = CARTESIAN_POINT('',(-0.395,0.447147688951,0.264619384884));
#4897 = ORIENTED_EDGE('',*,*,#4872,.F.);
#4898 = ORIENTED_EDGE('',*,*,#4556,.T.);
#4899 = ORIENTED_EDGE('',*,*,#4900,.T.);
#4900 = EDGE_CURVE('',#4548,#4890,#4901,.T.);
#4901 = B_SPLINE_CURVE_WITH_KNOTS('',1,(#4902,#4903),.UNSPECIFIED.,.F.,
  .F.,(2,2),(0.,1.E-02),.PIECEWISE_BEZIER_KNOTS.);
#4902 = CARTESIAN_POINT('',(-0.405,0.447147688951,0.264619384884));
#4903 = CARTESIAN_POINT('',(-0.395,0.447147688951,0.264619384884));
#4904 = B_SPLINE_SURFACE_WITH_KNOTS('',3,1,(
    (#4905,#4906)
    ,(#4907,#4908)
    ,(#4909,#4910)
    ,(#4911,#4912
    )),.UNSPECIFIED.,.F.,.F.,.F.,(4,4),(2,2),(2.,3.),(0.,1.),
  .PIECEWISE_BEZIER_KNOTS.);
#4905 = CARTESIAN_POINT('',(-0.405,0.448870221232,0.268573930826));
#4906 = CARTESIAN_POINT('',(-0.395,0.448870221232,0.268573930826));
#4907 = CARTESIAN_POINT('',(-0.405,0.448870221232,0.266948442617));
#4908 = CARTESIAN_POINT('',(-0.395,0.448870221232,0.266948442617));
#4909 = CARTESIAN_POINT('',(-0.405,0.448300087308,0.265638347642));
#4910 = CARTESIAN_POINT('',(-0.395,0.448300087308,0.265638347642));
#4911 = CARTESIAN_POINT('',(-0.405,0.447147688951,0.264619384884));
#4912 = CARTESIAN_POINT('',(-0.395,0.447147688951,0.264619384884));
#4913 = ADVANCED_FACE('',(#4914),#4932,.T.);
#4914 = FACE_BOUND('',#4915,.T.);
#4915 = EDGE_LOOP('',(#4916,#4925,#4926,#4927));
#4916 = ORIENTED_EDGE('',*,*,#4917,.F.);
#4917 = EDGE_CURVE('',#4890,#4918,#4920,.T.);
#4918 = VERTEX_POINT('',#4919);
#4919 = CARTESIAN_POINT('',(-0.395,0.442610878576,0.263090940747));
#4920 = B_SPLINE_CURVE_WITH_KNOTS('',3,(#4921,#4922,#4923,#4924),
  .UNSPECIFIED.,.F.,.F.,(4,4),(3.,4.),.PIECEWISE_BEZIER_KNOTS.);
#4921 = CARTESIAN_POINT('',(-0.395,0.447147688951,0.264619384884));
#4922 = CARTESIAN_POINT('',(-0.395,0.446007421102,0.263600422126));
#4923 = CARTESIAN_POINT('',(-0.395,0.444491107475,0.263090940747));
#4924 = CARTESIAN_POINT('',(-0.395,0.442610878576,0.263090940747));
#4925 = ORIENTED_EDGE('',*,*,#4900,.F.);
#4926 = ORIENTED_EDGE('',*,*,#4547,.T.);
#4927 = ORIENTED_EDGE('',*,*,#4928,.T.);
#4928 = EDGE_CURVE('',#4539,#4918,#4929,.T.);
#4929 = B_SPLINE_CURVE_WITH_KNOTS('',1,(#4930,#4931),.UNSPECIFIED.,.F.,
  .F.,(2,2),(0.,1.E-02),.PIECEWISE_BEZIER_KNOTS.);
#4930 = CARTESIAN_POINT('',(-0.405,0.442610878576,0.263090940747));
#4931 = CARTESIAN_POINT('',(-0.395,0.442610878576,0.263090940747));
#4932 = B_SPLINE_SURFACE_WITH_KNOTS('',3,1,(
    (#4933,#4934)
    ,(#4935,#4936)
    ,(#4937,#4938)
    ,(#4939,#4940
    )),.UNSPECIFIED.,.F.,.F.,.F.,(4,4),(2,2),(3.,4.),(0.,1.),
  .PIECEWISE_BEZIER_KNOTS.);
#4933 = CARTESIAN_POINT('',(-0.405,0.447147688951,0.264619384884));
#4934 = CARTESIAN_POINT('',(-0.395,0.447147688951,0.264619384884));
#4935 = CARTESIAN_POINT('',(-0.405,0.446007421102,0.263600422126));
#4936 = CARTESIAN_POINT('',(-0.395,0.446007421102,0.263600422126));
#4937 = CARTESIAN_POINT('',(-0.405,0.444491107475,0.263090940747));
#4938 = CARTESIAN_POINT('',(-0.395,0.444491107475,0.263090940747));
#4939 = CARTESIAN_POINT('',(-0.405,0.442610878576,0.263090940747));
#4940 = CARTESIAN_POINT('',(-0.395,0.442610878576,0.263090940747));
#4941 = ADVANCED_FACE('',(#4942),#4960,.T.);
#4942 = FACE_BOUND('',#4943,.T.);
#4943 = EDGE_LOOP('',(#4944,#4953,#4954,#4955));
#4944 = ORIENTED_EDGE('',*,*,#4945,.F.);
#4945 = EDGE_CURVE('',#4918,#4946,#4948,.T.);
#4946 = VERTEX_POINT('',#4947);
#4947 = CARTESIAN_POINT('',(-0.395,0.436157447775,0.265856696805));
#4948 = B_SPLINE_CURVE_WITH_KNOTS('',3,(#4949,#4950,#4951,#4952),
  .UNSPECIFIED.,.F.,.F.,(4,4),(4.,5.),.PIECEWISE_BEZIER_KNOTS.);
#4949 = CARTESIAN_POINT('',(-0.395,0.442610878576,0.263090940747));
#4950 = CARTESIAN_POINT('',(-0.395,0.440002819136,0.263090940747));
#4951 = CARTESIAN_POINT('',(-0.395,0.43784358853,0.264012859433));
#4952 = CARTESIAN_POINT('',(-0.395,0.436157447775,0.265856696805));
#4953 = ORIENTED_EDGE('',*,*,#4928,.F.);
#4954 = ORIENTED_EDGE('',*,*,#4538,.T.);
#4955 = ORIENTED_EDGE('',*,*,#4956,.T.);
#4956 = EDGE_CURVE('',#4530,#4946,#4957,.T.);
#4957 = B_SPLINE_CURVE_WITH_KNOTS('',1,(#4958,#4959),.UNSPECIFIED.,.F.,
  .F.,(2,2),(0.,1.E-02),.PIECEWISE_BEZIER_KNOTS.);
#4958 = CARTESIAN_POINT('',(-0.405,0.436157447775,0.265856696805));
#4959 = CARTESIAN_POINT('',(-0.395,0.436157447775,0.265856696805));
#4960 = B_SPLINE_SURFACE_WITH_KNOTS('',3,1,(
    (#4961,#4962)
    ,(#4963,#4964)
    ,(#4965,#4966)
    ,(#4967,#4968
    )),.UNSPECIFIED.,.F.,.F.,.F.,(4,4),(2,2),(4.,5.),(0.,1.),
  .PIECEWISE_BEZIER_KNOTS.);
#4961 = CARTESIAN_POINT('',(-0.405,0.442610878576,0.263090940747));
#4962 = CARTESIAN_POINT('',(-0.395,0.442610878576,0.263090940747));
#4963 = CARTESIAN_POINT('',(-0.405,0.440002819136,0.263090940747));
#4964 = CARTESIAN_POINT('',(-0.395,0.440002819136,0.263090940747));
#4965 = CARTESIAN_POINT('',(-0.405,0.43784358853,0.264012859433));
#4966 = CARTESIAN_POINT('',(-0.395,0.43784358853,0.264012859433));
#4967 = CARTESIAN_POINT('',(-0.405,0.436157447775,0.265856696805));
#4968 = CARTESIAN_POINT('',(-0.395,0.436157447775,0.265856696805));
#4969 = ADVANCED_FACE('',(#4970),#4988,.T.);
#4970 = FACE_BOUND('',#4971,.T.);
#4971 = EDGE_LOOP('',(#4972,#4981,#4982,#4983));
#4972 = ORIENTED_EDGE('',*,*,#4973,.F.);
#4973 = EDGE_CURVE('',#4946,#4974,#4976,.T.);
#4974 = VERTEX_POINT('',#4975);
#4975 = CARTESIAN_POINT('',(-0.395,0.43361004088,0.272771086948));
#4976 = B_SPLINE_CURVE_WITH_KNOTS('',3,(#4977,#4978,#4979,#4980),
  .UNSPECIFIED.,.F.,.F.,(4,4),(5.,6.),.PIECEWISE_BEZIER_KNOTS.);
#4977 = CARTESIAN_POINT('',(-0.395,0.436157447775,0.265856696805));
#4978 = CARTESIAN_POINT('',(-0.395,0.434459176512,0.267676273158));
#4979 = CARTESIAN_POINT('',(-0.395,0.43361004088,0.269981069873));
#4980 = CARTESIAN_POINT('',(-0.395,0.43361004088,0.272771086948));
#4981 = ORIENTED_EDGE('',*,*,#4956,.F.);
#4982 = ORIENTED_EDGE('',*,*,#4529,.T.);
#4983 = ORIENTED_EDGE('',*,*,#4984,.T.);
#4984 = EDGE_CURVE('',#4523,#4974,#4985,.T.);
#4985 = B_SPLINE_CURVE_WITH_KNOTS('',1,(#4986,#4987),.UNSPECIFIED.,.F.,
  .F.,(2,2),(0.,1.E-02),.PIECEWISE_BEZIER_KNOTS.);
#4986 = CARTESIAN_POINT('',(-0.405,0.43361004088,0.272771086948));
#4987 = CARTESIAN_POINT('',(-0.395,0.43361004088,0.272771086948));
#4988 = B_SPLINE_SURFACE_WITH_KNOTS('',3,1,(
    (#4989,#4990)
    ,(#4991,#4992)
    ,(#4993,#4994)
    ,(#4995,#4996
    )),.UNSPECIFIED.,.F.,.F.,.F.,(4,4),(2,2),(5.,6.),(0.,1.),
  .PIECEWISE_BEZIER_KNOTS.);
#4989 = CARTESIAN_POINT('',(-0.405,0.436157447775,0.265856696805));
#4990 = CARTESIAN_POINT('',(-0.395,0.436157447775,0.265856696805));
#4991 = CARTESIAN_POINT('',(-0.405,0.434459176512,0.267676273158));
#4992 = CARTESIAN_POINT('',(-0.395,0.434459176512,0.267676273158));
#4993 = CARTESIAN_POINT('',(-0.405,0.43361004088,0.269981069873));
#4994 = CARTESIAN_POINT('',(-0.395,0.43361004088,0.269981069873));
#4995 = CARTESIAN_POINT('',(-0.405,0.43361004088,0.272771086948));
#4996 = CARTESIAN_POINT('',(-0.395,0.43361004088,0.272771086948));
#4997 = ADVANCED_FACE('',(#4998),#5014,.T.);
#4998 = FACE_BOUND('',#4999,.T.);
#4999 = EDGE_LOOP('',(#5000,#5007,#5008,#5009));
#5000 = ORIENTED_EDGE('',*,*,#5001,.F.);
#5001 = EDGE_CURVE('',#4974,#5002,#5004,.T.);
#5002 = VERTEX_POINT('',#5003);
#5003 = CARTESIAN_POINT('',(-0.395,0.43361004088,0.276022063367));
#5004 = B_SPLINE_CURVE_WITH_KNOTS('',1,(#5005,#5006),.UNSPECIFIED.,.F.,
  .F.,(2,2),(0.,3.250976418526E-03),.PIECEWISE_BEZIER_KNOTS.);
#5005 = CARTESIAN_POINT('',(-0.395,0.43361004088,0.272771086948));
#5006 = CARTESIAN_POINT('',(-0.395,0.43361004088,0.276022063367));
#5007 = ORIENTED_EDGE('',*,*,#4984,.F.);
#5008 = ORIENTED_EDGE('',*,*,#4522,.T.);
#5009 = ORIENTED_EDGE('',*,*,#5010,.T.);
#5010 = EDGE_CURVE('',#4516,#5002,#5011,.T.);
#5011 = B_SPLINE_CURVE_WITH_KNOTS('',1,(#5012,#5013),.UNSPECIFIED.,.F.,
  .F.,(2,2),(0.,1.E-02),.PIECEWISE_BEZIER_KNOTS.);
#5012 = CARTESIAN_POINT('',(-0.405,0.43361004088,0.276022063367));
#5013 = CARTESIAN_POINT('',(-0.395,0.43361004088,0.276022063367));
#5014 = B_SPLINE_SURFACE_WITH_KNOTS('',1,1,(
    (#5015,#5016)
    ,(#5017,#5018
    )),.UNSPECIFIED.,.F.,.F.,.F.,(2,2),(2,2),(0.,3.250976418526E-03),(0.
    ,1.E-02),.PIECEWISE_BEZIER_KNOTS.);
#5015 = CARTESIAN_POINT('',(-0.405,0.43361004088,0.272771086948));
#5016 = CARTESIAN_POINT('',(-0.395,0.43361004088,0.272771086948));
#5017 = CARTESIAN_POINT('',(-0.405,0.43361004088,0.276022063367));
#5018 = CARTESIAN_POINT('',(-0.395,0.43361004088,0.276022063367));
#5019 = ADVANCED_FACE('',(#5020),#5030,.T.);
#5020 = FACE_BOUND('',#5021,.T.);
#5021 = EDGE_LOOP('',(#5022,#5027,#5028,#5029));
#5022 = ORIENTED_EDGE('',*,*,#5023,.F.);
#5023 = EDGE_CURVE('',#5002,#4828,#5024,.T.);
#5024 = B_SPLINE_CURVE_WITH_KNOTS('',1,(#5025,#5026),.UNSPECIFIED.,.F.,
  .F.,(2,2),(0.,8.004849283137E-03),.PIECEWISE_BEZIER_KNOTS.);
#5025 = CARTESIAN_POINT('',(-0.395,0.43361004088,0.276022063367));
#5026 = CARTESIAN_POINT('',(-0.395,0.441543393782,0.274954578573));
#5027 = ORIENTED_EDGE('',*,*,#5010,.F.);
#5028 = ORIENTED_EDGE('',*,*,#4515,.T.);
#5029 = ORIENTED_EDGE('',*,*,#4838,.T.);
#5030 = B_SPLINE_SURFACE_WITH_KNOTS('',1,1,(
    (#5031,#5032)
    ,(#5033,#5034
    )),.UNSPECIFIED.,.F.,.F.,.F.,(2,2),(2,2),(0.,8.004849283137E-03),(
    -3.08335578694E-36,1.E-02),.PIECEWISE_BEZIER_KNOTS.);
#5031 = CARTESIAN_POINT('',(-0.405,0.43361004088,0.276022063367));
#5032 = CARTESIAN_POINT('',(-0.395,0.43361004088,0.276022063367));
#5033 = CARTESIAN_POINT('',(-0.405,0.441543393782,0.274954578573));
#5034 = CARTESIAN_POINT('',(-0.395,0.441543393782,0.274954578573));
#5035 = ADVANCED_FACE('',(#5036),#5046,.F.);
#5036 = FACE_BOUND('',#5037,.T.);
#5037 = EDGE_LOOP('',(#5038,#5039,#5040,#5041,#5042,#5043,#5044,#5045));
#5038 = ORIENTED_EDGE('',*,*,#5023,.T.);
#5039 = ORIENTED_EDGE('',*,*,#4827,.T.);
#5040 = ORIENTED_EDGE('',*,*,#4861,.T.);
#5041 = ORIENTED_EDGE('',*,*,#4889,.T.);
#5042 = ORIENTED_EDGE('',*,*,#4917,.T.);
#5043 = ORIENTED_EDGE('',*,*,#4945,.T.);
#5044 = ORIENTED_EDGE('',*,*,#4973,.T.);
#5045 = ORIENTED_EDGE('',*,*,#5001,.T.);
#5046 = B_SPLINE_SURFACE_WITH_KNOTS('',1,1,(
    (#5047,#5048)
    ,(#5049,#5050
    )),.UNSPECIFIED.,.F.,.F.,.F.,(2,2),(2,2),(-0.36638995912,
    -0.351129778768),(-0.176909159253,-0.163978036633),
  .PIECEWISE_BEZIER_KNOTS.);
#5047 = CARTESIAN_POINT('',(-0.395,0.43361004088,0.263090940747));
#5048 = CARTESIAN_POINT('',(-0.395,0.43361004088,0.276022063367));
#5049 = CARTESIAN_POINT('',(-0.395,0.448870221232,0.263090940747));
#5050 = CARTESIAN_POINT('',(-0.395,0.448870221232,0.276022063367));
#5051 = ADVANCED_FACE('',(#5052),#5076,.F.);
#5052 = FACE_BOUND('',#5053,.F.);
#5053 = EDGE_LOOP('',(#5054,#5061,#5070,#5075));
#5054 = ORIENTED_EDGE('',*,*,#5055,.F.);
#5055 = EDGE_CURVE('',#5056,#1636,#5058,.T.);
#5056 = VERTEX_POINT('',#5057);
#5057 = CARTESIAN_POINT('',(-0.405,0.409834243194,0.263066679729));
#5058 = B_SPLINE_CURVE_WITH_KNOTS('',1,(#5059,#5060),.UNSPECIFIED.,.F.,
  .F.,(2,2),(0.,1.E-02),.PIECEWISE_BEZIER_KNOTS.);
#5059 = CARTESIAN_POINT('',(-0.405,0.409834243194,0.263066679729));
#5060 = CARTESIAN_POINT('',(-0.395,0.409834243194,0.263066679729));
#5061 = ORIENTED_EDGE('',*,*,#5062,.T.);
#5062 = EDGE_CURVE('',#5056,#5063,#5065,.T.);
#5063 = VERTEX_POINT('',#5064);
#5064 = CARTESIAN_POINT('',(-0.405,0.419611433467,0.266341917166));
#5065 = B_SPLINE_CURVE_WITH_KNOTS('',3,(#5066,#5067,#5068,#5069),
  .UNSPECIFIED.,.F.,.F.,(4,4),(0.,1.),.PIECEWISE_BEZIER_KNOTS.);
#5066 = CARTESIAN_POINT('',(-0.405,0.409834243194,0.263066679729));
#5067 = CARTESIAN_POINT('',(-0.405,0.413327829793,0.263066679729));
#5068 = CARTESIAN_POINT('',(-0.405,0.416578806211,0.264158425541));
#5069 = CARTESIAN_POINT('',(-0.405,0.419611433467,0.266341917166));
#5070 = ORIENTED_EDGE('',*,*,#5071,.T.);
#5071 = EDGE_CURVE('',#5063,#1638,#5072,.T.);
#5072 = B_SPLINE_CURVE_WITH_KNOTS('',1,(#5073,#5074),.UNSPECIFIED.,.F.,
  .F.,(2,2),(0.,1.E-02),.PIECEWISE_BEZIER_KNOTS.);
#5073 = CARTESIAN_POINT('',(-0.405,0.419611433467,0.266341917166));
#5074 = CARTESIAN_POINT('',(-0.395,0.419611433467,0.266341917166));
#5075 = ORIENTED_EDGE('',*,*,#1635,.F.);
#5076 = B_SPLINE_SURFACE_WITH_KNOTS('',3,1,(
    (#5077,#5078)
    ,(#5079,#5080)
    ,(#5081,#5082)
    ,(#5083,#5084
    )),.UNSPECIFIED.,.F.,.F.,.F.,(4,4),(2,2),(0.,1.),(0.,1.),
  .PIECEWISE_BEZIER_KNOTS.);
#5077 = CARTESIAN_POINT('',(-0.405,0.409834243194,0.263066679729));
#5078 = CARTESIAN_POINT('',(-0.395,0.409834243194,0.263066679729));
#5079 = CARTESIAN_POINT('',(-0.405,0.413327829793,0.263066679729));
#5080 = CARTESIAN_POINT('',(-0.395,0.413327829793,0.263066679729));
#5081 = CARTESIAN_POINT('',(-0.405,0.416578806211,0.264158425541));
#5082 = CARTESIAN_POINT('',(-0.395,0.416578806211,0.264158425541));
#5083 = CARTESIAN_POINT('',(-0.405,0.419611433467,0.266341917166));
#5084 = CARTESIAN_POINT('',(-0.395,0.419611433467,0.266341917166));
#5085 = ADVANCED_FACE('',(#5086),#5102,.F.);
#5086 = FACE_BOUND('',#5087,.T.);
#5087 = EDGE_LOOP('',(#5088,#5089,#5096,#5101));
#5088 = ORIENTED_EDGE('',*,*,#1815,.T.);
#5089 = ORIENTED_EDGE('',*,*,#5090,.F.);
#5090 = EDGE_CURVE('',#5091,#1807,#5093,.T.);
#5091 = VERTEX_POINT('',#5092);
#5092 = CARTESIAN_POINT('',(-0.405,0.419611433467,0.2602038796));
#5093 = B_SPLINE_CURVE_WITH_KNOTS('',1,(#5094,#5095),.UNSPECIFIED.,.F.,
  .F.,(2,2),(0.,1.E-02),.PIECEWISE_BEZIER_KNOTS.);
#5094 = CARTESIAN_POINT('',(-0.405,0.419611433467,0.2602038796));
#5095 = CARTESIAN_POINT('',(-0.395,0.419611433467,0.2602038796));
#5096 = ORIENTED_EDGE('',*,*,#5097,.F.);
#5097 = EDGE_CURVE('',#5063,#5091,#5098,.T.);
#5098 = B_SPLINE_CURVE_WITH_KNOTS('',1,(#5099,#5100),.UNSPECIFIED.,.F.,
  .F.,(2,2),(-6.138037565788E-03,-0.),.PIECEWISE_BEZIER_KNOTS.);
#5099 = CARTESIAN_POINT('',(-0.405,0.419611433467,0.266341917166));
#5100 = CARTESIAN_POINT('',(-0.405,0.419611433467,0.2602038796));
#5101 = ORIENTED_EDGE('',*,*,#5071,.T.);
#5102 = B_SPLINE_SURFACE_WITH_KNOTS('',1,1,(
    (#5103,#5104)
    ,(#5105,#5106
    )),.UNSPECIFIED.,.F.,.F.,.F.,(2,2),(2,2),(-6.138037565788E-03,0.),(
    -2.150305653727E-48,1.E-02),.PIECEWISE_BEZIER_KNOTS.);
#5103 = CARTESIAN_POINT('',(-0.405,0.419611433467,0.266341917166));
#5104 = CARTESIAN_POINT('',(-0.395,0.419611433467,0.266341917166));
#5105 = CARTESIAN_POINT('',(-0.405,0.419611433467,0.2602038796));
#5106 = CARTESIAN_POINT('',(-0.395,0.419611433467,0.2602038796));
#5107 = ADVANCED_FACE('',(#5108),#5126,.F.);
#5108 = FACE_BOUND('',#5109,.F.);
#5109 = EDGE_LOOP('',(#5110,#5111,#5120,#5125));
#5110 = ORIENTED_EDGE('',*,*,#5090,.F.);
#5111 = ORIENTED_EDGE('',*,*,#5112,.T.);
#5112 = EDGE_CURVE('',#5091,#5113,#5115,.T.);
#5113 = VERTEX_POINT('',#5114);
#5114 = CARTESIAN_POINT('',(-0.405,0.410416507627,0.25821447612));
#5115 = B_SPLINE_CURVE_WITH_KNOTS('',3,(#5116,#5117,#5118,#5119),
  .UNSPECIFIED.,.F.,.F.,(4,4),(19.,20.),.PIECEWISE_BEZIER_KNOTS.);
#5116 = CARTESIAN_POINT('',(-0.405,0.419611433467,0.2602038796));
#5117 = CARTESIAN_POINT('',(-0.405,0.416991243518,0.258893784625));
#5118 = CARTESIAN_POINT('',(-0.405,0.413934355244,0.25821447612));
#5119 = CARTESIAN_POINT('',(-0.405,0.410416507627,0.25821447612));
#5120 = ORIENTED_EDGE('',*,*,#5121,.T.);
#5121 = EDGE_CURVE('',#5113,#1798,#5122,.T.);
#5122 = B_SPLINE_CURVE_WITH_KNOTS('',1,(#5123,#5124),.UNSPECIFIED.,.F.,
  .F.,(2,2),(0.,1.E-02),.PIECEWISE_BEZIER_KNOTS.);
#5123 = CARTESIAN_POINT('',(-0.405,0.410416507627,0.25821447612));
#5124 = CARTESIAN_POINT('',(-0.395,0.410416507627,0.25821447612));
#5125 = ORIENTED_EDGE('',*,*,#1806,.F.);
#5126 = B_SPLINE_SURFACE_WITH_KNOTS('',3,1,(
    (#5127,#5128)
    ,(#5129,#5130)
    ,(#5131,#5132)
    ,(#5133,#5134
    )),.UNSPECIFIED.,.F.,.F.,.F.,(4,4),(2,2),(19.,20.),(0.,1.),
  .PIECEWISE_BEZIER_KNOTS.);
#5127 = CARTESIAN_POINT('',(-0.405,0.419611433467,0.2602038796));
#5128 = CARTESIAN_POINT('',(-0.395,0.419611433467,0.2602038796));
#5129 = CARTESIAN_POINT('',(-0.405,0.416991243518,0.258893784625));
#5130 = CARTESIAN_POINT('',(-0.395,0.416991243518,0.258893784625));
#5131 = CARTESIAN_POINT('',(-0.405,0.413934355244,0.25821447612));
#5132 = CARTESIAN_POINT('',(-0.395,0.413934355244,0.25821447612));
#5133 = CARTESIAN_POINT('',(-0.405,0.410416507627,0.25821447612));
#5134 = CARTESIAN_POINT('',(-0.395,0.410416507627,0.25821447612));
#5135 = ADVANCED_FACE('',(#5136),#5154,.F.);
#5136 = FACE_BOUND('',#5137,.F.);
#5137 = EDGE_LOOP('',(#5138,#5139,#5148,#5153));
#5138 = ORIENTED_EDGE('',*,*,#5121,.F.);
#5139 = ORIENTED_EDGE('',*,*,#5140,.T.);
#5140 = EDGE_CURVE('',#5113,#5141,#5143,.T.);
#5141 = VERTEX_POINT('',#5142);
#5142 = CARTESIAN_POINT('',(-0.405,0.400542273282,0.260907449123));
#5143 = B_SPLINE_CURVE_WITH_KNOTS('',3,(#5144,#5145,#5146,#5147),
  .UNSPECIFIED.,.F.,.F.,(4,4),(18.,19.),.PIECEWISE_BEZIER_KNOTS.);
#5144 = CARTESIAN_POINT('',(-0.405,0.410416507627,0.25821447612));
#5145 = CARTESIAN_POINT('',(-0.405,0.406377048122,0.25821447612));
#5146 = CARTESIAN_POINT('',(-0.405,0.403077549668,0.259112133788));
#5147 = CARTESIAN_POINT('',(-0.405,0.400542273282,0.260907449123));
#5148 = ORIENTED_EDGE('',*,*,#5149,.T.);
#5149 = EDGE_CURVE('',#5141,#1789,#5150,.T.);
#5150 = B_SPLINE_CURVE_WITH_KNOTS('',1,(#5151,#5152),.UNSPECIFIED.,.F.,
  .F.,(2,2),(0.,1.E-02),.PIECEWISE_BEZIER_KNOTS.);
#5151 = CARTESIAN_POINT('',(-0.405,0.400542273282,0.260907449123));
#5152 = CARTESIAN_POINT('',(-0.395,0.400542273282,0.260907449123));
#5153 = ORIENTED_EDGE('',*,*,#1797,.F.);
#5154 = B_SPLINE_SURFACE_WITH_KNOTS('',3,1,(
    (#5155,#5156)
    ,(#5157,#5158)
    ,(#5159,#5160)
    ,(#5161,#5162
    )),.UNSPECIFIED.,.F.,.F.,.F.,(4,4),(2,2),(18.,19.),(0.,1.),
  .PIECEWISE_BEZIER_KNOTS.);
#5155 = CARTESIAN_POINT('',(-0.405,0.410416507627,0.25821447612));
#5156 = CARTESIAN_POINT('',(-0.395,0.410416507627,0.25821447612));
#5157 = CARTESIAN_POINT('',(-0.405,0.406377048122,0.25821447612));
#5158 = CARTESIAN_POINT('',(-0.395,0.406377048122,0.25821447612));
#5159 = CARTESIAN_POINT('',(-0.405,0.403077549668,0.259112133788));
#5160 = CARTESIAN_POINT('',(-0.395,0.403077549668,0.259112133788));
#5161 = CARTESIAN_POINT('',(-0.405,0.400542273282,0.260907449123));
#5162 = CARTESIAN_POINT('',(-0.395,0.400542273282,0.260907449123));
#5163 = ADVANCED_FACE('',(#5164),#5182,.F.);
#5164 = FACE_BOUND('',#5165,.F.);
#5165 = EDGE_LOOP('',(#5166,#5167,#5176,#5181));
#5166 = ORIENTED_EDGE('',*,*,#5149,.F.);
#5167 = ORIENTED_EDGE('',*,*,#5168,.T.);
#5168 = EDGE_CURVE('',#5141,#5169,#5171,.T.);
#5169 = VERTEX_POINT('',#5170);
#5170 = CARTESIAN_POINT('',(-0.405,0.396721162939,0.268234276573));
#5171 = B_SPLINE_CURVE_WITH_KNOTS('',3,(#5172,#5173,#5174,#5175),
  .UNSPECIFIED.,.F.,.F.,(4,4),(17.,18.),.PIECEWISE_BEZIER_KNOTS.);
#5172 = CARTESIAN_POINT('',(-0.405,0.400542273282,0.260907449123));
#5173 = CARTESIAN_POINT('',(-0.405,0.397994866387,0.262678503441));
#5174 = CARTESIAN_POINT('',(-0.405,0.396721162939,0.265128866263));
#5175 = CARTESIAN_POINT('',(-0.405,0.396721162939,0.268234276573));
#5176 = ORIENTED_EDGE('',*,*,#5177,.T.);
#5177 = EDGE_CURVE('',#5169,#1780,#5178,.T.);
#5178 = B_SPLINE_CURVE_WITH_KNOTS('',1,(#5179,#5180),.UNSPECIFIED.,.F.,
  .F.,(2,2),(0.,1.E-02),.PIECEWISE_BEZIER_KNOTS.);
#5179 = CARTESIAN_POINT('',(-0.405,0.396721162939,0.268234276573));
#5180 = CARTESIAN_POINT('',(-0.395,0.396721162939,0.268234276573));
#5181 = ORIENTED_EDGE('',*,*,#1788,.F.);
#5182 = B_SPLINE_SURFACE_WITH_KNOTS('',3,1,(
    (#5183,#5184)
    ,(#5185,#5186)
    ,(#5187,#5188)
    ,(#5189,#5190
    )),.UNSPECIFIED.,.F.,.F.,.F.,(4,4),(2,2),(17.,18.),(0.,1.),
  .PIECEWISE_BEZIER_KNOTS.);
#5183 = CARTESIAN_POINT('',(-0.405,0.400542273282,0.260907449123));
#5184 = CARTESIAN_POINT('',(-0.395,0.400542273282,0.260907449123));
#5185 = CARTESIAN_POINT('',(-0.405,0.397994866387,0.262678503441));
#5186 = CARTESIAN_POINT('',(-0.395,0.397994866387,0.262678503441));
#5187 = CARTESIAN_POINT('',(-0.405,0.396721162939,0.265128866263));
#5188 = CARTESIAN_POINT('',(-0.395,0.396721162939,0.265128866263));
#5189 = CARTESIAN_POINT('',(-0.405,0.396721162939,0.268234276573));
#5190 = CARTESIAN_POINT('',(-0.395,0.396721162939,0.268234276573));
#5191 = ADVANCED_FACE('',(#5192),#5210,.F.);
#5192 = FACE_BOUND('',#5193,.F.);
#5193 = EDGE_LOOP('',(#5194,#5195,#5204,#5209));
#5194 = ORIENTED_EDGE('',*,*,#5177,.F.);
#5195 = ORIENTED_EDGE('',*,*,#5196,.T.);
#5196 = EDGE_CURVE('',#5169,#5197,#5199,.T.);
#5197 = VERTEX_POINT('',#5198);
#5198 = CARTESIAN_POINT('',(-0.405,0.398710566419,0.273838571742));
#5199 = B_SPLINE_CURVE_WITH_KNOTS('',3,(#5200,#5201,#5202,#5203),
  .UNSPECIFIED.,.F.,.F.,(4,4),(16.,17.),.PIECEWISE_BEZIER_KNOTS.);
#5200 = CARTESIAN_POINT('',(-0.405,0.396721162939,0.268234276573));
#5201 = CARTESIAN_POINT('',(-0.405,0.396721162939,0.270466290234));
#5202 = CARTESIAN_POINT('',(-0.405,0.397388340935,0.272334388624));
#5203 = CARTESIAN_POINT('',(-0.405,0.398710566419,0.273838571742));
#5204 = ORIENTED_EDGE('',*,*,#5205,.T.);
#5205 = EDGE_CURVE('',#5197,#1771,#5206,.T.);
#5206 = B_SPLINE_CURVE_WITH_KNOTS('',1,(#5207,#5208),.UNSPECIFIED.,.F.,
  .F.,(2,2),(0.,1.E-02),.PIECEWISE_BEZIER_KNOTS.);
#5207 = CARTESIAN_POINT('',(-0.405,0.398710566419,0.273838571742));
#5208 = CARTESIAN_POINT('',(-0.395,0.398710566419,0.273838571742));
#5209 = ORIENTED_EDGE('',*,*,#1779,.F.);
#5210 = B_SPLINE_SURFACE_WITH_KNOTS('',3,1,(
    (#5211,#5212)
    ,(#5213,#5214)
    ,(#5215,#5216)
    ,(#5217,#5218
    )),.UNSPECIFIED.,.F.,.F.,.F.,(4,4),(2,2),(16.,17.),(0.,1.),
  .PIECEWISE_BEZIER_KNOTS.);
#5211 = CARTESIAN_POINT('',(-0.405,0.396721162939,0.268234276573));
#5212 = CARTESIAN_POINT('',(-0.395,0.396721162939,0.268234276573));
#5213 = CARTESIAN_POINT('',(-0.405,0.396721162939,0.270466290234));
#5214 = CARTESIAN_POINT('',(-0.395,0.396721162939,0.270466290234));
#5215 = CARTESIAN_POINT('',(-0.405,0.397388340935,0.272334388624));
#5216 = CARTESIAN_POINT('',(-0.395,0.397388340935,0.272334388624));
#5217 = CARTESIAN_POINT('',(-0.405,0.398710566419,0.273838571742));
#5218 = CARTESIAN_POINT('',(-0.395,0.398710566419,0.273838571742));
#5219 = ADVANCED_FACE('',(#5220),#5238,.F.);
#5220 = FACE_BOUND('',#5221,.F.);
#5221 = EDGE_LOOP('',(#5222,#5223,#5232,#5237));
#5222 = ORIENTED_EDGE('',*,*,#5205,.F.);
#5223 = ORIENTED_EDGE('',*,*,#5224,.T.);
#5224 = EDGE_CURVE('',#5197,#5225,#5227,.T.);
#5225 = VERTEX_POINT('',#5226);
#5226 = CARTESIAN_POINT('',(-0.405,0.406377048122,0.278229816009));
#5227 = B_SPLINE_CURVE_WITH_KNOTS('',3,(#5228,#5229,#5230,#5231),
  .UNSPECIFIED.,.F.,.F.,(4,4),(15.,16.),.PIECEWISE_BEZIER_KNOTS.);
#5228 = CARTESIAN_POINT('',(-0.405,0.398710566419,0.273838571742));
#5229 = CARTESIAN_POINT('',(-0.405,0.400044922412,0.275342754861));
#5230 = CARTESIAN_POINT('',(-0.405,0.402592329307,0.276822676962));
#5231 = CARTESIAN_POINT('',(-0.405,0.406377048122,0.278229816009));
#5232 = ORIENTED_EDGE('',*,*,#5233,.T.);
#5233 = EDGE_CURVE('',#5225,#1762,#5234,.T.);
#5234 = B_SPLINE_CURVE_WITH_KNOTS('',1,(#5235,#5236),.UNSPECIFIED.,.F.,
  .F.,(2,2),(0.,1.E-02),.PIECEWISE_BEZIER_KNOTS.);
#5235 = CARTESIAN_POINT('',(-0.405,0.406377048122,0.278229816009));
#5236 = CARTESIAN_POINT('',(-0.395,0.406377048122,0.278229816009));
#5237 = ORIENTED_EDGE('',*,*,#1770,.F.);
#5238 = B_SPLINE_SURFACE_WITH_KNOTS('',3,1,(
    (#5239,#5240)
    ,(#5241,#5242)
    ,(#5243,#5244)
    ,(#5245,#5246
    )),.UNSPECIFIED.,.F.,.F.,.F.,(4,4),(2,2),(15.,16.),(0.,1.),
  .PIECEWISE_BEZIER_KNOTS.);
#5239 = CARTESIAN_POINT('',(-0.405,0.398710566419,0.273838571742));
#5240 = CARTESIAN_POINT('',(-0.395,0.398710566419,0.273838571742));
#5241 = CARTESIAN_POINT('',(-0.405,0.400044922412,0.275342754861));
#5242 = CARTESIAN_POINT('',(-0.395,0.400044922412,0.275342754861));
#5243 = CARTESIAN_POINT('',(-0.405,0.402592329307,0.276822676962));
#5244 = CARTESIAN_POINT('',(-0.395,0.402592329307,0.276822676962));
#5245 = CARTESIAN_POINT('',(-0.405,0.406377048122,0.278229816009));
#5246 = CARTESIAN_POINT('',(-0.395,0.406377048122,0.278229816009));
#5247 = ADVANCED_FACE('',(#5248),#5266,.F.);
#5248 = FACE_BOUND('',#5249,.F.);
#5249 = EDGE_LOOP('',(#5250,#5251,#5260,#5265));
#5250 = ORIENTED_EDGE('',*,*,#5233,.F.);
#5251 = ORIENTED_EDGE('',*,*,#5252,.T.);
#5252 = EDGE_CURVE('',#5225,#5253,#5255,.T.);
#5253 = VERTEX_POINT('',#5254);
#5254 = CARTESIAN_POINT('',(-0.405,0.412151170417,0.281141138175));
#5255 = B_SPLINE_CURVE_WITH_KNOTS('',3,(#5256,#5257,#5258,#5259),
  .UNSPECIFIED.,.F.,.F.,(4,4),(14.,15.),.PIECEWISE_BEZIER_KNOTS.);
#5256 = CARTESIAN_POINT('',(-0.405,0.406377048122,0.278229816009));
#5257 = CARTESIAN_POINT('',(-0.405,0.409361153342,0.279394344875));
#5258 = CARTESIAN_POINT('',(-0.405,0.411277773767,0.280364785597));
#5259 = CARTESIAN_POINT('',(-0.405,0.412151170417,0.281141138175));
#5260 = ORIENTED_EDGE('',*,*,#5261,.T.);
#5261 = EDGE_CURVE('',#5253,#1753,#5262,.T.);
#5262 = B_SPLINE_CURVE_WITH_KNOTS('',1,(#5263,#5264),.UNSPECIFIED.,.F.,
  .F.,(2,2),(0.,1.E-02),.PIECEWISE_BEZIER_KNOTS.);
#5263 = CARTESIAN_POINT('',(-0.405,0.412151170417,0.281141138175));
#5264 = CARTESIAN_POINT('',(-0.395,0.412151170417,0.281141138175));
#5265 = ORIENTED_EDGE('',*,*,#1761,.F.);
#5266 = B_SPLINE_SURFACE_WITH_KNOTS('',3,1,(
    (#5267,#5268)
    ,(#5269,#5270)
    ,(#5271,#5272)
    ,(#5273,#5274
    )),.UNSPECIFIED.,.F.,.F.,.F.,(4,4),(2,2),(14.,15.),(0.,1.),
  .PIECEWISE_BEZIER_KNOTS.);
#5267 = CARTESIAN_POINT('',(-0.405,0.406377048122,0.278229816009));
#5268 = CARTESIAN_POINT('',(-0.395,0.406377048122,0.278229816009));
#5269 = CARTESIAN_POINT('',(-0.405,0.409361153342,0.279394344875));
#5270 = CARTESIAN_POINT('',(-0.395,0.409361153342,0.279394344875));
#5271 = CARTESIAN_POINT('',(-0.405,0.411277773767,0.280364785597));
#5272 = CARTESIAN_POINT('',(-0.395,0.411277773767,0.280364785597));
#5273 = CARTESIAN_POINT('',(-0.405,0.412151170417,0.281141138175));
#5274 = CARTESIAN_POINT('',(-0.395,0.412151170417,0.281141138175));
#5275 = ADVANCED_FACE('',(#5276),#5294,.F.);
#5276 = FACE_BOUND('',#5277,.F.);
#5277 = EDGE_LOOP('',(#5278,#5279,#5288,#5293));
#5278 = ORIENTED_EDGE('',*,*,#5261,.F.);
#5279 = ORIENTED_EDGE('',*,*,#5280,.T.);
#5280 = EDGE_CURVE('',#5253,#5281,#5283,.T.);
#5281 = VERTEX_POINT('',#5282);
#5282 = CARTESIAN_POINT('',(-0.405,0.413449134883,0.284295070521));
#5283 = B_SPLINE_CURVE_WITH_KNOTS('',3,(#5284,#5285,#5286,#5287),
  .UNSPECIFIED.,.F.,.F.,(4,4),(13.,14.),.PIECEWISE_BEZIER_KNOTS.);
#5284 = CARTESIAN_POINT('',(-0.405,0.412151170417,0.281141138175));
#5285 = CARTESIAN_POINT('',(-0.405,0.413012436558,0.281893229734));
#5286 = CARTESIAN_POINT('',(-0.405,0.413449134883,0.28293645351));
#5287 = CARTESIAN_POINT('',(-0.405,0.413449134883,0.284295070521));
#5288 = ORIENTED_EDGE('',*,*,#5289,.T.);
#5289 = EDGE_CURVE('',#5281,#1744,#5290,.T.);
#5290 = B_SPLINE_CURVE_WITH_KNOTS('',1,(#5291,#5292),.UNSPECIFIED.,.F.,
  .F.,(2,2),(0.,1.E-02),.PIECEWISE_BEZIER_KNOTS.);
#5291 = CARTESIAN_POINT('',(-0.405,0.413449134883,0.284295070521));
#5292 = CARTESIAN_POINT('',(-0.395,0.413449134883,0.284295070521));
#5293 = ORIENTED_EDGE('',*,*,#1752,.F.);
#5294 = B_SPLINE_SURFACE_WITH_KNOTS('',3,1,(
    (#5295,#5296)
    ,(#5297,#5298)
    ,(#5299,#5300)
    ,(#5301,#5302
    )),.UNSPECIFIED.,.F.,.F.,.F.,(4,4),(2,2),(13.,14.),(0.,1.),
  .PIECEWISE_BEZIER_KNOTS.);
#5295 = CARTESIAN_POINT('',(-0.405,0.412151170417,0.281141138175));
#5296 = CARTESIAN_POINT('',(-0.395,0.412151170417,0.281141138175));
#5297 = CARTESIAN_POINT('',(-0.405,0.413012436558,0.281893229734));
#5298 = CARTESIAN_POINT('',(-0.395,0.413012436558,0.281893229734));
#5299 = CARTESIAN_POINT('',(-0.405,0.413449134883,0.28293645351));
#5300 = CARTESIAN_POINT('',(-0.395,0.413449134883,0.28293645351));
#5301 = CARTESIAN_POINT('',(-0.405,0.413449134883,0.284295070521));
#5302 = CARTESIAN_POINT('',(-0.395,0.413449134883,0.284295070521));
#5303 = ADVANCED_FACE('',(#5304),#5322,.F.);
#5304 = FACE_BOUND('',#5305,.F.);
#5305 = EDGE_LOOP('',(#5306,#5307,#5316,#5321));
#5306 = ORIENTED_EDGE('',*,*,#5289,.F.);
#5307 = ORIENTED_EDGE('',*,*,#5308,.T.);
#5308 = EDGE_CURVE('',#5281,#5309,#5311,.T.);
#5309 = VERTEX_POINT('',#5310);
#5310 = CARTESIAN_POINT('',(-0.405,0.411641689038,0.287594568975));
#5311 = B_SPLINE_CURVE_WITH_KNOTS('',3,(#5312,#5313,#5314,#5315),
  .UNSPECIFIED.,.F.,.F.,(4,4),(12.,13.),.PIECEWISE_BEZIER_KNOTS.);
#5312 = CARTESIAN_POINT('',(-0.405,0.413449134883,0.284295070521));
#5313 = CARTESIAN_POINT('',(-0.405,0.413449134883,0.285653687531));
#5314 = CARTESIAN_POINT('',(-0.405,0.412842609432,0.286769694361));
#5315 = CARTESIAN_POINT('',(-0.405,0.411641689038,0.287594568975));
#5316 = ORIENTED_EDGE('',*,*,#5317,.T.);
#5317 = EDGE_CURVE('',#5309,#1735,#5318,.T.);
#5318 = B_SPLINE_CURVE_WITH_KNOTS('',1,(#5319,#5320),.UNSPECIFIED.,.F.,
  .F.,(2,2),(0.,1.E-02),.PIECEWISE_BEZIER_KNOTS.);
#5319 = CARTESIAN_POINT('',(-0.405,0.411641689038,0.287594568975));
#5320 = CARTESIAN_POINT('',(-0.395,0.411641689038,0.287594568975));
#5321 = ORIENTED_EDGE('',*,*,#1743,.F.);
#5322 = B_SPLINE_SURFACE_WITH_KNOTS('',3,1,(
    (#5323,#5324)
    ,(#5325,#5326)
    ,(#5327,#5328)
    ,(#5329,#5330
    )),.UNSPECIFIED.,.F.,.F.,.F.,(4,4),(2,2),(12.,13.),(0.,1.),
  .PIECEWISE_BEZIER_KNOTS.);
#5323 = CARTESIAN_POINT('',(-0.405,0.413449134883,0.284295070521));
#5324 = CARTESIAN_POINT('',(-0.395,0.413449134883,0.284295070521));
#5325 = CARTESIAN_POINT('',(-0.405,0.413449134883,0.285653687531));
#5326 = CARTESIAN_POINT('',(-0.395,0.413449134883,0.285653687531));
#5327 = CARTESIAN_POINT('',(-0.405,0.412842609432,0.286769694361));
#5328 = CARTESIAN_POINT('',(-0.395,0.412842609432,0.286769694361));
#5329 = CARTESIAN_POINT('',(-0.405,0.411641689038,0.287594568975));
#5330 = CARTESIAN_POINT('',(-0.395,0.411641689038,0.287594568975));
#5331 = ADVANCED_FACE('',(#5332),#5350,.F.);
#5332 = FACE_BOUND('',#5333,.F.);
#5333 = EDGE_LOOP('',(#5334,#5335,#5344,#5349));
#5334 = ORIENTED_EDGE('',*,*,#5317,.F.);
#5335 = ORIENTED_EDGE('',*,*,#5336,.T.);
#5336 = EDGE_CURVE('',#5309,#5337,#5339,.T.);
#5337 = VERTEX_POINT('',#5338);
#5338 = CARTESIAN_POINT('',(-0.405,0.406959312555,0.288856141914));
#5339 = B_SPLINE_CURVE_WITH_KNOTS('',3,(#5340,#5341,#5342,#5343),
  .UNSPECIFIED.,.F.,.F.,(4,4),(11.,12.),.PIECEWISE_BEZIER_KNOTS.);
#5340 = CARTESIAN_POINT('',(-0.405,0.411641689038,0.287594568975));
#5341 = CARTESIAN_POINT('',(-0.405,0.410440768645,0.288443704607));
#5342 = CARTESIAN_POINT('',(-0.405,0.408875932981,0.288856141914));
#5343 = CARTESIAN_POINT('',(-0.405,0.406959312555,0.288856141914));
#5344 = ORIENTED_EDGE('',*,*,#5345,.T.);
#5345 = EDGE_CURVE('',#5337,#1726,#5346,.T.);
#5346 = B_SPLINE_CURVE_WITH_KNOTS('',1,(#5347,#5348),.UNSPECIFIED.,.F.,
  .F.,(2,2),(0.,1.E-02),.PIECEWISE_BEZIER_KNOTS.);
#5347 = CARTESIAN_POINT('',(-0.405,0.406959312555,0.288856141914));
#5348 = CARTESIAN_POINT('',(-0.395,0.406959312555,0.288856141914));
#5349 = ORIENTED_EDGE('',*,*,#1734,.F.);
#5350 = B_SPLINE_SURFACE_WITH_KNOTS('',3,1,(
    (#5351,#5352)
    ,(#5353,#5354)
    ,(#5355,#5356)
    ,(#5357,#5358
    )),.UNSPECIFIED.,.F.,.F.,.F.,(4,4),(2,2),(11.,12.),(0.,1.),
  .PIECEWISE_BEZIER_KNOTS.);
#5351 = CARTESIAN_POINT('',(-0.405,0.411641689038,0.287594568975));
#5352 = CARTESIAN_POINT('',(-0.395,0.411641689038,0.287594568975));
#5353 = CARTESIAN_POINT('',(-0.405,0.410440768645,0.288443704607));
#5354 = CARTESIAN_POINT('',(-0.395,0.410440768645,0.288443704607));
#5355 = CARTESIAN_POINT('',(-0.405,0.408875932981,0.288856141914));
#5356 = CARTESIAN_POINT('',(-0.395,0.408875932981,0.288856141914));
#5357 = CARTESIAN_POINT('',(-0.405,0.406959312555,0.288856141914));
#5358 = CARTESIAN_POINT('',(-0.395,0.406959312555,0.288856141914));
#5359 = ADVANCED_FACE('',(#5360),#5378,.F.);
#5360 = FACE_BOUND('',#5361,.F.);
#5361 = EDGE_LOOP('',(#5362,#5363,#5372,#5377));
#5362 = ORIENTED_EDGE('',*,*,#5345,.F.);
#5363 = ORIENTED_EDGE('',*,*,#5364,.T.);
#5364 = EDGE_CURVE('',#5337,#5365,#5367,.T.);
#5365 = VERTEX_POINT('',#5366);
#5366 = CARTESIAN_POINT('',(-0.405,0.398346651148,0.286405779091));
#5367 = B_SPLINE_CURVE_WITH_KNOTS('',3,(#5368,#5369,#5370,#5371),
  .UNSPECIFIED.,.F.,.F.,(4,4),(10.,11.),.PIECEWISE_BEZIER_KNOTS.);
#5368 = CARTESIAN_POINT('',(-0.405,0.406959312555,0.288856141914));
#5369 = CARTESIAN_POINT('',(-0.405,0.403744727664,0.288856141914));
#5370 = CARTESIAN_POINT('',(-0.405,0.400881927534,0.2880312673));
#5371 = CARTESIAN_POINT('',(-0.405,0.398346651148,0.286405779091));
#5372 = ORIENTED_EDGE('',*,*,#5373,.T.);
#5373 = EDGE_CURVE('',#5365,#1719,#5374,.T.);
#5374 = B_SPLINE_CURVE_WITH_KNOTS('',1,(#5375,#5376),.UNSPECIFIED.,.F.,
  .F.,(2,2),(0.,1.E-02),.PIECEWISE_BEZIER_KNOTS.);
#5375 = CARTESIAN_POINT('',(-0.405,0.398346651148,0.286405779091));
#5376 = CARTESIAN_POINT('',(-0.395,0.398346651148,0.286405779091));
#5377 = ORIENTED_EDGE('',*,*,#1725,.F.);
#5378 = B_SPLINE_SURFACE_WITH_KNOTS('',3,1,(
    (#5379,#5380)
    ,(#5381,#5382)
    ,(#5383,#5384)
    ,(#5385,#5386
    )),.UNSPECIFIED.,.F.,.F.,.F.,(4,4),(2,2),(10.,11.),(0.,1.),
  .PIECEWISE_BEZIER_KNOTS.);
#5379 = CARTESIAN_POINT('',(-0.405,0.406959312555,0.288856141914));
#5380 = CARTESIAN_POINT('',(-0.395,0.406959312555,0.288856141914));
#5381 = CARTESIAN_POINT('',(-0.405,0.403744727664,0.288856141914));
#5382 = CARTESIAN_POINT('',(-0.395,0.403744727664,0.288856141914));
#5383 = CARTESIAN_POINT('',(-0.405,0.400881927534,0.2880312673));
#5384 = CARTESIAN_POINT('',(-0.395,0.400881927534,0.2880312673));
#5385 = CARTESIAN_POINT('',(-0.405,0.398346651148,0.286405779091));
#5386 = CARTESIAN_POINT('',(-0.395,0.398346651148,0.286405779091));
#5387 = ADVANCED_FACE('',(#5388),#5404,.F.);
#5388 = FACE_BOUND('',#5389,.T.);
#5389 = EDGE_LOOP('',(#5390,#5391,#5398,#5403));
#5390 = ORIENTED_EDGE('',*,*,#1718,.T.);
#5391 = ORIENTED_EDGE('',*,*,#5392,.F.);
#5392 = EDGE_CURVE('',#5393,#1710,#5395,.T.);
#5393 = VERTEX_POINT('',#5394);
#5394 = CARTESIAN_POINT('',(-0.405,0.398346651148,0.292179901386));
#5395 = B_SPLINE_CURVE_WITH_KNOTS('',1,(#5396,#5397),.UNSPECIFIED.,.F.,
  .F.,(2,2),(0.,1.E-02),.PIECEWISE_BEZIER_KNOTS.);
#5396 = CARTESIAN_POINT('',(-0.405,0.398346651148,0.292179901386));
#5397 = CARTESIAN_POINT('',(-0.395,0.398346651148,0.292179901386));
#5398 = ORIENTED_EDGE('',*,*,#5399,.F.);
#5399 = EDGE_CURVE('',#5365,#5393,#5400,.T.);
#5400 = B_SPLINE_CURVE_WITH_KNOTS('',1,(#5401,#5402),.UNSPECIFIED.,.F.,
  .F.,(2,2),(-5.774122295168E-03,0.),.PIECEWISE_BEZIER_KNOTS.);
#5401 = CARTESIAN_POINT('',(-0.405,0.398346651148,0.286405779091));
#5402 = CARTESIAN_POINT('',(-0.405,0.398346651148,0.292179901386));
#5403 = ORIENTED_EDGE('',*,*,#5373,.T.);
#5404 = B_SPLINE_SURFACE_WITH_KNOTS('',1,1,(
    (#5405,#5406)
    ,(#5407,#5408
    )),.UNSPECIFIED.,.F.,.F.,.F.,(2,2),(2,2),(-5.774122295168E-03,
    5.551115123126E-17),(-2.204051907792E-34,1.E-02),
  .PIECEWISE_BEZIER_KNOTS.);
#5405 = CARTESIAN_POINT('',(-0.405,0.398346651148,0.286405779091));
#5406 = CARTESIAN_POINT('',(-0.395,0.398346651148,0.286405779091));
#5407 = CARTESIAN_POINT('',(-0.405,0.398346651148,0.292179901386));
#5408 = CARTESIAN_POINT('',(-0.395,0.398346651148,0.292179901386));
#5409 = ADVANCED_FACE('',(#5410),#5428,.F.);
#5410 = FACE_BOUND('',#5411,.F.);
#5411 = EDGE_LOOP('',(#5412,#5413,#5422,#5427));
#5412 = ORIENTED_EDGE('',*,*,#5392,.F.);
#5413 = ORIENTED_EDGE('',*,*,#5414,.T.);
#5414 = EDGE_CURVE('',#5393,#5415,#5417,.T.);
#5415 = VERTEX_POINT('',#5416);
#5416 = CARTESIAN_POINT('',(-0.405,0.406377048122,0.293684084505));
#5417 = B_SPLINE_CURVE_WITH_KNOTS('',3,(#5418,#5419,#5420,#5421),
  .UNSPECIFIED.,.F.,.F.,(4,4),(8.,9.),.PIECEWISE_BEZIER_KNOTS.);
#5418 = CARTESIAN_POINT('',(-0.405,0.398346651148,0.292179901386));
#5419 = CARTESIAN_POINT('',(-0.405,0.400821274989,0.293198864144));
#5420 = CARTESIAN_POINT('',(-0.405,0.403489986974,0.293684084505));
#5421 = CARTESIAN_POINT('',(-0.405,0.406377048122,0.293684084505));
#5422 = ORIENTED_EDGE('',*,*,#5423,.T.);
#5423 = EDGE_CURVE('',#5415,#1701,#5424,.T.);
#5424 = B_SPLINE_CURVE_WITH_KNOTS('',1,(#5425,#5426),.UNSPECIFIED.,.F.,
  .F.,(2,2),(0.,1.E-02),.PIECEWISE_BEZIER_KNOTS.);
#5425 = CARTESIAN_POINT('',(-0.405,0.406377048122,0.293684084505));
#5426 = CARTESIAN_POINT('',(-0.395,0.406377048122,0.293684084505));
#5427 = ORIENTED_EDGE('',*,*,#1709,.F.);
#5428 = B_SPLINE_SURFACE_WITH_KNOTS('',3,1,(
    (#5429,#5430)
    ,(#5431,#5432)
    ,(#5433,#5434)
    ,(#5435,#5436
    )),.UNSPECIFIED.,.F.,.F.,.F.,(4,4),(2,2),(8.,9.),(0.,1.),
  .PIECEWISE_BEZIER_KNOTS.);
#5429 = CARTESIAN_POINT('',(-0.405,0.398346651148,0.292179901386));
#5430 = CARTESIAN_POINT('',(-0.395,0.398346651148,0.292179901386));
#5431 = CARTESIAN_POINT('',(-0.405,0.400821274989,0.293198864144));
#5432 = CARTESIAN_POINT('',(-0.395,0.400821274989,0.293198864144));
#5433 = CARTESIAN_POINT('',(-0.405,0.403489986974,0.293684084505));
#5434 = CARTESIAN_POINT('',(-0.395,0.403489986974,0.293684084505));
#5435 = CARTESIAN_POINT('',(-0.405,0.406377048122,0.293684084505));
#5436 = CARTESIAN_POINT('',(-0.395,0.406377048122,0.293684084505));
#5437 = ADVANCED_FACE('',(#5438),#5456,.F.);
#5438 = FACE_BOUND('',#5439,.F.);
#5439 = EDGE_LOOP('',(#5440,#5441,#5450,#5455));
#5440 = ORIENTED_EDGE('',*,*,#5423,.F.);
#5441 = ORIENTED_EDGE('',*,*,#5442,.T.);
#5442 = EDGE_CURVE('',#5415,#5443,#5445,.T.);
#5443 = VERTEX_POINT('',#5444);
#5444 = CARTESIAN_POINT('',(-0.405,0.415766062106,0.290991111502));
#5445 = B_SPLINE_CURVE_WITH_KNOTS('',3,(#5446,#5447,#5448,#5449),
  .UNSPECIFIED.,.F.,.F.,(4,4),(7.,8.),.PIECEWISE_BEZIER_KNOTS.);
#5446 = CARTESIAN_POINT('',(-0.405,0.406377048122,0.293684084505));
#5447 = CARTESIAN_POINT('',(-0.405,0.410088983883,0.293684084505));
#5448 = CARTESIAN_POINT('',(-0.405,0.413218655211,0.292786426837));
#5449 = CARTESIAN_POINT('',(-0.405,0.415766062106,0.290991111502));
#5450 = ORIENTED_EDGE('',*,*,#5451,.T.);
#5451 = EDGE_CURVE('',#5443,#1692,#5452,.T.);
#5452 = B_SPLINE_CURVE_WITH_KNOTS('',1,(#5453,#5454),.UNSPECIFIED.,.F.,
  .F.,(2,2),(0.,1.E-02),.PIECEWISE_BEZIER_KNOTS.);
#5453 = CARTESIAN_POINT('',(-0.405,0.415766062106,0.290991111502));
#5454 = CARTESIAN_POINT('',(-0.395,0.415766062106,0.290991111502));
#5455 = ORIENTED_EDGE('',*,*,#1700,.F.);
#5456 = B_SPLINE_SURFACE_WITH_KNOTS('',3,1,(
    (#5457,#5458)
    ,(#5459,#5460)
    ,(#5461,#5462)
    ,(#5463,#5464
    )),.UNSPECIFIED.,.F.,.F.,.F.,(4,4),(2,2),(7.,8.),(0.,1.),
  .PIECEWISE_BEZIER_KNOTS.);
#5457 = CARTESIAN_POINT('',(-0.405,0.406377048122,0.293684084505));
#5458 = CARTESIAN_POINT('',(-0.395,0.406377048122,0.293684084505));
#5459 = CARTESIAN_POINT('',(-0.405,0.410088983883,0.293684084505));
#5460 = CARTESIAN_POINT('',(-0.395,0.410088983883,0.293684084505));
#5461 = CARTESIAN_POINT('',(-0.405,0.413218655211,0.292786426837));
#5462 = CARTESIAN_POINT('',(-0.395,0.413218655211,0.292786426837));
#5463 = CARTESIAN_POINT('',(-0.405,0.415766062106,0.290991111502));
#5464 = CARTESIAN_POINT('',(-0.395,0.415766062106,0.290991111502));
#5465 = ADVANCED_FACE('',(#5466),#5484,.F.);
#5466 = FACE_BOUND('',#5467,.F.);
#5467 = EDGE_LOOP('',(#5468,#5469,#5478,#5483));
#5468 = ORIENTED_EDGE('',*,*,#5451,.F.);
#5469 = ORIENTED_EDGE('',*,*,#5470,.T.);
#5470 = EDGE_CURVE('',#5443,#5471,#5473,.T.);
#5471 = VERTEX_POINT('',#5472);
#5472 = CARTESIAN_POINT('',(-0.405,0.41957504194,0.283761328124));
#5473 = B_SPLINE_CURVE_WITH_KNOTS('',3,(#5474,#5475,#5476,#5477),
  .UNSPECIFIED.,.F.,.F.,(4,4),(6.,7.),.PIECEWISE_BEZIER_KNOTS.);
#5474 = CARTESIAN_POINT('',(-0.405,0.415766062106,0.290991111502));
#5475 = CARTESIAN_POINT('',(-0.405,0.418301338492,0.289171535148));
#5476 = CARTESIAN_POINT('',(-0.405,0.41957504194,0.286769694361));
#5477 = CARTESIAN_POINT('',(-0.405,0.41957504194,0.283761328124));
#5478 = ORIENTED_EDGE('',*,*,#5479,.T.);
#5479 = EDGE_CURVE('',#5471,#1683,#5480,.T.);
#5480 = B_SPLINE_CURVE_WITH_KNOTS('',1,(#5481,#5482),.UNSPECIFIED.,.F.,
  .F.,(2,2),(0.,1.E-02),.PIECEWISE_BEZIER_KNOTS.);
#5481 = CARTESIAN_POINT('',(-0.405,0.41957504194,0.283761328124));
#5482 = CARTESIAN_POINT('',(-0.395,0.41957504194,0.283761328124));
#5483 = ORIENTED_EDGE('',*,*,#1691,.F.);
#5484 = B_SPLINE_SURFACE_WITH_KNOTS('',3,1,(
    (#5485,#5486)
    ,(#5487,#5488)
    ,(#5489,#5490)
    ,(#5491,#5492
    )),.UNSPECIFIED.,.F.,.F.,.F.,(4,4),(2,2),(6.,7.),(0.,1.),
  .PIECEWISE_BEZIER_KNOTS.);
#5485 = CARTESIAN_POINT('',(-0.405,0.415766062106,0.290991111502));
#5486 = CARTESIAN_POINT('',(-0.395,0.415766062106,0.290991111502));
#5487 = CARTESIAN_POINT('',(-0.405,0.418301338492,0.289171535148));
#5488 = CARTESIAN_POINT('',(-0.395,0.418301338492,0.289171535148));
#5489 = CARTESIAN_POINT('',(-0.405,0.41957504194,0.286769694361));
#5490 = CARTESIAN_POINT('',(-0.395,0.41957504194,0.286769694361));
#5491 = CARTESIAN_POINT('',(-0.405,0.41957504194,0.283761328124));
#5492 = CARTESIAN_POINT('',(-0.395,0.41957504194,0.283761328124));
#5493 = ADVANCED_FACE('',(#5494),#5512,.F.);
#5494 = FACE_BOUND('',#5495,.F.);
#5495 = EDGE_LOOP('',(#5496,#5497,#5506,#5511));
#5496 = ORIENTED_EDGE('',*,*,#5479,.F.);
#5497 = ORIENTED_EDGE('',*,*,#5498,.T.);
#5498 = EDGE_CURVE('',#5471,#5499,#5501,.T.);
#5499 = VERTEX_POINT('',#5500);
#5500 = CARTESIAN_POINT('',(-0.405,0.417888901185,0.278399643135));
#5501 = B_SPLINE_CURVE_WITH_KNOTS('',3,(#5502,#5503,#5504,#5505),
  .UNSPECIFIED.,.F.,.F.,(4,4),(5.,6.),.PIECEWISE_BEZIER_KNOTS.);
#5502 = CARTESIAN_POINT('',(-0.405,0.41957504194,0.283761328124));
#5503 = CARTESIAN_POINT('',(-0.405,0.41957504194,0.281674880571));
#5504 = CARTESIAN_POINT('',(-0.405,0.419017038525,0.279879565236));
#5505 = CARTESIAN_POINT('',(-0.405,0.417888901185,0.278399643135));
#5506 = ORIENTED_EDGE('',*,*,#5507,.T.);
#5507 = EDGE_CURVE('',#5499,#1674,#5508,.T.);
#5508 = B_SPLINE_CURVE_WITH_KNOTS('',1,(#5509,#5510),.UNSPECIFIED.,.F.,
  .F.,(2,2),(0.,1.E-02),.PIECEWISE_BEZIER_KNOTS.);
#5509 = CARTESIAN_POINT('',(-0.405,0.417888901185,0.278399643135));
#5510 = CARTESIAN_POINT('',(-0.395,0.417888901185,0.278399643135));
#5511 = ORIENTED_EDGE('',*,*,#1682,.F.);
#5512 = B_SPLINE_SURFACE_WITH_KNOTS('',3,1,(
    (#5513,#5514)
    ,(#5515,#5516)
    ,(#5517,#5518)
    ,(#5519,#5520
    )),.UNSPECIFIED.,.F.,.F.,.F.,(4,4),(2,2),(5.,6.),(0.,1.),
  .PIECEWISE_BEZIER_KNOTS.);
#5513 = CARTESIAN_POINT('',(-0.405,0.41957504194,0.283761328124));
#5514 = CARTESIAN_POINT('',(-0.395,0.41957504194,0.283761328124));
#5515 = CARTESIAN_POINT('',(-0.405,0.41957504194,0.281674880571));
#5516 = CARTESIAN_POINT('',(-0.395,0.41957504194,0.281674880571));
#5517 = CARTESIAN_POINT('',(-0.405,0.419017038525,0.279879565236));
#5518 = CARTESIAN_POINT('',(-0.395,0.419017038525,0.279879565236));
#5519 = CARTESIAN_POINT('',(-0.405,0.417888901185,0.278399643135));
#5520 = CARTESIAN_POINT('',(-0.395,0.417888901185,0.278399643135));
#5521 = ADVANCED_FACE('',(#5522),#5540,.F.);
#5522 = FACE_BOUND('',#5523,.F.);
#5523 = EDGE_LOOP('',(#5524,#5525,#5534,#5539));
#5524 = ORIENTED_EDGE('',*,*,#5507,.F.);
#5525 = ORIENTED_EDGE('',*,*,#5526,.T.);
#5526 = EDGE_CURVE('',#5499,#5527,#5529,.T.);
#5527 = VERTEX_POINT('',#5528);
#5528 = CARTESIAN_POINT('',(-0.405,0.410574204244,0.273911354796));
#5529 = B_SPLINE_CURVE_WITH_KNOTS('',3,(#5530,#5531,#5532,#5533),
  .UNSPECIFIED.,.F.,.F.,(4,4),(4.,5.),.PIECEWISE_BEZIER_KNOTS.);
#5530 = CARTESIAN_POINT('',(-0.405,0.417888901185,0.278399643135));
#5531 = CARTESIAN_POINT('',(-0.405,0.416772894355,0.276919721034));
#5532 = CARTESIAN_POINT('',(-0.405,0.414322531533,0.275415537915));
#5533 = CARTESIAN_POINT('',(-0.405,0.410574204244,0.273911354796));
#5534 = ORIENTED_EDGE('',*,*,#5535,.T.);
#5535 = EDGE_CURVE('',#5527,#1665,#5536,.T.);
#5536 = B_SPLINE_CURVE_WITH_KNOTS('',1,(#5537,#5538),.UNSPECIFIED.,.F.,
  .F.,(2,2),(0.,1.E-02),.PIECEWISE_BEZIER_KNOTS.);
#5537 = CARTESIAN_POINT('',(-0.405,0.410574204244,0.273911354796));
#5538 = CARTESIAN_POINT('',(-0.395,0.410574204244,0.273911354796));
#5539 = ORIENTED_EDGE('',*,*,#1673,.F.);
#5540 = B_SPLINE_SURFACE_WITH_KNOTS('',3,1,(
    (#5541,#5542)
    ,(#5543,#5544)
    ,(#5545,#5546)
    ,(#5547,#5548
    )),.UNSPECIFIED.,.F.,.F.,.F.,(4,4),(2,2),(4.,5.),(0.,1.),
  .PIECEWISE_BEZIER_KNOTS.);
#5541 = CARTESIAN_POINT('',(-0.405,0.417888901185,0.278399643135));
#5542 = CARTESIAN_POINT('',(-0.395,0.417888901185,0.278399643135));
#5543 = CARTESIAN_POINT('',(-0.405,0.416772894355,0.276919721034));
#5544 = CARTESIAN_POINT('',(-0.395,0.416772894355,0.276919721034));
#5545 = CARTESIAN_POINT('',(-0.405,0.414322531533,0.275415537915));
#5546 = CARTESIAN_POINT('',(-0.395,0.414322531533,0.275415537915));
#5547 = CARTESIAN_POINT('',(-0.405,0.410574204244,0.273911354796));
#5548 = CARTESIAN_POINT('',(-0.395,0.410574204244,0.273911354796));
#5549 = ADVANCED_FACE('',(#5550),#5568,.F.);
#5550 = FACE_BOUND('',#5551,.F.);
#5551 = EDGE_LOOP('',(#5552,#5553,#5562,#5567));
#5552 = ORIENTED_EDGE('',*,*,#5535,.F.);
#5553 = ORIENTED_EDGE('',*,*,#5554,.T.);
#5554 = EDGE_CURVE('',#5527,#5555,#5557,.T.);
#5555 = VERTEX_POINT('',#5556);
#5556 = CARTESIAN_POINT('',(-0.405,0.404351253115,0.27087872754));
#5557 = B_SPLINE_CURVE_WITH_KNOTS('',3,(#5558,#5559,#5560,#5561),
  .UNSPECIFIED.,.F.,.F.,(4,4),(3.,4.),.PIECEWISE_BEZIER_KNOTS.);
#5558 = CARTESIAN_POINT('',(-0.405,0.410574204244,0.273911354796));
#5559 = CARTESIAN_POINT('',(-0.405,0.407444532916,0.27274682593));
#5560 = CARTESIAN_POINT('',(-0.405,0.405370215873,0.271727863172));
#5561 = CARTESIAN_POINT('',(-0.405,0.404351253115,0.27087872754));
#5562 = ORIENTED_EDGE('',*,*,#5563,.T.);
#5563 = EDGE_CURVE('',#5555,#1656,#5564,.T.);
#5564 = B_SPLINE_CURVE_WITH_KNOTS('',1,(#5565,#5566),.UNSPECIFIED.,.F.,
  .F.,(2,2),(0.,1.E-02),.PIECEWISE_BEZIER_KNOTS.);
#5565 = CARTESIAN_POINT('',(-0.405,0.404351253115,0.27087872754));
#5566 = CARTESIAN_POINT('',(-0.395,0.404351253115,0.27087872754));
#5567 = ORIENTED_EDGE('',*,*,#1664,.F.);
#5568 = B_SPLINE_SURFACE_WITH_KNOTS('',3,1,(
    (#5569,#5570)
    ,(#5571,#5572)
    ,(#5573,#5574)
    ,(#5575,#5576
    )),.UNSPECIFIED.,.F.,.F.,.F.,(4,4),(2,2),(3.,4.),(0.,1.),
  .PIECEWISE_BEZIER_KNOTS.);
#5569 = CARTESIAN_POINT('',(-0.405,0.410574204244,0.273911354796));
#5570 = CARTESIAN_POINT('',(-0.395,0.410574204244,0.273911354796));
#5571 = CARTESIAN_POINT('',(-0.405,0.407444532916,0.27274682593));
#5572 = CARTESIAN_POINT('',(-0.395,0.407444532916,0.27274682593));
#5573 = CARTESIAN_POINT('',(-0.405,0.405370215873,0.271727863172));
#5574 = CARTESIAN_POINT('',(-0.395,0.405370215873,0.271727863172));
#5575 = CARTESIAN_POINT('',(-0.405,0.404351253115,0.27087872754));
#5576 = CARTESIAN_POINT('',(-0.395,0.404351253115,0.27087872754));
#5577 = ADVANCED_FACE('',(#5578),#5596,.F.);
#5578 = FACE_BOUND('',#5579,.F.);
#5579 = EDGE_LOOP('',(#5580,#5581,#5590,#5595));
#5580 = ORIENTED_EDGE('',*,*,#5563,.F.);
#5581 = ORIENTED_EDGE('',*,*,#5582,.T.);
#5582 = EDGE_CURVE('',#5555,#5583,#5585,.T.);
#5583 = VERTEX_POINT('',#5584);
#5584 = CARTESIAN_POINT('',(-0.405,0.402822808978,0.26765201214));
#5585 = B_SPLINE_CURVE_WITH_KNOTS('',3,(#5586,#5587,#5588,#5589),
  .UNSPECIFIED.,.F.,.F.,(4,4),(2.,3.),.PIECEWISE_BEZIER_KNOTS.);
#5586 = CARTESIAN_POINT('',(-0.405,0.404351253115,0.27087872754));
#5587 = CARTESIAN_POINT('',(-0.405,0.403332290357,0.270029591909));
#5588 = CARTESIAN_POINT('',(-0.405,0.402822808978,0.268962107115));
#5589 = CARTESIAN_POINT('',(-0.405,0.402822808978,0.26765201214));
#5590 = ORIENTED_EDGE('',*,*,#5591,.T.);
#5591 = EDGE_CURVE('',#5583,#1647,#5592,.T.);
#5592 = B_SPLINE_CURVE_WITH_KNOTS('',1,(#5593,#5594),.UNSPECIFIED.,.F.,
  .F.,(2,2),(0.,1.E-02),.PIECEWISE_BEZIER_KNOTS.);
#5593 = CARTESIAN_POINT('',(-0.405,0.402822808978,0.26765201214));
#5594 = CARTESIAN_POINT('',(-0.395,0.402822808978,0.26765201214));
#5595 = ORIENTED_EDGE('',*,*,#1655,.F.);
#5596 = B_SPLINE_SURFACE_WITH_KNOTS('',3,1,(
    (#5597,#5598)
    ,(#5599,#5600)
    ,(#5601,#5602)
    ,(#5603,#5604
    )),.UNSPECIFIED.,.F.,.F.,.F.,(4,4),(2,2),(2.,3.),(0.,1.),
  .PIECEWISE_BEZIER_KNOTS.);
#5597 = CARTESIAN_POINT('',(-0.405,0.404351253115,0.27087872754));
#5598 = CARTESIAN_POINT('',(-0.395,0.404351253115,0.27087872754));
#5599 = CARTESIAN_POINT('',(-0.405,0.403332290357,0.270029591909));
#5600 = CARTESIAN_POINT('',(-0.395,0.403332290357,0.270029591909));
#5601 = CARTESIAN_POINT('',(-0.405,0.402822808978,0.268962107115));
#5602 = CARTESIAN_POINT('',(-0.395,0.402822808978,0.268962107115));
#5603 = CARTESIAN_POINT('',(-0.405,0.402822808978,0.26765201214));
#5604 = CARTESIAN_POINT('',(-0.395,0.402822808978,0.26765201214));
#5605 = ADVANCED_FACE('',(#5606),#5618,.F.);
#5606 = FACE_BOUND('',#5607,.F.);
#5607 = EDGE_LOOP('',(#5608,#5609,#5616,#5617));
#5608 = ORIENTED_EDGE('',*,*,#5591,.F.);
#5609 = ORIENTED_EDGE('',*,*,#5610,.T.);
#5610 = EDGE_CURVE('',#5583,#5056,#5611,.T.);
#5611 = B_SPLINE_CURVE_WITH_KNOTS('',3,(#5612,#5613,#5614,#5615),
  .UNSPECIFIED.,.F.,.F.,(4,4),(1.,2.),.PIECEWISE_BEZIER_KNOTS.);
#5612 = CARTESIAN_POINT('',(-0.405,0.402822808978,0.26765201214));
#5613 = CARTESIAN_POINT('',(-0.405,0.402822808978,0.264595123866));
#5614 = CARTESIAN_POINT('',(-0.405,0.40516399722,0.263066679729));
#5615 = CARTESIAN_POINT('',(-0.405,0.409834243194,0.263066679729));
#5616 = ORIENTED_EDGE('',*,*,#5055,.T.);
#5617 = ORIENTED_EDGE('',*,*,#1646,.F.);
#5618 = B_SPLINE_SURFACE_WITH_KNOTS('',3,1,(
    (#5619,#5620)
    ,(#5621,#5622)
    ,(#5623,#5624)
    ,(#5625,#5626
    )),.UNSPECIFIED.,.F.,.F.,.F.,(4,4),(2,2),(1.,2.),(0.,1.),
  .PIECEWISE_BEZIER_KNOTS.);
#5619 = CARTESIAN_POINT('',(-0.405,0.402822808978,0.26765201214));
#5620 = CARTESIAN_POINT('',(-0.395,0.402822808978,0.26765201214));
#5621 = CARTESIAN_POINT('',(-0.405,0.402822808978,0.264595123866));
#5622 = CARTESIAN_POINT('',(-0.395,0.402822808978,0.264595123866));
#5623 = CARTESIAN_POINT('',(-0.405,0.40516399722,0.263066679729));
#5624 = CARTESIAN_POINT('',(-0.395,0.40516399722,0.263066679729));
#5625 = CARTESIAN_POINT('',(-0.405,0.409834243194,0.263066679729));
#5626 = CARTESIAN_POINT('',(-0.395,0.409834243194,0.263066679729));
#5627 = ADVANCED_FACE('',(#5628),#5651,.F.);
#5628 = FACE_BOUND('',#5629,.T.);
#5629 = EDGE_LOOP('',(#5630,#5631,#5632,#5633,#5634,#5635,#5636,#5637,
    #5638,#5639,#5640,#5641,#5642,#5643,#5644,#5645,#5646,#5647,#5648,
    #5649,#5650));
#5630 = ORIENTED_EDGE('',*,*,#5062,.T.);
#5631 = ORIENTED_EDGE('',*,*,#5097,.T.);
#5632 = ORIENTED_EDGE('',*,*,#5112,.T.);
#5633 = ORIENTED_EDGE('',*,*,#5140,.T.);
#5634 = ORIENTED_EDGE('',*,*,#5168,.T.);
#5635 = ORIENTED_EDGE('',*,*,#5196,.T.);
#5636 = ORIENTED_EDGE('',*,*,#5224,.T.);
#5637 = ORIENTED_EDGE('',*,*,#5252,.T.);
#5638 = ORIENTED_EDGE('',*,*,#5280,.T.);
#5639 = ORIENTED_EDGE('',*,*,#5308,.T.);
#5640 = ORIENTED_EDGE('',*,*,#5336,.T.);
#5641 = ORIENTED_EDGE('',*,*,#5364,.T.);
#5642 = ORIENTED_EDGE('',*,*,#5399,.T.);
#5643 = ORIENTED_EDGE('',*,*,#5414,.T.);
#5644 = ORIENTED_EDGE('',*,*,#5442,.T.);
#5645 = ORIENTED_EDGE('',*,*,#5470,.T.);
#5646 = ORIENTED_EDGE('',*,*,#5498,.T.);
#5647 = ORIENTED_EDGE('',*,*,#5526,.T.);
#5648 = ORIENTED_EDGE('',*,*,#5554,.T.);
#5649 = ORIENTED_EDGE('',*,*,#5582,.T.);
#5650 = ORIENTED_EDGE('',*,*,#5610,.T.);
#5651 = B_SPLINE_SURFACE_WITH_KNOTS('',1,1,(
    (#5652,#5653)
    ,(#5654,#5655
    )),.UNSPECIFIED.,.F.,.F.,.F.,(2,2),(2,2),(-2.979859541676E-02,
    5.671012968546E-03),(-1.817453514475E-02,4.715735382925E-03),
  .PIECEWISE_BEZIER_KNOTS.);
#5652 = CARTESIAN_POINT('',(-0.405,0.396721162939,0.293684084505));
#5653 = CARTESIAN_POINT('',(-0.405,0.419611433467,0.293684084505));
#5654 = CARTESIAN_POINT('',(-0.405,0.396721162939,0.25821447612));
#5655 = CARTESIAN_POINT('',(-0.405,0.419611433467,0.25821447612));
#5656 = ADVANCED_FACE('',(#5657),#5679,.F.);
#5657 = FACE_BOUND('',#5658,.T.);
#5658 = EDGE_LOOP('',(#5659,#5660,#5667,#5674));
#5659 = ORIENTED_EDGE('',*,*,#915,.T.);
#5660 = ORIENTED_EDGE('',*,*,#5661,.F.);
#5661 = EDGE_CURVE('',#5662,#918,#5664,.T.);
#5662 = VERTEX_POINT('',#5663);
#5663 = CARTESIAN_POINT('',(-0.405,0.36725615652,0.292907731928));
#5664 = B_SPLINE_CURVE_WITH_KNOTS('',1,(#5665,#5666),.UNSPECIFIED.,.F.,
  .F.,(2,2),(0.,1.E-02),.PIECEWISE_BEZIER_KNOTS.);
#5665 = CARTESIAN_POINT('',(-0.405,0.36725615652,0.292907731928));
#5666 = CARTESIAN_POINT('',(-0.395,0.36725615652,0.292907731928));
#5667 = ORIENTED_EDGE('',*,*,#5668,.F.);
#5668 = EDGE_CURVE('',#5669,#5662,#5671,.T.);
#5669 = VERTEX_POINT('',#5670);
#5670 = CARTESIAN_POINT('',(-0.405,0.361093857937,0.292907731928));
#5671 = B_SPLINE_CURVE_WITH_KNOTS('',1,(#5672,#5673),.UNSPECIFIED.,.F.,
  .F.,(2,2),(-6.16229858381E-03,0.),.PIECEWISE_BEZIER_KNOTS.);
#5672 = CARTESIAN_POINT('',(-0.405,0.361093857937,0.292907731928));
#5673 = CARTESIAN_POINT('',(-0.405,0.36725615652,0.292907731928));
#5674 = ORIENTED_EDGE('',*,*,#5675,.T.);
#5675 = EDGE_CURVE('',#5669,#916,#5676,.T.);
#5676 = B_SPLINE_CURVE_WITH_KNOTS('',1,(#5677,#5678),.UNSPECIFIED.,.F.,
  .F.,(2,2),(0.,1.E-02),.PIECEWISE_BEZIER_KNOTS.);
#5677 = CARTESIAN_POINT('',(-0.405,0.361093857937,0.292907731928));
#5678 = CARTESIAN_POINT('',(-0.395,0.361093857937,0.292907731928));
#5679 = B_SPLINE_SURFACE_WITH_KNOTS('',1,1,(
    (#5680,#5681)
    ,(#5682,#5683
    )),.UNSPECIFIED.,.F.,.F.,.F.,(2,2),(2,2),(-6.16229858381E-03,
    1.110223024625E-16),(0.,1.E-02),.PIECEWISE_BEZIER_KNOTS.);
#5680 = CARTESIAN_POINT('',(-0.405,0.361093857937,0.292907731928));
#5681 = CARTESIAN_POINT('',(-0.395,0.361093857937,0.292907731928));
#5682 = CARTESIAN_POINT('',(-0.405,0.36725615652,0.292907731928));
#5683 = CARTESIAN_POINT('',(-0.395,0.36725615652,0.292907731928));
#5684 = ADVANCED_FACE('',(#5685),#5701,.F.);
#5685 = FACE_BOUND('',#5686,.T.);
#5686 = EDGE_LOOP('',(#5687,#5688,#5695,#5700));
#5687 = ORIENTED_EDGE('',*,*,#1025,.T.);
#5688 = ORIENTED_EDGE('',*,*,#5689,.F.);
#5689 = EDGE_CURVE('',#5690,#1017,#5692,.T.);
#5690 = VERTEX_POINT('',#5691);
#5691 = CARTESIAN_POINT('',(-0.405,0.376511734906,0.267385140942));
#5692 = B_SPLINE_CURVE_WITH_KNOTS('',1,(#5693,#5694),.UNSPECIFIED.,.F.,
  .F.,(2,2),(0.,1.E-02),.PIECEWISE_BEZIER_KNOTS.);
#5693 = CARTESIAN_POINT('',(-0.405,0.376511734906,0.267385140942));
#5694 = CARTESIAN_POINT('',(-0.395,0.376511734906,0.267385140942));
#5695 = ORIENTED_EDGE('',*,*,#5696,.F.);
#5696 = EDGE_CURVE('',#5662,#5690,#5697,.T.);
#5697 = B_SPLINE_CURVE_WITH_KNOTS('',1,(#5698,#5699),.UNSPECIFIED.,.F.,
  .F.,(2,2),(-2.71490033312E-02,1.892473934332E-17),
  .PIECEWISE_BEZIER_KNOTS.);
#5698 = CARTESIAN_POINT('',(-0.405,0.36725615652,0.292907731928));
#5699 = CARTESIAN_POINT('',(-0.405,0.376511734906,0.267385140942));
#5700 = ORIENTED_EDGE('',*,*,#5661,.T.);
#5701 = B_SPLINE_SURFACE_WITH_KNOTS('',1,1,(
    (#5702,#5703)
    ,(#5704,#5705
    )),.UNSPECIFIED.,.F.,.F.,.F.,(2,2),(2,2),(-2.71490033312E-02,
    1.892473934332E-17),(-1.925929944387E-34,1.E-02),
  .PIECEWISE_BEZIER_KNOTS.);
#5702 = CARTESIAN_POINT('',(-0.405,0.36725615652,0.292907731928));
#5703 = CARTESIAN_POINT('',(-0.395,0.36725615652,0.292907731928));
#5704 = CARTESIAN_POINT('',(-0.405,0.376511734906,0.267385140942));
#5705 = CARTESIAN_POINT('',(-0.395,0.376511734906,0.267385140942));
#5706 = ADVANCED_FACE('',(#5707),#5725,.F.);
#5707 = FACE_BOUND('',#5708,.F.);
#5708 = EDGE_LOOP('',(#5709,#5710,#5719,#5724));
#5709 = ORIENTED_EDGE('',*,*,#5689,.F.);
#5710 = ORIENTED_EDGE('',*,*,#5711,.T.);
#5711 = EDGE_CURVE('',#5690,#5712,#5714,.T.);
#5712 = VERTEX_POINT('',#5713);
#5713 = CARTESIAN_POINT('',(-0.405,0.377239565447,0.264643645902));
#5714 = B_SPLINE_CURVE_WITH_KNOTS('',3,(#5715,#5716,#5717,#5718),
  .UNSPECIFIED.,.F.,.F.,(4,4),(12.,13.),.PIECEWISE_BEZIER_KNOTS.);
#5715 = CARTESIAN_POINT('',(-0.405,0.376511734906,0.267385140942));
#5716 = CARTESIAN_POINT('',(-0.405,0.376875650176,0.266196351057));
#5717 = CARTESIAN_POINT('',(-0.405,0.377118260357,0.265274432372));
#5718 = CARTESIAN_POINT('',(-0.405,0.377239565447,0.264643645902));
#5719 = ORIENTED_EDGE('',*,*,#5720,.T.);
#5720 = EDGE_CURVE('',#5712,#1010,#5721,.T.);
#5721 = B_SPLINE_CURVE_WITH_KNOTS('',1,(#5722,#5723),.UNSPECIFIED.,.F.,
  .F.,(2,2),(0.,1.E-02),.PIECEWISE_BEZIER_KNOTS.);
#5722 = CARTESIAN_POINT('',(-0.405,0.377239565447,0.264643645902));
#5723 = CARTESIAN_POINT('',(-0.395,0.377239565447,0.264643645902));
#5724 = ORIENTED_EDGE('',*,*,#1016,.F.);
#5725 = B_SPLINE_SURFACE_WITH_KNOTS('',3,1,(
    (#5726,#5727)
    ,(#5728,#5729)
    ,(#5730,#5731)
    ,(#5732,#5733
    )),.UNSPECIFIED.,.F.,.F.,.F.,(4,4),(2,2),(12.,13.),(0.,1.),
  .PIECEWISE_BEZIER_KNOTS.);
#5726 = CARTESIAN_POINT('',(-0.405,0.376511734906,0.267385140942));
#5727 = CARTESIAN_POINT('',(-0.395,0.376511734906,0.267385140942));
#5728 = CARTESIAN_POINT('',(-0.405,0.376875650176,0.266196351057));
#5729 = CARTESIAN_POINT('',(-0.395,0.376875650176,0.266196351057));
#5730 = CARTESIAN_POINT('',(-0.405,0.377118260357,0.265274432372));
#5731 = CARTESIAN_POINT('',(-0.395,0.377118260357,0.265274432372));
#5732 = CARTESIAN_POINT('',(-0.405,0.377239565447,0.264643645902));
#5733 = CARTESIAN_POINT('',(-0.395,0.377239565447,0.264643645902));
#5734 = ADVANCED_FACE('',(#5735),#5751,.F.);
#5735 = FACE_BOUND('',#5736,.T.);
#5736 = EDGE_LOOP('',(#5737,#5738,#5745,#5750));
#5737 = ORIENTED_EDGE('',*,*,#1009,.T.);
#5738 = ORIENTED_EDGE('',*,*,#5739,.F.);
#5739 = EDGE_CURVE('',#5740,#1003,#5742,.T.);
#5740 = VERTEX_POINT('',#5741);
#5741 = CARTESIAN_POINT('',(-0.405,0.377397262064,0.264643645902));
#5742 = B_SPLINE_CURVE_WITH_KNOTS('',1,(#5743,#5744),.UNSPECIFIED.,.F.,
  .F.,(2,2),(0.,1.E-02),.PIECEWISE_BEZIER_KNOTS.);
#5743 = CARTESIAN_POINT('',(-0.405,0.377397262064,0.264643645902));
#5744 = CARTESIAN_POINT('',(-0.395,0.377397262064,0.264643645902));
#5745 = ORIENTED_EDGE('',*,*,#5746,.F.);
#5746 = EDGE_CURVE('',#5712,#5740,#5747,.T.);
#5747 = B_SPLINE_CURVE_WITH_KNOTS('',1,(#5748,#5749),.UNSPECIFIED.,.F.,
  .F.,(2,2),(-1.576966171281E-04,0.),.PIECEWISE_BEZIER_KNOTS.);
#5748 = CARTESIAN_POINT('',(-0.405,0.377239565447,0.264643645902));
#5749 = CARTESIAN_POINT('',(-0.405,0.377397262064,0.264643645902));
#5750 = ORIENTED_EDGE('',*,*,#5720,.T.);
#5751 = B_SPLINE_SURFACE_WITH_KNOTS('',1,1,(
    (#5752,#5753)
    ,(#5754,#5755)),.UNSPECIFIED.,.F.,.F.,.F.,(2,2),(2,2),(-1.E-02,0.),(
    -1.576966171281E-04,5.551115123126E-17),.PIECEWISE_BEZIER_KNOTS.);
#5752 = CARTESIAN_POINT('',(-0.395,0.377239565447,0.264643645902));
#5753 = CARTESIAN_POINT('',(-0.395,0.377397262064,0.264643645902));
#5754 = CARTESIAN_POINT('',(-0.405,0.377239565447,0.264643645902));
#5755 = CARTESIAN_POINT('',(-0.405,0.377397262064,0.264643645902));
#5756 = ADVANCED_FACE('',(#5757),#5773,.F.);
#5757 = FACE_BOUND('',#5758,.T.);
#5758 = EDGE_LOOP('',(#5759,#5760,#5767,#5772));
#5759 = ORIENTED_EDGE('',*,*,#1002,.T.);
#5760 = ORIENTED_EDGE('',*,*,#5761,.F.);
#5761 = EDGE_CURVE('',#5762,#996,#5764,.T.);
#5762 = VERTEX_POINT('',#5763);
#5763 = CARTESIAN_POINT('',(-0.405,0.378125092606,0.267433662978));
#5764 = B_SPLINE_CURVE_WITH_KNOTS('',1,(#5765,#5766),.UNSPECIFIED.,.F.,
  .F.,(2,2),(0.,1.E-02),.PIECEWISE_BEZIER_KNOTS.);
#5765 = CARTESIAN_POINT('',(-0.405,0.378125092606,0.267433662978));
#5766 = CARTESIAN_POINT('',(-0.395,0.378125092606,0.267433662978));
#5767 = ORIENTED_EDGE('',*,*,#5768,.F.);
#5768 = EDGE_CURVE('',#5740,#5762,#5769,.T.);
#5769 = B_SPLINE_CURVE_WITH_KNOTS('',1,(#5770,#5771),.UNSPECIFIED.,.F.,
  .F.,(2,2),(-2.883389078644E-03,0.),.PIECEWISE_BEZIER_KNOTS.);
#5770 = CARTESIAN_POINT('',(-0.405,0.377397262064,0.264643645902));
#5771 = CARTESIAN_POINT('',(-0.405,0.378125092606,0.267433662978));
#5772 = ORIENTED_EDGE('',*,*,#5739,.T.);
#5773 = B_SPLINE_SURFACE_WITH_KNOTS('',1,1,(
    (#5774,#5775)
    ,(#5776,#5777
    )),.UNSPECIFIED.,.F.,.F.,.F.,(2,2),(2,2),(-2.883389078644E-03,
    5.371354874141E-17),(0.,1.E-02),.PIECEWISE_BEZIER_KNOTS.);
#5774 = CARTESIAN_POINT('',(-0.405,0.377397262064,0.264643645902));
#5775 = CARTESIAN_POINT('',(-0.395,0.377397262064,0.264643645902));
#5776 = CARTESIAN_POINT('',(-0.405,0.378125092606,0.267433662978));
#5777 = CARTESIAN_POINT('',(-0.395,0.378125092606,0.267433662978));
#5778 = ADVANCED_FACE('',(#5779),#5795,.F.);
#5779 = FACE_BOUND('',#5780,.T.);
#5780 = EDGE_LOOP('',(#5781,#5782,#5789,#5794));
#5781 = ORIENTED_EDGE('',*,*,#995,.T.);
#5782 = ORIENTED_EDGE('',*,*,#5783,.F.);
#5783 = EDGE_CURVE('',#5784,#989,#5786,.T.);
#5784 = VERTEX_POINT('',#5785);
#5785 = CARTESIAN_POINT('',(-0.405,0.386980364193,0.292907731928));
#5786 = B_SPLINE_CURVE_WITH_KNOTS('',1,(#5787,#5788),.UNSPECIFIED.,.F.,
  .F.,(2,2),(0.,1.E-02),.PIECEWISE_BEZIER_KNOTS.);
#5787 = CARTESIAN_POINT('',(-0.405,0.386980364193,0.292907731928));
#5788 = CARTESIAN_POINT('',(-0.395,0.386980364193,0.292907731928));
#5789 = ORIENTED_EDGE('',*,*,#5790,.F.);
#5790 = EDGE_CURVE('',#5762,#5784,#5791,.T.);
#5791 = B_SPLINE_CURVE_WITH_KNOTS('',1,(#5792,#5793),.UNSPECIFIED.,.F.,
  .F.,(2,2),(-2.696931633811E-02,0.),.PIECEWISE_BEZIER_KNOTS.);
#5792 = CARTESIAN_POINT('',(-0.405,0.378125092606,0.267433662978));
#5793 = CARTESIAN_POINT('',(-0.405,0.386980364193,0.292907731928));
#5794 = ORIENTED_EDGE('',*,*,#5761,.T.);
#5795 = B_SPLINE_SURFACE_WITH_KNOTS('',1,1,(
    (#5796,#5797)
    ,(#5798,#5799
    )),.UNSPECIFIED.,.F.,.F.,.F.,(2,2),(2,2),(-2.696931633811E-02,
    5.562400394016E-19),(-4.986337335862E-34,1.E-02),
  .PIECEWISE_BEZIER_KNOTS.);
#5796 = CARTESIAN_POINT('',(-0.405,0.378125092606,0.267433662978));
#5797 = CARTESIAN_POINT('',(-0.395,0.378125092606,0.267433662978));
#5798 = CARTESIAN_POINT('',(-0.405,0.386980364193,0.292907731928));
#5799 = CARTESIAN_POINT('',(-0.395,0.386980364193,0.292907731928));
#5800 = ADVANCED_FACE('',(#5801),#5817,.F.);
#5801 = FACE_BOUND('',#5802,.T.);
#5802 = EDGE_LOOP('',(#5803,#5804,#5811,#5816));
#5803 = ORIENTED_EDGE('',*,*,#988,.T.);
#5804 = ORIENTED_EDGE('',*,*,#5805,.F.);
#5805 = EDGE_CURVE('',#5806,#982,#5808,.T.);
#5806 = VERTEX_POINT('',#5807);
#5807 = CARTESIAN_POINT('',(-0.405,0.393627883138,0.292907731928));
#5808 = B_SPLINE_CURVE_WITH_KNOTS('',1,(#5809,#5810),.UNSPECIFIED.,.F.,
  .F.,(2,2),(0.,1.E-02),.PIECEWISE_BEZIER_KNOTS.);
#5809 = CARTESIAN_POINT('',(-0.405,0.393627883138,0.292907731928));
#5810 = CARTESIAN_POINT('',(-0.395,0.393627883138,0.292907731928));
#5811 = ORIENTED_EDGE('',*,*,#5812,.F.);
#5812 = EDGE_CURVE('',#5784,#5806,#5813,.T.);
#5813 = B_SPLINE_CURVE_WITH_KNOTS('',1,(#5814,#5815),.UNSPECIFIED.,.F.,
  .F.,(2,2),(-6.647518945013E-03,0.),.PIECEWISE_BEZIER_KNOTS.);
#5814 = CARTESIAN_POINT('',(-0.405,0.386980364193,0.292907731928));
#5815 = CARTESIAN_POINT('',(-0.405,0.393627883138,0.292907731928));
#5816 = ORIENTED_EDGE('',*,*,#5783,.T.);
#5817 = B_SPLINE_SURFACE_WITH_KNOTS('',1,1,(
    (#5818,#5819)
    ,(#5820,#5821
    )),.UNSPECIFIED.,.F.,.F.,.F.,(2,2),(2,2),(-6.647518945013E-03,
    5.551115123126E-17),(-1.654704478187E-62,1.E-02),
  .PIECEWISE_BEZIER_KNOTS.);
#5818 = CARTESIAN_POINT('',(-0.405,0.386980364193,0.292907731928));
#5819 = CARTESIAN_POINT('',(-0.395,0.386980364193,0.292907731928));
#5820 = CARTESIAN_POINT('',(-0.405,0.393627883138,0.292907731928));
#5821 = CARTESIAN_POINT('',(-0.395,0.393627883138,0.292907731928));
#5822 = ADVANCED_FACE('',(#5823),#5839,.F.);
#5823 = FACE_BOUND('',#5824,.T.);
#5824 = EDGE_LOOP('',(#5825,#5826,#5833,#5838));
#5825 = ORIENTED_EDGE('',*,*,#981,.T.);
#5826 = ORIENTED_EDGE('',*,*,#5827,.F.);
#5827 = EDGE_CURVE('',#5828,#975,#5830,.T.);
#5828 = VERTEX_POINT('',#5829);
#5829 = CARTESIAN_POINT('',(-0.405,0.380332845248,0.25908787277));
#5830 = B_SPLINE_CURVE_WITH_KNOTS('',1,(#5831,#5832),.UNSPECIFIED.,.F.,
  .F.,(2,2),(0.,1.E-02),.PIECEWISE_BEZIER_KNOTS.);
#5831 = CARTESIAN_POINT('',(-0.405,0.380332845248,0.25908787277));
#5832 = CARTESIAN_POINT('',(-0.395,0.380332845248,0.25908787277));
#5833 = ORIENTED_EDGE('',*,*,#5834,.F.);
#5834 = EDGE_CURVE('',#5806,#5828,#5835,.T.);
#5835 = B_SPLINE_CURVE_WITH_KNOTS('',1,(#5836,#5837),.UNSPECIFIED.,.F.,
  .F.,(2,2),(-3.633924746009E-02,-0.),.PIECEWISE_BEZIER_KNOTS.);
#5836 = CARTESIAN_POINT('',(-0.405,0.393627883138,0.292907731928));
#5837 = CARTESIAN_POINT('',(-0.405,0.380332845248,0.25908787277));
#5838 = ORIENTED_EDGE('',*,*,#5805,.T.);
#5839 = B_SPLINE_SURFACE_WITH_KNOTS('',1,1,(
    (#5840,#5841)
    ,(#5842,#5843
    )),.UNSPECIFIED.,.F.,.F.,.F.,(2,2),(2,2),(-3.633924746009E-02,0.),(
    0.,1.E-02),.PIECEWISE_BEZIER_KNOTS.);
#5840 = CARTESIAN_POINT('',(-0.405,0.393627883138,0.292907731928));
#5841 = CARTESIAN_POINT('',(-0.395,0.393627883138,0.292907731928));
#5842 = CARTESIAN_POINT('',(-0.405,0.380332845248,0.25908787277));
#5843 = CARTESIAN_POINT('',(-0.395,0.380332845248,0.25908787277));
#5844 = ADVANCED_FACE('',(#5845),#5861,.F.);
#5845 = FACE_BOUND('',#5846,.T.);
#5846 = EDGE_LOOP('',(#5847,#5848,#5855,#5860));
#5847 = ORIENTED_EDGE('',*,*,#974,.T.);
#5848 = ORIENTED_EDGE('',*,*,#5849,.F.);
#5849 = EDGE_CURVE('',#5850,#966,#5852,.T.);
#5850 = VERTEX_POINT('',#5851);
#5851 = CARTESIAN_POINT('',(-0.405,0.382940904688,0.252925574185));
#5852 = B_SPLINE_CURVE_WITH_KNOTS('',1,(#5853,#5854),.UNSPECIFIED.,.F.,
  .F.,(2,2),(0.,1.E-02),.PIECEWISE_BEZIER_KNOTS.);
#5853 = CARTESIAN_POINT('',(-0.405,0.382940904688,0.252925574185));
#5854 = CARTESIAN_POINT('',(-0.395,0.382940904688,0.252925574185));
#5855 = ORIENTED_EDGE('',*,*,#5856,.F.);
#5856 = EDGE_CURVE('',#5828,#5850,#5857,.T.);
#5857 = B_SPLINE_CURVE_WITH_KNOTS('',1,(#5858,#5859),.UNSPECIFIED.,.F.,
  .F.,(2,2),(-6.691479498856E-03,2.163592999568E-17),
  .PIECEWISE_BEZIER_KNOTS.);
#5858 = CARTESIAN_POINT('',(-0.405,0.380332845248,0.25908787277));
#5859 = CARTESIAN_POINT('',(-0.405,0.382940904688,0.252925574185));
#5860 = ORIENTED_EDGE('',*,*,#5827,.T.);
#5861 = B_SPLINE_SURFACE_WITH_KNOTS('',1,1,(
    (#5862,#5863)
    ,(#5864,#5865
    )),.UNSPECIFIED.,.F.,.F.,.F.,(2,2),(2,2),(-6.691479498856E-03,
    2.622086324803E-17),(-2.888894916581E-33,1.E-02),
  .PIECEWISE_BEZIER_KNOTS.);
#5862 = CARTESIAN_POINT('',(-0.405,0.380332845248,0.25908787277));
#5863 = CARTESIAN_POINT('',(-0.395,0.380332845248,0.25908787277));
#5864 = CARTESIAN_POINT('',(-0.405,0.382940904688,0.252925574185));
#5865 = CARTESIAN_POINT('',(-0.395,0.382940904688,0.252925574185));
#5866 = ADVANCED_FACE('',(#5867),#5885,.F.);
#5867 = FACE_BOUND('',#5868,.F.);
#5868 = EDGE_LOOP('',(#5869,#5870,#5879,#5884));
#5869 = ORIENTED_EDGE('',*,*,#5849,.F.);
#5870 = ORIENTED_EDGE('',*,*,#5871,.T.);
#5871 = EDGE_CURVE('',#5850,#5872,#5874,.T.);
#5872 = VERTEX_POINT('',#5873);
#5873 = CARTESIAN_POINT('',(-0.405,0.389030420218,0.24814615363));
#5874 = B_SPLINE_CURVE_WITH_KNOTS('',3,(#5875,#5876,#5877,#5878),
  .UNSPECIFIED.,.F.,.F.,(4,4),(5.,6.),.PIECEWISE_BEZIER_KNOTS.);
#5875 = CARTESIAN_POINT('',(-0.405,0.382940904688,0.252925574185));
#5876 = CARTESIAN_POINT('',(-0.405,0.38428739119,0.249723119803));
#5877 = CARTESIAN_POINT('',(-0.405,0.386313186197,0.24814615363));
#5878 = CARTESIAN_POINT('',(-0.405,0.389030420218,0.24814615363));
#5879 = ORIENTED_EDGE('',*,*,#5880,.T.);
#5880 = EDGE_CURVE('',#5872,#957,#5881,.T.);
#5881 = B_SPLINE_CURVE_WITH_KNOTS('',1,(#5882,#5883),.UNSPECIFIED.,.F.,
  .F.,(2,2),(0.,1.E-02),.PIECEWISE_BEZIER_KNOTS.);
#5882 = CARTESIAN_POINT('',(-0.405,0.389030420218,0.24814615363));
#5883 = CARTESIAN_POINT('',(-0.395,0.389030420218,0.24814615363));
#5884 = ORIENTED_EDGE('',*,*,#965,.F.);
#5885 = B_SPLINE_SURFACE_WITH_KNOTS('',3,1,(
    (#5886,#5887)
    ,(#5888,#5889)
    ,(#5890,#5891)
    ,(#5892,#5893
    )),.UNSPECIFIED.,.F.,.F.,.F.,(4,4),(2,2),(5.,6.),(0.,1.),
  .PIECEWISE_BEZIER_KNOTS.);
#5886 = CARTESIAN_POINT('',(-0.405,0.382940904688,0.252925574185));
#5887 = CARTESIAN_POINT('',(-0.395,0.382940904688,0.252925574185));
#5888 = CARTESIAN_POINT('',(-0.405,0.38428739119,0.249723119803));
#5889 = CARTESIAN_POINT('',(-0.395,0.38428739119,0.249723119803));
#5890 = CARTESIAN_POINT('',(-0.405,0.386313186197,0.24814615363));
#5891 = CARTESIAN_POINT('',(-0.395,0.386313186197,0.24814615363));
#5892 = CARTESIAN_POINT('',(-0.405,0.389030420218,0.24814615363));
#5893 = CARTESIAN_POINT('',(-0.395,0.389030420218,0.24814615363));
#5894 = ADVANCED_FACE('',(#5895),#5913,.F.);
#5895 = FACE_BOUND('',#5896,.F.);
#5896 = EDGE_LOOP('',(#5897,#5898,#5907,#5912));
#5897 = ORIENTED_EDGE('',*,*,#5880,.F.);
#5898 = ORIENTED_EDGE('',*,*,#5899,.T.);
#5899 = EDGE_CURVE('',#5872,#5900,#5902,.T.);
#5900 = VERTEX_POINT('',#5901);
#5901 = CARTESIAN_POINT('',(-0.405,0.392402701727,0.248825462136));
#5902 = B_SPLINE_CURVE_WITH_KNOTS('',3,(#5903,#5904,#5905,#5906),
  .UNSPECIFIED.,.F.,.F.,(4,4),(4.,5.),.PIECEWISE_BEZIER_KNOTS.);
#5903 = CARTESIAN_POINT('',(-0.405,0.389030420218,0.24814615363));
#5904 = CARTESIAN_POINT('',(-0.405,0.39012216603,0.24814615363));
#5905 = CARTESIAN_POINT('',(-0.405,0.39123817286,0.248364502793));
#5906 = CARTESIAN_POINT('',(-0.405,0.392402701727,0.248825462136));
#5907 = ORIENTED_EDGE('',*,*,#5908,.T.);
#5908 = EDGE_CURVE('',#5900,#950,#5909,.T.);
#5909 = B_SPLINE_CURVE_WITH_KNOTS('',1,(#5910,#5911),.UNSPECIFIED.,.F.,
  .F.,(2,2),(0.,1.E-02),.PIECEWISE_BEZIER_KNOTS.);
#5910 = CARTESIAN_POINT('',(-0.405,0.392402701727,0.248825462136));
#5911 = CARTESIAN_POINT('',(-0.395,0.392402701727,0.248825462136));
#5912 = ORIENTED_EDGE('',*,*,#956,.F.);
#5913 = B_SPLINE_SURFACE_WITH_KNOTS('',3,1,(
    (#5914,#5915)
    ,(#5916,#5917)
    ,(#5918,#5919)
    ,(#5920,#5921
    )),.UNSPECIFIED.,.F.,.F.,.F.,(4,4),(2,2),(4.,5.),(0.,1.),
  .PIECEWISE_BEZIER_KNOTS.);
#5914 = CARTESIAN_POINT('',(-0.405,0.389030420218,0.24814615363));
#5915 = CARTESIAN_POINT('',(-0.395,0.389030420218,0.24814615363));
#5916 = CARTESIAN_POINT('',(-0.405,0.39012216603,0.24814615363));
#5917 = CARTESIAN_POINT('',(-0.395,0.39012216603,0.24814615363));
#5918 = CARTESIAN_POINT('',(-0.405,0.39123817286,0.248364502793));
#5919 = CARTESIAN_POINT('',(-0.395,0.39123817286,0.248364502793));
#5920 = CARTESIAN_POINT('',(-0.405,0.392402701727,0.248825462136));
#5921 = CARTESIAN_POINT('',(-0.395,0.392402701727,0.248825462136));
#5922 = ADVANCED_FACE('',(#5923),#5939,.F.);
#5923 = FACE_BOUND('',#5924,.T.);
#5924 = EDGE_LOOP('',(#5925,#5926,#5933,#5938));
#5925 = ORIENTED_EDGE('',*,*,#949,.T.);
#5926 = ORIENTED_EDGE('',*,*,#5927,.F.);
#5927 = EDGE_CURVE('',#5928,#941,#5930,.T.);
#5928 = VERTEX_POINT('',#5929);
#5929 = CARTESIAN_POINT('',(-0.405,0.392402701727,0.243536560201));
#5930 = B_SPLINE_CURVE_WITH_KNOTS('',1,(#5931,#5932),.UNSPECIFIED.,.F.,
  .F.,(2,2),(0.,1.E-02),.PIECEWISE_BEZIER_KNOTS.);
#5931 = CARTESIAN_POINT('',(-0.405,0.392402701727,0.243536560201));
#5932 = CARTESIAN_POINT('',(-0.395,0.392402701727,0.243536560201));
#5933 = ORIENTED_EDGE('',*,*,#5934,.F.);
#5934 = EDGE_CURVE('',#5900,#5928,#5935,.T.);
#5935 = B_SPLINE_CURVE_WITH_KNOTS('',1,(#5936,#5937),.UNSPECIFIED.,.F.,
  .F.,(2,2),(-5.288901934451E-03,-1.13795474955E-30),
  .PIECEWISE_BEZIER_KNOTS.);
#5936 = CARTESIAN_POINT('',(-0.405,0.392402701727,0.248825462136));
#5937 = CARTESIAN_POINT('',(-0.405,0.392402701727,0.243536560201));
#5938 = ORIENTED_EDGE('',*,*,#5908,.T.);
#5939 = B_SPLINE_SURFACE_WITH_KNOTS('',1,1,(
    (#5940,#5941)
    ,(#5942,#5943
    )),.UNSPECIFIED.,.F.,.F.,.F.,(2,2),(2,2),(-5.288901934451E-03,0.),(
    0.,1.E-02),.PIECEWISE_BEZIER_KNOTS.);
#5940 = CARTESIAN_POINT('',(-0.405,0.392402701727,0.248825462136));
#5941 = CARTESIAN_POINT('',(-0.395,0.392402701727,0.248825462136));
#5942 = CARTESIAN_POINT('',(-0.405,0.392402701727,0.243536560201));
#5943 = CARTESIAN_POINT('',(-0.395,0.392402701727,0.243536560201));
#5944 = ADVANCED_FACE('',(#5945),#5963,.F.);
#5945 = FACE_BOUND('',#5946,.F.);
#5946 = EDGE_LOOP('',(#5947,#5948,#5957,#5962));
#5947 = ORIENTED_EDGE('',*,*,#5927,.F.);
#5948 = ORIENTED_EDGE('',*,*,#5949,.T.);
#5949 = EDGE_CURVE('',#5928,#5950,#5952,.T.);
#5950 = VERTEX_POINT('',#5951);
#5951 = CARTESIAN_POINT('',(-0.405,0.388569460875,0.24305133984));
#5952 = B_SPLINE_CURVE_WITH_KNOTS('',3,(#5953,#5954,#5955,#5956),
  .UNSPECIFIED.,.F.,.F.,(4,4),(2.,3.),.PIECEWISE_BEZIER_KNOTS.);
#5953 = CARTESIAN_POINT('',(-0.405,0.392402701727,0.243536560201));
#5954 = CARTESIAN_POINT('',(-0.405,0.391347347442,0.243221166967));
#5955 = CARTESIAN_POINT('',(-0.405,0.390061513485,0.24305133984));
#5956 = CARTESIAN_POINT('',(-0.405,0.388569460875,0.24305133984));
#5957 = ORIENTED_EDGE('',*,*,#5958,.T.);
#5958 = EDGE_CURVE('',#5950,#932,#5959,.T.);
#5959 = B_SPLINE_CURVE_WITH_KNOTS('',1,(#5960,#5961),.UNSPECIFIED.,.F.,
  .F.,(2,2),(0.,1.E-02),.PIECEWISE_BEZIER_KNOTS.);
#5960 = CARTESIAN_POINT('',(-0.405,0.388569460875,0.24305133984));
#5961 = CARTESIAN_POINT('',(-0.395,0.388569460875,0.24305133984));
#5962 = ORIENTED_EDGE('',*,*,#940,.F.);
#5963 = B_SPLINE_SURFACE_WITH_KNOTS('',3,1,(
    (#5964,#5965)
    ,(#5966,#5967)
    ,(#5968,#5969)
    ,(#5970,#5971
    )),.UNSPECIFIED.,.F.,.F.,.F.,(4,4),(2,2),(2.,3.),(0.,1.),
  .PIECEWISE_BEZIER_KNOTS.);
#5964 = CARTESIAN_POINT('',(-0.405,0.392402701727,0.243536560201));
#5965 = CARTESIAN_POINT('',(-0.395,0.392402701727,0.243536560201));
#5966 = CARTESIAN_POINT('',(-0.405,0.391347347442,0.243221166967));
#5967 = CARTESIAN_POINT('',(-0.395,0.391347347442,0.243221166967));
#5968 = CARTESIAN_POINT('',(-0.405,0.390061513485,0.24305133984));
#5969 = CARTESIAN_POINT('',(-0.395,0.390061513485,0.24305133984));
#5970 = CARTESIAN_POINT('',(-0.405,0.388569460875,0.24305133984));
#5971 = CARTESIAN_POINT('',(-0.395,0.388569460875,0.24305133984));
#5972 = ADVANCED_FACE('',(#5973),#5991,.F.);
#5973 = FACE_BOUND('',#5974,.F.);
#5974 = EDGE_LOOP('',(#5975,#5976,#5985,#5990));
#5975 = ORIENTED_EDGE('',*,*,#5958,.F.);
#5976 = ORIENTED_EDGE('',*,*,#5977,.T.);
#5977 = EDGE_CURVE('',#5950,#5978,#5980,.T.);
#5978 = VERTEX_POINT('',#5979);
#5979 = CARTESIAN_POINT('',(-0.405,0.376475343379,0.253896014907));
#5980 = B_SPLINE_CURVE_WITH_KNOTS('',3,(#5981,#5982,#5983,#5984),
  .UNSPECIFIED.,.F.,.F.,(4,4),(1.,2.),.PIECEWISE_BEZIER_KNOTS.);
#5981 = CARTESIAN_POINT('',(-0.405,0.388569460875,0.24305133984));
#5982 = CARTESIAN_POINT('',(-0.405,0.383365472504,0.24305133984));
#5983 = CARTESIAN_POINT('',(-0.405,0.379338143508,0.246666231529));
#5984 = CARTESIAN_POINT('',(-0.405,0.376475343379,0.253896014907));
#5985 = ORIENTED_EDGE('',*,*,#5986,.T.);
#5986 = EDGE_CURVE('',#5978,#925,#5987,.T.);
#5987 = B_SPLINE_CURVE_WITH_KNOTS('',1,(#5988,#5989),.UNSPECIFIED.,.F.,
  .F.,(2,2),(0.,1.E-02),.PIECEWISE_BEZIER_KNOTS.);
#5988 = CARTESIAN_POINT('',(-0.405,0.376475343379,0.253896014907));
#5989 = CARTESIAN_POINT('',(-0.395,0.376475343379,0.253896014907));
#5990 = ORIENTED_EDGE('',*,*,#931,.F.);
#5991 = B_SPLINE_SURFACE_WITH_KNOTS('',3,1,(
    (#5992,#5993)
    ,(#5994,#5995)
    ,(#5996,#5997)
    ,(#5998,#5999
    )),.UNSPECIFIED.,.F.,.F.,.F.,(4,4),(2,2),(1.,2.),(0.,1.),
  .PIECEWISE_BEZIER_KNOTS.);
#5992 = CARTESIAN_POINT('',(-0.405,0.388569460875,0.24305133984));
#5993 = CARTESIAN_POINT('',(-0.395,0.388569460875,0.24305133984));
#5994 = CARTESIAN_POINT('',(-0.405,0.383365472504,0.24305133984));
#5995 = CARTESIAN_POINT('',(-0.395,0.383365472504,0.24305133984));
#5996 = CARTESIAN_POINT('',(-0.405,0.379338143508,0.246666231529));
#5997 = CARTESIAN_POINT('',(-0.395,0.379338143508,0.246666231529));
#5998 = CARTESIAN_POINT('',(-0.405,0.376475343379,0.253896014907));
#5999 = CARTESIAN_POINT('',(-0.395,0.376475343379,0.253896014907));
#6000 = ADVANCED_FACE('',(#6001),#6011,.F.);
#6001 = FACE_BOUND('',#6002,.T.);
#6002 = EDGE_LOOP('',(#6003,#6004,#6005,#6010));
#6003 = ORIENTED_EDGE('',*,*,#924,.T.);
#6004 = ORIENTED_EDGE('',*,*,#5675,.F.);
#6005 = ORIENTED_EDGE('',*,*,#6006,.F.);
#6006 = EDGE_CURVE('',#5978,#5669,#6007,.T.);
#6007 = B_SPLINE_CURVE_WITH_KNOTS('',1,(#6008,#6009),.UNSPECIFIED.,.F.,
  .F.,(2,2),(-4.193452228482E-02,0.),.PIECEWISE_BEZIER_KNOTS.);
#6008 = CARTESIAN_POINT('',(-0.405,0.376475343379,0.253896014907));
#6009 = CARTESIAN_POINT('',(-0.405,0.361093857937,0.292907731928));
#6010 = ORIENTED_EDGE('',*,*,#5986,.T.);
#6011 = B_SPLINE_SURFACE_WITH_KNOTS('',1,1,(
    (#6012,#6013)
    ,(#6014,#6015
    )),.UNSPECIFIED.,.F.,.F.,.F.,(2,2),(2,2),(-4.193452228482E-02,0.),(
    0.,1.E-02),.PIECEWISE_BEZIER_KNOTS.);
#6012 = CARTESIAN_POINT('',(-0.405,0.376475343379,0.253896014907));
#6013 = CARTESIAN_POINT('',(-0.395,0.376475343379,0.253896014907));
#6014 = CARTESIAN_POINT('',(-0.405,0.361093857937,0.292907731928));
#6015 = CARTESIAN_POINT('',(-0.395,0.361093857937,0.292907731928));
#6016 = ADVANCED_FACE('',(#6017),#6034,.T.);
#6017 = FACE_BOUND('',#6018,.T.);
#6018 = EDGE_LOOP('',(#6019,#6020,#6021,#6022,#6023,#6024,#6025,#6026,
    #6027,#6028,#6029,#6030,#6031,#6032,#6033));
#6019 = ORIENTED_EDGE('',*,*,#5668,.T.);
#6020 = ORIENTED_EDGE('',*,*,#5696,.T.);
#6021 = ORIENTED_EDGE('',*,*,#5711,.T.);
#6022 = ORIENTED_EDGE('',*,*,#5746,.T.);
#6023 = ORIENTED_EDGE('',*,*,#5768,.T.);
#6024 = ORIENTED_EDGE('',*,*,#5790,.T.);
#6025 = ORIENTED_EDGE('',*,*,#5812,.T.);
#6026 = ORIENTED_EDGE('',*,*,#5834,.T.);
#6027 = ORIENTED_EDGE('',*,*,#5856,.T.);
#6028 = ORIENTED_EDGE('',*,*,#5871,.T.);
#6029 = ORIENTED_EDGE('',*,*,#5899,.T.);
#6030 = ORIENTED_EDGE('',*,*,#5934,.T.);
#6031 = ORIENTED_EDGE('',*,*,#5949,.T.);
#6032 = ORIENTED_EDGE('',*,*,#5977,.T.);
#6033 = ORIENTED_EDGE('',*,*,#6006,.T.);
#6034 = B_SPLINE_SURFACE_WITH_KNOTS('',1,1,(
    (#6035,#6036)
    ,(#6037,#6038
    )),.UNSPECIFIED.,.F.,.F.,.F.,(2,2),(2,2),(-2.711168766861E-03,
    4.714522332065E-02),(-2.055059859972E-02,1.19834266018E-02),
  .PIECEWISE_BEZIER_KNOTS.);
#6035 = CARTESIAN_POINT('',(-0.405,0.361093857937,0.24305133984));
#6036 = CARTESIAN_POINT('',(-0.405,0.393627883138,0.24305133984));
#6037 = CARTESIAN_POINT('',(-0.405,0.361093857937,0.292907731928));
#6038 = CARTESIAN_POINT('',(-0.405,0.393627883138,0.292907731928));
#6039 = ADVANCED_FACE('',(#6040),#6062,.F.);
#6040 = FACE_BOUND('',#6041,.T.);
#6041 = EDGE_LOOP('',(#6042,#6043,#6050,#6057));
#6042 = ORIENTED_EDGE('',*,*,#1822,.T.);
#6043 = ORIENTED_EDGE('',*,*,#6044,.F.);
#6044 = EDGE_CURVE('',#6045,#1825,#6047,.T.);
#6045 = VERTEX_POINT('',#6046);
#6046 = CARTESIAN_POINT('',(-0.405,0.329166358186,0.26442529674));
#6047 = B_SPLINE_CURVE_WITH_KNOTS('',1,(#6048,#6049),.UNSPECIFIED.,.F.,
  .F.,(2,2),(0.,1.E-02),.PIECEWISE_BEZIER_KNOTS.);
#6048 = CARTESIAN_POINT('',(-0.405,0.329166358186,0.26442529674));
#6049 = CARTESIAN_POINT('',(-0.395,0.329166358186,0.26442529674));
#6050 = ORIENTED_EDGE('',*,*,#6051,.F.);
#6051 = EDGE_CURVE('',#6052,#6045,#6054,.T.);
#6052 = VERTEX_POINT('',#6053);
#6053 = CARTESIAN_POINT('',(-0.405,0.329166358186,0.259015089715));
#6054 = B_SPLINE_CURVE_WITH_KNOTS('',1,(#6055,#6056),.UNSPECIFIED.,.F.,
  .F.,(2,2),(-5.410207024551E-03,0.),.PIECEWISE_BEZIER_KNOTS.);
#6055 = CARTESIAN_POINT('',(-0.405,0.329166358186,0.259015089715));
#6056 = CARTESIAN_POINT('',(-0.405,0.329166358186,0.26442529674));
#6057 = ORIENTED_EDGE('',*,*,#6058,.T.);
#6058 = EDGE_CURVE('',#6052,#1823,#6059,.T.);
#6059 = B_SPLINE_CURVE_WITH_KNOTS('',1,(#6060,#6061),.UNSPECIFIED.,.F.,
  .F.,(2,2),(0.,1.E-02),.PIECEWISE_BEZIER_KNOTS.);
#6060 = CARTESIAN_POINT('',(-0.405,0.329166358186,0.259015089715));
#6061 = CARTESIAN_POINT('',(-0.395,0.329166358186,0.259015089715));
#6062 = B_SPLINE_SURFACE_WITH_KNOTS('',1,1,(
    (#6063,#6064)
    ,(#6065,#6066
    )),.UNSPECIFIED.,.F.,.F.,.F.,(2,2),(2,2),(-5.410207024551E-03,
    1.6974488359E-32),(-2.204051907792E-34,1.E-02),
  .PIECEWISE_BEZIER_KNOTS.);
#6063 = CARTESIAN_POINT('',(-0.405,0.329166358186,0.259015089715));
#6064 = CARTESIAN_POINT('',(-0.395,0.329166358186,0.259015089715));
#6065 = CARTESIAN_POINT('',(-0.405,0.329166358186,0.26442529674));
#6066 = CARTESIAN_POINT('',(-0.395,0.329166358186,0.26442529674));
#6067 = ADVANCED_FACE('',(#6068),#6084,.F.);
#6068 = FACE_BOUND('',#6069,.T.);
#6069 = EDGE_LOOP('',(#6070,#6071,#6078,#6083));
#6070 = ORIENTED_EDGE('',*,*,#1901,.T.);
#6071 = ORIENTED_EDGE('',*,*,#6072,.F.);
#6072 = EDGE_CURVE('',#6073,#1895,#6075,.T.);
#6073 = VERTEX_POINT('',#6074);
#6074 = CARTESIAN_POINT('',(-0.405,0.348563042115,0.26442529674));
#6075 = B_SPLINE_CURVE_WITH_KNOTS('',1,(#6076,#6077),.UNSPECIFIED.,.F.,
  .F.,(2,2),(0.,1.E-02),.PIECEWISE_BEZIER_KNOTS.);
#6076 = CARTESIAN_POINT('',(-0.405,0.348563042115,0.26442529674));
#6077 = CARTESIAN_POINT('',(-0.395,0.348563042115,0.26442529674));
#6078 = ORIENTED_EDGE('',*,*,#6079,.F.);
#6079 = EDGE_CURVE('',#6045,#6073,#6080,.T.);
#6080 = B_SPLINE_CURVE_WITH_KNOTS('',1,(#6081,#6082),.UNSPECIFIED.,.F.,
  .F.,(2,2),(-1.939668392878E-02,0.),.PIECEWISE_BEZIER_KNOTS.);
#6081 = CARTESIAN_POINT('',(-0.405,0.329166358186,0.26442529674));
#6082 = CARTESIAN_POINT('',(-0.405,0.348563042115,0.26442529674));
#6083 = ORIENTED_EDGE('',*,*,#6044,.T.);
#6084 = B_SPLINE_SURFACE_WITH_KNOTS('',1,1,(
    (#6085,#6086)
    ,(#6087,#6088
    )),.UNSPECIFIED.,.F.,.F.,.F.,(2,2),(2,2),(-1.939668392878E-02,
    1.694065894509E-18),(-9.656468834294E-62,1.E-02),
  .PIECEWISE_BEZIER_KNOTS.);
#6085 = CARTESIAN_POINT('',(-0.405,0.329166358186,0.26442529674));
#6086 = CARTESIAN_POINT('',(-0.395,0.329166358186,0.26442529674));
#6087 = CARTESIAN_POINT('',(-0.405,0.348563042115,0.26442529674));
#6088 = CARTESIAN_POINT('',(-0.395,0.348563042115,0.26442529674));
#6089 = ADVANCED_FACE('',(#6090),#6106,.F.);
#6090 = FACE_BOUND('',#6091,.T.);
#6091 = EDGE_LOOP('',(#6092,#6093,#6100,#6105));
#6092 = ORIENTED_EDGE('',*,*,#1894,.T.);
#6093 = ORIENTED_EDGE('',*,*,#6094,.F.);
#6094 = EDGE_CURVE('',#6095,#1888,#6097,.T.);
#6095 = VERTEX_POINT('',#6096);
#6096 = CARTESIAN_POINT('',(-0.405,0.348563042115,0.280389046615));
#6097 = B_SPLINE_CURVE_WITH_KNOTS('',1,(#6098,#6099),.UNSPECIFIED.,.F.,
  .F.,(2,2),(0.,1.E-02),.PIECEWISE_BEZIER_KNOTS.);
#6098 = CARTESIAN_POINT('',(-0.405,0.348563042115,0.280389046615));
#6099 = CARTESIAN_POINT('',(-0.395,0.348563042115,0.280389046615));
#6100 = ORIENTED_EDGE('',*,*,#6101,.F.);
#6101 = EDGE_CURVE('',#6073,#6095,#6102,.T.);
#6102 = B_SPLINE_CURVE_WITH_KNOTS('',1,(#6103,#6104),.UNSPECIFIED.,.F.,
  .F.,(2,2),(-1.596374987511E-02,0.),.PIECEWISE_BEZIER_KNOTS.);
#6103 = CARTESIAN_POINT('',(-0.405,0.348563042115,0.26442529674));
#6104 = CARTESIAN_POINT('',(-0.405,0.348563042115,0.280389046615));
#6105 = ORIENTED_EDGE('',*,*,#6072,.T.);
#6106 = B_SPLINE_SURFACE_WITH_KNOTS('',1,1,(
    (#6107,#6108)
    ,(#6109,#6110
    )),.UNSPECIFIED.,.F.,.F.,.F.,(2,2),(2,2),(-1.596374987511E-02,
    1.150550426767E-32),(-4.408103815583E-34,1.E-02),
  .PIECEWISE_BEZIER_KNOTS.);
#6107 = CARTESIAN_POINT('',(-0.405,0.348563042115,0.26442529674));
#6108 = CARTESIAN_POINT('',(-0.395,0.348563042115,0.26442529674));
#6109 = CARTESIAN_POINT('',(-0.405,0.348563042115,0.280389046615));
#6110 = CARTESIAN_POINT('',(-0.395,0.348563042115,0.280389046615));
#6111 = ADVANCED_FACE('',(#6112),#6128,.F.);
#6112 = FACE_BOUND('',#6113,.T.);
#6113 = EDGE_LOOP('',(#6114,#6115,#6122,#6127));
#6114 = ORIENTED_EDGE('',*,*,#1887,.T.);
#6115 = ORIENTED_EDGE('',*,*,#6116,.F.);
#6116 = EDGE_CURVE('',#6117,#1881,#6119,.T.);
#6117 = VERTEX_POINT('',#6118);
#6118 = CARTESIAN_POINT('',(-0.405,0.331592459991,0.280389046615));
#6119 = B_SPLINE_CURVE_WITH_KNOTS('',1,(#6120,#6121),.UNSPECIFIED.,.F.,
  .F.,(2,2),(0.,1.E-02),.PIECEWISE_BEZIER_KNOTS.);
#6120 = CARTESIAN_POINT('',(-0.405,0.331592459991,0.280389046615));
#6121 = CARTESIAN_POINT('',(-0.395,0.331592459991,0.280389046615));
#6122 = ORIENTED_EDGE('',*,*,#6123,.F.);
#6123 = EDGE_CURVE('',#6095,#6117,#6124,.T.);
#6124 = B_SPLINE_CURVE_WITH_KNOTS('',1,(#6125,#6126),.UNSPECIFIED.,.F.,
  .F.,(2,2),(-1.69705821239E-02,0.),.PIECEWISE_BEZIER_KNOTS.);
#6125 = CARTESIAN_POINT('',(-0.405,0.348563042115,0.280389046615));
#6126 = CARTESIAN_POINT('',(-0.405,0.331592459991,0.280389046615));
#6127 = ORIENTED_EDGE('',*,*,#6094,.T.);
#6128 = B_SPLINE_SURFACE_WITH_KNOTS('',1,1,(
    (#6129,#6130)
    ,(#6131,#6132
    )),.UNSPECIFIED.,.F.,.F.,.F.,(2,2),(2,2),(-1.69705821239E-02,0.),(
    -6.336477041056E-48,1.E-02),.PIECEWISE_BEZIER_KNOTS.);
#6129 = CARTESIAN_POINT('',(-0.405,0.348563042115,0.280389046615));
#6130 = CARTESIAN_POINT('',(-0.395,0.348563042115,0.280389046615));
#6131 = CARTESIAN_POINT('',(-0.405,0.331592459991,0.280389046615));
#6132 = CARTESIAN_POINT('',(-0.395,0.331592459991,0.280389046615));
#6133 = ADVANCED_FACE('',(#6134),#6150,.F.);
#6134 = FACE_BOUND('',#6135,.T.);
#6135 = EDGE_LOOP('',(#6136,#6137,#6144,#6149));
#6136 = ORIENTED_EDGE('',*,*,#1880,.T.);
#6137 = ORIENTED_EDGE('',*,*,#6138,.F.);
#6138 = EDGE_CURVE('',#6139,#1874,#6141,.T.);
#6139 = VERTEX_POINT('',#6140);
#6140 = CARTESIAN_POINT('',(-0.405,0.331592459991,0.285823514658));
#6141 = B_SPLINE_CURVE_WITH_KNOTS('',1,(#6142,#6143),.UNSPECIFIED.,.F.,
  .F.,(2,2),(0.,1.E-02),.PIECEWISE_BEZIER_KNOTS.);
#6142 = CARTESIAN_POINT('',(-0.405,0.331592459991,0.285823514658));
#6143 = CARTESIAN_POINT('',(-0.395,0.331592459991,0.285823514658));
#6144 = ORIENTED_EDGE('',*,*,#6145,.F.);
#6145 = EDGE_CURVE('',#6117,#6139,#6146,.T.);
#6146 = B_SPLINE_CURVE_WITH_KNOTS('',1,(#6147,#6148),.UNSPECIFIED.,.F.,
  .F.,(2,2),(-5.434468042569E-03,0.),.PIECEWISE_BEZIER_KNOTS.);
#6147 = CARTESIAN_POINT('',(-0.405,0.331592459991,0.280389046615));
#6148 = CARTESIAN_POINT('',(-0.405,0.331592459991,0.285823514658));
#6149 = ORIENTED_EDGE('',*,*,#6116,.T.);
#6150 = B_SPLINE_SURFACE_WITH_KNOTS('',1,1,(
    (#6151,#6152)
    ,(#6153,#6154
    )),.UNSPECIFIED.,.F.,.F.,.F.,(2,2),(2,2),(-5.434468042569E-03,
    3.379741878639E-32),(-4.408103815585E-34,1.E-02),
  .PIECEWISE_BEZIER_KNOTS.);
#6151 = CARTESIAN_POINT('',(-0.405,0.331592459991,0.280389046615));
#6152 = CARTESIAN_POINT('',(-0.395,0.331592459991,0.280389046615));
#6153 = CARTESIAN_POINT('',(-0.405,0.331592459991,0.285823514658));
#6154 = CARTESIAN_POINT('',(-0.395,0.331592459991,0.285823514658));
#6155 = ADVANCED_FACE('',(#6156),#6172,.F.);
#6156 = FACE_BOUND('',#6157,.T.);
#6157 = EDGE_LOOP('',(#6158,#6159,#6166,#6171));
#6158 = ORIENTED_EDGE('',*,*,#1873,.T.);
#6159 = ORIENTED_EDGE('',*,*,#6160,.F.);
#6160 = EDGE_CURVE('',#6161,#1867,#6163,.T.);
#6161 = VERTEX_POINT('',#6162);
#6162 = CARTESIAN_POINT('',(-0.405,0.348563042115,0.285823514658));
#6163 = B_SPLINE_CURVE_WITH_KNOTS('',1,(#6164,#6165),.UNSPECIFIED.,.F.,
  .F.,(2,2),(0.,1.E-02),.PIECEWISE_BEZIER_KNOTS.);
#6164 = CARTESIAN_POINT('',(-0.405,0.348563042115,0.285823514658));
#6165 = CARTESIAN_POINT('',(-0.395,0.348563042115,0.285823514658));
#6166 = ORIENTED_EDGE('',*,*,#6167,.F.);
#6167 = EDGE_CURVE('',#6139,#6161,#6168,.T.);
#6168 = B_SPLINE_CURVE_WITH_KNOTS('',1,(#6169,#6170),.UNSPECIFIED.,.F.,
  .F.,(2,2),(-1.69705821239E-02,0.),.PIECEWISE_BEZIER_KNOTS.);
#6169 = CARTESIAN_POINT('',(-0.405,0.331592459991,0.285823514658));
#6170 = CARTESIAN_POINT('',(-0.405,0.348563042115,0.285823514658));
#6171 = ORIENTED_EDGE('',*,*,#6138,.T.);
#6172 = B_SPLINE_SURFACE_WITH_KNOTS('',1,1,(
    (#6173,#6174)
    ,(#6175,#6176
    )),.UNSPECIFIED.,.F.,.F.,.F.,(2,2),(2,2),(-1.69705821239E-02,
    1.694065894509E-18),(0.,1.E-02),.PIECEWISE_BEZIER_KNOTS.);
#6173 = CARTESIAN_POINT('',(-0.405,0.331592459991,0.285823514658));
#6174 = CARTESIAN_POINT('',(-0.395,0.331592459991,0.285823514658));
#6175 = CARTESIAN_POINT('',(-0.405,0.348563042115,0.285823514658));
#6176 = CARTESIAN_POINT('',(-0.395,0.348563042115,0.285823514658));
#6177 = ADVANCED_FACE('',(#6178),#6194,.F.);
#6178 = FACE_BOUND('',#6179,.T.);
#6179 = EDGE_LOOP('',(#6180,#6181,#6188,#6193));
#6180 = ORIENTED_EDGE('',*,*,#1866,.T.);
#6181 = ORIENTED_EDGE('',*,*,#6182,.F.);
#6182 = EDGE_CURVE('',#6183,#1860,#6185,.T.);
#6183 = VERTEX_POINT('',#6184);
#6184 = CARTESIAN_POINT('',(-0.405,0.348563042115,0.301010911956));
#6185 = B_SPLINE_CURVE_WITH_KNOTS('',1,(#6186,#6187),.UNSPECIFIED.,.F.,
  .F.,(2,2),(0.,1.E-02),.PIECEWISE_BEZIER_KNOTS.);
#6186 = CARTESIAN_POINT('',(-0.405,0.348563042115,0.301010911956));
#6187 = CARTESIAN_POINT('',(-0.395,0.348563042115,0.301010911956));
#6188 = ORIENTED_EDGE('',*,*,#6189,.F.);
#6189 = EDGE_CURVE('',#6161,#6183,#6190,.T.);
#6190 = B_SPLINE_CURVE_WITH_KNOTS('',1,(#6191,#6192),.UNSPECIFIED.,.F.,
  .F.,(2,2),(-1.518739729783E-02,0.),.PIECEWISE_BEZIER_KNOTS.);
#6191 = CARTESIAN_POINT('',(-0.405,0.348563042115,0.285823514658));
#6192 = CARTESIAN_POINT('',(-0.405,0.348563042115,0.301010911956));
#6193 = ORIENTED_EDGE('',*,*,#6160,.T.);
#6194 = B_SPLINE_SURFACE_WITH_KNOTS('',1,1,(
    (#6195,#6196)
    ,(#6197,#6198
    )),.UNSPECIFIED.,.F.,.F.,.F.,(2,2),(2,2),(-1.518739729783E-02,
    1.814046759107E-32),(-6.612155723375E-34,1.E-02),
  .PIECEWISE_BEZIER_KNOTS.);
#6195 = CARTESIAN_POINT('',(-0.405,0.348563042115,0.285823514658));
#6196 = CARTESIAN_POINT('',(-0.395,0.348563042115,0.285823514658));
#6197 = CARTESIAN_POINT('',(-0.405,0.348563042115,0.301010911956));
#6198 = CARTESIAN_POINT('',(-0.395,0.348563042115,0.301010911956));
#6199 = ADVANCED_FACE('',(#6200),#6216,.F.);
#6200 = FACE_BOUND('',#6201,.T.);
#6201 = EDGE_LOOP('',(#6202,#6203,#6210,#6215));
#6202 = ORIENTED_EDGE('',*,*,#1859,.T.);
#6203 = ORIENTED_EDGE('',*,*,#6204,.F.);
#6204 = EDGE_CURVE('',#6205,#1853,#6207,.T.);
#6205 = VERTEX_POINT('',#6206);
#6206 = CARTESIAN_POINT('',(-0.405,0.330245973489,0.301010911956));
#6207 = B_SPLINE_CURVE_WITH_KNOTS('',1,(#6208,#6209),.UNSPECIFIED.,.F.,
  .F.,(2,2),(0.,1.E-02),.PIECEWISE_BEZIER_KNOTS.);
#6208 = CARTESIAN_POINT('',(-0.405,0.330245973489,0.301010911956));
#6209 = CARTESIAN_POINT('',(-0.395,0.330245973489,0.301010911956));
#6210 = ORIENTED_EDGE('',*,*,#6211,.F.);
#6211 = EDGE_CURVE('',#6183,#6205,#6212,.T.);
#6212 = B_SPLINE_CURVE_WITH_KNOTS('',1,(#6213,#6214),.UNSPECIFIED.,.F.,
  .F.,(2,2),(-1.831706862561E-02,0.),.PIECEWISE_BEZIER_KNOTS.);
#6213 = CARTESIAN_POINT('',(-0.405,0.348563042115,0.301010911956));
#6214 = CARTESIAN_POINT('',(-0.405,0.330245973489,0.301010911956));
#6215 = ORIENTED_EDGE('',*,*,#6182,.T.);
#6216 = B_SPLINE_SURFACE_WITH_KNOTS('',1,1,(
    (#6217,#6218)
    ,(#6219,#6220
    )),.UNSPECIFIED.,.F.,.F.,.F.,(2,2),(2,2),(-1.831706862561E-02,
    6.571500275754E-31),(-1.04367698371E-47,1.E-02),
  .PIECEWISE_BEZIER_KNOTS.);
#6217 = CARTESIAN_POINT('',(-0.405,0.348563042115,0.301010911956));
#6218 = CARTESIAN_POINT('',(-0.395,0.348563042115,0.301010911956));
#6219 = CARTESIAN_POINT('',(-0.405,0.330245973489,0.301010911956));
#6220 = CARTESIAN_POINT('',(-0.395,0.330245973489,0.301010911956));
#6221 = ADVANCED_FACE('',(#6222),#6238,.F.);
#6222 = FACE_BOUND('',#6223,.T.);
#6223 = EDGE_LOOP('',(#6224,#6225,#6232,#6237));
#6224 = ORIENTED_EDGE('',*,*,#1852,.T.);
#6225 = ORIENTED_EDGE('',*,*,#6226,.F.);
#6226 = EDGE_CURVE('',#6227,#1846,#6229,.T.);
#6227 = VERTEX_POINT('',#6228);
#6228 = CARTESIAN_POINT('',(-0.405,0.330245973489,0.306469641016));
#6229 = B_SPLINE_CURVE_WITH_KNOTS('',1,(#6230,#6231),.UNSPECIFIED.,.F.,
  .F.,(2,2),(0.,1.E-02),.PIECEWISE_BEZIER_KNOTS.);
#6230 = CARTESIAN_POINT('',(-0.405,0.330245973489,0.306469641016));
#6231 = CARTESIAN_POINT('',(-0.395,0.330245973489,0.306469641016));
#6232 = ORIENTED_EDGE('',*,*,#6233,.F.);
#6233 = EDGE_CURVE('',#6205,#6227,#6234,.T.);
#6234 = B_SPLINE_CURVE_WITH_KNOTS('',1,(#6235,#6236),.UNSPECIFIED.,.F.,
  .F.,(2,2),(-5.458729060589E-03,0.),.PIECEWISE_BEZIER_KNOTS.);
#6235 = CARTESIAN_POINT('',(-0.405,0.330245973489,0.301010911956));
#6236 = CARTESIAN_POINT('',(-0.405,0.330245973489,0.306469641016));
#6237 = ORIENTED_EDGE('',*,*,#6204,.T.);
#6238 = B_SPLINE_SURFACE_WITH_KNOTS('',1,1,(
    (#6239,#6240)
    ,(#6241,#6242
    )),.UNSPECIFIED.,.F.,.F.,.F.,(2,2),(2,2),(-5.458729060589E-03,
    1.68236040182E-32),(-2.204051907792E-34,1.E-02),
  .PIECEWISE_BEZIER_KNOTS.);
#6239 = CARTESIAN_POINT('',(-0.405,0.330245973489,0.301010911956));
#6240 = CARTESIAN_POINT('',(-0.395,0.330245973489,0.301010911956));
#6241 = CARTESIAN_POINT('',(-0.405,0.330245973489,0.306469641016));
#6242 = CARTESIAN_POINT('',(-0.395,0.330245973489,0.306469641016));
#6243 = ADVANCED_FACE('',(#6244),#6260,.F.);
#6244 = FACE_BOUND('',#6245,.T.);
#6245 = EDGE_LOOP('',(#6246,#6247,#6254,#6259));
#6246 = ORIENTED_EDGE('',*,*,#1845,.T.);
#6247 = ORIENTED_EDGE('',*,*,#6248,.F.);
#6248 = EDGE_CURVE('',#6249,#1839,#6251,.T.);
#6249 = VERTEX_POINT('',#6250);
#6250 = CARTESIAN_POINT('',(-0.405,0.354688949172,0.306469641016));
#6251 = B_SPLINE_CURVE_WITH_KNOTS('',1,(#6252,#6253),.UNSPECIFIED.,.F.,
  .F.,(2,2),(0.,1.E-02),.PIECEWISE_BEZIER_KNOTS.);
#6252 = CARTESIAN_POINT('',(-0.405,0.354688949172,0.306469641016));
#6253 = CARTESIAN_POINT('',(-0.395,0.354688949172,0.306469641016));
#6254 = ORIENTED_EDGE('',*,*,#6255,.F.);
#6255 = EDGE_CURVE('',#6227,#6249,#6256,.T.);
#6256 = B_SPLINE_CURVE_WITH_KNOTS('',1,(#6257,#6258),.UNSPECIFIED.,.F.,
  .F.,(2,2),(-2.444297568271E-02,0.),.PIECEWISE_BEZIER_KNOTS.);
#6257 = CARTESIAN_POINT('',(-0.405,0.330245973489,0.306469641016));
#6258 = CARTESIAN_POINT('',(-0.405,0.354688949172,0.306469641016));
#6259 = ORIENTED_EDGE('',*,*,#6226,.T.);
#6260 = B_SPLINE_SURFACE_WITH_KNOTS('',1,1,(
    (#6261,#6262)
    ,(#6263,#6264
    )),.UNSPECIFIED.,.F.,.F.,.F.,(2,2),(2,2),(-2.444297568271E-02,
    1.694065894509E-18),(-6.084360444396E-62,1.E-02),
  .PIECEWISE_BEZIER_KNOTS.);
#6261 = CARTESIAN_POINT('',(-0.405,0.330245973489,0.306469641016));
#6262 = CARTESIAN_POINT('',(-0.395,0.330245973489,0.306469641016));
#6263 = CARTESIAN_POINT('',(-0.405,0.354688949172,0.306469641016));
#6264 = CARTESIAN_POINT('',(-0.395,0.354688949172,0.306469641016));
#6265 = ADVANCED_FACE('',(#6266),#6282,.F.);
#6266 = FACE_BOUND('',#6267,.T.);
#6267 = EDGE_LOOP('',(#6268,#6269,#6276,#6281));
#6268 = ORIENTED_EDGE('',*,*,#1838,.T.);
#6269 = ORIENTED_EDGE('',*,*,#6270,.F.);
#6270 = EDGE_CURVE('',#6271,#1832,#6273,.T.);
#6271 = VERTEX_POINT('',#6272);
#6272 = CARTESIAN_POINT('',(-0.405,0.354688949172,0.259015089715));
#6273 = B_SPLINE_CURVE_WITH_KNOTS('',1,(#6274,#6275),.UNSPECIFIED.,.F.,
  .F.,(2,2),(0.,1.E-02),.PIECEWISE_BEZIER_KNOTS.);
#6274 = CARTESIAN_POINT('',(-0.405,0.354688949172,0.259015089715));
#6275 = CARTESIAN_POINT('',(-0.395,0.354688949172,0.259015089715));
#6276 = ORIENTED_EDGE('',*,*,#6277,.F.);
#6277 = EDGE_CURVE('',#6249,#6271,#6278,.T.);
#6278 = B_SPLINE_CURVE_WITH_KNOTS('',1,(#6279,#6280),.UNSPECIFIED.,.F.,
  .F.,(2,2),(-4.745455130064E-02,-0.),.PIECEWISE_BEZIER_KNOTS.);
#6279 = CARTESIAN_POINT('',(-0.405,0.354688949172,0.306469641016));
#6280 = CARTESIAN_POINT('',(-0.405,0.354688949172,0.259015089715));
#6281 = ORIENTED_EDGE('',*,*,#6248,.T.);
#6282 = B_SPLINE_SURFACE_WITH_KNOTS('',1,1,(
    (#6283,#6284)
    ,(#6285,#6286
    )),.UNSPECIFIED.,.F.,.F.,.F.,(2,2),(2,2),(-4.745455130064E-02,0.),(
    0.,1.E-02),.PIECEWISE_BEZIER_KNOTS.);
#6283 = CARTESIAN_POINT('',(-0.405,0.354688949172,0.306469641016));
#6284 = CARTESIAN_POINT('',(-0.395,0.354688949172,0.306469641016));
#6285 = CARTESIAN_POINT('',(-0.405,0.354688949172,0.259015089715));
#6286 = CARTESIAN_POINT('',(-0.395,0.354688949172,0.259015089715));
#6287 = ADVANCED_FACE('',(#6288),#6298,.F.);
#6288 = FACE_BOUND('',#6289,.T.);
#6289 = EDGE_LOOP('',(#6290,#6291,#6292,#6297));
#6290 = ORIENTED_EDGE('',*,*,#1831,.T.);
#6291 = ORIENTED_EDGE('',*,*,#6058,.F.);
#6292 = ORIENTED_EDGE('',*,*,#6293,.F.);
#6293 = EDGE_CURVE('',#6271,#6052,#6294,.T.);
#6294 = B_SPLINE_CURVE_WITH_KNOTS('',1,(#6295,#6296),.UNSPECIFIED.,.F.,
  .F.,(2,2),(-2.552259098589E-02,0.),.PIECEWISE_BEZIER_KNOTS.);
#6295 = CARTESIAN_POINT('',(-0.405,0.354688949172,0.259015089715));
#6296 = CARTESIAN_POINT('',(-0.405,0.329166358186,0.259015089715));
#6297 = ORIENTED_EDGE('',*,*,#6270,.T.);
#6298 = B_SPLINE_SURFACE_WITH_KNOTS('',1,1,(
    (#6299,#6300)
    ,(#6301,#6302
    )),.UNSPECIFIED.,.F.,.F.,.F.,(2,2),(2,2),(-2.552259098589E-02,0.),(
    -1.170354269684E-47,1.E-02),.PIECEWISE_BEZIER_KNOTS.);
#6299 = CARTESIAN_POINT('',(-0.405,0.354688949172,0.259015089715));
#6300 = CARTESIAN_POINT('',(-0.395,0.354688949172,0.259015089715));
#6301 = CARTESIAN_POINT('',(-0.405,0.329166358186,0.259015089715));
#6302 = CARTESIAN_POINT('',(-0.395,0.329166358186,0.259015089715));
#6303 = ADVANCED_FACE('',(#6304),#6318,.F.);
#6304 = FACE_BOUND('',#6305,.T.);
#6305 = EDGE_LOOP('',(#6306,#6307,#6308,#6309,#6310,#6311,#6312,#6313,
    #6314,#6315,#6316,#6317));
#6306 = ORIENTED_EDGE('',*,*,#6051,.T.);
#6307 = ORIENTED_EDGE('',*,*,#6079,.T.);
#6308 = ORIENTED_EDGE('',*,*,#6101,.T.);
#6309 = ORIENTED_EDGE('',*,*,#6123,.T.);
#6310 = ORIENTED_EDGE('',*,*,#6145,.T.);
#6311 = ORIENTED_EDGE('',*,*,#6167,.T.);
#6312 = ORIENTED_EDGE('',*,*,#6189,.T.);
#6313 = ORIENTED_EDGE('',*,*,#6211,.T.);
#6314 = ORIENTED_EDGE('',*,*,#6233,.T.);
#6315 = ORIENTED_EDGE('',*,*,#6255,.T.);
#6316 = ORIENTED_EDGE('',*,*,#6277,.T.);
#6317 = ORIENTED_EDGE('',*,*,#6293,.T.);
#6318 = B_SPLINE_SURFACE_WITH_KNOTS('',1,1,(
    (#6319,#6320)
    ,(#6321,#6322
    )),.UNSPECIFIED.,.F.,.F.,.F.,(2,2),(2,2),(-0.296469541016,
    -0.249014989715),(0.329166358186,0.354688949172),
  .PIECEWISE_BEZIER_KNOTS.);
#6319 = CARTESIAN_POINT('',(-0.405,0.329166358186,0.306469641016));
#6320 = CARTESIAN_POINT('',(-0.405,0.354688949172,0.306469641016));
#6321 = CARTESIAN_POINT('',(-0.405,0.329166358186,0.259015089715));
#6322 = CARTESIAN_POINT('',(-0.405,0.354688949172,0.259015089715));
#6323 = ADVANCED_FACE('',(#6324,#6383),#6442,.T.);
#6324 = FACE_BOUND('',#6325,.T.);
#6325 = EDGE_LOOP('',(#6326,#6335,#6344,#6353,#6362,#6371,#6378));
#6326 = ORIENTED_EDGE('',*,*,#6327,.T.);
#6327 = EDGE_CURVE('',#6328,#6330,#6332,.T.);
#6328 = VERTEX_POINT('',#6329);
#6329 = CARTESIAN_POINT('',(-0.405,0.320201912017,0.259015089715));
#6330 = VERTEX_POINT('',#6331);
#6331 = CARTESIAN_POINT('',(-0.405,0.307149484308,0.259015089715));
#6332 = B_SPLINE_CURVE_WITH_KNOTS('',1,(#6333,#6334),.UNSPECIFIED.,.F.,
  .F.,(2,2),(-1.30524277095E-02,-5.551115123126E-17),
  .PIECEWISE_BEZIER_KNOTS.);
#6333 = CARTESIAN_POINT('',(-0.405,0.320201912017,0.259015089715));
#6334 = CARTESIAN_POINT('',(-0.405,0.307149484308,0.259015089715));
#6335 = ORIENTED_EDGE('',*,*,#6336,.T.);
#6336 = EDGE_CURVE('',#6330,#6337,#6339,.T.);
#6337 = VERTEX_POINT('',#6338);
#6338 = CARTESIAN_POINT('',(-0.405,0.288723241101,0.26566260866));
#6339 = B_SPLINE_CURVE_WITH_KNOTS('',3,(#6340,#6341,#6342,#6343),
  .UNSPECIFIED.,.F.,.F.,(4,4),(5.,6.),.PIECEWISE_BEZIER_KNOTS.);
#6340 = CARTESIAN_POINT('',(-0.405,0.307149484308,0.259015089715));
#6341 = CARTESIAN_POINT('',(-0.405,0.299640699222,0.259015089715));
#6342 = CARTESIAN_POINT('',(-0.405,0.293490531147,0.261222842358));
#6343 = CARTESIAN_POINT('',(-0.405,0.288723241101,0.26566260866));
#6344 = ORIENTED_EDGE('',*,*,#6345,.T.);
#6345 = EDGE_CURVE('',#6337,#6346,#6348,.T.);
#6346 = VERTEX_POINT('',#6347);
#6347 = CARTESIAN_POINT('',(-0.405,0.281566240777,0.283348890817));
#6348 = B_SPLINE_CURVE_WITH_KNOTS('',3,(#6349,#6350,#6351,#6352),
  .UNSPECIFIED.,.F.,.F.,(4,4),(4.,5.),.PIECEWISE_BEZIER_KNOTS.);
#6349 = CARTESIAN_POINT('',(-0.405,0.288723241101,0.26566260866));
#6350 = CARTESIAN_POINT('',(-0.405,0.283955951055,0.270102374963));
#6351 = CARTESIAN_POINT('',(-0.405,0.281566240777,0.275997802348));
#6352 = CARTESIAN_POINT('',(-0.405,0.281566240777,0.283348890817));
#6353 = ORIENTED_EDGE('',*,*,#6354,.T.);
#6354 = EDGE_CURVE('',#6346,#6355,#6357,.T.);
#6355 = VERTEX_POINT('',#6356);
#6356 = CARTESIAN_POINT('',(-0.405,0.288723241101,0.300186037342));
#6357 = B_SPLINE_CURVE_WITH_KNOTS('',3,(#6358,#6359,#6360,#6361),
  .UNSPECIFIED.,.F.,.F.,(4,4),(3.,4.),.PIECEWISE_BEZIER_KNOTS.);
#6358 = CARTESIAN_POINT('',(-0.405,0.281566240777,0.283348890817));
#6359 = CARTESIAN_POINT('',(-0.405,0.281566240777,0.290384586051));
#6360 = CARTESIAN_POINT('',(-0.405,0.283955951055,0.29598888122));
#6361 = CARTESIAN_POINT('',(-0.405,0.288723241101,0.300186037342));
#6362 = ORIENTED_EDGE('',*,*,#6363,.T.);
#6363 = EDGE_CURVE('',#6355,#6364,#6366,.T.);
#6364 = VERTEX_POINT('',#6365);
#6365 = CARTESIAN_POINT('',(-0.405,0.306664263947,0.306469641016));
#6366 = B_SPLINE_CURVE_WITH_KNOTS('',3,(#6367,#6368,#6369,#6370),
  .UNSPECIFIED.,.F.,.F.,(4,4),(2.,3.),.PIECEWISE_BEZIER_KNOTS.);
#6367 = CARTESIAN_POINT('',(-0.405,0.288723241101,0.300186037342));
#6368 = CARTESIAN_POINT('',(-0.405,0.293490531147,0.304383193464));
#6369 = CARTESIAN_POINT('',(-0.405,0.299470872096,0.306469641016));
#6370 = CARTESIAN_POINT('',(-0.405,0.306664263947,0.306469641016));
#6371 = ORIENTED_EDGE('',*,*,#6372,.T.);
#6372 = EDGE_CURVE('',#6364,#6373,#6375,.T.);
#6373 = VERTEX_POINT('',#6374);
#6374 = CARTESIAN_POINT('',(-0.405,0.320201912017,0.306469641016));
#6375 = B_SPLINE_CURVE_WITH_KNOTS('',1,(#6376,#6377),.UNSPECIFIED.,.F.,
  .F.,(2,2),(-1.353764807022E-02,0.),.PIECEWISE_BEZIER_KNOTS.);
#6376 = CARTESIAN_POINT('',(-0.405,0.306664263947,0.306469641016));
#6377 = CARTESIAN_POINT('',(-0.405,0.320201912017,0.306469641016));
#6378 = ORIENTED_EDGE('',*,*,#6379,.T.);
#6379 = EDGE_CURVE('',#6373,#6328,#6380,.T.);
#6380 = B_SPLINE_CURVE_WITH_KNOTS('',1,(#6381,#6382),.UNSPECIFIED.,.F.,
  .F.,(2,2),(-4.745455130064E-02,-0.),.PIECEWISE_BEZIER_KNOTS.);
#6381 = CARTESIAN_POINT('',(-0.405,0.320201912017,0.306469641016));
#6382 = CARTESIAN_POINT('',(-0.405,0.320201912017,0.259015089715));
#6383 = FACE_BOUND('',#6384,.T.);
#6384 = EDGE_LOOP('',(#6385,#6394,#6401,#6410,#6419,#6428,#6437));
#6385 = ORIENTED_EDGE('',*,*,#6386,.F.);
#6386 = EDGE_CURVE('',#6387,#6389,#6391,.T.);
#6387 = VERTEX_POINT('',#6388);
#6388 = CARTESIAN_POINT('',(-0.405,0.314076004961,0.301010911956));
#6389 = VERTEX_POINT('',#6390);
#6390 = CARTESIAN_POINT('',(-0.405,0.314076004961,0.26442529674));
#6391 = B_SPLINE_CURVE_WITH_KNOTS('',1,(#6392,#6393),.UNSPECIFIED.,.F.,
  .F.,(2,2),(0.,3.658561521551E-02),.PIECEWISE_BEZIER_KNOTS.);
#6392 = CARTESIAN_POINT('',(-0.405,0.314076004961,0.301010911956));
#6393 = CARTESIAN_POINT('',(-0.405,0.314076004961,0.26442529674));
#6394 = ORIENTED_EDGE('',*,*,#6395,.F.);
#6395 = EDGE_CURVE('',#6396,#6387,#6398,.T.);
#6396 = VERTEX_POINT('',#6397);
#6397 = CARTESIAN_POINT('',(-0.405,0.306906874128,0.301010911956));
#6398 = B_SPLINE_CURVE_WITH_KNOTS('',1,(#6399,#6400),.UNSPECIFIED.,.F.,
  .F.,(2,2),(5.551115123126E-17,7.169130832922E-03),
  .PIECEWISE_BEZIER_KNOTS.);
#6399 = CARTESIAN_POINT('',(-0.405,0.306906874128,0.301010911956));
#6400 = CARTESIAN_POINT('',(-0.405,0.314076004961,0.301010911956));
#6401 = ORIENTED_EDGE('',*,*,#6402,.F.);
#6402 = EDGE_CURVE('',#6403,#6396,#6405,.T.);
#6403 = VERTEX_POINT('',#6404);
#6404 = CARTESIAN_POINT('',(-0.405,0.29321152944,0.296546884635));
#6405 = B_SPLINE_CURVE_WITH_KNOTS('',3,(#6406,#6407,#6408,#6409),
  .UNSPECIFIED.,.F.,.F.,(4,4),(5.,6.),.PIECEWISE_BEZIER_KNOTS.);
#6406 = CARTESIAN_POINT('',(-0.405,0.29321152944,0.296546884635));
#6407 = CARTESIAN_POINT('',(-0.405,0.296680855021,0.299530989854));
#6408 = CARTESIAN_POINT('',(-0.405,0.301254056923,0.301010911956));
#6409 = CARTESIAN_POINT('',(-0.405,0.306906874128,0.301010911956));
#6410 = ORIENTED_EDGE('',*,*,#6411,.F.);
#6411 = EDGE_CURVE('',#6412,#6403,#6414,.T.);
#6412 = VERTEX_POINT('',#6413);
#6413 = CARTESIAN_POINT('',(-0.405,0.288007541069,0.283179063691));
#6414 = B_SPLINE_CURVE_WITH_KNOTS('',3,(#6415,#6416,#6417,#6418),
  .UNSPECIFIED.,.F.,.F.,(4,4),(4.,5.),.PIECEWISE_BEZIER_KNOTS.);
#6415 = CARTESIAN_POINT('',(-0.405,0.288007541069,0.283179063691));
#6416 = CARTESIAN_POINT('',(-0.405,0.288007541069,0.289098752094));
#6417 = CARTESIAN_POINT('',(-0.405,0.289742203859,0.293562779415));
#6418 = CARTESIAN_POINT('',(-0.405,0.29321152944,0.296546884635));
#6419 = ORIENTED_EDGE('',*,*,#6420,.F.);
#6420 = EDGE_CURVE('',#6421,#6412,#6423,.T.);
#6421 = VERTEX_POINT('',#6422);
#6422 = CARTESIAN_POINT('',(-0.405,0.293078093841,0.269374544422));
#6423 = B_SPLINE_CURVE_WITH_KNOTS('',3,(#6424,#6425,#6426,#6427),
  .UNSPECIFIED.,.F.,.F.,(4,4),(3.,4.),.PIECEWISE_BEZIER_KNOTS.);
#6424 = CARTESIAN_POINT('',(-0.405,0.293078093841,0.269374544422));
#6425 = CARTESIAN_POINT('',(-0.405,0.289693681823,0.272649781858));
#6426 = CARTESIAN_POINT('',(-0.405,0.288007541069,0.277259375287));
#6427 = CARTESIAN_POINT('',(-0.405,0.288007541069,0.283179063691));
#6428 = ORIENTED_EDGE('',*,*,#6429,.F.);
#6429 = EDGE_CURVE('',#6430,#6421,#6432,.T.);
#6430 = VERTEX_POINT('',#6431);
#6431 = CARTESIAN_POINT('',(-0.405,0.307185875835,0.26442529674));
#6432 = B_SPLINE_CURVE_WITH_KNOTS('',3,(#6433,#6434,#6435,#6436),
  .UNSPECIFIED.,.F.,.F.,(4,4),(2.,3.),.PIECEWISE_BEZIER_KNOTS.);
#6433 = CARTESIAN_POINT('',(-0.405,0.307185875835,0.26442529674));
#6434 = CARTESIAN_POINT('',(-0.405,0.30115701285,0.26442529674));
#6435 = CARTESIAN_POINT('',(-0.405,0.296450375349,0.266075045967));
#6436 = CARTESIAN_POINT('',(-0.405,0.293078093841,0.269374544422));
#6437 = ORIENTED_EDGE('',*,*,#6438,.F.);
#6438 = EDGE_CURVE('',#6389,#6430,#6439,.T.);
#6439 = B_SPLINE_CURVE_WITH_KNOTS('',1,(#6440,#6441),.UNSPECIFIED.,.F.,
  .F.,(2,2),(0.,6.890129125372E-03),.PIECEWISE_BEZIER_KNOTS.);
#6440 = CARTESIAN_POINT('',(-0.405,0.314076004961,0.26442529674));
#6441 = CARTESIAN_POINT('',(-0.405,0.307185875835,0.26442529674));
#6442 = B_SPLINE_SURFACE_WITH_KNOTS('',1,1,(
    (#6443,#6444)
    ,(#6445,#6446
    )),.UNSPECIFIED.,.F.,.F.,.F.,(2,2),(2,2),(-4.588668300926E-02,
    1.567868291386E-03),(-1.521772357039E-02,2.341794767004E-02),
  .PIECEWISE_BEZIER_KNOTS.);
#6443 = CARTESIAN_POINT('',(-0.405,0.281566240777,0.259015089715));
#6444 = CARTESIAN_POINT('',(-0.405,0.320201912017,0.259015089715));
#6445 = CARTESIAN_POINT('',(-0.405,0.281566240777,0.306469641016));
#6446 = CARTESIAN_POINT('',(-0.405,0.320201912017,0.306469641016));
#6447 = ADVANCED_FACE('',(#6448),#6462,.F.);
#6448 = FACE_BOUND('',#6449,.T.);
#6449 = EDGE_LOOP('',(#6450,#6451,#6456,#6457));
#6450 = ORIENTED_EDGE('',*,*,#1908,.T.);
#6451 = ORIENTED_EDGE('',*,*,#6452,.F.);
#6452 = EDGE_CURVE('',#6330,#1911,#6453,.T.);
#6453 = B_SPLINE_CURVE_WITH_KNOTS('',1,(#6454,#6455),.UNSPECIFIED.,.F.,
  .F.,(2,2),(0.,1.E-02),.PIECEWISE_BEZIER_KNOTS.);
#6454 = CARTESIAN_POINT('',(-0.405,0.307149484308,0.259015089715));
#6455 = CARTESIAN_POINT('',(-0.395,0.307149484308,0.259015089715));
#6456 = ORIENTED_EDGE('',*,*,#6327,.F.);
#6457 = ORIENTED_EDGE('',*,*,#6458,.T.);
#6458 = EDGE_CURVE('',#6328,#1909,#6459,.T.);
#6459 = B_SPLINE_CURVE_WITH_KNOTS('',1,(#6460,#6461),.UNSPECIFIED.,.F.,
  .F.,(2,2),(0.,1.E-02),.PIECEWISE_BEZIER_KNOTS.);
#6460 = CARTESIAN_POINT('',(-0.405,0.320201912017,0.259015089715));
#6461 = CARTESIAN_POINT('',(-0.395,0.320201912017,0.259015089715));
#6462 = B_SPLINE_SURFACE_WITH_KNOTS('',1,1,(
    (#6463,#6464)
    ,(#6465,#6466
    )),.UNSPECIFIED.,.F.,.F.,.F.,(2,2),(2,2),(-1.30524277095E-02,
    -5.551115123126E-17),(-8.238597937083E-48,1.E-02),
  .PIECEWISE_BEZIER_KNOTS.);
#6463 = CARTESIAN_POINT('',(-0.405,0.320201912017,0.259015089715));
#6464 = CARTESIAN_POINT('',(-0.395,0.320201912017,0.259015089715));
#6465 = CARTESIAN_POINT('',(-0.405,0.307149484308,0.259015089715));
#6466 = CARTESIAN_POINT('',(-0.395,0.307149484308,0.259015089715));
#6467 = ADVANCED_FACE('',(#6468),#6478,.F.);
#6468 = FACE_BOUND('',#6469,.F.);
#6469 = EDGE_LOOP('',(#6470,#6471,#6472,#6477));
#6470 = ORIENTED_EDGE('',*,*,#6452,.F.);
#6471 = ORIENTED_EDGE('',*,*,#6336,.T.);
#6472 = ORIENTED_EDGE('',*,*,#6473,.T.);
#6473 = EDGE_CURVE('',#6337,#1950,#6474,.T.);
#6474 = B_SPLINE_CURVE_WITH_KNOTS('',1,(#6475,#6476),.UNSPECIFIED.,.F.,
  .F.,(2,2),(0.,1.E-02),.PIECEWISE_BEZIER_KNOTS.);
#6475 = CARTESIAN_POINT('',(-0.405,0.288723241101,0.26566260866));
#6476 = CARTESIAN_POINT('',(-0.395,0.288723241101,0.26566260866));
#6477 = ORIENTED_EDGE('',*,*,#1958,.F.);
#6478 = B_SPLINE_SURFACE_WITH_KNOTS('',3,1,(
    (#6479,#6480)
    ,(#6481,#6482)
    ,(#6483,#6484)
    ,(#6485,#6486
    )),.UNSPECIFIED.,.F.,.F.,.F.,(4,4),(2,2),(5.,6.),(0.,1.),
  .PIECEWISE_BEZIER_KNOTS.);
#6479 = CARTESIAN_POINT('',(-0.405,0.307149484308,0.259015089715));
#6480 = CARTESIAN_POINT('',(-0.395,0.307149484308,0.259015089715));
#6481 = CARTESIAN_POINT('',(-0.405,0.299640699222,0.259015089715));
#6482 = CARTESIAN_POINT('',(-0.395,0.299640699222,0.259015089715));
#6483 = CARTESIAN_POINT('',(-0.405,0.293490531147,0.261222842358));
#6484 = CARTESIAN_POINT('',(-0.395,0.293490531147,0.261222842358));
#6485 = CARTESIAN_POINT('',(-0.405,0.288723241101,0.26566260866));
#6486 = CARTESIAN_POINT('',(-0.395,0.288723241101,0.26566260866));
#6487 = ADVANCED_FACE('',(#6488),#6498,.F.);
#6488 = FACE_BOUND('',#6489,.F.);
#6489 = EDGE_LOOP('',(#6490,#6491,#6492,#6497));
#6490 = ORIENTED_EDGE('',*,*,#6473,.F.);
#6491 = ORIENTED_EDGE('',*,*,#6345,.T.);
#6492 = ORIENTED_EDGE('',*,*,#6493,.T.);
#6493 = EDGE_CURVE('',#6346,#1941,#6494,.T.);
#6494 = B_SPLINE_CURVE_WITH_KNOTS('',1,(#6495,#6496),.UNSPECIFIED.,.F.,
  .F.,(2,2),(0.,1.E-02),.PIECEWISE_BEZIER_KNOTS.);
#6495 = CARTESIAN_POINT('',(-0.405,0.281566240777,0.283348890817));
#6496 = CARTESIAN_POINT('',(-0.395,0.281566240777,0.283348890817));
#6497 = ORIENTED_EDGE('',*,*,#1949,.F.);
#6498 = B_SPLINE_SURFACE_WITH_KNOTS('',3,1,(
    (#6499,#6500)
    ,(#6501,#6502)
    ,(#6503,#6504)
    ,(#6505,#6506
    )),.UNSPECIFIED.,.F.,.F.,.F.,(4,4),(2,2),(4.,5.),(0.,1.),
  .PIECEWISE_BEZIER_KNOTS.);
#6499 = CARTESIAN_POINT('',(-0.405,0.288723241101,0.26566260866));
#6500 = CARTESIAN_POINT('',(-0.395,0.288723241101,0.26566260866));
#6501 = CARTESIAN_POINT('',(-0.405,0.283955951055,0.270102374963));
#6502 = CARTESIAN_POINT('',(-0.395,0.283955951055,0.270102374963));
#6503 = CARTESIAN_POINT('',(-0.405,0.281566240777,0.275997802348));
#6504 = CARTESIAN_POINT('',(-0.395,0.281566240777,0.275997802348));
#6505 = CARTESIAN_POINT('',(-0.405,0.281566240777,0.283348890817));
#6506 = CARTESIAN_POINT('',(-0.395,0.281566240777,0.283348890817));
#6507 = ADVANCED_FACE('',(#6508),#6518,.F.);
#6508 = FACE_BOUND('',#6509,.F.);
#6509 = EDGE_LOOP('',(#6510,#6511,#6512,#6517));
#6510 = ORIENTED_EDGE('',*,*,#6493,.F.);
#6511 = ORIENTED_EDGE('',*,*,#6354,.T.);
#6512 = ORIENTED_EDGE('',*,*,#6513,.T.);
#6513 = EDGE_CURVE('',#6355,#1932,#6514,.T.);
#6514 = B_SPLINE_CURVE_WITH_KNOTS('',1,(#6515,#6516),.UNSPECIFIED.,.F.,
  .F.,(2,2),(0.,1.E-02),.PIECEWISE_BEZIER_KNOTS.);
#6515 = CARTESIAN_POINT('',(-0.405,0.288723241101,0.300186037342));
#6516 = CARTESIAN_POINT('',(-0.395,0.288723241101,0.300186037342));
#6517 = ORIENTED_EDGE('',*,*,#1940,.F.);
#6518 = B_SPLINE_SURFACE_WITH_KNOTS('',3,1,(
    (#6519,#6520)
    ,(#6521,#6522)
    ,(#6523,#6524)
    ,(#6525,#6526
    )),.UNSPECIFIED.,.F.,.F.,.F.,(4,4),(2,2),(3.,4.),(0.,1.),
  .PIECEWISE_BEZIER_KNOTS.);
#6519 = CARTESIAN_POINT('',(-0.405,0.281566240777,0.283348890817));
#6520 = CARTESIAN_POINT('',(-0.395,0.281566240777,0.283348890817));
#6521 = CARTESIAN_POINT('',(-0.405,0.281566240777,0.290384586051));
#6522 = CARTESIAN_POINT('',(-0.395,0.281566240777,0.290384586051));
#6523 = CARTESIAN_POINT('',(-0.405,0.283955951055,0.29598888122));
#6524 = CARTESIAN_POINT('',(-0.395,0.283955951055,0.29598888122));
#6525 = CARTESIAN_POINT('',(-0.405,0.288723241101,0.300186037342));
#6526 = CARTESIAN_POINT('',(-0.395,0.288723241101,0.300186037342));
#6527 = ADVANCED_FACE('',(#6528),#6538,.F.);
#6528 = FACE_BOUND('',#6529,.F.);
#6529 = EDGE_LOOP('',(#6530,#6531,#6532,#6537));
#6530 = ORIENTED_EDGE('',*,*,#6513,.F.);
#6531 = ORIENTED_EDGE('',*,*,#6363,.T.);
#6532 = ORIENTED_EDGE('',*,*,#6533,.T.);
#6533 = EDGE_CURVE('',#6364,#1925,#6534,.T.);
#6534 = B_SPLINE_CURVE_WITH_KNOTS('',1,(#6535,#6536),.UNSPECIFIED.,.F.,
  .F.,(2,2),(0.,1.E-02),.PIECEWISE_BEZIER_KNOTS.);
#6535 = CARTESIAN_POINT('',(-0.405,0.306664263947,0.306469641016));
#6536 = CARTESIAN_POINT('',(-0.395,0.306664263947,0.306469641016));
#6537 = ORIENTED_EDGE('',*,*,#1931,.F.);
#6538 = B_SPLINE_SURFACE_WITH_KNOTS('',3,1,(
    (#6539,#6540)
    ,(#6541,#6542)
    ,(#6543,#6544)
    ,(#6545,#6546
    )),.UNSPECIFIED.,.F.,.F.,.F.,(4,4),(2,2),(2.,3.),(0.,1.),
  .PIECEWISE_BEZIER_KNOTS.);
#6539 = CARTESIAN_POINT('',(-0.405,0.288723241101,0.300186037342));
#6540 = CARTESIAN_POINT('',(-0.395,0.288723241101,0.300186037342));
#6541 = CARTESIAN_POINT('',(-0.405,0.293490531147,0.304383193464));
#6542 = CARTESIAN_POINT('',(-0.395,0.293490531147,0.304383193464));
#6543 = CARTESIAN_POINT('',(-0.405,0.299470872096,0.306469641016));
#6544 = CARTESIAN_POINT('',(-0.395,0.299470872096,0.306469641016));
#6545 = CARTESIAN_POINT('',(-0.405,0.306664263947,0.306469641016));
#6546 = CARTESIAN_POINT('',(-0.395,0.306664263947,0.306469641016));
#6547 = ADVANCED_FACE('',(#6548),#6558,.F.);
#6548 = FACE_BOUND('',#6549,.T.);
#6549 = EDGE_LOOP('',(#6550,#6551,#6556,#6557));
#6550 = ORIENTED_EDGE('',*,*,#1924,.T.);
#6551 = ORIENTED_EDGE('',*,*,#6552,.F.);
#6552 = EDGE_CURVE('',#6373,#1918,#6553,.T.);
#6553 = B_SPLINE_CURVE_WITH_KNOTS('',1,(#6554,#6555),.UNSPECIFIED.,.F.,
  .F.,(2,2),(0.,1.E-02),.PIECEWISE_BEZIER_KNOTS.);
#6554 = CARTESIAN_POINT('',(-0.405,0.320201912017,0.306469641016));
#6555 = CARTESIAN_POINT('',(-0.395,0.320201912017,0.306469641016));
#6556 = ORIENTED_EDGE('',*,*,#6372,.F.);
#6557 = ORIENTED_EDGE('',*,*,#6533,.T.);
#6558 = B_SPLINE_SURFACE_WITH_KNOTS('',1,1,(
    (#6559,#6560)
    ,(#6561,#6562
    )),.UNSPECIFIED.,.F.,.F.,.F.,(2,2),(2,2),(-1.353764807022E-02,
    1.694065894509E-18),(-3.369799630692E-62,1.E-02),
  .PIECEWISE_BEZIER_KNOTS.);
#6559 = CARTESIAN_POINT('',(-0.405,0.306664263947,0.306469641016));
#6560 = CARTESIAN_POINT('',(-0.395,0.306664263947,0.306469641016));
#6561 = CARTESIAN_POINT('',(-0.405,0.320201912017,0.306469641016));
#6562 = CARTESIAN_POINT('',(-0.395,0.320201912017,0.306469641016));
#6563 = ADVANCED_FACE('',(#6564),#6570,.F.);
#6564 = FACE_BOUND('',#6565,.T.);
#6565 = EDGE_LOOP('',(#6566,#6567,#6568,#6569));
#6566 = ORIENTED_EDGE('',*,*,#1917,.T.);
#6567 = ORIENTED_EDGE('',*,*,#6458,.F.);
#6568 = ORIENTED_EDGE('',*,*,#6379,.F.);
#6569 = ORIENTED_EDGE('',*,*,#6552,.T.);
#6570 = B_SPLINE_SURFACE_WITH_KNOTS('',1,1,(
    (#6571,#6572)
    ,(#6573,#6574
    )),.UNSPECIFIED.,.F.,.F.,.F.,(2,2),(2,2),(-4.745455130064E-02,0.),(
    0.,1.E-02),.PIECEWISE_BEZIER_KNOTS.);
#6571 = CARTESIAN_POINT('',(-0.405,0.320201912017,0.306469641016));
#6572 = CARTESIAN_POINT('',(-0.395,0.320201912017,0.306469641016));
#6573 = CARTESIAN_POINT('',(-0.405,0.320201912017,0.259015089715));
#6574 = CARTESIAN_POINT('',(-0.395,0.320201912017,0.259015089715));
#6575 = ADVANCED_FACE('',(#6576),#6598,.T.);
#6576 = FACE_BOUND('',#6577,.T.);
#6577 = EDGE_LOOP('',(#6578,#6587,#6592,#6593));
#6578 = ORIENTED_EDGE('',*,*,#6579,.F.);
#6579 = EDGE_CURVE('',#6580,#6582,#6584,.T.);
#6580 = VERTEX_POINT('',#6581);
#6581 = CARTESIAN_POINT('',(-0.395,0.306906874128,0.301010911956));
#6582 = VERTEX_POINT('',#6583);
#6583 = CARTESIAN_POINT('',(-0.395,0.314076004961,0.301010911956));
#6584 = B_SPLINE_CURVE_WITH_KNOTS('',1,(#6585,#6586),.UNSPECIFIED.,.F.,
  .F.,(2,2),(5.551115123126E-17,7.169130832922E-03),
  .PIECEWISE_BEZIER_KNOTS.);
#6585 = CARTESIAN_POINT('',(-0.395,0.306906874128,0.301010911956));
#6586 = CARTESIAN_POINT('',(-0.395,0.314076004961,0.301010911956));
#6587 = ORIENTED_EDGE('',*,*,#6588,.F.);
#6588 = EDGE_CURVE('',#6396,#6580,#6589,.T.);
#6589 = B_SPLINE_CURVE_WITH_KNOTS('',1,(#6590,#6591),.UNSPECIFIED.,.F.,
  .F.,(2,2),(0.,1.E-02),.PIECEWISE_BEZIER_KNOTS.);
#6590 = CARTESIAN_POINT('',(-0.405,0.306906874128,0.301010911956));
#6591 = CARTESIAN_POINT('',(-0.395,0.306906874128,0.301010911956));
#6592 = ORIENTED_EDGE('',*,*,#6395,.T.);
#6593 = ORIENTED_EDGE('',*,*,#6594,.T.);
#6594 = EDGE_CURVE('',#6387,#6582,#6595,.T.);
#6595 = B_SPLINE_CURVE_WITH_KNOTS('',1,(#6596,#6597),.UNSPECIFIED.,.F.,
  .F.,(2,2),(0.,1.E-02),.PIECEWISE_BEZIER_KNOTS.);
#6596 = CARTESIAN_POINT('',(-0.405,0.314076004961,0.301010911956));
#6597 = CARTESIAN_POINT('',(-0.395,0.314076004961,0.301010911956));
#6598 = B_SPLINE_SURFACE_WITH_KNOTS('',1,1,(
    (#6599,#6600)
    ,(#6601,#6602
    )),.UNSPECIFIED.,.F.,.F.,.F.,(2,2),(2,2),(5.551115123126E-17,
    7.169130832922E-03),(-1.666616164769E-48,1.E-02),
  .PIECEWISE_BEZIER_KNOTS.);
#6599 = CARTESIAN_POINT('',(-0.405,0.306906874128,0.301010911956));
#6600 = CARTESIAN_POINT('',(-0.395,0.306906874128,0.301010911956));
#6601 = CARTESIAN_POINT('',(-0.405,0.314076004961,0.301010911956));
#6602 = CARTESIAN_POINT('',(-0.395,0.314076004961,0.301010911956));
#6603 = ADVANCED_FACE('',(#6604),#6620,.T.);
#6604 = FACE_BOUND('',#6605,.T.);
#6605 = EDGE_LOOP('',(#6606,#6613,#6614,#6615));
#6606 = ORIENTED_EDGE('',*,*,#6607,.F.);
#6607 = EDGE_CURVE('',#6582,#6608,#6610,.T.);
#6608 = VERTEX_POINT('',#6609);
#6609 = CARTESIAN_POINT('',(-0.395,0.314076004961,0.26442529674));
#6610 = B_SPLINE_CURVE_WITH_KNOTS('',1,(#6611,#6612),.UNSPECIFIED.,.F.,
  .F.,(2,2),(0.,3.658561521551E-02),.PIECEWISE_BEZIER_KNOTS.);
#6611 = CARTESIAN_POINT('',(-0.395,0.314076004961,0.301010911956));
#6612 = CARTESIAN_POINT('',(-0.395,0.314076004961,0.26442529674));
#6613 = ORIENTED_EDGE('',*,*,#6594,.F.);
#6614 = ORIENTED_EDGE('',*,*,#6386,.T.);
#6615 = ORIENTED_EDGE('',*,*,#6616,.T.);
#6616 = EDGE_CURVE('',#6389,#6608,#6617,.T.);
#6617 = B_SPLINE_CURVE_WITH_KNOTS('',1,(#6618,#6619),.UNSPECIFIED.,.F.,
  .F.,(2,2),(0.,1.E-02),.PIECEWISE_BEZIER_KNOTS.);
#6618 = CARTESIAN_POINT('',(-0.405,0.314076004961,0.26442529674));
#6619 = CARTESIAN_POINT('',(-0.395,0.314076004961,0.26442529674));
#6620 = B_SPLINE_SURFACE_WITH_KNOTS('',1,1,(
    (#6621,#6622)
    ,(#6623,#6624
    )),.UNSPECIFIED.,.F.,.F.,.F.,(2,2),(2,2),(-2.008122495512E-32,
    3.658561521551E-02),(-1.763241526233E-33,1.E-02),
  .PIECEWISE_BEZIER_KNOTS.);
#6621 = CARTESIAN_POINT('',(-0.405,0.314076004961,0.301010911956));
#6622 = CARTESIAN_POINT('',(-0.395,0.314076004961,0.301010911956));
#6623 = CARTESIAN_POINT('',(-0.405,0.314076004961,0.26442529674));
#6624 = CARTESIAN_POINT('',(-0.395,0.314076004961,0.26442529674));
#6625 = ADVANCED_FACE('',(#6626),#6642,.T.);
#6626 = FACE_BOUND('',#6627,.T.);
#6627 = EDGE_LOOP('',(#6628,#6635,#6636,#6637));
#6628 = ORIENTED_EDGE('',*,*,#6629,.F.);
#6629 = EDGE_CURVE('',#6608,#6630,#6632,.T.);
#6630 = VERTEX_POINT('',#6631);
#6631 = CARTESIAN_POINT('',(-0.395,0.307185875835,0.26442529674));
#6632 = B_SPLINE_CURVE_WITH_KNOTS('',1,(#6633,#6634),.UNSPECIFIED.,.F.,
  .F.,(2,2),(0.,6.890129125372E-03),.PIECEWISE_BEZIER_KNOTS.);
#6633 = CARTESIAN_POINT('',(-0.395,0.314076004961,0.26442529674));
#6634 = CARTESIAN_POINT('',(-0.395,0.307185875835,0.26442529674));
#6635 = ORIENTED_EDGE('',*,*,#6616,.F.);
#6636 = ORIENTED_EDGE('',*,*,#6438,.T.);
#6637 = ORIENTED_EDGE('',*,*,#6638,.T.);
#6638 = EDGE_CURVE('',#6430,#6630,#6639,.T.);
#6639 = B_SPLINE_CURVE_WITH_KNOTS('',1,(#6640,#6641),.UNSPECIFIED.,.F.,
  .F.,(2,2),(0.,1.E-02),.PIECEWISE_BEZIER_KNOTS.);
#6640 = CARTESIAN_POINT('',(-0.405,0.307185875835,0.26442529674));
#6641 = CARTESIAN_POINT('',(-0.395,0.307185875835,0.26442529674));
#6642 = B_SPLINE_SURFACE_WITH_KNOTS('',1,1,(
    (#6643,#6644)
    ,(#6645,#6646
    )),.UNSPECIFIED.,.F.,.F.,.F.,(2,2),(2,2),(-1.694065894509E-18,
    6.890129125372E-03),(0.,1.E-02),.PIECEWISE_BEZIER_KNOTS.);
#6643 = CARTESIAN_POINT('',(-0.405,0.314076004961,0.26442529674));
#6644 = CARTESIAN_POINT('',(-0.395,0.314076004961,0.26442529674));
#6645 = CARTESIAN_POINT('',(-0.405,0.307185875835,0.26442529674));
#6646 = CARTESIAN_POINT('',(-0.395,0.307185875835,0.26442529674));
#6647 = ADVANCED_FACE('',(#6648),#6666,.T.);
#6648 = FACE_BOUND('',#6649,.T.);
#6649 = EDGE_LOOP('',(#6650,#6659,#6660,#6661));
#6650 = ORIENTED_EDGE('',*,*,#6651,.F.);
#6651 = EDGE_CURVE('',#6630,#6652,#6654,.T.);
#6652 = VERTEX_POINT('',#6653);
#6653 = CARTESIAN_POINT('',(-0.395,0.293078093841,0.269374544422));
#6654 = B_SPLINE_CURVE_WITH_KNOTS('',3,(#6655,#6656,#6657,#6658),
  .UNSPECIFIED.,.F.,.F.,(4,4),(2.,3.),.PIECEWISE_BEZIER_KNOTS.);
#6655 = CARTESIAN_POINT('',(-0.395,0.307185875835,0.26442529674));
#6656 = CARTESIAN_POINT('',(-0.395,0.30115701285,0.26442529674));
#6657 = CARTESIAN_POINT('',(-0.395,0.296450375349,0.266075045967));
#6658 = CARTESIAN_POINT('',(-0.395,0.293078093841,0.269374544422));
#6659 = ORIENTED_EDGE('',*,*,#6638,.F.);
#6660 = ORIENTED_EDGE('',*,*,#6429,.T.);
#6661 = ORIENTED_EDGE('',*,*,#6662,.T.);
#6662 = EDGE_CURVE('',#6421,#6652,#6663,.T.);
#6663 = B_SPLINE_CURVE_WITH_KNOTS('',1,(#6664,#6665),.UNSPECIFIED.,.F.,
  .F.,(2,2),(0.,1.E-02),.PIECEWISE_BEZIER_KNOTS.);
#6664 = CARTESIAN_POINT('',(-0.405,0.293078093841,0.269374544422));
#6665 = CARTESIAN_POINT('',(-0.395,0.293078093841,0.269374544422));
#6666 = B_SPLINE_SURFACE_WITH_KNOTS('',3,1,(
    (#6667,#6668)
    ,(#6669,#6670)
    ,(#6671,#6672)
    ,(#6673,#6674
    )),.UNSPECIFIED.,.F.,.F.,.F.,(4,4),(2,2),(2.,3.),(0.,1.),
  .PIECEWISE_BEZIER_KNOTS.);
#6667 = CARTESIAN_POINT('',(-0.405,0.307185875835,0.26442529674));
#6668 = CARTESIAN_POINT('',(-0.395,0.307185875835,0.26442529674));
#6669 = CARTESIAN_POINT('',(-0.405,0.30115701285,0.26442529674));
#6670 = CARTESIAN_POINT('',(-0.395,0.30115701285,0.26442529674));
#6671 = CARTESIAN_POINT('',(-0.405,0.296450375349,0.266075045967));
#6672 = CARTESIAN_POINT('',(-0.395,0.296450375349,0.266075045967));
#6673 = CARTESIAN_POINT('',(-0.405,0.293078093841,0.269374544422));
#6674 = CARTESIAN_POINT('',(-0.395,0.293078093841,0.269374544422));
#6675 = ADVANCED_FACE('',(#6676),#6694,.T.);
#6676 = FACE_BOUND('',#6677,.T.);
#6677 = EDGE_LOOP('',(#6678,#6687,#6688,#6689));
#6678 = ORIENTED_EDGE('',*,*,#6679,.F.);
#6679 = EDGE_CURVE('',#6652,#6680,#6682,.T.);
#6680 = VERTEX_POINT('',#6681);
#6681 = CARTESIAN_POINT('',(-0.395,0.288007541069,0.283179063691));
#6682 = B_SPLINE_CURVE_WITH_KNOTS('',3,(#6683,#6684,#6685,#6686),
  .UNSPECIFIED.,.F.,.F.,(4,4),(3.,4.),.PIECEWISE_BEZIER_KNOTS.);
#6683 = CARTESIAN_POINT('',(-0.395,0.293078093841,0.269374544422));
#6684 = CARTESIAN_POINT('',(-0.395,0.289693681823,0.272649781858));
#6685 = CARTESIAN_POINT('',(-0.395,0.288007541069,0.277259375287));
#6686 = CARTESIAN_POINT('',(-0.395,0.288007541069,0.283179063691));
#6687 = ORIENTED_EDGE('',*,*,#6662,.F.);
#6688 = ORIENTED_EDGE('',*,*,#6420,.T.);
#6689 = ORIENTED_EDGE('',*,*,#6690,.T.);
#6690 = EDGE_CURVE('',#6412,#6680,#6691,.T.);
#6691 = B_SPLINE_CURVE_WITH_KNOTS('',1,(#6692,#6693),.UNSPECIFIED.,.F.,
  .F.,(2,2),(0.,1.E-02),.PIECEWISE_BEZIER_KNOTS.);
#6692 = CARTESIAN_POINT('',(-0.405,0.288007541069,0.283179063691));
#6693 = CARTESIAN_POINT('',(-0.395,0.288007541069,0.283179063691));
#6694 = B_SPLINE_SURFACE_WITH_KNOTS('',3,1,(
    (#6695,#6696)
    ,(#6697,#6698)
    ,(#6699,#6700)
    ,(#6701,#6702
    )),.UNSPECIFIED.,.F.,.F.,.F.,(4,4),(2,2),(3.,4.),(0.,1.),
  .PIECEWISE_BEZIER_KNOTS.);
#6695 = CARTESIAN_POINT('',(-0.405,0.293078093841,0.269374544422));
#6696 = CARTESIAN_POINT('',(-0.395,0.293078093841,0.269374544422));
#6697 = CARTESIAN_POINT('',(-0.405,0.289693681823,0.272649781858));
#6698 = CARTESIAN_POINT('',(-0.395,0.289693681823,0.272649781858));
#6699 = CARTESIAN_POINT('',(-0.405,0.288007541069,0.277259375287));
#6700 = CARTESIAN_POINT('',(-0.395,0.288007541069,0.277259375287));
#6701 = CARTESIAN_POINT('',(-0.405,0.288007541069,0.283179063691));
#6702 = CARTESIAN_POINT('',(-0.395,0.288007541069,0.283179063691));
#6703 = ADVANCED_FACE('',(#6704),#6722,.T.);
#6704 = FACE_BOUND('',#6705,.T.);
#6705 = EDGE_LOOP('',(#6706,#6715,#6716,#6717));
#6706 = ORIENTED_EDGE('',*,*,#6707,.F.);
#6707 = EDGE_CURVE('',#6680,#6708,#6710,.T.);
#6708 = VERTEX_POINT('',#6709);
#6709 = CARTESIAN_POINT('',(-0.395,0.29321152944,0.296546884635));
#6710 = B_SPLINE_CURVE_WITH_KNOTS('',3,(#6711,#6712,#6713,#6714),
  .UNSPECIFIED.,.F.,.F.,(4,4),(4.,5.),.PIECEWISE_BEZIER_KNOTS.);
#6711 = CARTESIAN_POINT('',(-0.395,0.288007541069,0.283179063691));
#6712 = CARTESIAN_POINT('',(-0.395,0.288007541069,0.289098752094));
#6713 = CARTESIAN_POINT('',(-0.395,0.289742203859,0.293562779415));
#6714 = CARTESIAN_POINT('',(-0.395,0.29321152944,0.296546884635));
#6715 = ORIENTED_EDGE('',*,*,#6690,.F.);
#6716 = ORIENTED_EDGE('',*,*,#6411,.T.);
#6717 = ORIENTED_EDGE('',*,*,#6718,.T.);
#6718 = EDGE_CURVE('',#6403,#6708,#6719,.T.);
#6719 = B_SPLINE_CURVE_WITH_KNOTS('',1,(#6720,#6721),.UNSPECIFIED.,.F.,
  .F.,(2,2),(0.,1.E-02),.PIECEWISE_BEZIER_KNOTS.);
#6720 = CARTESIAN_POINT('',(-0.405,0.29321152944,0.296546884635));
#6721 = CARTESIAN_POINT('',(-0.395,0.29321152944,0.296546884635));
#6722 = B_SPLINE_SURFACE_WITH_KNOTS('',3,1,(
    (#6723,#6724)
    ,(#6725,#6726)
    ,(#6727,#6728)
    ,(#6729,#6730
    )),.UNSPECIFIED.,.F.,.F.,.F.,(4,4),(2,2),(4.,5.),(0.,1.),
  .PIECEWISE_BEZIER_KNOTS.);
#6723 = CARTESIAN_POINT('',(-0.405,0.288007541069,0.283179063691));
#6724 = CARTESIAN_POINT('',(-0.395,0.288007541069,0.283179063691));
#6725 = CARTESIAN_POINT('',(-0.405,0.288007541069,0.289098752094));
#6726 = CARTESIAN_POINT('',(-0.395,0.288007541069,0.289098752094));
#6727 = CARTESIAN_POINT('',(-0.405,0.289742203859,0.293562779415));
#6728 = CARTESIAN_POINT('',(-0.395,0.289742203859,0.293562779415));
#6729 = CARTESIAN_POINT('',(-0.405,0.29321152944,0.296546884635));
#6730 = CARTESIAN_POINT('',(-0.395,0.29321152944,0.296546884635));
#6731 = ADVANCED_FACE('',(#6732),#6744,.T.);
#6732 = FACE_BOUND('',#6733,.T.);
#6733 = EDGE_LOOP('',(#6734,#6741,#6742,#6743));
#6734 = ORIENTED_EDGE('',*,*,#6735,.F.);
#6735 = EDGE_CURVE('',#6708,#6580,#6736,.T.);
#6736 = B_SPLINE_CURVE_WITH_KNOTS('',3,(#6737,#6738,#6739,#6740),
  .UNSPECIFIED.,.F.,.F.,(4,4),(5.,6.),.PIECEWISE_BEZIER_KNOTS.);
#6737 = CARTESIAN_POINT('',(-0.395,0.29321152944,0.296546884635));
#6738 = CARTESIAN_POINT('',(-0.395,0.296680855021,0.299530989854));
#6739 = CARTESIAN_POINT('',(-0.395,0.301254056923,0.301010911956));
#6740 = CARTESIAN_POINT('',(-0.395,0.306906874128,0.301010911956));
#6741 = ORIENTED_EDGE('',*,*,#6718,.F.);
#6742 = ORIENTED_EDGE('',*,*,#6402,.T.);
#6743 = ORIENTED_EDGE('',*,*,#6588,.T.);
#6744 = B_SPLINE_SURFACE_WITH_KNOTS('',3,1,(
    (#6745,#6746)
    ,(#6747,#6748)
    ,(#6749,#6750)
    ,(#6751,#6752
    )),.UNSPECIFIED.,.F.,.F.,.F.,(4,4),(2,2),(5.,6.),(0.,1.),
  .PIECEWISE_BEZIER_KNOTS.);
#6745 = CARTESIAN_POINT('',(-0.405,0.29321152944,0.296546884635));
#6746 = CARTESIAN_POINT('',(-0.395,0.29321152944,0.296546884635));
#6747 = CARTESIAN_POINT('',(-0.405,0.296680855021,0.299530989854));
#6748 = CARTESIAN_POINT('',(-0.395,0.296680855021,0.299530989854));
#6749 = CARTESIAN_POINT('',(-0.405,0.301254056923,0.301010911956));
#6750 = CARTESIAN_POINT('',(-0.395,0.301254056923,0.301010911956));
#6751 = CARTESIAN_POINT('',(-0.405,0.306906874128,0.301010911956));
#6752 = CARTESIAN_POINT('',(-0.395,0.306906874128,0.301010911956));
#6753 = ADVANCED_FACE('',(#6754),#6763,.F.);
#6754 = FACE_BOUND('',#6755,.T.);
#6755 = EDGE_LOOP('',(#6756,#6757,#6758,#6759,#6760,#6761,#6762));
#6756 = ORIENTED_EDGE('',*,*,#6735,.T.);
#6757 = ORIENTED_EDGE('',*,*,#6579,.T.);
#6758 = ORIENTED_EDGE('',*,*,#6607,.T.);
#6759 = ORIENTED_EDGE('',*,*,#6629,.T.);
#6760 = ORIENTED_EDGE('',*,*,#6651,.T.);
#6761 = ORIENTED_EDGE('',*,*,#6679,.T.);
#6762 = ORIENTED_EDGE('',*,*,#6707,.T.);
#6763 = B_SPLINE_SURFACE_WITH_KNOTS('',1,1,(
    (#6764,#6765)
    ,(#6766,#6767
    )),.UNSPECIFIED.,.F.,.F.,.F.,(2,2),(2,2),(-0.511992458931,
    -0.485923995039),(-0.17557480326,-0.138989188044),
  .PIECEWISE_BEZIER_KNOTS.);
#6764 = CARTESIAN_POINT('',(-0.395,0.288007541069,0.26442529674));
#6765 = CARTESIAN_POINT('',(-0.395,0.288007541069,0.301010911956));
#6766 = CARTESIAN_POINT('',(-0.395,0.314076004961,0.26442529674));
#6767 = CARTESIAN_POINT('',(-0.395,0.314076004961,0.301010911956));
#6768 = ADVANCED_FACE('',(#6769,#6827),#6875,.F.);
#6769 = FACE_BOUND('',#6770,.T.);
#6770 = EDGE_LOOP('',(#6771,#6780,#6787,#6794,#6801,#6808,#6815,#6822));
#6771 = ORIENTED_EDGE('',*,*,#6772,.T.);
#6772 = EDGE_CURVE('',#6773,#6775,#6777,.T.);
#6773 = VERTEX_POINT('',#6774);
#6774 = CARTESIAN_POINT('',(-0.405,0.236234528556,0.259015089715));
#6775 = VERTEX_POINT('',#6776);
#6776 = CARTESIAN_POINT('',(-0.405,0.254308987001,0.306469641016));
#6777 = B_SPLINE_CURVE_WITH_KNOTS('',1,(#6778,#6779),.UNSPECIFIED.,.F.,
  .F.,(2,2),(-5.07801190155E-02,0.),.PIECEWISE_BEZIER_KNOTS.);
#6778 = CARTESIAN_POINT('',(-0.405,0.236234528556,0.259015089715));
#6779 = CARTESIAN_POINT('',(-0.405,0.254308987001,0.306469641016));
#6780 = ORIENTED_EDGE('',*,*,#6781,.T.);
#6781 = EDGE_CURVE('',#6775,#6782,#6784,.T.);
#6782 = VERTEX_POINT('',#6783);
#6783 = CARTESIAN_POINT('',(-0.405,0.260859461874,0.306469641016));
#6784 = B_SPLINE_CURVE_WITH_KNOTS('',1,(#6785,#6786),.UNSPECIFIED.,.F.,
  .F.,(2,2),(-6.550474873096E-03,0.),.PIECEWISE_BEZIER_KNOTS.);
#6785 = CARTESIAN_POINT('',(-0.405,0.254308987001,0.306469641016));
#6786 = CARTESIAN_POINT('',(-0.405,0.260859461874,0.306469641016));
#6787 = ORIENTED_EDGE('',*,*,#6788,.T.);
#6788 = EDGE_CURVE('',#6782,#6789,#6791,.T.);
#6789 = VERTEX_POINT('',#6790);
#6790 = CARTESIAN_POINT('',(-0.405,0.278933920319,0.259015089715));
#6791 = B_SPLINE_CURVE_WITH_KNOTS('',1,(#6792,#6793),.UNSPECIFIED.,.F.,
  .F.,(2,2),(-5.078011901562E-02,0.),.PIECEWISE_BEZIER_KNOTS.);
#6792 = CARTESIAN_POINT('',(-0.405,0.260859461874,0.306469641016));
#6793 = CARTESIAN_POINT('',(-0.405,0.278933920319,0.259015089715));
#6794 = ORIENTED_EDGE('',*,*,#6795,.T.);
#6795 = EDGE_CURVE('',#6789,#6796,#6798,.T.);
#6796 = VERTEX_POINT('',#6797);
#6797 = CARTESIAN_POINT('',(-0.405,0.272165096284,0.259015089715));
#6798 = B_SPLINE_CURVE_WITH_KNOTS('',1,(#6799,#6800),.UNSPECIFIED.,.F.,
  .F.,(2,2),(-6.768824035273E-03,0.),.PIECEWISE_BEZIER_KNOTS.);
#6799 = CARTESIAN_POINT('',(-0.405,0.278933920319,0.259015089715));
#6800 = CARTESIAN_POINT('',(-0.405,0.272165096284,0.259015089715));
#6801 = ORIENTED_EDGE('',*,*,#6802,.T.);
#6802 = EDGE_CURVE('',#6796,#6803,#6805,.T.);
#6803 = VERTEX_POINT('',#6804);
#6804 = CARTESIAN_POINT('',(-0.405,0.267604024891,0.271994734371));
#6805 = B_SPLINE_CURVE_WITH_KNOTS('',1,(#6806,#6807),.UNSPECIFIED.,.F.,
  .F.,(2,2),(-1.375770866184E-02,0.),.PIECEWISE_BEZIER_KNOTS.);
#6806 = CARTESIAN_POINT('',(-0.405,0.272165096284,0.259015089715));
#6807 = CARTESIAN_POINT('',(-0.405,0.267604024891,0.271994734371));
#6808 = ORIENTED_EDGE('',*,*,#6809,.T.);
#6809 = EDGE_CURVE('',#6803,#6810,#6812,.T.);
#6810 = VERTEX_POINT('',#6811);
#6811 = CARTESIAN_POINT('',(-0.405,0.247843425691,0.271994734371));
#6812 = B_SPLINE_CURVE_WITH_KNOTS('',1,(#6813,#6814),.UNSPECIFIED.,.F.,
  .F.,(2,2),(-1.976059919973E-02,0.),.PIECEWISE_BEZIER_KNOTS.);
#6813 = CARTESIAN_POINT('',(-0.405,0.267604024891,0.271994734371));
#6814 = CARTESIAN_POINT('',(-0.405,0.247843425691,0.271994734371));
#6815 = ORIENTED_EDGE('',*,*,#6816,.T.);
#6816 = EDGE_CURVE('',#6810,#6817,#6819,.T.);
#6817 = VERTEX_POINT('',#6818);
#6818 = CARTESIAN_POINT('',(-0.405,0.243003352591,0.259015089715));
#6819 = B_SPLINE_CURVE_WITH_KNOTS('',1,(#6820,#6821),.UNSPECIFIED.,.F.,
  .F.,(2,2),(-1.38527067028E-02,-0.),.PIECEWISE_BEZIER_KNOTS.);
#6820 = CARTESIAN_POINT('',(-0.405,0.247843425691,0.271994734371));
#6821 = CARTESIAN_POINT('',(-0.405,0.243003352591,0.259015089715));
#6822 = ORIENTED_EDGE('',*,*,#6823,.T.);
#6823 = EDGE_CURVE('',#6817,#6773,#6824,.T.);
#6824 = B_SPLINE_CURVE_WITH_KNOTS('',1,(#6825,#6826),.UNSPECIFIED.,.F.,
  .F.,(2,2),(-6.768824034949E-03,0.),.PIECEWISE_BEZIER_KNOTS.);
#6825 = CARTESIAN_POINT('',(-0.405,0.243003352591,0.259015089715));
#6826 = CARTESIAN_POINT('',(-0.405,0.236234528556,0.259015089715));
#6827 = FACE_BOUND('',#6828,.T.);
#6828 = EDGE_LOOP('',(#6829,#6838,#6845,#6854,#6861,#6870));
#6829 = ORIENTED_EDGE('',*,*,#6830,.F.);
#6830 = EDGE_CURVE('',#6831,#6833,#6835,.T.);
#6831 = VERTEX_POINT('',#6832);
#6832 = CARTESIAN_POINT('',(-0.405,0.265663143447,0.277356419359));
#6833 = VERTEX_POINT('',#6834);
#6834 = CARTESIAN_POINT('',(-0.405,0.249735785099,0.277356419359));
#6835 = B_SPLINE_CURVE_WITH_KNOTS('',1,(#6836,#6837),.UNSPECIFIED.,.F.,
  .F.,(2,2),(0.,1.592735834808E-02),.PIECEWISE_BEZIER_KNOTS.);
#6836 = CARTESIAN_POINT('',(-0.405,0.265663143447,0.277356419359));
#6837 = CARTESIAN_POINT('',(-0.405,0.249735785099,0.277356419359));
#6838 = ORIENTED_EDGE('',*,*,#6839,.F.);
#6839 = EDGE_CURVE('',#6840,#6831,#6842,.T.);
#6840 = VERTEX_POINT('',#6841);
#6841 = CARTESIAN_POINT('',(-0.405,0.258566795668,0.297080627032));
#6842 = B_SPLINE_CURVE_WITH_KNOTS('',1,(#6843,#6844),.UNSPECIFIED.,.F.,
  .F.,(2,2),(3.344095852382E-17,2.096193025725E-02),
  .PIECEWISE_BEZIER_KNOTS.);
#6843 = CARTESIAN_POINT('',(-0.405,0.258566795668,0.297080627032));
#6844 = CARTESIAN_POINT('',(-0.405,0.265663143447,0.277356419359));
#6845 = ORIENTED_EDGE('',*,*,#6846,.F.);
#6846 = EDGE_CURVE('',#6847,#6840,#6849,.T.);
#6847 = VERTEX_POINT('',#6848);
#6848 = CARTESIAN_POINT('',(-0.405,0.257790443091,0.300404386504));
#6849 = B_SPLINE_CURVE_WITH_KNOTS('',3,(#6850,#6851,#6852,#6853),
  .UNSPECIFIED.,.F.,.F.,(4,4),(3.,4.),.PIECEWISE_BEZIER_KNOTS.);
#6850 = CARTESIAN_POINT('',(-0.405,0.257790443091,0.300404386504));
#6851 = CARTESIAN_POINT('',(-0.405,0.258020922762,0.298972986439));
#6852 = CARTESIAN_POINT('',(-0.405,0.258275663451,0.297856979609));
#6853 = CARTESIAN_POINT('',(-0.405,0.258566795668,0.297080627032));
#6854 = ORIENTED_EDGE('',*,*,#6855,.F.);
#6855 = EDGE_CURVE('',#6856,#6847,#6858,.T.);
#6856 = VERTEX_POINT('',#6857);
#6857 = CARTESIAN_POINT('',(-0.405,0.257644876982,0.300404386504));
#6858 = B_SPLINE_CURVE_WITH_KNOTS('',1,(#6859,#6860),.UNSPECIFIED.,.F.,
  .F.,(2,2),(5.551115123126E-17,1.455661084422E-04),
  .PIECEWISE_BEZIER_KNOTS.);
#6859 = CARTESIAN_POINT('',(-0.405,0.257644876982,0.300404386504));
#6860 = CARTESIAN_POINT('',(-0.405,0.257790443091,0.300404386504));
#6861 = ORIENTED_EDGE('',*,*,#6862,.F.);
#6862 = EDGE_CURVE('',#6863,#6856,#6865,.T.);
#6863 = VERTEX_POINT('',#6864);
#6864 = CARTESIAN_POINT('',(-0.405,0.256904915932,0.297080627032));
#6865 = B_SPLINE_CURVE_WITH_KNOTS('',3,(#6866,#6867,#6868,#6869),
  .UNSPECIFIED.,.F.,.F.,(4,4),(1.,2.),.PIECEWISE_BEZIER_KNOTS.);
#6866 = CARTESIAN_POINT('',(-0.405,0.256904915932,0.297080627032));
#6867 = CARTESIAN_POINT('',(-0.405,0.257135395603,0.297735674519));
#6868 = CARTESIAN_POINT('',(-0.405,0.257378005784,0.298827420331));
#6869 = CARTESIAN_POINT('',(-0.405,0.257644876982,0.300404386504));
#6870 = ORIENTED_EDGE('',*,*,#6871,.F.);
#6871 = EDGE_CURVE('',#6833,#6863,#6872,.T.);
#6872 = B_SPLINE_CURVE_WITH_KNOTS('',1,(#6873,#6874),.UNSPECIFIED.,.F.,
  .F.,(2,2),(0.,2.098668161525E-02),.PIECEWISE_BEZIER_KNOTS.);
#6873 = CARTESIAN_POINT('',(-0.405,0.249735785099,0.277356419359));
#6874 = CARTESIAN_POINT('',(-0.405,0.256904915932,0.297080627032));
#6875 = B_SPLINE_SURFACE_WITH_KNOTS('',1,1,(
    (#6876,#6877)
    ,(#6878,#6879
    )),.UNSPECIFIED.,.F.,.F.,.F.,(2,2),(2,2),(-0.296469541016,
    -0.249014989715),(0.236234528556,0.278933920319),
  .PIECEWISE_BEZIER_KNOTS.);
#6876 = CARTESIAN_POINT('',(-0.405,0.236234528556,0.306469641016));
#6877 = CARTESIAN_POINT('',(-0.405,0.278933920319,0.306469641016));
#6878 = CARTESIAN_POINT('',(-0.405,0.236234528556,0.259015089715));
#6879 = CARTESIAN_POINT('',(-0.405,0.278933920319,0.259015089715));
#6880 = ADVANCED_FACE('',(#6881),#6895,.F.);
#6881 = FACE_BOUND('',#6882,.T.);
#6882 = EDGE_LOOP('',(#6883,#6884,#6889,#6890));
#6883 = ORIENTED_EDGE('',*,*,#1967,.T.);
#6884 = ORIENTED_EDGE('',*,*,#6885,.F.);
#6885 = EDGE_CURVE('',#6775,#1970,#6886,.T.);
#6886 = B_SPLINE_CURVE_WITH_KNOTS('',1,(#6887,#6888),.UNSPECIFIED.,.F.,
  .F.,(2,2),(0.,1.E-02),.PIECEWISE_BEZIER_KNOTS.);
#6887 = CARTESIAN_POINT('',(-0.405,0.254308987001,0.306469641016));
#6888 = CARTESIAN_POINT('',(-0.395,0.254308987001,0.306469641016));
#6889 = ORIENTED_EDGE('',*,*,#6772,.F.);
#6890 = ORIENTED_EDGE('',*,*,#6891,.T.);
#6891 = EDGE_CURVE('',#6773,#1968,#6892,.T.);
#6892 = B_SPLINE_CURVE_WITH_KNOTS('',1,(#6893,#6894),.UNSPECIFIED.,.F.,
  .F.,(2,2),(0.,1.E-02),.PIECEWISE_BEZIER_KNOTS.);
#6893 = CARTESIAN_POINT('',(-0.405,0.236234528556,0.259015089715));
#6894 = CARTESIAN_POINT('',(-0.395,0.236234528556,0.259015089715));
#6895 = B_SPLINE_SURFACE_WITH_KNOTS('',1,1,(
    (#6896,#6897)
    ,(#6898,#6899
    )),.UNSPECIFIED.,.F.,.F.,.F.,(2,2),(2,2),(-5.07801190155E-02,
    6.029785712828E-19),(0.,1.E-02),.PIECEWISE_BEZIER_KNOTS.);
#6896 = CARTESIAN_POINT('',(-0.405,0.236234528556,0.259015089715));
#6897 = CARTESIAN_POINT('',(-0.395,0.236234528556,0.259015089715));
#6898 = CARTESIAN_POINT('',(-0.405,0.254308987001,0.306469641016));
#6899 = CARTESIAN_POINT('',(-0.395,0.254308987001,0.306469641016));
#6900 = ADVANCED_FACE('',(#6901),#6911,.F.);
#6901 = FACE_BOUND('',#6902,.T.);
#6902 = EDGE_LOOP('',(#6903,#6904,#6909,#6910));
#6903 = ORIENTED_EDGE('',*,*,#2018,.T.);
#6904 = ORIENTED_EDGE('',*,*,#6905,.F.);
#6905 = EDGE_CURVE('',#6782,#2012,#6906,.T.);
#6906 = B_SPLINE_CURVE_WITH_KNOTS('',1,(#6907,#6908),.UNSPECIFIED.,.F.,
  .F.,(2,2),(0.,1.E-02),.PIECEWISE_BEZIER_KNOTS.);
#6907 = CARTESIAN_POINT('',(-0.405,0.260859461874,0.306469641016));
#6908 = CARTESIAN_POINT('',(-0.395,0.260859461874,0.306469641016));
#6909 = ORIENTED_EDGE('',*,*,#6781,.F.);
#6910 = ORIENTED_EDGE('',*,*,#6885,.T.);
#6911 = B_SPLINE_SURFACE_WITH_KNOTS('',1,1,(
    (#6912,#6913)
    ,(#6914,#6915
    )),.UNSPECIFIED.,.F.,.F.,.F.,(2,2),(2,2),(-6.550474873096E-03,
    1.694065894509E-18),(0.,1.E-02),.PIECEWISE_BEZIER_KNOTS.);
#6912 = CARTESIAN_POINT('',(-0.405,0.254308987001,0.306469641016));
#6913 = CARTESIAN_POINT('',(-0.395,0.254308987001,0.306469641016));
#6914 = CARTESIAN_POINT('',(-0.405,0.260859461874,0.306469641016));
#6915 = CARTESIAN_POINT('',(-0.395,0.260859461874,0.306469641016));
#6916 = ADVANCED_FACE('',(#6917),#6927,.F.);
#6917 = FACE_BOUND('',#6918,.T.);
#6918 = EDGE_LOOP('',(#6919,#6920,#6925,#6926));
#6919 = ORIENTED_EDGE('',*,*,#2011,.T.);
#6920 = ORIENTED_EDGE('',*,*,#6921,.F.);
#6921 = EDGE_CURVE('',#6789,#2005,#6922,.T.);
#6922 = B_SPLINE_CURVE_WITH_KNOTS('',1,(#6923,#6924),.UNSPECIFIED.,.F.,
  .F.,(2,2),(0.,1.E-02),.PIECEWISE_BEZIER_KNOTS.);
#6923 = CARTESIAN_POINT('',(-0.405,0.278933920319,0.259015089715));
#6924 = CARTESIAN_POINT('',(-0.395,0.278933920319,0.259015089715));
#6925 = ORIENTED_EDGE('',*,*,#6788,.F.);
#6926 = ORIENTED_EDGE('',*,*,#6905,.T.);
#6927 = B_SPLINE_SURFACE_WITH_KNOTS('',1,1,(
    (#6928,#6929)
    ,(#6930,#6931
    )),.UNSPECIFIED.,.F.,.F.,.F.,(2,2),(2,2),(-5.078011901562E-02,
    6.029785712922E-19),(-4.622231866529E-33,1.E-02),
  .PIECEWISE_BEZIER_KNOTS.);
#6928 = CARTESIAN_POINT('',(-0.405,0.260859461874,0.306469641016));
#6929 = CARTESIAN_POINT('',(-0.395,0.260859461874,0.306469641016));
#6930 = CARTESIAN_POINT('',(-0.405,0.278933920319,0.259015089715));
#6931 = CARTESIAN_POINT('',(-0.395,0.278933920319,0.259015089715));
#6932 = ADVANCED_FACE('',(#6933),#6943,.F.);
#6933 = FACE_BOUND('',#6934,.T.);
#6934 = EDGE_LOOP('',(#6935,#6936,#6941,#6942));
#6935 = ORIENTED_EDGE('',*,*,#2004,.T.);
#6936 = ORIENTED_EDGE('',*,*,#6937,.F.);
#6937 = EDGE_CURVE('',#6796,#1998,#6938,.T.);
#6938 = B_SPLINE_CURVE_WITH_KNOTS('',1,(#6939,#6940),.UNSPECIFIED.,.F.,
  .F.,(2,2),(0.,1.E-02),.PIECEWISE_BEZIER_KNOTS.);
#6939 = CARTESIAN_POINT('',(-0.405,0.272165096284,0.259015089715));
#6940 = CARTESIAN_POINT('',(-0.395,0.272165096284,0.259015089715));
#6941 = ORIENTED_EDGE('',*,*,#6795,.F.);
#6942 = ORIENTED_EDGE('',*,*,#6921,.T.);
#6943 = B_SPLINE_SURFACE_WITH_KNOTS('',1,1,(
    (#6944,#6945)
    ,(#6946,#6947
    )),.UNSPECIFIED.,.F.,.F.,.F.,(2,2),(2,2),(-6.768824035273E-03,0.),(
    -1.765179486308E-48,1.E-02),.PIECEWISE_BEZIER_KNOTS.);
#6944 = CARTESIAN_POINT('',(-0.405,0.278933920319,0.259015089715));
#6945 = CARTESIAN_POINT('',(-0.395,0.278933920319,0.259015089715));
#6946 = CARTESIAN_POINT('',(-0.405,0.272165096284,0.259015089715));
#6947 = CARTESIAN_POINT('',(-0.395,0.272165096284,0.259015089715));
#6948 = ADVANCED_FACE('',(#6949),#6959,.F.);
#6949 = FACE_BOUND('',#6950,.T.);
#6950 = EDGE_LOOP('',(#6951,#6952,#6957,#6958));
#6951 = ORIENTED_EDGE('',*,*,#1997,.T.);
#6952 = ORIENTED_EDGE('',*,*,#6953,.F.);
#6953 = EDGE_CURVE('',#6803,#1991,#6954,.T.);
#6954 = B_SPLINE_CURVE_WITH_KNOTS('',1,(#6955,#6956),.UNSPECIFIED.,.F.,
  .F.,(2,2),(0.,1.E-02),.PIECEWISE_BEZIER_KNOTS.);
#6955 = CARTESIAN_POINT('',(-0.405,0.267604024891,0.271994734371));
#6956 = CARTESIAN_POINT('',(-0.395,0.267604024891,0.271994734371));
#6957 = ORIENTED_EDGE('',*,*,#6802,.F.);
#6958 = ORIENTED_EDGE('',*,*,#6937,.T.);
#6959 = B_SPLINE_SURFACE_WITH_KNOTS('',1,1,(
    (#6960,#6961)
    ,(#6962,#6963
    )),.UNSPECIFIED.,.F.,.F.,.F.,(2,2),(2,2),(-1.375770866184E-02,
    1.840352416891E-17),(-3.274080905458E-33,1.E-02),
  .PIECEWISE_BEZIER_KNOTS.);
#6960 = CARTESIAN_POINT('',(-0.405,0.272165096284,0.259015089715));
#6961 = CARTESIAN_POINT('',(-0.395,0.272165096284,0.259015089715));
#6962 = CARTESIAN_POINT('',(-0.405,0.267604024891,0.271994734371));
#6963 = CARTESIAN_POINT('',(-0.395,0.267604024891,0.271994734371));
#6964 = ADVANCED_FACE('',(#6965),#6975,.F.);
#6965 = FACE_BOUND('',#6966,.T.);
#6966 = EDGE_LOOP('',(#6967,#6968,#6973,#6974));
#6967 = ORIENTED_EDGE('',*,*,#1990,.T.);
#6968 = ORIENTED_EDGE('',*,*,#6969,.F.);
#6969 = EDGE_CURVE('',#6810,#1984,#6970,.T.);
#6970 = B_SPLINE_CURVE_WITH_KNOTS('',1,(#6971,#6972),.UNSPECIFIED.,.F.,
  .F.,(2,2),(0.,1.E-02),.PIECEWISE_BEZIER_KNOTS.);
#6971 = CARTESIAN_POINT('',(-0.405,0.247843425691,0.271994734371));
#6972 = CARTESIAN_POINT('',(-0.395,0.247843425691,0.271994734371));
#6973 = ORIENTED_EDGE('',*,*,#6809,.F.);
#6974 = ORIENTED_EDGE('',*,*,#6953,.T.);
#6975 = B_SPLINE_SURFACE_WITH_KNOTS('',1,1,(
    (#6976,#6977)
    ,(#6978,#6979
    )),.UNSPECIFIED.,.F.,.F.,.F.,(2,2),(2,2),(-1.976059919973E-02,0.),(
    -5.551115123126E-17,1.E-02),.PIECEWISE_BEZIER_KNOTS.);
#6976 = CARTESIAN_POINT('',(-0.405,0.267604024891,0.271994734371));
#6977 = CARTESIAN_POINT('',(-0.395,0.267604024891,0.271994734371));
#6978 = CARTESIAN_POINT('',(-0.405,0.247843425691,0.271994734371));
#6979 = CARTESIAN_POINT('',(-0.395,0.247843425691,0.271994734371));
#6980 = ADVANCED_FACE('',(#6981),#6991,.F.);
#6981 = FACE_BOUND('',#6982,.T.);
#6982 = EDGE_LOOP('',(#6983,#6984,#6989,#6990));
#6983 = ORIENTED_EDGE('',*,*,#1983,.T.);
#6984 = ORIENTED_EDGE('',*,*,#6985,.F.);
#6985 = EDGE_CURVE('',#6817,#1977,#6986,.T.);
#6986 = B_SPLINE_CURVE_WITH_KNOTS('',1,(#6987,#6988),.UNSPECIFIED.,.F.,
  .F.,(2,2),(0.,1.E-02),.PIECEWISE_BEZIER_KNOTS.);
#6987 = CARTESIAN_POINT('',(-0.405,0.243003352591,0.259015089715));
#6988 = CARTESIAN_POINT('',(-0.395,0.243003352591,0.259015089715));
#6989 = ORIENTED_EDGE('',*,*,#6816,.F.);
#6990 = ORIENTED_EDGE('',*,*,#6969,.T.);
#6991 = B_SPLINE_SURFACE_WITH_KNOTS('',1,1,(
    (#6992,#6993)
    ,(#6994,#6995
    )),.UNSPECIFIED.,.F.,.F.,.F.,(2,2),(2,2),(-1.38527067028E-02,0.),(
    -2.561216894375E-34,1.E-02),.PIECEWISE_BEZIER_KNOTS.);
#6992 = CARTESIAN_POINT('',(-0.405,0.247843425691,0.271994734371));
#6993 = CARTESIAN_POINT('',(-0.395,0.247843425691,0.271994734371));
#6994 = CARTESIAN_POINT('',(-0.405,0.243003352591,0.259015089715));
#6995 = CARTESIAN_POINT('',(-0.395,0.243003352591,0.259015089715));
#6996 = ADVANCED_FACE('',(#6997),#7003,.F.);
#6997 = FACE_BOUND('',#6998,.T.);
#6998 = EDGE_LOOP('',(#6999,#7000,#7001,#7002));
#6999 = ORIENTED_EDGE('',*,*,#1976,.T.);
#7000 = ORIENTED_EDGE('',*,*,#6891,.F.);
#7001 = ORIENTED_EDGE('',*,*,#6823,.F.);
#7002 = ORIENTED_EDGE('',*,*,#6985,.T.);
#7003 = B_SPLINE_SURFACE_WITH_KNOTS('',1,1,(
    (#7004,#7005)
    ,(#7006,#7007
    )),.UNSPECIFIED.,.F.,.F.,.F.,(2,2),(2,2),(-6.768824034949E-03,0.),(
    -1.765179486393E-48,1.E-02),.PIECEWISE_BEZIER_KNOTS.);
#7004 = CARTESIAN_POINT('',(-0.405,0.243003352591,0.259015089715));
#7005 = CARTESIAN_POINT('',(-0.395,0.243003352591,0.259015089715));
#7006 = CARTESIAN_POINT('',(-0.405,0.236234528556,0.259015089715));
#7007 = CARTESIAN_POINT('',(-0.395,0.236234528556,0.259015089715));
#7008 = ADVANCED_FACE('',(#7009),#7031,.T.);
#7009 = FACE_BOUND('',#7010,.T.);
#7010 = EDGE_LOOP('',(#7011,#7020,#7025,#7026));
#7011 = ORIENTED_EDGE('',*,*,#7012,.F.);
#7012 = EDGE_CURVE('',#7013,#7015,#7017,.T.);
#7013 = VERTEX_POINT('',#7014);
#7014 = CARTESIAN_POINT('',(-0.395,0.265663143447,0.277356419359));
#7015 = VERTEX_POINT('',#7016);
#7016 = CARTESIAN_POINT('',(-0.395,0.249735785099,0.277356419359));
#7017 = B_SPLINE_CURVE_WITH_KNOTS('',1,(#7018,#7019),.UNSPECIFIED.,.F.,
  .F.,(2,2),(-1.665334536938E-16,1.592735834808E-02),
  .PIECEWISE_BEZIER_KNOTS.);
#7018 = CARTESIAN_POINT('',(-0.395,0.265663143447,0.277356419359));
#7019 = CARTESIAN_POINT('',(-0.395,0.249735785099,0.277356419359));
#7020 = ORIENTED_EDGE('',*,*,#7021,.F.);
#7021 = EDGE_CURVE('',#6831,#7013,#7022,.T.);
#7022 = B_SPLINE_CURVE_WITH_KNOTS('',1,(#7023,#7024),.UNSPECIFIED.,.F.,
  .F.,(2,2),(0.,1.E-02),.PIECEWISE_BEZIER_KNOTS.);
#7023 = CARTESIAN_POINT('',(-0.405,0.265663143447,0.277356419359));
#7024 = CARTESIAN_POINT('',(-0.395,0.265663143447,0.277356419359));
#7025 = ORIENTED_EDGE('',*,*,#6830,.T.);
#7026 = ORIENTED_EDGE('',*,*,#7027,.T.);
#7027 = EDGE_CURVE('',#6833,#7015,#7028,.T.);
#7028 = B_SPLINE_CURVE_WITH_KNOTS('',1,(#7029,#7030),.UNSPECIFIED.,.F.,
  .F.,(2,2),(0.,1.E-02),.PIECEWISE_BEZIER_KNOTS.);
#7029 = CARTESIAN_POINT('',(-0.405,0.249735785099,0.277356419359));
#7030 = CARTESIAN_POINT('',(-0.395,0.249735785099,0.277356419359));
#7031 = B_SPLINE_SURFACE_WITH_KNOTS('',1,1,(
    (#7032,#7033)
    ,(#7034,#7035
    )),.UNSPECIFIED.,.F.,.F.,.F.,(2,2),(2,2),(-1.665334536938E-16,
    1.592735834808E-02),(0.,1.E-02),.PIECEWISE_BEZIER_KNOTS.);
#7032 = CARTESIAN_POINT('',(-0.405,0.265663143447,0.277356419359));
#7033 = CARTESIAN_POINT('',(-0.395,0.265663143447,0.277356419359));
#7034 = CARTESIAN_POINT('',(-0.405,0.249735785099,0.277356419359));
#7035 = CARTESIAN_POINT('',(-0.395,0.249735785099,0.277356419359));
#7036 = ADVANCED_FACE('',(#7037),#7053,.T.);
#7037 = FACE_BOUND('',#7038,.T.);
#7038 = EDGE_LOOP('',(#7039,#7046,#7047,#7048));
#7039 = ORIENTED_EDGE('',*,*,#7040,.F.);
#7040 = EDGE_CURVE('',#7015,#7041,#7043,.T.);
#7041 = VERTEX_POINT('',#7042);
#7042 = CARTESIAN_POINT('',(-0.395,0.256904915932,0.297080627032));
#7043 = B_SPLINE_CURVE_WITH_KNOTS('',1,(#7044,#7045),.UNSPECIFIED.,.F.,
  .F.,(2,2),(0.,2.098668161525E-02),.PIECEWISE_BEZIER_KNOTS.);
#7044 = CARTESIAN_POINT('',(-0.395,0.249735785099,0.277356419359));
#7045 = CARTESIAN_POINT('',(-0.395,0.256904915932,0.297080627032));
#7046 = ORIENTED_EDGE('',*,*,#7027,.F.);
#7047 = ORIENTED_EDGE('',*,*,#6871,.T.);
#7048 = ORIENTED_EDGE('',*,*,#7049,.T.);
#7049 = EDGE_CURVE('',#6863,#7041,#7050,.T.);
#7050 = B_SPLINE_CURVE_WITH_KNOTS('',1,(#7051,#7052),.UNSPECIFIED.,.F.,
  .F.,(2,2),(0.,1.E-02),.PIECEWISE_BEZIER_KNOTS.);
#7051 = CARTESIAN_POINT('',(-0.405,0.256904915932,0.297080627032));
#7052 = CARTESIAN_POINT('',(-0.395,0.256904915932,0.297080627032));
#7053 = B_SPLINE_SURFACE_WITH_KNOTS('',1,1,(
    (#7054,#7055)
    ,(#7056,#7057
    )),.UNSPECIFIED.,.F.,.F.,.F.,(2,2),(2,2),(0.,2.098668161525E-02),(
    -2.311115933265E-33,1.E-02),.PIECEWISE_BEZIER_KNOTS.);
#7054 = CARTESIAN_POINT('',(-0.405,0.249735785099,0.277356419359));
#7055 = CARTESIAN_POINT('',(-0.395,0.249735785099,0.277356419359));
#7056 = CARTESIAN_POINT('',(-0.405,0.256904915932,0.297080627032));
#7057 = CARTESIAN_POINT('',(-0.395,0.256904915932,0.297080627032));
#7058 = ADVANCED_FACE('',(#7059),#7077,.T.);
#7059 = FACE_BOUND('',#7060,.T.);
#7060 = EDGE_LOOP('',(#7061,#7070,#7071,#7072));
#7061 = ORIENTED_EDGE('',*,*,#7062,.F.);
#7062 = EDGE_CURVE('',#7041,#7063,#7065,.T.);
#7063 = VERTEX_POINT('',#7064);
#7064 = CARTESIAN_POINT('',(-0.395,0.257644876982,0.300404386504));
#7065 = B_SPLINE_CURVE_WITH_KNOTS('',3,(#7066,#7067,#7068,#7069),
  .UNSPECIFIED.,.F.,.F.,(4,4),(1.,2.),.PIECEWISE_BEZIER_KNOTS.);
#7066 = CARTESIAN_POINT('',(-0.395,0.256904915932,0.297080627032));
#7067 = CARTESIAN_POINT('',(-0.395,0.257135395603,0.297735674519));
#7068 = CARTESIAN_POINT('',(-0.395,0.257378005784,0.298827420331));
#7069 = CARTESIAN_POINT('',(-0.395,0.257644876982,0.300404386504));
#7070 = ORIENTED_EDGE('',*,*,#7049,.F.);
#7071 = ORIENTED_EDGE('',*,*,#6862,.T.);
#7072 = ORIENTED_EDGE('',*,*,#7073,.T.);
#7073 = EDGE_CURVE('',#6856,#7063,#7074,.T.);
#7074 = B_SPLINE_CURVE_WITH_KNOTS('',1,(#7075,#7076),.UNSPECIFIED.,.F.,
  .F.,(2,2),(0.,1.E-02),.PIECEWISE_BEZIER_KNOTS.);
#7075 = CARTESIAN_POINT('',(-0.405,0.257644876982,0.300404386504));
#7076 = CARTESIAN_POINT('',(-0.395,0.257644876982,0.300404386504));
#7077 = B_SPLINE_SURFACE_WITH_KNOTS('',3,1,(
    (#7078,#7079)
    ,(#7080,#7081)
    ,(#7082,#7083)
    ,(#7084,#7085
    )),.UNSPECIFIED.,.F.,.F.,.F.,(4,4),(2,2),(1.,2.),(0.,1.),
  .PIECEWISE_BEZIER_KNOTS.);
#7078 = CARTESIAN_POINT('',(-0.405,0.256904915932,0.297080627032));
#7079 = CARTESIAN_POINT('',(-0.395,0.256904915932,0.297080627032));
#7080 = CARTESIAN_POINT('',(-0.405,0.257135395603,0.297735674519));
#7081 = CARTESIAN_POINT('',(-0.395,0.257135395603,0.297735674519));
#7082 = CARTESIAN_POINT('',(-0.405,0.257378005784,0.298827420331));
#7083 = CARTESIAN_POINT('',(-0.395,0.257378005784,0.298827420331));
#7084 = CARTESIAN_POINT('',(-0.405,0.257644876982,0.300404386504));
#7085 = CARTESIAN_POINT('',(-0.395,0.257644876982,0.300404386504));
#7086 = ADVANCED_FACE('',(#7087),#7103,.T.);
#7087 = FACE_BOUND('',#7088,.T.);
#7088 = EDGE_LOOP('',(#7089,#7096,#7097,#7098));
#7089 = ORIENTED_EDGE('',*,*,#7090,.F.);
#7090 = EDGE_CURVE('',#7063,#7091,#7093,.T.);
#7091 = VERTEX_POINT('',#7092);
#7092 = CARTESIAN_POINT('',(-0.395,0.257790443091,0.300404386504));
#7093 = B_SPLINE_CURVE_WITH_KNOTS('',1,(#7094,#7095),.UNSPECIFIED.,.F.,
  .F.,(2,2),(5.551115123126E-17,1.455661084422E-04),
  .PIECEWISE_BEZIER_KNOTS.);
#7094 = CARTESIAN_POINT('',(-0.395,0.257644876982,0.300404386504));
#7095 = CARTESIAN_POINT('',(-0.395,0.257790443091,0.300404386504));
#7096 = ORIENTED_EDGE('',*,*,#7073,.F.);
#7097 = ORIENTED_EDGE('',*,*,#6855,.T.);
#7098 = ORIENTED_EDGE('',*,*,#7099,.T.);
#7099 = EDGE_CURVE('',#6847,#7091,#7100,.T.);
#7100 = B_SPLINE_CURVE_WITH_KNOTS('',1,(#7101,#7102),.UNSPECIFIED.,.F.,
  .F.,(2,2),(0.,1.E-02),.PIECEWISE_BEZIER_KNOTS.);
#7101 = CARTESIAN_POINT('',(-0.405,0.257790443091,0.300404386504));
#7102 = CARTESIAN_POINT('',(-0.395,0.257790443091,0.300404386504));
#7103 = B_SPLINE_SURFACE_WITH_KNOTS('',1,1,(
    (#7104,#7105)
    ,(#7106,#7107)),.UNSPECIFIED.,.F.,.F.,.F.,(2,2),(2,2),(-1.E-02,0.),(
    5.551115123126E-17,1.455661084422E-04),.PIECEWISE_BEZIER_KNOTS.);
#7104 = CARTESIAN_POINT('',(-0.395,0.257644876982,0.300404386504));
#7105 = CARTESIAN_POINT('',(-0.395,0.257790443091,0.300404386504));
#7106 = CARTESIAN_POINT('',(-0.405,0.257644876982,0.300404386504));
#7107 = CARTESIAN_POINT('',(-0.405,0.257790443091,0.300404386504));
#7108 = ADVANCED_FACE('',(#7109),#7127,.T.);
#7109 = FACE_BOUND('',#7110,.T.);
#7110 = EDGE_LOOP('',(#7111,#7120,#7121,#7122));
#7111 = ORIENTED_EDGE('',*,*,#7112,.F.);
#7112 = EDGE_CURVE('',#7091,#7113,#7115,.T.);
#7113 = VERTEX_POINT('',#7114);
#7114 = CARTESIAN_POINT('',(-0.395,0.258566795668,0.297080627032));
#7115 = B_SPLINE_CURVE_WITH_KNOTS('',3,(#7116,#7117,#7118,#7119),
  .UNSPECIFIED.,.F.,.F.,(4,4),(3.,4.),.PIECEWISE_BEZIER_KNOTS.);
#7116 = CARTESIAN_POINT('',(-0.395,0.257790443091,0.300404386504));
#7117 = CARTESIAN_POINT('',(-0.395,0.258020922762,0.298972986439));
#7118 = CARTESIAN_POINT('',(-0.395,0.258275663451,0.297856979609));
#7119 = CARTESIAN_POINT('',(-0.395,0.258566795668,0.297080627032));
#7120 = ORIENTED_EDGE('',*,*,#7099,.F.);
#7121 = ORIENTED_EDGE('',*,*,#6846,.T.);
#7122 = ORIENTED_EDGE('',*,*,#7123,.T.);
#7123 = EDGE_CURVE('',#6840,#7113,#7124,.T.);
#7124 = B_SPLINE_CURVE_WITH_KNOTS('',1,(#7125,#7126),.UNSPECIFIED.,.F.,
  .F.,(2,2),(-1.880790961316E-32,1.E-02),.PIECEWISE_BEZIER_KNOTS.);
#7125 = CARTESIAN_POINT('',(-0.405,0.258566795668,0.297080627032));
#7126 = CARTESIAN_POINT('',(-0.395,0.258566795668,0.297080627032));
#7127 = B_SPLINE_SURFACE_WITH_KNOTS('',3,1,(
    (#7128,#7129)
    ,(#7130,#7131)
    ,(#7132,#7133)
    ,(#7134,#7135
    )),.UNSPECIFIED.,.F.,.F.,.F.,(4,4),(2,2),(3.,4.),(0.,1.),
  .PIECEWISE_BEZIER_KNOTS.);
#7128 = CARTESIAN_POINT('',(-0.405,0.257790443091,0.300404386504));
#7129 = CARTESIAN_POINT('',(-0.395,0.257790443091,0.300404386504));
#7130 = CARTESIAN_POINT('',(-0.405,0.258020922762,0.298972986439));
#7131 = CARTESIAN_POINT('',(-0.395,0.258020922762,0.298972986439));
#7132 = CARTESIAN_POINT('',(-0.405,0.258275663451,0.297856979609));
#7133 = CARTESIAN_POINT('',(-0.395,0.258275663451,0.297856979609));
#7134 = CARTESIAN_POINT('',(-0.405,0.258566795668,0.297080627032));
#7135 = CARTESIAN_POINT('',(-0.395,0.258566795668,0.297080627032));
#7136 = ADVANCED_FACE('',(#7137),#7147,.T.);
#7137 = FACE_BOUND('',#7138,.T.);
#7138 = EDGE_LOOP('',(#7139,#7144,#7145,#7146));
#7139 = ORIENTED_EDGE('',*,*,#7140,.F.);
#7140 = EDGE_CURVE('',#7113,#7013,#7141,.T.);
#7141 = B_SPLINE_CURVE_WITH_KNOTS('',1,(#7142,#7143),.UNSPECIFIED.,.F.,
  .F.,(2,2),(1.879246948586E-17,2.096193025725E-02),
  .PIECEWISE_BEZIER_KNOTS.);
#7142 = CARTESIAN_POINT('',(-0.395,0.258566795668,0.297080627032));
#7143 = CARTESIAN_POINT('',(-0.395,0.265663143447,0.277356419359));
#7144 = ORIENTED_EDGE('',*,*,#7123,.F.);
#7145 = ORIENTED_EDGE('',*,*,#6839,.T.);
#7146 = ORIENTED_EDGE('',*,*,#7021,.T.);
#7147 = B_SPLINE_SURFACE_WITH_KNOTS('',1,1,(
    (#7148,#7149)
    ,(#7150,#7151
    )),.UNSPECIFIED.,.F.,.F.,.F.,(2,2),(2,2),(-1.078634849543E-48,
    2.096193025725E-02),(-5.551115123126E-17,1.E-02),
  .PIECEWISE_BEZIER_KNOTS.);
#7148 = CARTESIAN_POINT('',(-0.405,0.258566795668,0.297080627032));
#7149 = CARTESIAN_POINT('',(-0.395,0.258566795668,0.297080627032));
#7150 = CARTESIAN_POINT('',(-0.405,0.265663143447,0.277356419359));
#7151 = CARTESIAN_POINT('',(-0.395,0.265663143447,0.277356419359));
#7152 = ADVANCED_FACE('',(#7153),#7161,.F.);
#7153 = FACE_BOUND('',#7154,.T.);
#7154 = EDGE_LOOP('',(#7155,#7156,#7157,#7158,#7159,#7160));
#7155 = ORIENTED_EDGE('',*,*,#7140,.T.);
#7156 = ORIENTED_EDGE('',*,*,#7012,.T.);
#7157 = ORIENTED_EDGE('',*,*,#7040,.T.);
#7158 = ORIENTED_EDGE('',*,*,#7062,.T.);
#7159 = ORIENTED_EDGE('',*,*,#7090,.T.);
#7160 = ORIENTED_EDGE('',*,*,#7112,.T.);
#7161 = B_SPLINE_SURFACE_WITH_KNOTS('',1,1,(
    (#7162,#7163)
    ,(#7164,#7165
    )),.UNSPECIFIED.,.F.,.F.,.F.,(2,2),(2,2),(-0.550264214901,
    -0.534336856553),(-0.162643680641,-0.139595713496),
  .PIECEWISE_BEZIER_KNOTS.);
#7162 = CARTESIAN_POINT('',(-0.395,0.249735785099,0.277356419359));
#7163 = CARTESIAN_POINT('',(-0.395,0.249735785099,0.300404386504));
#7164 = CARTESIAN_POINT('',(-0.395,0.265663143447,0.277356419359));
#7165 = CARTESIAN_POINT('',(-0.395,0.265663143447,0.300404386504));
#7166 = ADVANCED_FACE('',(#7167,#7456),#7481,.F.);
#7167 = FACE_BOUND('',#7168,.T.);
#7168 = EDGE_LOOP('',(#7169,#7180,#7189,#7198,#7207,#7216,#7225,#7234,
    #7243,#7252,#7261,#7270,#7279,#7288,#7295,#7302,#7309,#7318,#7327,
    #7336,#7345,#7354,#7363,#7372,#7381,#7390,#7399,#7406,#7415,#7424,
    #7433,#7440,#7449));
#7169 = ORIENTED_EDGE('',*,*,#7170,.T.);
#7170 = EDGE_CURVE('',#7171,#7173,#7175,.T.);
#7171 = VERTEX_POINT('',#7172);
#7172 = CARTESIAN_POINT('',(-0.405,0.524975241004,0.306086090484));
#7173 = VERTEX_POINT('',#7174);
#7174 = CARTESIAN_POINT('',(-0.405,0.558377536921,0.350285086748));
#7175 = B_SPLINE_CURVE_WITH_KNOTS('',3,(#7176,#7177,#7178,#7179),
  .UNSPECIFIED.,.F.,.F.,(4,4),(35.,36.),.PIECEWISE_BEZIER_KNOTS.);
#7176 = CARTESIAN_POINT('',(-0.405,0.524975241004,0.306086090484));
#7177 = CARTESIAN_POINT('',(-0.405,0.525312632862,0.326329898002));
#7178 = CARTESIAN_POINT('',(-0.405,0.539145917849,0.344211943206));
#7179 = CARTESIAN_POINT('',(-0.405,0.558377536921,0.350285086748));
#7180 = ORIENTED_EDGE('',*,*,#7181,.T.);
#7181 = EDGE_CURVE('',#7173,#7182,#7184,.T.);
#7182 = VERTEX_POINT('',#7183);
#7183 = CARTESIAN_POINT('',(-0.405,0.576596980419,0.376939450581));
#7184 = B_SPLINE_CURVE_WITH_KNOTS('',3,(#7185,#7186,#7187,#7188),
  .UNSPECIFIED.,.F.,.F.,(4,4),(0.,1.),.PIECEWISE_BEZIER_KNOTS.);
#7185 = CARTESIAN_POINT('',(-0.405,0.558377536921,0.350285086748));
#7186 = CARTESIAN_POINT('',(-0.405,0.562088898844,0.360406996942));
#7187 = CARTESIAN_POINT('',(-0.405,0.568499447115,0.369516715473));
#7188 = CARTESIAN_POINT('',(-0.405,0.576596980419,0.376939450581));
#7189 = ORIENTED_EDGE('',*,*,#7190,.T.);
#7190 = EDGE_CURVE('',#7182,#7191,#7193,.T.);
#7191 = VERTEX_POINT('',#7192);
#7192 = CARTESIAN_POINT('',(-0.405,0.62248296815,0.394484095882));
#7193 = B_SPLINE_CURVE_WITH_KNOTS('',3,(#7194,#7195,#7196,#7197),
  .UNSPECIFIED.,.F.,.F.,(4,4),(1.,2.),.PIECEWISE_BEZIER_KNOTS.);
#7194 = CARTESIAN_POINT('',(-0.405,0.576596980419,0.376939450581));
#7195 = CARTESIAN_POINT('',(-0.405,0.589418064091,0.38807355284));
#7196 = CARTESIAN_POINT('',(-0.405,0.605613117827,0.394484095882));
#7197 = CARTESIAN_POINT('',(-0.405,0.62248296815,0.394484095882));
#7198 = ORIENTED_EDGE('',*,*,#7199,.T.);
#7199 = EDGE_CURVE('',#7191,#7200,#7202,.T.);
#7200 = VERTEX_POINT('',#7201);
#7201 = CARTESIAN_POINT('',(-0.405,0.662970608926,0.381325612308));
#7202 = B_SPLINE_CURVE_WITH_KNOTS('',3,(#7203,#7204,#7205,#7206),
  .UNSPECIFIED.,.F.,.F.,(4,4),(2.,3.),.PIECEWISE_BEZIER_KNOTS.);
#7203 = CARTESIAN_POINT('',(-0.405,0.62248296815,0.394484095882));
#7204 = CARTESIAN_POINT('',(-0.405,0.637328435148,0.394484095882));
#7205 = CARTESIAN_POINT('',(-0.405,0.6511617137,0.389760537872));
#7206 = CARTESIAN_POINT('',(-0.405,0.662970608926,0.381325612308));
#7207 = ORIENTED_EDGE('',*,*,#7208,.T.);
#7208 = EDGE_CURVE('',#7200,#7209,#7211,.T.);
#7209 = VERTEX_POINT('',#7210);
#7210 = CARTESIAN_POINT('',(-0.405,0.677816075924,0.366480143702));
#7211 = B_SPLINE_CURVE_WITH_KNOTS('',3,(#7212,#7213,#7214,#7215),
  .UNSPECIFIED.,.F.,.F.,(4,4),(3.,4.),.PIECEWISE_BEZIER_KNOTS.);
#7212 = CARTESIAN_POINT('',(-0.405,0.662970608926,0.381325612308));
#7213 = CARTESIAN_POINT('',(-0.405,0.66870636061,0.377276847265));
#7214 = CARTESIAN_POINT('',(-0.405,0.673429917414,0.372215892168));
#7215 = CARTESIAN_POINT('',(-0.405,0.677816075924,0.366480143702));
#7216 = ORIENTED_EDGE('',*,*,#7217,.T.);
#7217 = EDGE_CURVE('',#7209,#7218,#7220,.T.);
#7218 = VERTEX_POINT('',#7219);
#7219 = CARTESIAN_POINT('',(-0.405,0.685576204498,0.367154937071));
#7220 = B_SPLINE_CURVE_WITH_KNOTS('',3,(#7221,#7222,#7223,#7224),
  .UNSPECIFIED.,.F.,.F.,(4,4),(4.,5.),.PIECEWISE_BEZIER_KNOTS.);
#7221 = CARTESIAN_POINT('',(-0.405,0.677816075924,0.366480143702));
#7222 = CARTESIAN_POINT('',(-0.405,0.680515249401,0.366817541996));
#7223 = CARTESIAN_POINT('',(-0.405,0.682877031021,0.367154937071));
#7224 = CARTESIAN_POINT('',(-0.405,0.685576204498,0.367154937071));
#7225 = ORIENTED_EDGE('',*,*,#7226,.T.);
#7226 = EDGE_CURVE('',#7218,#7227,#7229,.T.);
#7227 = VERTEX_POINT('',#7228);
#7228 = CARTESIAN_POINT('',(-0.405,0.724376860242,0.350959880117));
#7229 = B_SPLINE_CURVE_WITH_KNOTS('',3,(#7230,#7231,#7232,#7233),
  .UNSPECIFIED.,.F.,.F.,(4,4),(5.,6.),.PIECEWISE_BEZIER_KNOTS.);
#7230 = CARTESIAN_POINT('',(-0.405,0.685576204498,0.367154937071));
#7231 = CARTESIAN_POINT('',(-0.405,0.70008427642,0.367154937071));
#7232 = CARTESIAN_POINT('',(-0.405,0.713917551755,0.361419188605));
#7233 = CARTESIAN_POINT('',(-0.405,0.724376860242,0.350959880117));
#7234 = ORIENTED_EDGE('',*,*,#7235,.T.);
#7235 = EDGE_CURVE('',#7227,#7236,#7238,.T.);
#7236 = VERTEX_POINT('',#7237);
#7237 = CARTESIAN_POINT('',(-0.405,0.740234528555,0.312496625885));
#7238 = B_SPLINE_CURVE_WITH_KNOTS('',3,(#7239,#7240,#7241,#7242),
  .UNSPECIFIED.,.F.,.F.,(4,4),(6.,7.),.PIECEWISE_BEZIER_KNOTS.);
#7239 = CARTESIAN_POINT('',(-0.405,0.724376860242,0.350959880117));
#7240 = CARTESIAN_POINT('',(-0.405,0.734498779285,0.340837973141));
#7241 = CARTESIAN_POINT('',(-0.405,0.740234528555,0.327004694589));
#7242 = CARTESIAN_POINT('',(-0.405,0.740234528555,0.312496625885));
#7243 = ORIENTED_EDGE('',*,*,#7244,.T.);
#7244 = EDGE_CURVE('',#7236,#7245,#7247,.T.);
#7245 = VERTEX_POINT('',#7246);
#7246 = CARTESIAN_POINT('',(-0.405,0.726063854927,0.275720359902));
#7247 = B_SPLINE_CURVE_WITH_KNOTS('',3,(#7248,#7249,#7250,#7251),
  .UNSPECIFIED.,.F.,.F.,(4,4),(7.,8.),.PIECEWISE_BEZIER_KNOTS.);
#7248 = CARTESIAN_POINT('',(-0.405,0.740234528555,0.312496625885));
#7249 = CARTESIAN_POINT('',(-0.405,0.740234528555,0.299000745626));
#7250 = CARTESIAN_POINT('',(-0.405,0.735173573459,0.285842257226));
#7251 = CARTESIAN_POINT('',(-0.405,0.726063854927,0.275720359902));
#7252 = ORIENTED_EDGE('',*,*,#7253,.T.);
#7253 = EDGE_CURVE('',#7245,#7254,#7256,.T.);
#7254 = VERTEX_POINT('',#7255);
#7255 = CARTESIAN_POINT('',(-0.405,0.69907209441,0.259525306166));
#7256 = B_SPLINE_CURVE_WITH_KNOTS('',3,(#7257,#7258,#7259,#7260),
  .UNSPECIFIED.,.F.,.F.,(4,4),(8.,9.),.PIECEWISE_BEZIER_KNOTS.);
#7257 = CARTESIAN_POINT('',(-0.405,0.726063854927,0.275720359902));
#7258 = CARTESIAN_POINT('',(-0.405,0.718641121429,0.267622826599));
#7259 = CARTESIAN_POINT('',(-0.405,0.70953139968,0.262224479644));
#7260 = CARTESIAN_POINT('',(-0.405,0.69907209441,0.259525306166));
#7261 = ORIENTED_EDGE('',*,*,#7262,.T.);
#7262 = EDGE_CURVE('',#7254,#7263,#7265,.T.);
#7263 = VERTEX_POINT('',#7264);
#7264 = CARTESIAN_POINT('',(-0.405,0.667019375578,0.2365823123));
#7265 = B_SPLINE_CURVE_WITH_KNOTS('',3,(#7266,#7267,#7268,#7269),
  .UNSPECIFIED.,.F.,.F.,(4,4),(9.,10.),.PIECEWISE_BEZIER_KNOTS.);
#7266 = CARTESIAN_POINT('',(-0.405,0.69907209441,0.259525306166));
#7267 = CARTESIAN_POINT('',(-0.405,0.694685932683,0.246029425907));
#7268 = CARTESIAN_POINT('',(-0.405,0.681864849011,0.2365823123));
#7269 = CARTESIAN_POINT('',(-0.405,0.667019375578,0.2365823123));
#7270 = ORIENTED_EDGE('',*,*,#7271,.T.);
#7271 = EDGE_CURVE('',#7263,#7272,#7274,.T.);
#7272 = VERTEX_POINT('',#7273);
#7273 = CARTESIAN_POINT('',(-0.405,0.633279674931,0.270322012947));
#7274 = B_SPLINE_CURVE_WITH_KNOTS('',3,(#7275,#7276,#7277,#7278),
  .UNSPECIFIED.,.F.,.F.,(4,4),(10.,11.),.PIECEWISE_BEZIER_KNOTS.);
#7275 = CARTESIAN_POINT('',(-0.405,0.667019375578,0.2365823123));
#7276 = CARTESIAN_POINT('',(-0.405,0.648462540222,0.2365823123));
#7277 = CARTESIAN_POINT('',(-0.405,0.633279674931,0.251765177591));
#7278 = CARTESIAN_POINT('',(-0.405,0.633279674931,0.270322012947));
#7279 = ORIENTED_EDGE('',*,*,#7280,.T.);
#7280 = EDGE_CURVE('',#7272,#7281,#7283,.T.);
#7281 = VERTEX_POINT('',#7282);
#7282 = CARTESIAN_POINT('',(-0.405,0.633279674931,0.273695983012));
#7283 = B_SPLINE_CURVE_WITH_KNOTS('',3,(#7284,#7285,#7286,#7287),
  .UNSPECIFIED.,.F.,.F.,(4,4),(11.,12.),.PIECEWISE_BEZIER_KNOTS.);
#7284 = CARTESIAN_POINT('',(-0.405,0.633279674931,0.270322012947));
#7285 = CARTESIAN_POINT('',(-0.405,0.633279674931,0.271334201392));
#7286 = CARTESIAN_POINT('',(-0.405,0.633279674931,0.272346389838));
#7287 = CARTESIAN_POINT('',(-0.405,0.633279674931,0.273695983012));
#7288 = ORIENTED_EDGE('',*,*,#7289,.T.);
#7289 = EDGE_CURVE('',#7281,#7290,#7292,.T.);
#7290 = VERTEX_POINT('',#7291);
#7291 = CARTESIAN_POINT('',(-0.405,0.586044094026,0.298663360203));
#7292 = B_SPLINE_CURVE_WITH_KNOTS('',1,(#7293,#7294),.UNSPECIFIED.,.F.,
  .F.,(2,2),(0.,5.342817634251E-02),.PIECEWISE_BEZIER_KNOTS.);
#7293 = CARTESIAN_POINT('',(-0.405,0.633279674931,0.273695983012));
#7294 = CARTESIAN_POINT('',(-0.405,0.586044094026,0.298663360203));
#7295 = ORIENTED_EDGE('',*,*,#7296,.T.);
#7296 = EDGE_CURVE('',#7290,#7297,#7299,.T.);
#7297 = VERTEX_POINT('',#7298);
#7298 = CARTESIAN_POINT('',(-0.405,0.596503396078,0.316545405407));
#7299 = B_SPLINE_CURVE_WITH_KNOTS('',1,(#7300,#7301),.UNSPECIFIED.,.F.,
  .F.,(2,2),(0.,2.071628683171E-02),.PIECEWISE_BEZIER_KNOTS.);
#7300 = CARTESIAN_POINT('',(-0.405,0.586044094026,0.298663360203));
#7301 = CARTESIAN_POINT('',(-0.405,0.596503396078,0.316545405407));
#7302 = ORIENTED_EDGE('',*,*,#7303,.T.);
#7303 = EDGE_CURVE('',#7297,#7304,#7306,.T.);
#7304 = VERTEX_POINT('',#7305);
#7305 = CARTESIAN_POINT('',(-0.405,0.641714593658,0.292927614955));
#7306 = B_SPLINE_CURVE_WITH_KNOTS('',1,(#7307,#7308),.UNSPECIFIED.,.F.,
  .F.,(2,2),(0.,5.100835630005E-02),.PIECEWISE_BEZIER_KNOTS.);
#7307 = CARTESIAN_POINT('',(-0.405,0.596503396078,0.316545405407));
#7308 = CARTESIAN_POINT('',(-0.405,0.641714593658,0.292927614955));
#7309 = ORIENTED_EDGE('',*,*,#7310,.T.);
#7310 = EDGE_CURVE('',#7304,#7311,#7313,.T.);
#7311 = VERTEX_POINT('',#7312);
#7312 = CARTESIAN_POINT('',(-0.405,0.667019369143,0.304399111887));
#7313 = B_SPLINE_CURVE_WITH_KNOTS('',3,(#7314,#7315,#7316,#7317),
  .UNSPECIFIED.,.F.,.F.,(4,4),(15.,16.),.PIECEWISE_BEZIER_KNOTS.);
#7314 = CARTESIAN_POINT('',(-0.405,0.641714593658,0.292927614955));
#7315 = CARTESIAN_POINT('',(-0.405,0.6477877372,0.300012953378));
#7316 = CARTESIAN_POINT('',(-0.405,0.656897458949,0.304399111887));
#7317 = CARTESIAN_POINT('',(-0.405,0.667019369143,0.304399111887));
#7318 = ORIENTED_EDGE('',*,*,#7319,.T.);
#7319 = EDGE_CURVE('',#7311,#7320,#7322,.T.);
#7320 = VERTEX_POINT('',#7321);
#7321 = CARTESIAN_POINT('',(-0.405,0.698734686464,0.282130908174));
#7322 = B_SPLINE_CURVE_WITH_KNOTS('',3,(#7323,#7324,#7325,#7326),
  .UNSPECIFIED.,.F.,.F.,(4,4),(16.,17.),.PIECEWISE_BEZIER_KNOTS.);
#7323 = CARTESIAN_POINT('',(-0.405,0.667019369143,0.304399111887));
#7324 = CARTESIAN_POINT('',(-0.405,0.681527444282,0.304399111887));
#7325 = CARTESIAN_POINT('',(-0.405,0.69401112966,0.294951998281));
#7326 = CARTESIAN_POINT('',(-0.405,0.698734686464,0.282130908174));
#7327 = ORIENTED_EDGE('',*,*,#7328,.T.);
#7328 = EDGE_CURVE('',#7320,#7329,#7331,.T.);
#7329 = VERTEX_POINT('',#7330);
#7330 = CARTESIAN_POINT('',(-0.405,0.718978506852,0.313171435343));
#7331 = B_SPLINE_CURVE_WITH_KNOTS('',3,(#7332,#7333,#7334,#7335),
  .UNSPECIFIED.,.F.,.F.,(4,4),(17.,18.),.PIECEWISE_BEZIER_KNOTS.);
#7332 = CARTESIAN_POINT('',(-0.405,0.698734686464,0.282130908174));
#7333 = CARTESIAN_POINT('',(-0.405,0.71054358169,0.287529261564));
#7334 = CARTESIAN_POINT('',(-0.405,0.718978506852,0.29933815679));
#7335 = CARTESIAN_POINT('',(-0.405,0.718978506852,0.313171435343));
#7336 = ORIENTED_EDGE('',*,*,#7337,.T.);
#7337 = EDGE_CURVE('',#7329,#7338,#7340,.T.);
#7338 = VERTEX_POINT('',#7339);
#7339 = CARTESIAN_POINT('',(-0.405,0.685238806205,0.346911135989));
#7340 = B_SPLINE_CURVE_WITH_KNOTS('',3,(#7341,#7342,#7343,#7344),
  .UNSPECIFIED.,.F.,.F.,(4,4),(18.,19.),.PIECEWISE_BEZIER_KNOTS.);
#7341 = CARTESIAN_POINT('',(-0.405,0.718978506852,0.313171435343));
#7342 = CARTESIAN_POINT('',(-0.405,0.718978506852,0.331728270698));
#7343 = CARTESIAN_POINT('',(-0.405,0.703795641561,0.346911135989));
#7344 = CARTESIAN_POINT('',(-0.405,0.685238806205,0.346911135989));
#7345 = ORIENTED_EDGE('',*,*,#7346,.T.);
#7346 = EDGE_CURVE('',#7338,#7347,#7349,.T.);
#7347 = VERTEX_POINT('',#7348);
#7348 = CARTESIAN_POINT('',(-0.405,0.667356767436,0.341850180892));
#7349 = B_SPLINE_CURVE_WITH_KNOTS('',3,(#7350,#7351,#7352,#7353),
  .UNSPECIFIED.,.F.,.F.,(4,4),(19.,20.),.PIECEWISE_BEZIER_KNOTS.);
#7350 = CARTESIAN_POINT('',(-0.405,0.685238806205,0.346911135989));
#7351 = CARTESIAN_POINT('',(-0.405,0.678828264369,0.346911135989));
#7352 = CARTESIAN_POINT('',(-0.405,0.672417722533,0.344886752664));
#7353 = CARTESIAN_POINT('',(-0.405,0.667356767436,0.341850180892));
#7354 = ORIENTED_EDGE('',*,*,#7355,.T.);
#7355 = EDGE_CURVE('',#7347,#7356,#7358,.T.);
#7356 = VERTEX_POINT('',#7357);
#7357 = CARTESIAN_POINT('',(-0.405,0.622145576292,0.374240275494));
#7358 = B_SPLINE_CURVE_WITH_KNOTS('',3,(#7359,#7360,#7361,#7362),
  .UNSPECIFIED.,.F.,.F.,(4,4),(20.,21.),.PIECEWISE_BEZIER_KNOTS.);
#7359 = CARTESIAN_POINT('',(-0.405,0.667356767436,0.341850180892));
#7360 = CARTESIAN_POINT('',(-0.405,0.660946232036,0.360744395236));
#7361 = CARTESIAN_POINT('',(-0.405,0.643401585125,0.374240275494));
#7362 = CARTESIAN_POINT('',(-0.405,0.622145576292,0.374240275494));
#7363 = ORIENTED_EDGE('',*,*,#7364,.T.);
#7364 = EDGE_CURVE('',#7356,#7365,#7367,.T.);
#7365 = VERTEX_POINT('',#7366);
#7366 = CARTESIAN_POINT('',(-0.405,0.574909995387,0.332065649686));
#7367 = B_SPLINE_CURVE_WITH_KNOTS('',3,(#7368,#7369,#7370,#7371),
  .UNSPECIFIED.,.F.,.F.,(4,4),(21.,22.),.PIECEWISE_BEZIER_KNOTS.);
#7368 = CARTESIAN_POINT('',(-0.405,0.622145576292,0.374240275494));
#7369 = CARTESIAN_POINT('',(-0.405,0.597852989252,0.374240275494));
#7370 = CARTESIAN_POINT('',(-0.405,0.577609168864,0.355683440138));
#7371 = CARTESIAN_POINT('',(-0.405,0.574909995387,0.332065649686));
#7372 = ORIENTED_EDGE('',*,*,#7373,.T.);
#7373 = EDGE_CURVE('',#7365,#7374,#7376,.T.);
#7374 = VERTEX_POINT('',#7375);
#7375 = CARTESIAN_POINT('',(-0.405,0.572210821909,0.332065649686));
#7376 = B_SPLINE_CURVE_WITH_KNOTS('',3,(#7377,#7378,#7379,#7380),
  .UNSPECIFIED.,.F.,.F.,(4,4),(22.,23.),.PIECEWISE_BEZIER_KNOTS.);
#7377 = CARTESIAN_POINT('',(-0.405,0.574909995387,0.332065649686));
#7378 = CARTESIAN_POINT('',(-0.405,0.573897806941,0.332065649686));
#7379 = CARTESIAN_POINT('',(-0.405,0.573223010354,0.332065649686));
#7380 = CARTESIAN_POINT('',(-0.405,0.572210821909,0.332065649686));
#7381 = ORIENTED_EDGE('',*,*,#7382,.T.);
#7382 = EDGE_CURVE('',#7374,#7383,#7385,.T.);
#7383 = VERTEX_POINT('',#7384);
#7384 = CARTESIAN_POINT('',(-0.405,0.545893857979,0.305748685756));
#7385 = B_SPLINE_CURVE_WITH_KNOTS('',3,(#7386,#7387,#7388,#7389),
  .UNSPECIFIED.,.F.,.F.,(4,4),(23.,24.),.PIECEWISE_BEZIER_KNOTS.);
#7386 = CARTESIAN_POINT('',(-0.405,0.572210821909,0.332065649686));
#7387 = CARTESIAN_POINT('',(-0.405,0.557702753205,0.332065649686));
#7388 = CARTESIAN_POINT('',(-0.405,0.545893857979,0.32025675446));
#7389 = CARTESIAN_POINT('',(-0.405,0.545893857979,0.305748685756));
#7390 = ORIENTED_EDGE('',*,*,#7391,.T.);
#7391 = EDGE_CURVE('',#7383,#7392,#7394,.T.);
#7392 = VERTEX_POINT('',#7393);
#7393 = CARTESIAN_POINT('',(-0.405,0.570186445018,0.279431721825));
#7394 = B_SPLINE_CURVE_WITH_KNOTS('',3,(#7395,#7396,#7397,#7398),
  .UNSPECIFIED.,.F.,.F.,(4,4),(24.,25.),.PIECEWISE_BEZIER_KNOTS.);
#7395 = CARTESIAN_POINT('',(-0.405,0.545893857979,0.305748685756));
#7396 = CARTESIAN_POINT('',(-0.405,0.545893857979,0.291915407203));
#7397 = CARTESIAN_POINT('',(-0.405,0.556353160031,0.280443910271));
#7398 = CARTESIAN_POINT('',(-0.405,0.570186445018,0.279431721825));
#7399 = ORIENTED_EDGE('',*,*,#7400,.T.);
#7400 = EDGE_CURVE('',#7392,#7401,#7403,.T.);
#7401 = VERTEX_POINT('',#7402);
#7402 = CARTESIAN_POINT('',(-0.405,0.585369310309,0.279431721825));
#7403 = B_SPLINE_CURVE_WITH_KNOTS('',1,(#7404,#7405),.UNSPECIFIED.,.F.,
  .F.,(2,2),(-5.946042753636E-31,1.518286529103E-02),
  .PIECEWISE_BEZIER_KNOTS.);
#7404 = CARTESIAN_POINT('',(-0.405,0.570186445018,0.279431721825));
#7405 = CARTESIAN_POINT('',(-0.405,0.585369310309,0.279431721825));
#7406 = ORIENTED_EDGE('',*,*,#7407,.T.);
#7407 = EDGE_CURVE('',#7401,#7408,#7410,.T.);
#7408 = VERTEX_POINT('',#7409);
#7409 = CARTESIAN_POINT('',(-0.405,0.5873936872,0.279769113684));
#7410 = B_SPLINE_CURVE_WITH_KNOTS('',3,(#7411,#7412,#7413,#7414),
  .UNSPECIFIED.,.F.,.F.,(4,4),(26.,27.),.PIECEWISE_BEZIER_KNOTS.);
#7411 = CARTESIAN_POINT('',(-0.405,0.585369310309,0.279431721825));
#7412 = CARTESIAN_POINT('',(-0.405,0.586044106896,0.279431721825));
#7413 = CARTESIAN_POINT('',(-0.405,0.586718903484,0.279769113684));
#7414 = CARTESIAN_POINT('',(-0.405,0.5873936872,0.279769113684));
#7415 = ORIENTED_EDGE('',*,*,#7416,.T.);
#7416 = EDGE_CURVE('',#7408,#7417,#7419,.T.);
#7417 = VERTEX_POINT('',#7418);
#7418 = CARTESIAN_POINT('',(-0.405,0.597852989252,0.269309811631));
#7419 = B_SPLINE_CURVE_WITH_KNOTS('',3,(#7420,#7421,#7422,#7423),
  .UNSPECIFIED.,.F.,.F.,(4,4),(27.,28.),.PIECEWISE_BEZIER_KNOTS.);
#7420 = CARTESIAN_POINT('',(-0.405,0.5873936872,0.279769113684));
#7421 = CARTESIAN_POINT('',(-0.405,0.593129438884,0.279769113684));
#7422 = CARTESIAN_POINT('',(-0.405,0.597852989252,0.275045550445));
#7423 = CARTESIAN_POINT('',(-0.405,0.597852989252,0.269309811631));
#7424 = ORIENTED_EDGE('',*,*,#7425,.T.);
#7425 = EDGE_CURVE('',#7417,#7426,#7428,.T.);
#7426 = VERTEX_POINT('',#7427);
#7427 = CARTESIAN_POINT('',(-0.405,0.588068470916,0.258850509579));
#7428 = B_SPLINE_CURVE_WITH_KNOTS('',3,(#7429,#7430,#7431,#7432),
  .UNSPECIFIED.,.F.,.F.,(4,4),(28.,29.),.PIECEWISE_BEZIER_KNOTS.);
#7429 = CARTESIAN_POINT('',(-0.405,0.597852989252,0.269309811631));
#7430 = CARTESIAN_POINT('',(-0.405,0.597852989252,0.263911464676));
#7431 = CARTESIAN_POINT('',(-0.405,0.593466830742,0.259187901437));
#7432 = CARTESIAN_POINT('',(-0.405,0.588068470916,0.258850509579));
#7433 = ORIENTED_EDGE('',*,*,#7434,.T.);
#7434 = EDGE_CURVE('',#7426,#7435,#7437,.T.);
#7435 = VERTEX_POINT('',#7436);
#7436 = CARTESIAN_POINT('',(-0.405,0.568162055257,0.258850509579));
#7437 = B_SPLINE_CURVE_WITH_KNOTS('',1,(#7438,#7439),.UNSPECIFIED.,.F.,
  .F.,(2,2),(1.682842531023E-31,1.990641565924E-02),
  .PIECEWISE_BEZIER_KNOTS.);
#7438 = CARTESIAN_POINT('',(-0.405,0.588068470916,0.258850509579));
#7439 = CARTESIAN_POINT('',(-0.405,0.568162055257,0.258850509579));
#7440 = ORIENTED_EDGE('',*,*,#7441,.T.);
#7441 = EDGE_CURVE('',#7435,#7442,#7444,.T.);
#7442 = VERTEX_POINT('',#7443);
#7443 = CARTESIAN_POINT('',(-0.405,0.537458932817,0.27403337487));
#7444 = B_SPLINE_CURVE_WITH_KNOTS('',3,(#7445,#7446,#7447,#7448),
  .UNSPECIFIED.,.F.,.F.,(4,4),(33.,34.),.PIECEWISE_BEZIER_KNOTS.);
#7445 = CARTESIAN_POINT('',(-0.405,0.568162055257,0.258850509579));
#7446 = CARTESIAN_POINT('',(-0.405,0.556353160031,0.259862698024));
#7447 = CARTESIAN_POINT('',(-0.405,0.54555645325,0.26526105785));
#7448 = CARTESIAN_POINT('',(-0.405,0.537458932817,0.27403337487));
#7449 = ORIENTED_EDGE('',*,*,#7450,.T.);
#7450 = EDGE_CURVE('',#7442,#7171,#7451,.T.);
#7451 = B_SPLINE_CURVE_WITH_KNOTS('',3,(#7452,#7453,#7454,#7455),
  .UNSPECIFIED.,.F.,.F.,(4,4),(34.,35.),.PIECEWISE_BEZIER_KNOTS.);
#7452 = CARTESIAN_POINT('',(-0.405,0.537458932817,0.27403337487));
#7453 = CARTESIAN_POINT('',(-0.405,0.529361399514,0.28280569189));
#7454 = CARTESIAN_POINT('',(-0.405,0.524975241004,0.294277195258));
#7455 = CARTESIAN_POINT('',(-0.405,0.524975241004,0.306086090484));
#7456 = FACE_BOUND('',#7457,.T.);
#7457 = EDGE_LOOP('',(#7458,#7472));
#7458 = ORIENTED_EDGE('',*,*,#7459,.F.);
#7459 = EDGE_CURVE('',#7460,#7462,#7464,.T.);
#7460 = VERTEX_POINT('',#7461);
#7461 = CARTESIAN_POINT('',(-0.405,0.667356773872,0.256826106947));
#7462 = VERTEX_POINT('',#7463);
#7463 = CARTESIAN_POINT('',(-0.405,0.667356773872,0.283143083748));
#7464 = B_SPLINE_CURVE_WITH_KNOTS('',3,(#7465,#7466,#7467,#7468,#7469,
    #7470,#7471),.UNSPECIFIED.,.F.,.F.,(4,3,4),(0.,1.,2.),
  .PIECEWISE_BEZIER_KNOTS.);
#7465 = CARTESIAN_POINT('',(-0.405,0.667356773872,0.256826106947));
#7466 = CARTESIAN_POINT('',(-0.405,0.659934043591,0.256826106947));
#7467 = CARTESIAN_POINT('',(-0.405,0.654198291906,0.26289926336));
#7468 = CARTESIAN_POINT('',(-0.405,0.654198291906,0.269984595348));
#7469 = CARTESIAN_POINT('',(-0.405,0.654198291906,0.277407332064));
#7470 = CARTESIAN_POINT('',(-0.405,0.660271435449,0.283143083748));
#7471 = CARTESIAN_POINT('',(-0.405,0.667356773872,0.283143083748));
#7472 = ORIENTED_EDGE('',*,*,#7473,.F.);
#7473 = EDGE_CURVE('',#7462,#7460,#7474,.T.);
#7474 = B_SPLINE_CURVE_WITH_KNOTS('',3,(#7475,#7476,#7477,#7478,#7479,
    #7480),.UNSPECIFIED.,.F.,.F.,(4,2,4),(2.,3.,4.),.UNSPECIFIED.);
#7475 = CARTESIAN_POINT('',(-0.405,0.667356773872,0.283143083748));
#7476 = CARTESIAN_POINT('',(-0.405,0.674442112294,0.283143083748));
#7477 = CARTESIAN_POINT('',(-0.405,0.680515255837,0.277407332064));
#7478 = CARTESIAN_POINT('',(-0.405,0.680515255837,0.262561858631));
#7479 = CARTESIAN_POINT('',(-0.405,0.674442112294,0.256826106947));
#7480 = CARTESIAN_POINT('',(-0.405,0.667356773872,0.256826106947));
#7481 = B_SPLINE_SURFACE_WITH_KNOTS('',1,1,(
    (#7482,#7483)
    ,(#7484,#7485
    )),.UNSPECIFIED.,.F.,.F.,.F.,(2,2),(2,2),(-6.098450827541E-02,
    9.691727530641E-02),(-9.615812753769E-03,0.205643474798),
  .PIECEWISE_BEZIER_KNOTS.);
#7482 = CARTESIAN_POINT('',(-0.405,0.524975241004,0.394484095882));
#7483 = CARTESIAN_POINT('',(-0.405,0.740234528555,0.394484095882));
#7484 = CARTESIAN_POINT('',(-0.405,0.524975241004,0.2365823123));
#7485 = CARTESIAN_POINT('',(-0.405,0.740234528555,0.2365823123));
#7486 = ADVANCED_FACE('',(#7487),#7501,.F.);
#7487 = FACE_BOUND('',#7488,.F.);
#7488 = EDGE_LOOP('',(#7489,#7494,#7495,#7500));
#7489 = ORIENTED_EDGE('',*,*,#7490,.F.);
#7490 = EDGE_CURVE('',#7171,#2026,#7491,.T.);
#7491 = B_SPLINE_CURVE_WITH_KNOTS('',1,(#7492,#7493),.UNSPECIFIED.,.F.,
  .F.,(2,2),(0.,1.E-02),.PIECEWISE_BEZIER_KNOTS.);
#7492 = CARTESIAN_POINT('',(-0.405,0.524975241004,0.306086090484));
#7493 = CARTESIAN_POINT('',(-0.395,0.524975241004,0.306086090484));
#7494 = ORIENTED_EDGE('',*,*,#7170,.T.);
#7495 = ORIENTED_EDGE('',*,*,#7496,.T.);
#7496 = EDGE_CURVE('',#7173,#2028,#7497,.T.);
#7497 = B_SPLINE_CURVE_WITH_KNOTS('',1,(#7498,#7499),.UNSPECIFIED.,.F.,
  .F.,(2,2),(0.,1.E-02),.PIECEWISE_BEZIER_KNOTS.);
#7498 = CARTESIAN_POINT('',(-0.405,0.558377536921,0.350285086748));
#7499 = CARTESIAN_POINT('',(-0.395,0.558377536921,0.350285086748));
#7500 = ORIENTED_EDGE('',*,*,#2025,.F.);
#7501 = B_SPLINE_SURFACE_WITH_KNOTS('',3,1,(
    (#7502,#7503)
    ,(#7504,#7505)
    ,(#7506,#7507)
    ,(#7508,#7509
    )),.UNSPECIFIED.,.F.,.F.,.F.,(4,4),(2,2),(35.,36.),(0.,1.),
  .PIECEWISE_BEZIER_KNOTS.);
#7502 = CARTESIAN_POINT('',(-0.405,0.524975241004,0.306086090484));
#7503 = CARTESIAN_POINT('',(-0.395,0.524975241004,0.306086090484));
#7504 = CARTESIAN_POINT('',(-0.405,0.525312632862,0.326329898002));
#7505 = CARTESIAN_POINT('',(-0.395,0.525312632862,0.326329898002));
#7506 = CARTESIAN_POINT('',(-0.405,0.539145917849,0.344211943206));
#7507 = CARTESIAN_POINT('',(-0.395,0.539145917849,0.344211943206));
#7508 = CARTESIAN_POINT('',(-0.405,0.558377536921,0.350285086748));
#7509 = CARTESIAN_POINT('',(-0.395,0.558377536921,0.350285086748));
#7510 = ADVANCED_FACE('',(#7511),#7521,.F.);
#7511 = FACE_BOUND('',#7512,.F.);
#7512 = EDGE_LOOP('',(#7513,#7514,#7515,#7520));
#7513 = ORIENTED_EDGE('',*,*,#7496,.F.);
#7514 = ORIENTED_EDGE('',*,*,#7181,.T.);
#7515 = ORIENTED_EDGE('',*,*,#7516,.T.);
#7516 = EDGE_CURVE('',#7182,#2297,#7517,.T.);
#7517 = B_SPLINE_CURVE_WITH_KNOTS('',1,(#7518,#7519),.UNSPECIFIED.,.F.,
  .F.,(2,2),(0.,1.E-02),.PIECEWISE_BEZIER_KNOTS.);
#7518 = CARTESIAN_POINT('',(-0.405,0.576596980419,0.376939450581));
#7519 = CARTESIAN_POINT('',(-0.395,0.576596980419,0.376939450581));
#7520 = ORIENTED_EDGE('',*,*,#2305,.F.);
#7521 = B_SPLINE_SURFACE_WITH_KNOTS('',3,1,(
    (#7522,#7523)
    ,(#7524,#7525)
    ,(#7526,#7527)
    ,(#7528,#7529
    )),.UNSPECIFIED.,.F.,.F.,.F.,(4,4),(2,2),(0.,1.),(0.,1.),
  .PIECEWISE_BEZIER_KNOTS.);
#7522 = CARTESIAN_POINT('',(-0.405,0.558377536921,0.350285086748));
#7523 = CARTESIAN_POINT('',(-0.395,0.558377536921,0.350285086748));
#7524 = CARTESIAN_POINT('',(-0.405,0.562088898844,0.360406996942));
#7525 = CARTESIAN_POINT('',(-0.395,0.562088898844,0.360406996942));
#7526 = CARTESIAN_POINT('',(-0.405,0.568499447115,0.369516715473));
#7527 = CARTESIAN_POINT('',(-0.395,0.568499447115,0.369516715473));
#7528 = CARTESIAN_POINT('',(-0.405,0.576596980419,0.376939450581));
#7529 = CARTESIAN_POINT('',(-0.395,0.576596980419,0.376939450581));
#7530 = ADVANCED_FACE('',(#7531),#7541,.F.);
#7531 = FACE_BOUND('',#7532,.F.);
#7532 = EDGE_LOOP('',(#7533,#7534,#7535,#7540));
#7533 = ORIENTED_EDGE('',*,*,#7516,.F.);
#7534 = ORIENTED_EDGE('',*,*,#7190,.T.);
#7535 = ORIENTED_EDGE('',*,*,#7536,.T.);
#7536 = EDGE_CURVE('',#7191,#2288,#7537,.T.);
#7537 = B_SPLINE_CURVE_WITH_KNOTS('',1,(#7538,#7539),.UNSPECIFIED.,.F.,
  .F.,(2,2),(0.,1.E-02),.PIECEWISE_BEZIER_KNOTS.);
#7538 = CARTESIAN_POINT('',(-0.405,0.62248296815,0.394484095882));
#7539 = CARTESIAN_POINT('',(-0.395,0.62248296815,0.394484095882));
#7540 = ORIENTED_EDGE('',*,*,#2296,.F.);
#7541 = B_SPLINE_SURFACE_WITH_KNOTS('',3,1,(
    (#7542,#7543)
    ,(#7544,#7545)
    ,(#7546,#7547)
    ,(#7548,#7549
    )),.UNSPECIFIED.,.F.,.F.,.F.,(4,4),(2,2),(1.,2.),(0.,1.),
  .PIECEWISE_BEZIER_KNOTS.);
#7542 = CARTESIAN_POINT('',(-0.405,0.576596980419,0.376939450581));
#7543 = CARTESIAN_POINT('',(-0.395,0.576596980419,0.376939450581));
#7544 = CARTESIAN_POINT('',(-0.405,0.589418064091,0.38807355284));
#7545 = CARTESIAN_POINT('',(-0.395,0.589418064091,0.38807355284));
#7546 = CARTESIAN_POINT('',(-0.405,0.605613117827,0.394484095882));
#7547 = CARTESIAN_POINT('',(-0.395,0.605613117827,0.394484095882));
#7548 = CARTESIAN_POINT('',(-0.405,0.62248296815,0.394484095882));
#7549 = CARTESIAN_POINT('',(-0.395,0.62248296815,0.394484095882));
#7550 = ADVANCED_FACE('',(#7551),#7561,.F.);
#7551 = FACE_BOUND('',#7552,.F.);
#7552 = EDGE_LOOP('',(#7553,#7554,#7555,#7560));
#7553 = ORIENTED_EDGE('',*,*,#7536,.F.);
#7554 = ORIENTED_EDGE('',*,*,#7199,.T.);
#7555 = ORIENTED_EDGE('',*,*,#7556,.T.);
#7556 = EDGE_CURVE('',#7200,#2279,#7557,.T.);
#7557 = B_SPLINE_CURVE_WITH_KNOTS('',1,(#7558,#7559),.UNSPECIFIED.,.F.,
  .F.,(2,2),(0.,1.E-02),.PIECEWISE_BEZIER_KNOTS.);
#7558 = CARTESIAN_POINT('',(-0.405,0.662970608926,0.381325612308));
#7559 = CARTESIAN_POINT('',(-0.395,0.662970608926,0.381325612308));
#7560 = ORIENTED_EDGE('',*,*,#2287,.F.);
#7561 = B_SPLINE_SURFACE_WITH_KNOTS('',3,1,(
    (#7562,#7563)
    ,(#7564,#7565)
    ,(#7566,#7567)
    ,(#7568,#7569
    )),.UNSPECIFIED.,.F.,.F.,.F.,(4,4),(2,2),(2.,3.),(0.,1.),
  .PIECEWISE_BEZIER_KNOTS.);
#7562 = CARTESIAN_POINT('',(-0.405,0.62248296815,0.394484095882));
#7563 = CARTESIAN_POINT('',(-0.395,0.62248296815,0.394484095882));
#7564 = CARTESIAN_POINT('',(-0.405,0.637328435148,0.394484095882));
#7565 = CARTESIAN_POINT('',(-0.395,0.637328435148,0.394484095882));
#7566 = CARTESIAN_POINT('',(-0.405,0.6511617137,0.389760537872));
#7567 = CARTESIAN_POINT('',(-0.395,0.6511617137,0.389760537872));
#7568 = CARTESIAN_POINT('',(-0.405,0.662970608926,0.381325612308));
#7569 = CARTESIAN_POINT('',(-0.395,0.662970608926,0.381325612308));
#7570 = ADVANCED_FACE('',(#7571),#7581,.F.);
#7571 = FACE_BOUND('',#7572,.F.);
#7572 = EDGE_LOOP('',(#7573,#7574,#7575,#7580));
#7573 = ORIENTED_EDGE('',*,*,#7556,.F.);
#7574 = ORIENTED_EDGE('',*,*,#7208,.T.);
#7575 = ORIENTED_EDGE('',*,*,#7576,.T.);
#7576 = EDGE_CURVE('',#7209,#2270,#7577,.T.);
#7577 = B_SPLINE_CURVE_WITH_KNOTS('',1,(#7578,#7579),.UNSPECIFIED.,.F.,
  .F.,(2,2),(0.,1.E-02),.PIECEWISE_BEZIER_KNOTS.);
#7578 = CARTESIAN_POINT('',(-0.405,0.677816075924,0.366480143702));
#7579 = CARTESIAN_POINT('',(-0.395,0.677816075924,0.366480143702));
#7580 = ORIENTED_EDGE('',*,*,#2278,.F.);
#7581 = B_SPLINE_SURFACE_WITH_KNOTS('',3,1,(
    (#7582,#7583)
    ,(#7584,#7585)
    ,(#7586,#7587)
    ,(#7588,#7589
    )),.UNSPECIFIED.,.F.,.F.,.F.,(4,4),(2,2),(3.,4.),(0.,1.),
  .PIECEWISE_BEZIER_KNOTS.);
#7582 = CARTESIAN_POINT('',(-0.405,0.662970608926,0.381325612308));
#7583 = CARTESIAN_POINT('',(-0.395,0.662970608926,0.381325612308));
#7584 = CARTESIAN_POINT('',(-0.405,0.66870636061,0.377276847265));
#7585 = CARTESIAN_POINT('',(-0.395,0.66870636061,0.377276847265));
#7586 = CARTESIAN_POINT('',(-0.405,0.673429917414,0.372215892168));
#7587 = CARTESIAN_POINT('',(-0.395,0.673429917414,0.372215892168));
#7588 = CARTESIAN_POINT('',(-0.405,0.677816075924,0.366480143702));
#7589 = CARTESIAN_POINT('',(-0.395,0.677816075924,0.366480143702));
#7590 = ADVANCED_FACE('',(#7591),#7601,.F.);
#7591 = FACE_BOUND('',#7592,.F.);
#7592 = EDGE_LOOP('',(#7593,#7594,#7595,#7600));
#7593 = ORIENTED_EDGE('',*,*,#7576,.F.);
#7594 = ORIENTED_EDGE('',*,*,#7217,.T.);
#7595 = ORIENTED_EDGE('',*,*,#7596,.T.);
#7596 = EDGE_CURVE('',#7218,#2261,#7597,.T.);
#7597 = B_SPLINE_CURVE_WITH_KNOTS('',1,(#7598,#7599),.UNSPECIFIED.,.F.,
  .F.,(2,2),(0.,1.E-02),.PIECEWISE_BEZIER_KNOTS.);
#7598 = CARTESIAN_POINT('',(-0.405,0.685576204498,0.367154937071));
#7599 = CARTESIAN_POINT('',(-0.395,0.685576204498,0.367154937071));
#7600 = ORIENTED_EDGE('',*,*,#2269,.F.);
#7601 = B_SPLINE_SURFACE_WITH_KNOTS('',3,1,(
    (#7602,#7603)
    ,(#7604,#7605)
    ,(#7606,#7607)
    ,(#7608,#7609
    )),.UNSPECIFIED.,.F.,.F.,.F.,(4,4),(2,2),(4.,5.),(0.,1.),
  .PIECEWISE_BEZIER_KNOTS.);
#7602 = CARTESIAN_POINT('',(-0.405,0.677816075924,0.366480143702));
#7603 = CARTESIAN_POINT('',(-0.395,0.677816075924,0.366480143702));
#7604 = CARTESIAN_POINT('',(-0.405,0.680515249401,0.366817541996));
#7605 = CARTESIAN_POINT('',(-0.395,0.680515249401,0.366817541996));
#7606 = CARTESIAN_POINT('',(-0.405,0.682877031021,0.367154937071));
#7607 = CARTESIAN_POINT('',(-0.395,0.682877031021,0.367154937071));
#7608 = CARTESIAN_POINT('',(-0.405,0.685576204498,0.367154937071));
#7609 = CARTESIAN_POINT('',(-0.395,0.685576204498,0.367154937071));
#7610 = ADVANCED_FACE('',(#7611),#7621,.F.);
#7611 = FACE_BOUND('',#7612,.F.);
#7612 = EDGE_LOOP('',(#7613,#7614,#7615,#7620));
#7613 = ORIENTED_EDGE('',*,*,#7596,.F.);
#7614 = ORIENTED_EDGE('',*,*,#7226,.T.);
#7615 = ORIENTED_EDGE('',*,*,#7616,.T.);
#7616 = EDGE_CURVE('',#7227,#2252,#7617,.T.);
#7617 = B_SPLINE_CURVE_WITH_KNOTS('',1,(#7618,#7619),.UNSPECIFIED.,.F.,
  .F.,(2,2),(0.,1.E-02),.PIECEWISE_BEZIER_KNOTS.);
#7618 = CARTESIAN_POINT('',(-0.405,0.724376860242,0.350959880117));
#7619 = CARTESIAN_POINT('',(-0.395,0.724376860242,0.350959880117));
#7620 = ORIENTED_EDGE('',*,*,#2260,.F.);
#7621 = B_SPLINE_SURFACE_WITH_KNOTS('',3,1,(
    (#7622,#7623)
    ,(#7624,#7625)
    ,(#7626,#7627)
    ,(#7628,#7629
    )),.UNSPECIFIED.,.F.,.F.,.F.,(4,4),(2,2),(5.,6.),(0.,1.),
  .PIECEWISE_BEZIER_KNOTS.);
#7622 = CARTESIAN_POINT('',(-0.405,0.685576204498,0.367154937071));
#7623 = CARTESIAN_POINT('',(-0.395,0.685576204498,0.367154937071));
#7624 = CARTESIAN_POINT('',(-0.405,0.70008427642,0.367154937071));
#7625 = CARTESIAN_POINT('',(-0.395,0.70008427642,0.367154937071));
#7626 = CARTESIAN_POINT('',(-0.405,0.713917551755,0.361419188605));
#7627 = CARTESIAN_POINT('',(-0.395,0.713917551755,0.361419188605));
#7628 = CARTESIAN_POINT('',(-0.405,0.724376860242,0.350959880117));
#7629 = CARTESIAN_POINT('',(-0.395,0.724376860242,0.350959880117));
#7630 = ADVANCED_FACE('',(#7631),#7641,.F.);
#7631 = FACE_BOUND('',#7632,.F.);
#7632 = EDGE_LOOP('',(#7633,#7634,#7635,#7640));
#7633 = ORIENTED_EDGE('',*,*,#7616,.F.);
#7634 = ORIENTED_EDGE('',*,*,#7235,.T.);
#7635 = ORIENTED_EDGE('',*,*,#7636,.T.);
#7636 = EDGE_CURVE('',#7236,#2243,#7637,.T.);
#7637 = B_SPLINE_CURVE_WITH_KNOTS('',1,(#7638,#7639),.UNSPECIFIED.,.F.,
  .F.,(2,2),(0.,1.E-02),.PIECEWISE_BEZIER_KNOTS.);
#7638 = CARTESIAN_POINT('',(-0.405,0.740234528555,0.312496625885));
#7639 = CARTESIAN_POINT('',(-0.395,0.740234528555,0.312496625885));
#7640 = ORIENTED_EDGE('',*,*,#2251,.F.);
#7641 = B_SPLINE_SURFACE_WITH_KNOTS('',3,1,(
    (#7642,#7643)
    ,(#7644,#7645)
    ,(#7646,#7647)
    ,(#7648,#7649
    )),.UNSPECIFIED.,.F.,.F.,.F.,(4,4),(2,2),(6.,7.),(0.,1.),
  .PIECEWISE_BEZIER_KNOTS.);
#7642 = CARTESIAN_POINT('',(-0.405,0.724376860242,0.350959880117));
#7643 = CARTESIAN_POINT('',(-0.395,0.724376860242,0.350959880117));
#7644 = CARTESIAN_POINT('',(-0.405,0.734498779285,0.340837973141));
#7645 = CARTESIAN_POINT('',(-0.395,0.734498779285,0.340837973141));
#7646 = CARTESIAN_POINT('',(-0.405,0.740234528555,0.327004694589));
#7647 = CARTESIAN_POINT('',(-0.395,0.740234528555,0.327004694589));
#7648 = CARTESIAN_POINT('',(-0.405,0.740234528555,0.312496625885));
#7649 = CARTESIAN_POINT('',(-0.395,0.740234528555,0.312496625885));
#7650 = ADVANCED_FACE('',(#7651),#7661,.F.);
#7651 = FACE_BOUND('',#7652,.F.);
#7652 = EDGE_LOOP('',(#7653,#7654,#7655,#7660));
#7653 = ORIENTED_EDGE('',*,*,#7636,.F.);
#7654 = ORIENTED_EDGE('',*,*,#7244,.T.);
#7655 = ORIENTED_EDGE('',*,*,#7656,.T.);
#7656 = EDGE_CURVE('',#7245,#2234,#7657,.T.);
#7657 = B_SPLINE_CURVE_WITH_KNOTS('',1,(#7658,#7659),.UNSPECIFIED.,.F.,
  .F.,(2,2),(0.,1.E-02),.PIECEWISE_BEZIER_KNOTS.);
#7658 = CARTESIAN_POINT('',(-0.405,0.726063854927,0.275720359902));
#7659 = CARTESIAN_POINT('',(-0.395,0.726063854927,0.275720359902));
#7660 = ORIENTED_EDGE('',*,*,#2242,.F.);
#7661 = B_SPLINE_SURFACE_WITH_KNOTS('',3,1,(
    (#7662,#7663)
    ,(#7664,#7665)
    ,(#7666,#7667)
    ,(#7668,#7669
    )),.UNSPECIFIED.,.F.,.F.,.F.,(4,4),(2,2),(7.,8.),(0.,1.),
  .PIECEWISE_BEZIER_KNOTS.);
#7662 = CARTESIAN_POINT('',(-0.405,0.740234528555,0.312496625885));
#7663 = CARTESIAN_POINT('',(-0.395,0.740234528555,0.312496625885));
#7664 = CARTESIAN_POINT('',(-0.405,0.740234528555,0.299000745626));
#7665 = CARTESIAN_POINT('',(-0.395,0.740234528555,0.299000745626));
#7666 = CARTESIAN_POINT('',(-0.405,0.735173573459,0.285842257226));
#7667 = CARTESIAN_POINT('',(-0.395,0.735173573459,0.285842257226));
#7668 = CARTESIAN_POINT('',(-0.405,0.726063854927,0.275720359902));
#7669 = CARTESIAN_POINT('',(-0.395,0.726063854927,0.275720359902));
#7670 = ADVANCED_FACE('',(#7671),#7681,.F.);
#7671 = FACE_BOUND('',#7672,.F.);
#7672 = EDGE_LOOP('',(#7673,#7674,#7675,#7680));
#7673 = ORIENTED_EDGE('',*,*,#7656,.F.);
#7674 = ORIENTED_EDGE('',*,*,#7253,.T.);
#7675 = ORIENTED_EDGE('',*,*,#7676,.T.);
#7676 = EDGE_CURVE('',#7254,#2225,#7677,.T.);
#7677 = B_SPLINE_CURVE_WITH_KNOTS('',1,(#7678,#7679),.UNSPECIFIED.,.F.,
  .F.,(2,2),(0.,1.E-02),.PIECEWISE_BEZIER_KNOTS.);
#7678 = CARTESIAN_POINT('',(-0.405,0.69907209441,0.259525306166));
#7679 = CARTESIAN_POINT('',(-0.395,0.69907209441,0.259525306166));
#7680 = ORIENTED_EDGE('',*,*,#2233,.F.);
#7681 = B_SPLINE_SURFACE_WITH_KNOTS('',3,1,(
    (#7682,#7683)
    ,(#7684,#7685)
    ,(#7686,#7687)
    ,(#7688,#7689
    )),.UNSPECIFIED.,.F.,.F.,.F.,(4,4),(2,2),(8.,9.),(0.,1.),
  .PIECEWISE_BEZIER_KNOTS.);
#7682 = CARTESIAN_POINT('',(-0.405,0.726063854927,0.275720359902));
#7683 = CARTESIAN_POINT('',(-0.395,0.726063854927,0.275720359902));
#7684 = CARTESIAN_POINT('',(-0.405,0.718641121429,0.267622826599));
#7685 = CARTESIAN_POINT('',(-0.395,0.718641121429,0.267622826599));
#7686 = CARTESIAN_POINT('',(-0.405,0.70953139968,0.262224479644));
#7687 = CARTESIAN_POINT('',(-0.395,0.70953139968,0.262224479644));
#7688 = CARTESIAN_POINT('',(-0.405,0.69907209441,0.259525306166));
#7689 = CARTESIAN_POINT('',(-0.395,0.69907209441,0.259525306166));
#7690 = ADVANCED_FACE('',(#7691),#7701,.F.);
#7691 = FACE_BOUND('',#7692,.F.);
#7692 = EDGE_LOOP('',(#7693,#7694,#7695,#7700));
#7693 = ORIENTED_EDGE('',*,*,#7676,.F.);
#7694 = ORIENTED_EDGE('',*,*,#7262,.T.);
#7695 = ORIENTED_EDGE('',*,*,#7696,.T.);
#7696 = EDGE_CURVE('',#7263,#2216,#7697,.T.);
#7697 = B_SPLINE_CURVE_WITH_KNOTS('',1,(#7698,#7699),.UNSPECIFIED.,.F.,
  .F.,(2,2),(0.,1.E-02),.PIECEWISE_BEZIER_KNOTS.);
#7698 = CARTESIAN_POINT('',(-0.405,0.667019375578,0.2365823123));
#7699 = CARTESIAN_POINT('',(-0.395,0.667019375578,0.2365823123));
#7700 = ORIENTED_EDGE('',*,*,#2224,.F.);
#7701 = B_SPLINE_SURFACE_WITH_KNOTS('',3,1,(
    (#7702,#7703)
    ,(#7704,#7705)
    ,(#7706,#7707)
    ,(#7708,#7709
    )),.UNSPECIFIED.,.F.,.F.,.F.,(4,4),(2,2),(9.,10.),(0.,1.),
  .PIECEWISE_BEZIER_KNOTS.);
#7702 = CARTESIAN_POINT('',(-0.405,0.69907209441,0.259525306166));
#7703 = CARTESIAN_POINT('',(-0.395,0.69907209441,0.259525306166));
#7704 = CARTESIAN_POINT('',(-0.405,0.694685932683,0.246029425907));
#7705 = CARTESIAN_POINT('',(-0.395,0.694685932683,0.246029425907));
#7706 = CARTESIAN_POINT('',(-0.405,0.681864849011,0.2365823123));
#7707 = CARTESIAN_POINT('',(-0.395,0.681864849011,0.2365823123));
#7708 = CARTESIAN_POINT('',(-0.405,0.667019375578,0.2365823123));
#7709 = CARTESIAN_POINT('',(-0.395,0.667019375578,0.2365823123));
#7710 = ADVANCED_FACE('',(#7711),#7721,.F.);
#7711 = FACE_BOUND('',#7712,.F.);
#7712 = EDGE_LOOP('',(#7713,#7714,#7715,#7720));
#7713 = ORIENTED_EDGE('',*,*,#7696,.F.);
#7714 = ORIENTED_EDGE('',*,*,#7271,.T.);
#7715 = ORIENTED_EDGE('',*,*,#7716,.T.);
#7716 = EDGE_CURVE('',#7272,#2207,#7717,.T.);
#7717 = B_SPLINE_CURVE_WITH_KNOTS('',1,(#7718,#7719),.UNSPECIFIED.,.F.,
  .F.,(2,2),(0.,1.E-02),.PIECEWISE_BEZIER_KNOTS.);
#7718 = CARTESIAN_POINT('',(-0.405,0.633279674931,0.270322012947));
#7719 = CARTESIAN_POINT('',(-0.395,0.633279674931,0.270322012947));
#7720 = ORIENTED_EDGE('',*,*,#2215,.F.);
#7721 = B_SPLINE_SURFACE_WITH_KNOTS('',3,1,(
    (#7722,#7723)
    ,(#7724,#7725)
    ,(#7726,#7727)
    ,(#7728,#7729
    )),.UNSPECIFIED.,.F.,.F.,.F.,(4,4),(2,2),(10.,11.),(0.,1.),
  .PIECEWISE_BEZIER_KNOTS.);
#7722 = CARTESIAN_POINT('',(-0.405,0.667019375578,0.2365823123));
#7723 = CARTESIAN_POINT('',(-0.395,0.667019375578,0.2365823123));
#7724 = CARTESIAN_POINT('',(-0.405,0.648462540222,0.2365823123));
#7725 = CARTESIAN_POINT('',(-0.395,0.648462540222,0.2365823123));
#7726 = CARTESIAN_POINT('',(-0.405,0.633279674931,0.251765177591));
#7727 = CARTESIAN_POINT('',(-0.395,0.633279674931,0.251765177591));
#7728 = CARTESIAN_POINT('',(-0.405,0.633279674931,0.270322012947));
#7729 = CARTESIAN_POINT('',(-0.395,0.633279674931,0.270322012947));
#7730 = ADVANCED_FACE('',(#7731),#7741,.F.);
#7731 = FACE_BOUND('',#7732,.T.);
#7732 = EDGE_LOOP('',(#7733,#7734,#7739,#7740));
#7733 = ORIENTED_EDGE('',*,*,#2206,.T.);
#7734 = ORIENTED_EDGE('',*,*,#7735,.F.);
#7735 = EDGE_CURVE('',#7281,#2200,#7736,.T.);
#7736 = B_SPLINE_CURVE_WITH_KNOTS('',1,(#7737,#7738),.UNSPECIFIED.,.F.,
  .F.,(2,2),(0.,1.E-02),.PIECEWISE_BEZIER_KNOTS.);
#7737 = CARTESIAN_POINT('',(-0.405,0.633279674931,0.273695983012));
#7738 = CARTESIAN_POINT('',(-0.395,0.633279674931,0.273695983012));
#7739 = ORIENTED_EDGE('',*,*,#7280,.F.);
#7740 = ORIENTED_EDGE('',*,*,#7716,.T.);
#7741 = B_SPLINE_SURFACE_WITH_KNOTS('',1,1,(
    (#7742,#7743)
    ,(#7744,#7745
    )),.UNSPECIFIED.,.F.,.F.,.F.,(2,2),(2,2),(-1.E-02,0.),(0.,
    3.373970064889E-03),.PIECEWISE_BEZIER_KNOTS.);
#7742 = CARTESIAN_POINT('',(-0.395,0.633279674931,0.270322012947));
#7743 = CARTESIAN_POINT('',(-0.395,0.633279674931,0.273695983012));
#7744 = CARTESIAN_POINT('',(-0.405,0.633279674931,0.270322012947));
#7745 = CARTESIAN_POINT('',(-0.405,0.633279674931,0.273695983012));
#7746 = ADVANCED_FACE('',(#7747),#7757,.F.);
#7747 = FACE_BOUND('',#7748,.T.);
#7748 = EDGE_LOOP('',(#7749,#7750,#7755,#7756));
#7749 = ORIENTED_EDGE('',*,*,#2199,.T.);
#7750 = ORIENTED_EDGE('',*,*,#7751,.F.);
#7751 = EDGE_CURVE('',#7290,#2193,#7752,.T.);
#7752 = B_SPLINE_CURVE_WITH_KNOTS('',1,(#7753,#7754),.UNSPECIFIED.,.F.,
  .F.,(2,2),(0.,1.E-02),.PIECEWISE_BEZIER_KNOTS.);
#7753 = CARTESIAN_POINT('',(-0.405,0.586044094026,0.298663360203));
#7754 = CARTESIAN_POINT('',(-0.395,0.586044094026,0.298663360203));
#7755 = ORIENTED_EDGE('',*,*,#7289,.F.);
#7756 = ORIENTED_EDGE('',*,*,#7735,.T.);
#7757 = B_SPLINE_SURFACE_WITH_KNOTS('',1,1,(
    (#7758,#7759)
    ,(#7760,#7761
    )),.UNSPECIFIED.,.F.,.F.,.F.,(2,2),(2,2),(-2.594076657672E-17,
    5.342817634251E-02),(0.,1.E-02),.PIECEWISE_BEZIER_KNOTS.);
#7758 = CARTESIAN_POINT('',(-0.405,0.633279674931,0.273695983012));
#7759 = CARTESIAN_POINT('',(-0.395,0.633279674931,0.273695983012));
#7760 = CARTESIAN_POINT('',(-0.405,0.586044094026,0.298663360203));
#7761 = CARTESIAN_POINT('',(-0.395,0.586044094026,0.298663360203));
#7762 = ADVANCED_FACE('',(#7763),#7773,.F.);
#7763 = FACE_BOUND('',#7764,.T.);
#7764 = EDGE_LOOP('',(#7765,#7766,#7771,#7772));
#7765 = ORIENTED_EDGE('',*,*,#2192,.T.);
#7766 = ORIENTED_EDGE('',*,*,#7767,.F.);
#7767 = EDGE_CURVE('',#7297,#2186,#7768,.T.);
#7768 = B_SPLINE_CURVE_WITH_KNOTS('',1,(#7769,#7770),.UNSPECIFIED.,.F.,
  .F.,(2,2),(0.,1.E-02),.PIECEWISE_BEZIER_KNOTS.);
#7769 = CARTESIAN_POINT('',(-0.405,0.596503396078,0.316545405407));
#7770 = CARTESIAN_POINT('',(-0.395,0.596503396078,0.316545405407));
#7771 = ORIENTED_EDGE('',*,*,#7296,.F.);
#7772 = ORIENTED_EDGE('',*,*,#7751,.T.);
#7773 = B_SPLINE_SURFACE_WITH_KNOTS('',1,1,(
    (#7774,#7775)
    ,(#7776,#7777
    )),.UNSPECIFIED.,.F.,.F.,.F.,(2,2),(2,2),(0.,2.071628683171E-02),(
    -4.429638872091E-33,1.E-02),.PIECEWISE_BEZIER_KNOTS.);
#7774 = CARTESIAN_POINT('',(-0.405,0.586044094026,0.298663360203));
#7775 = CARTESIAN_POINT('',(-0.395,0.586044094026,0.298663360203));
#7776 = CARTESIAN_POINT('',(-0.405,0.596503396078,0.316545405407));
#7777 = CARTESIAN_POINT('',(-0.395,0.596503396078,0.316545405407));
#7778 = ADVANCED_FACE('',(#7779),#7789,.F.);
#7779 = FACE_BOUND('',#7780,.T.);
#7780 = EDGE_LOOP('',(#7781,#7782,#7787,#7788));
#7781 = ORIENTED_EDGE('',*,*,#2185,.T.);
#7782 = ORIENTED_EDGE('',*,*,#7783,.F.);
#7783 = EDGE_CURVE('',#7304,#2177,#7784,.T.);
#7784 = B_SPLINE_CURVE_WITH_KNOTS('',1,(#7785,#7786),.UNSPECIFIED.,.F.,
  .F.,(2,2),(0.,1.E-02),.PIECEWISE_BEZIER_KNOTS.);
#7785 = CARTESIAN_POINT('',(-0.405,0.641714593658,0.292927614955));
#7786 = CARTESIAN_POINT('',(-0.395,0.641714593658,0.292927614955));
#7787 = ORIENTED_EDGE('',*,*,#7303,.F.);
#7788 = ORIENTED_EDGE('',*,*,#7767,.T.);
#7789 = B_SPLINE_SURFACE_WITH_KNOTS('',1,1,(
    (#7790,#7791)
    ,(#7792,#7793
    )),.UNSPECIFIED.,.F.,.F.,.F.,(2,2),(2,2),(-1.232595164408E-34,
    5.100835630005E-02),(-3.851859888774E-34,1.E-02),
  .PIECEWISE_BEZIER_KNOTS.);
#7790 = CARTESIAN_POINT('',(-0.405,0.596503396078,0.316545405407));
#7791 = CARTESIAN_POINT('',(-0.395,0.596503396078,0.316545405407));
#7792 = CARTESIAN_POINT('',(-0.405,0.641714593658,0.292927614955));
#7793 = CARTESIAN_POINT('',(-0.395,0.641714593658,0.292927614955));
#7794 = ADVANCED_FACE('',(#7795),#7805,.F.);
#7795 = FACE_BOUND('',#7796,.F.);
#7796 = EDGE_LOOP('',(#7797,#7798,#7799,#7804));
#7797 = ORIENTED_EDGE('',*,*,#7783,.F.);
#7798 = ORIENTED_EDGE('',*,*,#7310,.T.);
#7799 = ORIENTED_EDGE('',*,*,#7800,.T.);
#7800 = EDGE_CURVE('',#7311,#2168,#7801,.T.);
#7801 = B_SPLINE_CURVE_WITH_KNOTS('',1,(#7802,#7803),.UNSPECIFIED.,.F.,
  .F.,(2,2),(0.,1.E-02),.PIECEWISE_BEZIER_KNOTS.);
#7802 = CARTESIAN_POINT('',(-0.405,0.667019369143,0.304399111887));
#7803 = CARTESIAN_POINT('',(-0.395,0.667019369143,0.304399111887));
#7804 = ORIENTED_EDGE('',*,*,#2176,.F.);
#7805 = B_SPLINE_SURFACE_WITH_KNOTS('',3,1,(
    (#7806,#7807)
    ,(#7808,#7809)
    ,(#7810,#7811)
    ,(#7812,#7813
    )),.UNSPECIFIED.,.F.,.F.,.F.,(4,4),(2,2),(15.,16.),(0.,1.),
  .PIECEWISE_BEZIER_KNOTS.);
#7806 = CARTESIAN_POINT('',(-0.405,0.641714593658,0.292927614955));
#7807 = CARTESIAN_POINT('',(-0.395,0.641714593658,0.292927614955));
#7808 = CARTESIAN_POINT('',(-0.405,0.6477877372,0.300012953378));
#7809 = CARTESIAN_POINT('',(-0.395,0.6477877372,0.300012953378));
#7810 = CARTESIAN_POINT('',(-0.405,0.656897458949,0.304399111887));
#7811 = CARTESIAN_POINT('',(-0.395,0.656897458949,0.304399111887));
#7812 = CARTESIAN_POINT('',(-0.405,0.667019369143,0.304399111887));
#7813 = CARTESIAN_POINT('',(-0.395,0.667019369143,0.304399111887));
#7814 = ADVANCED_FACE('',(#7815),#7825,.F.);
#7815 = FACE_BOUND('',#7816,.F.);
#7816 = EDGE_LOOP('',(#7817,#7818,#7819,#7824));
#7817 = ORIENTED_EDGE('',*,*,#7800,.F.);
#7818 = ORIENTED_EDGE('',*,*,#7319,.T.);
#7819 = ORIENTED_EDGE('',*,*,#7820,.T.);
#7820 = EDGE_CURVE('',#7320,#2159,#7821,.T.);
#7821 = B_SPLINE_CURVE_WITH_KNOTS('',1,(#7822,#7823),.UNSPECIFIED.,.F.,
  .F.,(2,2),(0.,1.E-02),.PIECEWISE_BEZIER_KNOTS.);
#7822 = CARTESIAN_POINT('',(-0.405,0.698734686464,0.282130908174));
#7823 = CARTESIAN_POINT('',(-0.395,0.698734686464,0.282130908174));
#7824 = ORIENTED_EDGE('',*,*,#2167,.F.);
#7825 = B_SPLINE_SURFACE_WITH_KNOTS('',3,1,(
    (#7826,#7827)
    ,(#7828,#7829)
    ,(#7830,#7831)
    ,(#7832,#7833
    )),.UNSPECIFIED.,.F.,.F.,.F.,(4,4),(2,2),(16.,17.),(0.,1.),
  .PIECEWISE_BEZIER_KNOTS.);
#7826 = CARTESIAN_POINT('',(-0.405,0.667019369143,0.304399111887));
#7827 = CARTESIAN_POINT('',(-0.395,0.667019369143,0.304399111887));
#7828 = CARTESIAN_POINT('',(-0.405,0.681527444282,0.304399111887));
#7829 = CARTESIAN_POINT('',(-0.395,0.681527444282,0.304399111887));
#7830 = CARTESIAN_POINT('',(-0.405,0.69401112966,0.294951998281));
#7831 = CARTESIAN_POINT('',(-0.395,0.69401112966,0.294951998281));
#7832 = CARTESIAN_POINT('',(-0.405,0.698734686464,0.282130908174));
#7833 = CARTESIAN_POINT('',(-0.395,0.698734686464,0.282130908174));
#7834 = ADVANCED_FACE('',(#7835),#7845,.F.);
#7835 = FACE_BOUND('',#7836,.F.);
#7836 = EDGE_LOOP('',(#7837,#7838,#7839,#7844));
#7837 = ORIENTED_EDGE('',*,*,#7820,.F.);
#7838 = ORIENTED_EDGE('',*,*,#7328,.T.);
#7839 = ORIENTED_EDGE('',*,*,#7840,.T.);
#7840 = EDGE_CURVE('',#7329,#2150,#7841,.T.);
#7841 = B_SPLINE_CURVE_WITH_KNOTS('',1,(#7842,#7843),.UNSPECIFIED.,.F.,
  .F.,(2,2),(0.,1.E-02),.PIECEWISE_BEZIER_KNOTS.);
#7842 = CARTESIAN_POINT('',(-0.405,0.718978506852,0.313171435343));
#7843 = CARTESIAN_POINT('',(-0.395,0.718978506852,0.313171435343));
#7844 = ORIENTED_EDGE('',*,*,#2158,.F.);
#7845 = B_SPLINE_SURFACE_WITH_KNOTS('',3,1,(
    (#7846,#7847)
    ,(#7848,#7849)
    ,(#7850,#7851)
    ,(#7852,#7853
    )),.UNSPECIFIED.,.F.,.F.,.F.,(4,4),(2,2),(17.,18.),(0.,1.),
  .PIECEWISE_BEZIER_KNOTS.);
#7846 = CARTESIAN_POINT('',(-0.405,0.698734686464,0.282130908174));
#7847 = CARTESIAN_POINT('',(-0.395,0.698734686464,0.282130908174));
#7848 = CARTESIAN_POINT('',(-0.405,0.71054358169,0.287529261564));
#7849 = CARTESIAN_POINT('',(-0.395,0.71054358169,0.287529261564));
#7850 = CARTESIAN_POINT('',(-0.405,0.718978506852,0.29933815679));
#7851 = CARTESIAN_POINT('',(-0.395,0.718978506852,0.29933815679));
#7852 = CARTESIAN_POINT('',(-0.405,0.718978506852,0.313171435343));
#7853 = CARTESIAN_POINT('',(-0.395,0.718978506852,0.313171435343));
#7854 = ADVANCED_FACE('',(#7855),#7865,.F.);
#7855 = FACE_BOUND('',#7856,.F.);
#7856 = EDGE_LOOP('',(#7857,#7858,#7859,#7864));
#7857 = ORIENTED_EDGE('',*,*,#7840,.F.);
#7858 = ORIENTED_EDGE('',*,*,#7337,.T.);
#7859 = ORIENTED_EDGE('',*,*,#7860,.T.);
#7860 = EDGE_CURVE('',#7338,#2141,#7861,.T.);
#7861 = B_SPLINE_CURVE_WITH_KNOTS('',1,(#7862,#7863),.UNSPECIFIED.,.F.,
  .F.,(2,2),(0.,1.E-02),.PIECEWISE_BEZIER_KNOTS.);
#7862 = CARTESIAN_POINT('',(-0.405,0.685238806205,0.346911135989));
#7863 = CARTESIAN_POINT('',(-0.395,0.685238806205,0.346911135989));
#7864 = ORIENTED_EDGE('',*,*,#2149,.F.);
#7865 = B_SPLINE_SURFACE_WITH_KNOTS('',3,1,(
    (#7866,#7867)
    ,(#7868,#7869)
    ,(#7870,#7871)
    ,(#7872,#7873
    )),.UNSPECIFIED.,.F.,.F.,.F.,(4,4),(2,2),(18.,19.),(0.,1.),
  .PIECEWISE_BEZIER_KNOTS.);
#7866 = CARTESIAN_POINT('',(-0.405,0.718978506852,0.313171435343));
#7867 = CARTESIAN_POINT('',(-0.395,0.718978506852,0.313171435343));
#7868 = CARTESIAN_POINT('',(-0.405,0.718978506852,0.331728270698));
#7869 = CARTESIAN_POINT('',(-0.395,0.718978506852,0.331728270698));
#7870 = CARTESIAN_POINT('',(-0.405,0.703795641561,0.346911135989));
#7871 = CARTESIAN_POINT('',(-0.395,0.703795641561,0.346911135989));
#7872 = CARTESIAN_POINT('',(-0.405,0.685238806205,0.346911135989));
#7873 = CARTESIAN_POINT('',(-0.395,0.685238806205,0.346911135989));
#7874 = ADVANCED_FACE('',(#7875),#7885,.F.);
#7875 = FACE_BOUND('',#7876,.F.);
#7876 = EDGE_LOOP('',(#7877,#7878,#7879,#7884));
#7877 = ORIENTED_EDGE('',*,*,#7860,.F.);
#7878 = ORIENTED_EDGE('',*,*,#7346,.T.);
#7879 = ORIENTED_EDGE('',*,*,#7880,.T.);
#7880 = EDGE_CURVE('',#7347,#2132,#7881,.T.);
#7881 = B_SPLINE_CURVE_WITH_KNOTS('',1,(#7882,#7883),.UNSPECIFIED.,.F.,
  .F.,(2,2),(0.,1.E-02),.PIECEWISE_BEZIER_KNOTS.);
#7882 = CARTESIAN_POINT('',(-0.405,0.667356767436,0.341850180892));
#7883 = CARTESIAN_POINT('',(-0.395,0.667356767436,0.341850180892));
#7884 = ORIENTED_EDGE('',*,*,#2140,.F.);
#7885 = B_SPLINE_SURFACE_WITH_KNOTS('',3,1,(
    (#7886,#7887)
    ,(#7888,#7889)
    ,(#7890,#7891)
    ,(#7892,#7893
    )),.UNSPECIFIED.,.F.,.F.,.F.,(4,4),(2,2),(19.,20.),(0.,1.),
  .PIECEWISE_BEZIER_KNOTS.);
#7886 = CARTESIAN_POINT('',(-0.405,0.685238806205,0.346911135989));
#7887 = CARTESIAN_POINT('',(-0.395,0.685238806205,0.346911135989));
#7888 = CARTESIAN_POINT('',(-0.405,0.678828264369,0.346911135989));
#7889 = CARTESIAN_POINT('',(-0.395,0.678828264369,0.346911135989));
#7890 = CARTESIAN_POINT('',(-0.405,0.672417722533,0.344886752664));
#7891 = CARTESIAN_POINT('',(-0.395,0.672417722533,0.344886752664));
#7892 = CARTESIAN_POINT('',(-0.405,0.667356767436,0.341850180892));
#7893 = CARTESIAN_POINT('',(-0.395,0.667356767436,0.341850180892));
#7894 = ADVANCED_FACE('',(#7895),#7905,.F.);
#7895 = FACE_BOUND('',#7896,.F.);
#7896 = EDGE_LOOP('',(#7897,#7898,#7899,#7904));
#7897 = ORIENTED_EDGE('',*,*,#7880,.F.);
#7898 = ORIENTED_EDGE('',*,*,#7355,.T.);
#7899 = ORIENTED_EDGE('',*,*,#7900,.T.);
#7900 = EDGE_CURVE('',#7356,#2123,#7901,.T.);
#7901 = B_SPLINE_CURVE_WITH_KNOTS('',1,(#7902,#7903),.UNSPECIFIED.,.F.,
  .F.,(2,2),(0.,1.E-02),.PIECEWISE_BEZIER_KNOTS.);
#7902 = CARTESIAN_POINT('',(-0.405,0.622145576292,0.374240275494));
#7903 = CARTESIAN_POINT('',(-0.395,0.622145576292,0.374240275494));
#7904 = ORIENTED_EDGE('',*,*,#2131,.F.);
#7905 = B_SPLINE_SURFACE_WITH_KNOTS('',3,1,(
    (#7906,#7907)
    ,(#7908,#7909)
    ,(#7910,#7911)
    ,(#7912,#7913
    )),.UNSPECIFIED.,.F.,.F.,.F.,(4,4),(2,2),(20.,21.),(0.,1.),
  .PIECEWISE_BEZIER_KNOTS.);
#7906 = CARTESIAN_POINT('',(-0.405,0.667356767436,0.341850180892));
#7907 = CARTESIAN_POINT('',(-0.395,0.667356767436,0.341850180892));
#7908 = CARTESIAN_POINT('',(-0.405,0.660946232036,0.360744395236));
#7909 = CARTESIAN_POINT('',(-0.395,0.660946232036,0.360744395236));
#7910 = CARTESIAN_POINT('',(-0.405,0.643401585125,0.374240275494));
#7911 = CARTESIAN_POINT('',(-0.395,0.643401585125,0.374240275494));
#7912 = CARTESIAN_POINT('',(-0.405,0.622145576292,0.374240275494));
#7913 = CARTESIAN_POINT('',(-0.395,0.622145576292,0.374240275494));
#7914 = ADVANCED_FACE('',(#7915),#7925,.F.);
#7915 = FACE_BOUND('',#7916,.F.);
#7916 = EDGE_LOOP('',(#7917,#7918,#7919,#7924));
#7917 = ORIENTED_EDGE('',*,*,#7900,.F.);
#7918 = ORIENTED_EDGE('',*,*,#7364,.T.);
#7919 = ORIENTED_EDGE('',*,*,#7920,.T.);
#7920 = EDGE_CURVE('',#7365,#2114,#7921,.T.);
#7921 = B_SPLINE_CURVE_WITH_KNOTS('',1,(#7922,#7923),.UNSPECIFIED.,.F.,
  .F.,(2,2),(0.,1.E-02),.PIECEWISE_BEZIER_KNOTS.);
#7922 = CARTESIAN_POINT('',(-0.405,0.574909995387,0.332065649686));
#7923 = CARTESIAN_POINT('',(-0.395,0.574909995387,0.332065649686));
#7924 = ORIENTED_EDGE('',*,*,#2122,.F.);
#7925 = B_SPLINE_SURFACE_WITH_KNOTS('',3,1,(
    (#7926,#7927)
    ,(#7928,#7929)
    ,(#7930,#7931)
    ,(#7932,#7933
    )),.UNSPECIFIED.,.F.,.F.,.F.,(4,4),(2,2),(21.,22.),(0.,1.),
  .PIECEWISE_BEZIER_KNOTS.);
#7926 = CARTESIAN_POINT('',(-0.405,0.622145576292,0.374240275494));
#7927 = CARTESIAN_POINT('',(-0.395,0.622145576292,0.374240275494));
#7928 = CARTESIAN_POINT('',(-0.405,0.597852989252,0.374240275494));
#7929 = CARTESIAN_POINT('',(-0.395,0.597852989252,0.374240275494));
#7930 = CARTESIAN_POINT('',(-0.405,0.577609168864,0.355683440138));
#7931 = CARTESIAN_POINT('',(-0.395,0.577609168864,0.355683440138));
#7932 = CARTESIAN_POINT('',(-0.405,0.574909995387,0.332065649686));
#7933 = CARTESIAN_POINT('',(-0.395,0.574909995387,0.332065649686));
#7934 = ADVANCED_FACE('',(#7935),#7945,.F.);
#7935 = FACE_BOUND('',#7936,.T.);
#7936 = EDGE_LOOP('',(#7937,#7938,#7943,#7944));
#7937 = ORIENTED_EDGE('',*,*,#2113,.T.);
#7938 = ORIENTED_EDGE('',*,*,#7939,.F.);
#7939 = EDGE_CURVE('',#7374,#2105,#7940,.T.);
#7940 = B_SPLINE_CURVE_WITH_KNOTS('',1,(#7941,#7942),.UNSPECIFIED.,.F.,
  .F.,(2,2),(0.,1.E-02),.PIECEWISE_BEZIER_KNOTS.);
#7941 = CARTESIAN_POINT('',(-0.405,0.572210821909,0.332065649686));
#7942 = CARTESIAN_POINT('',(-0.395,0.572210821909,0.332065649686));
#7943 = ORIENTED_EDGE('',*,*,#7373,.F.);
#7944 = ORIENTED_EDGE('',*,*,#7920,.T.);
#7945 = B_SPLINE_SURFACE_WITH_KNOTS('',1,1,(
    (#7946,#7947)
    ,(#7948,#7949
    )),.UNSPECIFIED.,.F.,.F.,.F.,(2,2),(2,2),(-1.694065894509E-18,
    2.699173477647E-03),(0.,1.E-02),.PIECEWISE_BEZIER_KNOTS.);
#7946 = CARTESIAN_POINT('',(-0.405,0.574909995387,0.332065649686));
#7947 = CARTESIAN_POINT('',(-0.395,0.574909995387,0.332065649686));
#7948 = CARTESIAN_POINT('',(-0.405,0.572210821909,0.332065649686));
#7949 = CARTESIAN_POINT('',(-0.395,0.572210821909,0.332065649686));
#7950 = ADVANCED_FACE('',(#7951),#7961,.F.);
#7951 = FACE_BOUND('',#7952,.F.);
#7952 = EDGE_LOOP('',(#7953,#7954,#7955,#7960));
#7953 = ORIENTED_EDGE('',*,*,#7939,.F.);
#7954 = ORIENTED_EDGE('',*,*,#7382,.T.);
#7955 = ORIENTED_EDGE('',*,*,#7956,.T.);
#7956 = EDGE_CURVE('',#7383,#2096,#7957,.T.);
#7957 = B_SPLINE_CURVE_WITH_KNOTS('',1,(#7958,#7959),.UNSPECIFIED.,.F.,
  .F.,(2,2),(0.,1.E-02),.PIECEWISE_BEZIER_KNOTS.);
#7958 = CARTESIAN_POINT('',(-0.405,0.545893857979,0.305748685756));
#7959 = CARTESIAN_POINT('',(-0.395,0.545893857979,0.305748685756));
#7960 = ORIENTED_EDGE('',*,*,#2104,.F.);
#7961 = B_SPLINE_SURFACE_WITH_KNOTS('',3,1,(
    (#7962,#7963)
    ,(#7964,#7965)
    ,(#7966,#7967)
    ,(#7968,#7969
    )),.UNSPECIFIED.,.F.,.F.,.F.,(4,4),(2,2),(23.,24.),(0.,1.),
  .PIECEWISE_BEZIER_KNOTS.);
#7962 = CARTESIAN_POINT('',(-0.405,0.572210821909,0.332065649686));
#7963 = CARTESIAN_POINT('',(-0.395,0.572210821909,0.332065649686));
#7964 = CARTESIAN_POINT('',(-0.405,0.557702753205,0.332065649686));
#7965 = CARTESIAN_POINT('',(-0.395,0.557702753205,0.332065649686));
#7966 = CARTESIAN_POINT('',(-0.405,0.545893857979,0.32025675446));
#7967 = CARTESIAN_POINT('',(-0.395,0.545893857979,0.32025675446));
#7968 = CARTESIAN_POINT('',(-0.405,0.545893857979,0.305748685756));
#7969 = CARTESIAN_POINT('',(-0.395,0.545893857979,0.305748685756));
#7970 = ADVANCED_FACE('',(#7971),#7981,.F.);
#7971 = FACE_BOUND('',#7972,.F.);
#7972 = EDGE_LOOP('',(#7973,#7974,#7975,#7980));
#7973 = ORIENTED_EDGE('',*,*,#7956,.F.);
#7974 = ORIENTED_EDGE('',*,*,#7391,.T.);
#7975 = ORIENTED_EDGE('',*,*,#7976,.T.);
#7976 = EDGE_CURVE('',#7392,#2089,#7977,.T.);
#7977 = B_SPLINE_CURVE_WITH_KNOTS('',1,(#7978,#7979),.UNSPECIFIED.,.F.,
  .F.,(2,2),(0.,1.E-02),.PIECEWISE_BEZIER_KNOTS.);
#7978 = CARTESIAN_POINT('',(-0.405,0.570186445018,0.279431721825));
#7979 = CARTESIAN_POINT('',(-0.395,0.570186445018,0.279431721825));
#7980 = ORIENTED_EDGE('',*,*,#2095,.F.);
#7981 = B_SPLINE_SURFACE_WITH_KNOTS('',3,1,(
    (#7982,#7983)
    ,(#7984,#7985)
    ,(#7986,#7987)
    ,(#7988,#7989
    )),.UNSPECIFIED.,.F.,.F.,.F.,(4,4),(2,2),(24.,25.),(0.,1.),
  .PIECEWISE_BEZIER_KNOTS.);
#7982 = CARTESIAN_POINT('',(-0.405,0.545893857979,0.305748685756));
#7983 = CARTESIAN_POINT('',(-0.395,0.545893857979,0.305748685756));
#7984 = CARTESIAN_POINT('',(-0.405,0.545893857979,0.291915407203));
#7985 = CARTESIAN_POINT('',(-0.395,0.545893857979,0.291915407203));
#7986 = CARTESIAN_POINT('',(-0.405,0.556353160031,0.280443910271));
#7987 = CARTESIAN_POINT('',(-0.395,0.556353160031,0.280443910271));
#7988 = CARTESIAN_POINT('',(-0.405,0.570186445018,0.279431721825));
#7989 = CARTESIAN_POINT('',(-0.395,0.570186445018,0.279431721825));
#7990 = ADVANCED_FACE('',(#7991),#8001,.F.);
#7991 = FACE_BOUND('',#7992,.T.);
#7992 = EDGE_LOOP('',(#7993,#7994,#7999,#8000));
#7993 = ORIENTED_EDGE('',*,*,#2088,.T.);
#7994 = ORIENTED_EDGE('',*,*,#7995,.F.);
#7995 = EDGE_CURVE('',#7401,#2080,#7996,.T.);
#7996 = B_SPLINE_CURVE_WITH_KNOTS('',1,(#7997,#7998),.UNSPECIFIED.,.F.,
  .F.,(2,2),(0.,1.E-02),.PIECEWISE_BEZIER_KNOTS.);
#7997 = CARTESIAN_POINT('',(-0.405,0.585369310309,0.279431721825));
#7998 = CARTESIAN_POINT('',(-0.395,0.585369310309,0.279431721825));
#7999 = ORIENTED_EDGE('',*,*,#7400,.F.);
#8000 = ORIENTED_EDGE('',*,*,#7976,.T.);
#8001 = B_SPLINE_SURFACE_WITH_KNOTS('',1,1,(
    (#8002,#8003)
    ,(#8004,#8005
    )),.UNSPECIFIED.,.F.,.F.,.F.,(2,2),(2,2),(-5.946042753636E-31,
    1.518286529103E-02),(-5.551115123126E-17,1.E-02),
  .PIECEWISE_BEZIER_KNOTS.);
#8002 = CARTESIAN_POINT('',(-0.405,0.570186445018,0.279431721825));
#8003 = CARTESIAN_POINT('',(-0.395,0.570186445018,0.279431721825));
#8004 = CARTESIAN_POINT('',(-0.405,0.585369310309,0.279431721825));
#8005 = CARTESIAN_POINT('',(-0.395,0.585369310309,0.279431721825));
#8006 = ADVANCED_FACE('',(#8007),#8017,.F.);
#8007 = FACE_BOUND('',#8008,.F.);
#8008 = EDGE_LOOP('',(#8009,#8010,#8011,#8016));
#8009 = ORIENTED_EDGE('',*,*,#7995,.F.);
#8010 = ORIENTED_EDGE('',*,*,#7407,.T.);
#8011 = ORIENTED_EDGE('',*,*,#8012,.T.);
#8012 = EDGE_CURVE('',#7408,#2071,#8013,.T.);
#8013 = B_SPLINE_CURVE_WITH_KNOTS('',1,(#8014,#8015),.UNSPECIFIED.,.F.,
  .F.,(2,2),(0.,1.E-02),.PIECEWISE_BEZIER_KNOTS.);
#8014 = CARTESIAN_POINT('',(-0.405,0.5873936872,0.279769113684));
#8015 = CARTESIAN_POINT('',(-0.395,0.5873936872,0.279769113684));
#8016 = ORIENTED_EDGE('',*,*,#2079,.F.);
#8017 = B_SPLINE_SURFACE_WITH_KNOTS('',3,1,(
    (#8018,#8019)
    ,(#8020,#8021)
    ,(#8022,#8023)
    ,(#8024,#8025
    )),.UNSPECIFIED.,.F.,.F.,.F.,(4,4),(2,2),(26.,27.),(0.,1.),
  .PIECEWISE_BEZIER_KNOTS.);
#8018 = CARTESIAN_POINT('',(-0.405,0.585369310309,0.279431721825));
#8019 = CARTESIAN_POINT('',(-0.395,0.585369310309,0.279431721825));
#8020 = CARTESIAN_POINT('',(-0.405,0.586044106896,0.279431721825));
#8021 = CARTESIAN_POINT('',(-0.395,0.586044106896,0.279431721825));
#8022 = CARTESIAN_POINT('',(-0.405,0.586718903484,0.279769113684));
#8023 = CARTESIAN_POINT('',(-0.395,0.586718903484,0.279769113684));
#8024 = CARTESIAN_POINT('',(-0.405,0.5873936872,0.279769113684));
#8025 = CARTESIAN_POINT('',(-0.395,0.5873936872,0.279769113684));
#8026 = ADVANCED_FACE('',(#8027),#8037,.F.);
#8027 = FACE_BOUND('',#8028,.F.);
#8028 = EDGE_LOOP('',(#8029,#8030,#8031,#8036));
#8029 = ORIENTED_EDGE('',*,*,#8012,.F.);
#8030 = ORIENTED_EDGE('',*,*,#7416,.T.);
#8031 = ORIENTED_EDGE('',*,*,#8032,.T.);
#8032 = EDGE_CURVE('',#7417,#2062,#8033,.T.);
#8033 = B_SPLINE_CURVE_WITH_KNOTS('',1,(#8034,#8035),.UNSPECIFIED.,.F.,
  .F.,(2,2),(0.,1.E-02),.PIECEWISE_BEZIER_KNOTS.);
#8034 = CARTESIAN_POINT('',(-0.405,0.597852989252,0.269309811631));
#8035 = CARTESIAN_POINT('',(-0.395,0.597852989252,0.269309811631));
#8036 = ORIENTED_EDGE('',*,*,#2070,.F.);
#8037 = B_SPLINE_SURFACE_WITH_KNOTS('',3,1,(
    (#8038,#8039)
    ,(#8040,#8041)
    ,(#8042,#8043)
    ,(#8044,#8045
    )),.UNSPECIFIED.,.F.,.F.,.F.,(4,4),(2,2),(27.,28.),(0.,1.),
  .PIECEWISE_BEZIER_KNOTS.);
#8038 = CARTESIAN_POINT('',(-0.405,0.5873936872,0.279769113684));
#8039 = CARTESIAN_POINT('',(-0.395,0.5873936872,0.279769113684));
#8040 = CARTESIAN_POINT('',(-0.405,0.593129438884,0.279769113684));
#8041 = CARTESIAN_POINT('',(-0.395,0.593129438884,0.279769113684));
#8042 = CARTESIAN_POINT('',(-0.405,0.597852989252,0.275045550445));
#8043 = CARTESIAN_POINT('',(-0.395,0.597852989252,0.275045550445));
#8044 = CARTESIAN_POINT('',(-0.405,0.597852989252,0.269309811631));
#8045 = CARTESIAN_POINT('',(-0.395,0.597852989252,0.269309811631));
#8046 = ADVANCED_FACE('',(#8047),#8057,.F.);
#8047 = FACE_BOUND('',#8048,.F.);
#8048 = EDGE_LOOP('',(#8049,#8050,#8051,#8056));
#8049 = ORIENTED_EDGE('',*,*,#8032,.F.);
#8050 = ORIENTED_EDGE('',*,*,#7425,.T.);
#8051 = ORIENTED_EDGE('',*,*,#8052,.T.);
#8052 = EDGE_CURVE('',#7426,#2055,#8053,.T.);
#8053 = B_SPLINE_CURVE_WITH_KNOTS('',1,(#8054,#8055),.UNSPECIFIED.,.F.,
  .F.,(2,2),(0.,1.E-02),.PIECEWISE_BEZIER_KNOTS.);
#8054 = CARTESIAN_POINT('',(-0.405,0.588068470916,0.258850509579));
#8055 = CARTESIAN_POINT('',(-0.395,0.588068470916,0.258850509579));
#8056 = ORIENTED_EDGE('',*,*,#2061,.F.);
#8057 = B_SPLINE_SURFACE_WITH_KNOTS('',3,1,(
    (#8058,#8059)
    ,(#8060,#8061)
    ,(#8062,#8063)
    ,(#8064,#8065
    )),.UNSPECIFIED.,.F.,.F.,.F.,(4,4),(2,2),(28.,29.),(0.,1.),
  .PIECEWISE_BEZIER_KNOTS.);
#8058 = CARTESIAN_POINT('',(-0.405,0.597852989252,0.269309811631));
#8059 = CARTESIAN_POINT('',(-0.395,0.597852989252,0.269309811631));
#8060 = CARTESIAN_POINT('',(-0.405,0.597852989252,0.263911464676));
#8061 = CARTESIAN_POINT('',(-0.395,0.597852989252,0.263911464676));
#8062 = CARTESIAN_POINT('',(-0.405,0.593466830742,0.259187901437));
#8063 = CARTESIAN_POINT('',(-0.395,0.593466830742,0.259187901437));
#8064 = CARTESIAN_POINT('',(-0.405,0.588068470916,0.258850509579));
#8065 = CARTESIAN_POINT('',(-0.395,0.588068470916,0.258850509579));
#8066 = ADVANCED_FACE('',(#8067),#8077,.F.);
#8067 = FACE_BOUND('',#8068,.T.);
#8068 = EDGE_LOOP('',(#8069,#8070,#8075,#8076));
#8069 = ORIENTED_EDGE('',*,*,#2054,.T.);
#8070 = ORIENTED_EDGE('',*,*,#8071,.F.);
#8071 = EDGE_CURVE('',#7435,#2046,#8072,.T.);
#8072 = B_SPLINE_CURVE_WITH_KNOTS('',1,(#8073,#8074),.UNSPECIFIED.,.F.,
  .F.,(2,2),(0.,1.E-02),.PIECEWISE_BEZIER_KNOTS.);
#8073 = CARTESIAN_POINT('',(-0.405,0.568162055257,0.258850509579));
#8074 = CARTESIAN_POINT('',(-0.395,0.568162055257,0.258850509579));
#8075 = ORIENTED_EDGE('',*,*,#7434,.F.);
#8076 = ORIENTED_EDGE('',*,*,#8052,.T.);
#8077 = B_SPLINE_SURFACE_WITH_KNOTS('',1,1,(
    (#8078,#8079)
    ,(#8080,#8081
    )),.UNSPECIFIED.,.F.,.F.,.F.,(2,2),(2,2),(-5.551115123126E-17,1.E-02
    ),(-1.012188445363E-03,1.889422721388E-02),
  .PIECEWISE_BEZIER_KNOTS.);
#8078 = CARTESIAN_POINT('',(-0.405,0.568162055257,0.258850509579));
#8079 = CARTESIAN_POINT('',(-0.405,0.588068470916,0.258850509579));
#8080 = CARTESIAN_POINT('',(-0.395,0.568162055257,0.258850509579));
#8081 = CARTESIAN_POINT('',(-0.395,0.588068470916,0.258850509579));
#8082 = ADVANCED_FACE('',(#8083),#8093,.F.);
#8083 = FACE_BOUND('',#8084,.F.);
#8084 = EDGE_LOOP('',(#8085,#8086,#8087,#8092));
#8085 = ORIENTED_EDGE('',*,*,#8071,.F.);
#8086 = ORIENTED_EDGE('',*,*,#7441,.T.);
#8087 = ORIENTED_EDGE('',*,*,#8088,.T.);
#8088 = EDGE_CURVE('',#7442,#2037,#8089,.T.);
#8089 = B_SPLINE_CURVE_WITH_KNOTS('',1,(#8090,#8091),.UNSPECIFIED.,.F.,
  .F.,(2,2),(0.,1.E-02),.PIECEWISE_BEZIER_KNOTS.);
#8090 = CARTESIAN_POINT('',(-0.405,0.537458932817,0.27403337487));
#8091 = CARTESIAN_POINT('',(-0.395,0.537458932817,0.27403337487));
#8092 = ORIENTED_EDGE('',*,*,#2045,.F.);
#8093 = B_SPLINE_SURFACE_WITH_KNOTS('',3,1,(
    (#8094,#8095)
    ,(#8096,#8097)
    ,(#8098,#8099)
    ,(#8100,#8101
    )),.UNSPECIFIED.,.F.,.F.,.F.,(4,4),(2,2),(33.,34.),(0.,1.),
  .PIECEWISE_BEZIER_KNOTS.);
#8094 = CARTESIAN_POINT('',(-0.405,0.568162055257,0.258850509579));
#8095 = CARTESIAN_POINT('',(-0.395,0.568162055257,0.258850509579));
#8096 = CARTESIAN_POINT('',(-0.405,0.556353160031,0.259862698024));
#8097 = CARTESIAN_POINT('',(-0.395,0.556353160031,0.259862698024));
#8098 = CARTESIAN_POINT('',(-0.405,0.54555645325,0.26526105785));
#8099 = CARTESIAN_POINT('',(-0.395,0.54555645325,0.26526105785));
#8100 = CARTESIAN_POINT('',(-0.405,0.537458932817,0.27403337487));
#8101 = CARTESIAN_POINT('',(-0.395,0.537458932817,0.27403337487));
#8102 = ADVANCED_FACE('',(#8103),#8109,.F.);
#8103 = FACE_BOUND('',#8104,.F.);
#8104 = EDGE_LOOP('',(#8105,#8106,#8107,#8108));
#8105 = ORIENTED_EDGE('',*,*,#8088,.F.);
#8106 = ORIENTED_EDGE('',*,*,#7450,.T.);
#8107 = ORIENTED_EDGE('',*,*,#7490,.T.);
#8108 = ORIENTED_EDGE('',*,*,#2036,.F.);
#8109 = B_SPLINE_SURFACE_WITH_KNOTS('',3,1,(
    (#8110,#8111)
    ,(#8112,#8113)
    ,(#8114,#8115)
    ,(#8116,#8117
    )),.UNSPECIFIED.,.F.,.F.,.F.,(4,4),(2,2),(34.,35.),(0.,1.),
  .PIECEWISE_BEZIER_KNOTS.);
#8110 = CARTESIAN_POINT('',(-0.405,0.537458932817,0.27403337487));
#8111 = CARTESIAN_POINT('',(-0.395,0.537458932817,0.27403337487));
#8112 = CARTESIAN_POINT('',(-0.405,0.529361399514,0.28280569189));
#8113 = CARTESIAN_POINT('',(-0.395,0.529361399514,0.28280569189));
#8114 = CARTESIAN_POINT('',(-0.405,0.524975241004,0.294277195258));
#8115 = CARTESIAN_POINT('',(-0.395,0.524975241004,0.294277195258));
#8116 = CARTESIAN_POINT('',(-0.405,0.524975241004,0.306086090484));
#8117 = CARTESIAN_POINT('',(-0.395,0.524975241004,0.306086090484));
#8118 = ADVANCED_FACE('',(#8119),#8146,.T.);
#8119 = FACE_BOUND('',#8120,.T.);
#8120 = EDGE_LOOP('',(#8121,#8135,#8140,#8141));
#8121 = ORIENTED_EDGE('',*,*,#8122,.F.);
#8122 = EDGE_CURVE('',#8123,#8125,#8127,.T.);
#8123 = VERTEX_POINT('',#8124);
#8124 = CARTESIAN_POINT('',(-0.395,0.667356773872,0.256826106947));
#8125 = VERTEX_POINT('',#8126);
#8126 = CARTESIAN_POINT('',(-0.395,0.667356773872,0.283143083748));
#8127 = B_SPLINE_CURVE_WITH_KNOTS('',3,(#8128,#8129,#8130,#8131,#8132,
    #8133,#8134),.UNSPECIFIED.,.F.,.F.,(4,3,4),(0.,1.,2.),
  .PIECEWISE_BEZIER_KNOTS.);
#8128 = CARTESIAN_POINT('',(-0.395,0.667356773872,0.256826106947));
#8129 = CARTESIAN_POINT('',(-0.395,0.659934043591,0.256826106947));
#8130 = CARTESIAN_POINT('',(-0.395,0.654198291906,0.26289926336));
#8131 = CARTESIAN_POINT('',(-0.395,0.654198291906,0.269984595348));
#8132 = CARTESIAN_POINT('',(-0.395,0.654198291906,0.277407332064));
#8133 = CARTESIAN_POINT('',(-0.395,0.660271435449,0.283143083748));
#8134 = CARTESIAN_POINT('',(-0.395,0.667356773872,0.283143083748));
#8135 = ORIENTED_EDGE('',*,*,#8136,.F.);
#8136 = EDGE_CURVE('',#7460,#8123,#8137,.T.);
#8137 = B_SPLINE_CURVE_WITH_KNOTS('',1,(#8138,#8139),.UNSPECIFIED.,.F.,
  .F.,(2,2),(0.,1.E-02),.PIECEWISE_BEZIER_KNOTS.);
#8138 = CARTESIAN_POINT('',(-0.405,0.667356773872,0.256826106947));
#8139 = CARTESIAN_POINT('',(-0.395,0.667356773872,0.256826106947));
#8140 = ORIENTED_EDGE('',*,*,#7459,.T.);
#8141 = ORIENTED_EDGE('',*,*,#8142,.T.);
#8142 = EDGE_CURVE('',#7462,#8125,#8143,.T.);
#8143 = B_SPLINE_CURVE_WITH_KNOTS('',1,(#8144,#8145),.UNSPECIFIED.,.F.,
  .F.,(2,2),(5.551115123126E-17,1.E-02),.PIECEWISE_BEZIER_KNOTS.);
#8144 = CARTESIAN_POINT('',(-0.405,0.667356773872,0.283143083748));
#8145 = CARTESIAN_POINT('',(-0.395,0.667356773872,0.283143083748));
#8146 = B_SPLINE_SURFACE_WITH_KNOTS('',3,1,(
    (#8147,#8148)
    ,(#8149,#8150)
    ,(#8151,#8152)
    ,(#8153,#8154)
    ,(#8155,#8156)
    ,(#8157,#8158)
    ,(#8159,#8160
    )),.UNSPECIFIED.,.F.,.F.,.F.,(4,3,4),(2,2),(0.,1.,2.),(0.,1.),
  .PIECEWISE_BEZIER_KNOTS.);
#8147 = CARTESIAN_POINT('',(-0.405,0.667356773872,0.256826106947));
#8148 = CARTESIAN_POINT('',(-0.395,0.667356773872,0.256826106947));
#8149 = CARTESIAN_POINT('',(-0.405,0.659934043591,0.256826106947));
#8150 = CARTESIAN_POINT('',(-0.395,0.659934043591,0.256826106947));
#8151 = CARTESIAN_POINT('',(-0.405,0.654198291906,0.26289926336));
#8152 = CARTESIAN_POINT('',(-0.395,0.654198291906,0.26289926336));
#8153 = CARTESIAN_POINT('',(-0.405,0.654198291906,0.269984595348));
#8154 = CARTESIAN_POINT('',(-0.395,0.654198291906,0.269984595348));
#8155 = CARTESIAN_POINT('',(-0.405,0.654198291906,0.277407332064));
#8156 = CARTESIAN_POINT('',(-0.395,0.654198291906,0.277407332064));
#8157 = CARTESIAN_POINT('',(-0.405,0.660271435449,0.283143083748));
#8158 = CARTESIAN_POINT('',(-0.395,0.660271435449,0.283143083748));
#8159 = CARTESIAN_POINT('',(-0.405,0.667356773872,0.283143083748));
#8160 = CARTESIAN_POINT('',(-0.395,0.667356773872,0.283143083748));
#8161 = ADVANCED_FACE('',(#8162),#8176,.T.);
#8162 = FACE_BOUND('',#8163,.T.);
#8163 = EDGE_LOOP('',(#8164,#8173,#8174,#8175));
#8164 = ORIENTED_EDGE('',*,*,#8165,.F.);
#8165 = EDGE_CURVE('',#8125,#8123,#8166,.T.);
#8166 = B_SPLINE_CURVE_WITH_KNOTS('',3,(#8167,#8168,#8169,#8170,#8171,
    #8172),.UNSPECIFIED.,.F.,.F.,(4,2,4),(2.,3.,4.),.UNSPECIFIED.);
#8167 = CARTESIAN_POINT('',(-0.395,0.667356773872,0.283143083748));
#8168 = CARTESIAN_POINT('',(-0.395,0.674442112294,0.283143083748));
#8169 = CARTESIAN_POINT('',(-0.395,0.680515255837,0.277407332064));
#8170 = CARTESIAN_POINT('',(-0.395,0.680515255837,0.262561858631));
#8171 = CARTESIAN_POINT('',(-0.395,0.674442112294,0.256826106947));
#8172 = CARTESIAN_POINT('',(-0.395,0.667356773872,0.256826106947));
#8173 = ORIENTED_EDGE('',*,*,#8142,.F.);
#8174 = ORIENTED_EDGE('',*,*,#7473,.T.);
#8175 = ORIENTED_EDGE('',*,*,#8136,.T.);
#8176 = B_SPLINE_SURFACE_WITH_KNOTS('',3,1,(
    (#8177,#8178)
    ,(#8179,#8180)
    ,(#8181,#8182)
    ,(#8183,#8184)
    ,(#8185,#8186)
    ,(#8187,#8188
    )),.UNSPECIFIED.,.F.,.F.,.F.,(4,2,4),(2,2),(2.,3.,4.),(0.,1.),
  .UNSPECIFIED.);
#8177 = CARTESIAN_POINT('',(-0.405,0.667356773872,0.283143083748));
#8178 = CARTESIAN_POINT('',(-0.395,0.667356773872,0.283143083748));
#8179 = CARTESIAN_POINT('',(-0.405,0.674442112294,0.283143083748));
#8180 = CARTESIAN_POINT('',(-0.395,0.674442112294,0.283143083748));
#8181 = CARTESIAN_POINT('',(-0.405,0.680515255837,0.277407332064));
#8182 = CARTESIAN_POINT('',(-0.395,0.680515255837,0.277407332064));
#8183 = CARTESIAN_POINT('',(-0.405,0.680515255837,0.262561858631));
#8184 = CARTESIAN_POINT('',(-0.395,0.680515255837,0.262561858631));
#8185 = CARTESIAN_POINT('',(-0.405,0.674442112294,0.256826106947));
#8186 = CARTESIAN_POINT('',(-0.395,0.674442112294,0.256826106947));
#8187 = CARTESIAN_POINT('',(-0.405,0.667356773872,0.256826106947));
#8188 = CARTESIAN_POINT('',(-0.395,0.667356773872,0.256826106947));
#8189 = ADVANCED_FACE('',(#8190),#8194,.F.);
#8190 = FACE_BOUND('',#8191,.T.);
#8191 = EDGE_LOOP('',(#8192,#8193));
#8192 = ORIENTED_EDGE('',*,*,#8165,.T.);
#8193 = ORIENTED_EDGE('',*,*,#8122,.T.);
#8194 = B_SPLINE_SURFACE_WITH_KNOTS('',1,1,(
    (#8195,#8196)
    ,(#8197,#8198
    )),.UNSPECIFIED.,.F.,.F.,.F.,(2,2),(2,2),(-0.145801708094,
    -0.119484744163),(-0.183173993053,-0.156857016252),
  .PIECEWISE_BEZIER_KNOTS.);
#8195 = CARTESIAN_POINT('',(-0.395,0.654198291906,0.256826106947));
#8196 = CARTESIAN_POINT('',(-0.395,0.654198291906,0.283143083748));
#8197 = CARTESIAN_POINT('',(-0.395,0.680515255837,0.256826106947));
#8198 = CARTESIAN_POINT('',(-0.395,0.680515255837,0.283143083748));
#8199 = ( GEOMETRIC_REPRESENTATION_CONTEXT(3) 
GLOBAL_UNCERTAINTY_ASSIGNED_CONTEXT((#8203)) 
GLOBAL_UNIT_ASSIGNED_CONTEXT((#8200,#8201,#8202)) REPRESENTATION_CONTEXT
('Context #1','3D Context with UNIT and UNCERTAINTY') );
#8200 = ( LENGTH_UNIT() NAMED_UNIT(*) SI_UNIT(.MILLI.,.METRE.) );
#8201 = ( NAMED_UNIT(*) PLANE_ANGLE_UNIT() SI_UNIT($,.RADIAN.) );
#8202 = ( NAMED_UNIT(*) SI_UNIT($,.STERADIAN.) SOLID_ANGLE_UNIT() );
#8203 = UNCERTAINTY_MEASURE_WITH_UNIT(LENGTH_MEASURE(1.E-07),#8200,
  'distance_accuracy_value','confusion accuracy');
#8204 = PRODUCT_RELATED_PRODUCT_CATEGORY('part',$,(#7));
#8205 = MECHANICAL_DESIGN_GEOMETRIC_PRESENTATION_REPRESENTATION('',(
    #8206,#8214,#8222,#8229,#8236,#8243,#8250,#8257,#8264,#8271,#8278,
    #8285,#8292,#8299,#8306,#8313,#8320,#8328,#8335,#8342,#8349,#8356,
    #8363,#8370,#8377,#8384,#8391,#8398,#8405,#8412,#8419,#8426,#8433,
    #8440,#8447,#8454,#8461,#8468,#8475,#8483,#8490,#8497,#8504,#8511,
    #8518,#8526,#8533,#8540,#8547,#8554,#8561,#8568,#8575,#8582,#8589,
    #8596,#8603,#8610,#8617,#8624,#8631,#8638,#8645,#8652,#8659,#8666,
    #8673,#8680,#8687,#8694,#8701,#8708,#8715,#8722,#8729,#8736,#8743,
    #8750,#8757,#8764,#8771,#8778,#8785,#8792,#8799,#8806,#8813,#8820,
    #8827,#8834,#8841,#8848,#8855,#8862,#8869,#8876,#8883,#8890,#8897,
    #8904,#8911,#8918,#8925,#8932,#8939,#8946,#8953,#8960,#8967,#8974,
    #8981,#8988,#8995,#9002,#9009,#9016,#9023,#9030,#9037,#9044,#9051,
    #9058,#9065,#9072,#9079,#9086,#9093,#9100,#9107,#9114,#9121,#9128,
    #9135,#9142,#9149,#9156,#9163,#9170,#9177,#9184,#9191,#9198,#9205,
    #9212,#9219,#9226,#9233,#9240,#9247,#9254,#9261,#9268,#9275,#9282,
    #9289,#9296,#9303,#9310,#9317,#9324,#9331,#9338,#9345,#9352,#9359,
    #9366,#9373,#9380,#9387,#9394,#9401,#9408,#9415,#9422,#9429,#9436,
    #9443,#9450,#9457,#9464,#9471,#9478,#9485,#9492,#9499,#9506,#9513,
    #9520,#9527,#9534,#9541,#9548,#9555,#9562,#9569,#9576,#9583,#9590,
    #9597,#9604,#9611,#9618,#9625,#9632,#9639,#9646,#9653,#9660,#9667,
    #9674,#9681,#9688,#9695,#9702,#9709,#9716,#9723,#9730,#9737,#9744,
    #9751,#9758,#9765,#9772,#9779,#9786,#9793,#9800,#9807,#9814,#9821,
    #9828,#9835,#9842,#9849,#9856,#9863,#9870,#9877,#9884,#9891,#9898,
    #9905,#9912,#9919,#9926,#9933,#9940,#9947,#9954,#9961,#9968,#9975,
    #9982,#9989,#9996,#10003,#10010,#10017,#10024,#10031,#10038,#10045,
    #10052,#10059,#10066,#10073,#10080),#8199);
#8206 = STYLED_ITEM('color',(#8207),#15);
#8207 = PRESENTATION_STYLE_ASSIGNMENT((#8208));
#8208 = SURFACE_STYLE_USAGE(.BOTH.,#8209);
#8209 = SURFACE_SIDE_STYLE('',(#8210));
#8210 = SURFACE_STYLE_FILL_AREA(#8211);
#8211 = FILL_AREA_STYLE('',(#8212));
#8212 = FILL_AREA_STYLE_COLOUR('',#8213);
#8213 = COLOUR_RGB('',0.501960785193,0.250980388104,0.);
#8214 = OVER_RIDING_STYLED_ITEM('overriding color',(#8215),#17,#8206);
#8215 = PRESENTATION_STYLE_ASSIGNMENT((#8216));
#8216 = SURFACE_STYLE_USAGE(.BOTH.,#8217);
#8217 = SURFACE_SIDE_STYLE('',(#8218));
#8218 = SURFACE_STYLE_FILL_AREA(#8219);
#8219 = FILL_AREA_STYLE('',(#8220));
#8220 = FILL_AREA_STYLE_COLOUR('',#8221);
#8221 = DRAUGHTING_PRE_DEFINED_COLOUR('white');
#8222 = OVER_RIDING_STYLED_ITEM('overriding color',(#8223),#53,#8206);
#8223 = PRESENTATION_STYLE_ASSIGNMENT((#8224));
#8224 = SURFACE_STYLE_USAGE(.BOTH.,#8225);
#8225 = SURFACE_SIDE_STYLE('',(#8226));
#8226 = SURFACE_STYLE_FILL_AREA(#8227);
#8227 = FILL_AREA_STYLE('',(#8228));
#8228 = FILL_AREA_STYLE_COLOUR('',#8221);
#8229 = OVER_RIDING_STYLED_ITEM('overriding color',(#8230),#81,#8206);
#8230 = PRESENTATION_STYLE_ASSIGNMENT((#8231));
#8231 = SURFACE_STYLE_USAGE(.BOTH.,#8232);
#8232 = SURFACE_SIDE_STYLE('',(#8233));
#8233 = SURFACE_STYLE_FILL_AREA(#8234);
#8234 = FILL_AREA_STYLE('',(#8235));
#8235 = FILL_AREA_STYLE_COLOUR('',#8221);
#8236 = OVER_RIDING_STYLED_ITEM('overriding color',(#8237),#137,#8206);
#8237 = PRESENTATION_STYLE_ASSIGNMENT((#8238));
#8238 = SURFACE_STYLE_USAGE(.BOTH.,#8239);
#8239 = SURFACE_SIDE_STYLE('',(#8240));
#8240 = SURFACE_STYLE_FILL_AREA(#8241);
#8241 = FILL_AREA_STYLE('',(#8242));
#8242 = FILL_AREA_STYLE_COLOUR('',#8221);
#8243 = OVER_RIDING_STYLED_ITEM('overriding color',(#8244),#165,#8206);
#8244 = PRESENTATION_STYLE_ASSIGNMENT((#8245));
#8245 = SURFACE_STYLE_USAGE(.BOTH.,#8246);
#8246 = SURFACE_SIDE_STYLE('',(#8247));
#8247 = SURFACE_STYLE_FILL_AREA(#8248);
#8248 = FILL_AREA_STYLE('',(#8249));
#8249 = FILL_AREA_STYLE_COLOUR('',#8221);
#8250 = OVER_RIDING_STYLED_ITEM('overriding color',(#8251),#221,#8206);
#8251 = PRESENTATION_STYLE_ASSIGNMENT((#8252));
#8252 = SURFACE_STYLE_USAGE(.BOTH.,#8253);
#8253 = SURFACE_SIDE_STYLE('',(#8254));
#8254 = SURFACE_STYLE_FILL_AREA(#8255);
#8255 = FILL_AREA_STYLE('',(#8256));
#8256 = FILL_AREA_STYLE_COLOUR('',#8221);
#8257 = OVER_RIDING_STYLED_ITEM('overriding color',(#8258),#249,#8206);
#8258 = PRESENTATION_STYLE_ASSIGNMENT((#8259));
#8259 = SURFACE_STYLE_USAGE(.BOTH.,#8260);
#8260 = SURFACE_SIDE_STYLE('',(#8261));
#8261 = SURFACE_STYLE_FILL_AREA(#8262);
#8262 = FILL_AREA_STYLE('',(#8263));
#8263 = FILL_AREA_STYLE_COLOUR('',#8221);
#8264 = OVER_RIDING_STYLED_ITEM('overriding color',(#8265),#277,#8206);
#8265 = PRESENTATION_STYLE_ASSIGNMENT((#8266));
#8266 = SURFACE_STYLE_USAGE(.BOTH.,#8267);
#8267 = SURFACE_SIDE_STYLE('',(#8268));
#8268 = SURFACE_STYLE_FILL_AREA(#8269);
#8269 = FILL_AREA_STYLE('',(#8270));
#8270 = FILL_AREA_STYLE_COLOUR('',#8221);
#8271 = OVER_RIDING_STYLED_ITEM('overriding color',(#8272),#297,#8206);
#8272 = PRESENTATION_STYLE_ASSIGNMENT((#8273));
#8273 = SURFACE_STYLE_USAGE(.BOTH.,#8274);
#8274 = SURFACE_SIDE_STYLE('',(#8275));
#8275 = SURFACE_STYLE_FILL_AREA(#8276);
#8276 = FILL_AREA_STYLE('',(#8277));
#8277 = FILL_AREA_STYLE_COLOUR('',#8221);
#8278 = OVER_RIDING_STYLED_ITEM('overriding color',(#8279),#317,#8206);
#8279 = PRESENTATION_STYLE_ASSIGNMENT((#8280));
#8280 = SURFACE_STYLE_USAGE(.BOTH.,#8281);
#8281 = SURFACE_SIDE_STYLE('',(#8282));
#8282 = SURFACE_STYLE_FILL_AREA(#8283);
#8283 = FILL_AREA_STYLE('',(#8284));
#8284 = FILL_AREA_STYLE_COLOUR('',#8221);
#8285 = OVER_RIDING_STYLED_ITEM('overriding color',(#8286),#337,#8206);
#8286 = PRESENTATION_STYLE_ASSIGNMENT((#8287));
#8287 = SURFACE_STYLE_USAGE(.BOTH.,#8288);
#8288 = SURFACE_SIDE_STYLE('',(#8289));
#8289 = SURFACE_STYLE_FILL_AREA(#8290);
#8290 = FILL_AREA_STYLE('',(#8291));
#8291 = FILL_AREA_STYLE_COLOUR('',#8221);
#8292 = OVER_RIDING_STYLED_ITEM('overriding color',(#8293),#353,#8206);
#8293 = PRESENTATION_STYLE_ASSIGNMENT((#8294));
#8294 = SURFACE_STYLE_USAGE(.BOTH.,#8295);
#8295 = SURFACE_SIDE_STYLE('',(#8296));
#8296 = SURFACE_STYLE_FILL_AREA(#8297);
#8297 = FILL_AREA_STYLE('',(#8298));
#8298 = FILL_AREA_STYLE_COLOUR('',#8221);
#8299 = OVER_RIDING_STYLED_ITEM('overriding color',(#8300),#365,#8206);
#8300 = PRESENTATION_STYLE_ASSIGNMENT((#8301));
#8301 = SURFACE_STYLE_USAGE(.BOTH.,#8302);
#8302 = SURFACE_SIDE_STYLE('',(#8303));
#8303 = SURFACE_STYLE_FILL_AREA(#8304);
#8304 = FILL_AREA_STYLE('',(#8305));
#8305 = FILL_AREA_STYLE_COLOUR('',#8221);
#8306 = OVER_RIDING_STYLED_ITEM('overriding color',(#8307),#381,#8206);
#8307 = PRESENTATION_STYLE_ASSIGNMENT((#8308));
#8308 = SURFACE_STYLE_USAGE(.BOTH.,#8309);
#8309 = SURFACE_SIDE_STYLE('',(#8310));
#8310 = SURFACE_STYLE_FILL_AREA(#8311);
#8311 = FILL_AREA_STYLE('',(#8312));
#8312 = FILL_AREA_STYLE_COLOUR('',#8221);
#8313 = STYLED_ITEM('color',(#8314),#393);
#8314 = PRESENTATION_STYLE_ASSIGNMENT((#8315));
#8315 = SURFACE_STYLE_USAGE(.BOTH.,#8316);
#8316 = SURFACE_SIDE_STYLE('',(#8317));
#8317 = SURFACE_STYLE_FILL_AREA(#8318);
#8318 = FILL_AREA_STYLE('',(#8319));
#8319 = FILL_AREA_STYLE_COLOUR('',#8213);
#8320 = OVER_RIDING_STYLED_ITEM('overriding color',(#8321),#395,#8313);
#8321 = PRESENTATION_STYLE_ASSIGNMENT((#8322));
#8322 = SURFACE_STYLE_USAGE(.BOTH.,#8323);
#8323 = SURFACE_SIDE_STYLE('',(#8324));
#8324 = SURFACE_STYLE_FILL_AREA(#8325);
#8325 = FILL_AREA_STYLE('',(#8326));
#8326 = FILL_AREA_STYLE_COLOUR('',#8327);
#8327 = COLOUR_RGB('',0.250980388104,0.250980388104,0.250980388104);
#8328 = OVER_RIDING_STYLED_ITEM('overriding color',(#8329),#431,#8313);
#8329 = PRESENTATION_STYLE_ASSIGNMENT((#8330));
#8330 = SURFACE_STYLE_USAGE(.BOTH.,#8331);
#8331 = SURFACE_SIDE_STYLE('',(#8332));
#8332 = SURFACE_STYLE_FILL_AREA(#8333);
#8333 = FILL_AREA_STYLE('',(#8334));
#8334 = FILL_AREA_STYLE_COLOUR('',#8327);
#8335 = OVER_RIDING_STYLED_ITEM('overriding color',(#8336),#459,#8313);
#8336 = PRESENTATION_STYLE_ASSIGNMENT((#8337));
#8337 = SURFACE_STYLE_USAGE(.BOTH.,#8338);
#8338 = SURFACE_SIDE_STYLE('',(#8339));
#8339 = SURFACE_STYLE_FILL_AREA(#8340);
#8340 = FILL_AREA_STYLE('',(#8341));
#8341 = FILL_AREA_STYLE_COLOUR('',#8327);
#8342 = OVER_RIDING_STYLED_ITEM('overriding color',(#8343),#487,#8313);
#8343 = PRESENTATION_STYLE_ASSIGNMENT((#8344));
#8344 = SURFACE_STYLE_USAGE(.BOTH.,#8345);
#8345 = SURFACE_SIDE_STYLE('',(#8346));
#8346 = SURFACE_STYLE_FILL_AREA(#8347);
#8347 = FILL_AREA_STYLE('',(#8348));
#8348 = FILL_AREA_STYLE_COLOUR('',#8327);
#8349 = OVER_RIDING_STYLED_ITEM('overriding color',(#8350),#507,#8313);
#8350 = PRESENTATION_STYLE_ASSIGNMENT((#8351));
#8351 = SURFACE_STYLE_USAGE(.BOTH.,#8352);
#8352 = SURFACE_SIDE_STYLE('',(#8353));
#8353 = SURFACE_STYLE_FILL_AREA(#8354);
#8354 = FILL_AREA_STYLE('',(#8355));
#8355 = FILL_AREA_STYLE_COLOUR('',#8327);
#8356 = OVER_RIDING_STYLED_ITEM('overriding color',(#8357),#519,#8313);
#8357 = PRESENTATION_STYLE_ASSIGNMENT((#8358));
#8358 = SURFACE_STYLE_USAGE(.BOTH.,#8359);
#8359 = SURFACE_SIDE_STYLE('',(#8360));
#8360 = SURFACE_STYLE_FILL_AREA(#8361);
#8361 = FILL_AREA_STYLE('',(#8362));
#8362 = FILL_AREA_STYLE_COLOUR('',#8327);
#8363 = STYLED_ITEM('color',(#8364),#531);
#8364 = PRESENTATION_STYLE_ASSIGNMENT((#8365));
#8365 = SURFACE_STYLE_USAGE(.BOTH.,#8366);
#8366 = SURFACE_SIDE_STYLE('',(#8367));
#8367 = SURFACE_STYLE_FILL_AREA(#8368);
#8368 = FILL_AREA_STYLE('',(#8369));
#8369 = FILL_AREA_STYLE_COLOUR('',#8213);
#8370 = OVER_RIDING_STYLED_ITEM('overriding color',(#8371),#533,#8363);
#8371 = PRESENTATION_STYLE_ASSIGNMENT((#8372));
#8372 = SURFACE_STYLE_USAGE(.BOTH.,#8373);
#8373 = SURFACE_SIDE_STYLE('',(#8374));
#8374 = SURFACE_STYLE_FILL_AREA(#8375);
#8375 = FILL_AREA_STYLE('',(#8376));
#8376 = FILL_AREA_STYLE_COLOUR('',#8221);
#8377 = OVER_RIDING_STYLED_ITEM('overriding color',(#8378),#569,#8363);
#8378 = PRESENTATION_STYLE_ASSIGNMENT((#8379));
#8379 = SURFACE_STYLE_USAGE(.BOTH.,#8380);
#8380 = SURFACE_SIDE_STYLE('',(#8381));
#8381 = SURFACE_STYLE_FILL_AREA(#8382);
#8382 = FILL_AREA_STYLE('',(#8383));
#8383 = FILL_AREA_STYLE_COLOUR('',#8221);
#8384 = OVER_RIDING_STYLED_ITEM('overriding color',(#8385),#597,#8363);
#8385 = PRESENTATION_STYLE_ASSIGNMENT((#8386));
#8386 = SURFACE_STYLE_USAGE(.BOTH.,#8387);
#8387 = SURFACE_SIDE_STYLE('',(#8388));
#8388 = SURFACE_STYLE_FILL_AREA(#8389);
#8389 = FILL_AREA_STYLE('',(#8390));
#8390 = FILL_AREA_STYLE_COLOUR('',#8221);
#8391 = OVER_RIDING_STYLED_ITEM('overriding color',(#8392),#653,#8363);
#8392 = PRESENTATION_STYLE_ASSIGNMENT((#8393));
#8393 = SURFACE_STYLE_USAGE(.BOTH.,#8394);
#8394 = SURFACE_SIDE_STYLE('',(#8395));
#8395 = SURFACE_STYLE_FILL_AREA(#8396);
#8396 = FILL_AREA_STYLE('',(#8397));
#8397 = FILL_AREA_STYLE_COLOUR('',#8221);
#8398 = OVER_RIDING_STYLED_ITEM('overriding color',(#8399),#681,#8363);
#8399 = PRESENTATION_STYLE_ASSIGNMENT((#8400));
#8400 = SURFACE_STYLE_USAGE(.BOTH.,#8401);
#8401 = SURFACE_SIDE_STYLE('',(#8402));
#8402 = SURFACE_STYLE_FILL_AREA(#8403);
#8403 = FILL_AREA_STYLE('',(#8404));
#8404 = FILL_AREA_STYLE_COLOUR('',#8221);
#8405 = OVER_RIDING_STYLED_ITEM('overriding color',(#8406),#737,#8363);
#8406 = PRESENTATION_STYLE_ASSIGNMENT((#8407));
#8407 = SURFACE_STYLE_USAGE(.BOTH.,#8408);
#8408 = SURFACE_SIDE_STYLE('',(#8409));
#8409 = SURFACE_STYLE_FILL_AREA(#8410);
#8410 = FILL_AREA_STYLE('',(#8411));
#8411 = FILL_AREA_STYLE_COLOUR('',#8221);
#8412 = OVER_RIDING_STYLED_ITEM('overriding color',(#8413),#765,#8363);
#8413 = PRESENTATION_STYLE_ASSIGNMENT((#8414));
#8414 = SURFACE_STYLE_USAGE(.BOTH.,#8415);
#8415 = SURFACE_SIDE_STYLE('',(#8416));
#8416 = SURFACE_STYLE_FILL_AREA(#8417);
#8417 = FILL_AREA_STYLE('',(#8418));
#8418 = FILL_AREA_STYLE_COLOUR('',#8221);
#8419 = OVER_RIDING_STYLED_ITEM('overriding color',(#8420),#793,#8363);
#8420 = PRESENTATION_STYLE_ASSIGNMENT((#8421));
#8421 = SURFACE_STYLE_USAGE(.BOTH.,#8422);
#8422 = SURFACE_SIDE_STYLE('',(#8423));
#8423 = SURFACE_STYLE_FILL_AREA(#8424);
#8424 = FILL_AREA_STYLE('',(#8425));
#8425 = FILL_AREA_STYLE_COLOUR('',#8221);
#8426 = OVER_RIDING_STYLED_ITEM('overriding color',(#8427),#813,#8363);
#8427 = PRESENTATION_STYLE_ASSIGNMENT((#8428));
#8428 = SURFACE_STYLE_USAGE(.BOTH.,#8429);
#8429 = SURFACE_SIDE_STYLE('',(#8430));
#8430 = SURFACE_STYLE_FILL_AREA(#8431);
#8431 = FILL_AREA_STYLE('',(#8432));
#8432 = FILL_AREA_STYLE_COLOUR('',#8221);
#8433 = OVER_RIDING_STYLED_ITEM('overriding color',(#8434),#833,#8363);
#8434 = PRESENTATION_STYLE_ASSIGNMENT((#8435));
#8435 = SURFACE_STYLE_USAGE(.BOTH.,#8436);
#8436 = SURFACE_SIDE_STYLE('',(#8437));
#8437 = SURFACE_STYLE_FILL_AREA(#8438);
#8438 = FILL_AREA_STYLE('',(#8439));
#8439 = FILL_AREA_STYLE_COLOUR('',#8221);
#8440 = OVER_RIDING_STYLED_ITEM('overriding color',(#8441),#853,#8363);
#8441 = PRESENTATION_STYLE_ASSIGNMENT((#8442));
#8442 = SURFACE_STYLE_USAGE(.BOTH.,#8443);
#8443 = SURFACE_SIDE_STYLE('',(#8444));
#8444 = SURFACE_STYLE_FILL_AREA(#8445);
#8445 = FILL_AREA_STYLE('',(#8446));
#8446 = FILL_AREA_STYLE_COLOUR('',#8221);
#8447 = OVER_RIDING_STYLED_ITEM('overriding color',(#8448),#869,#8363);
#8448 = PRESENTATION_STYLE_ASSIGNMENT((#8449));
#8449 = SURFACE_STYLE_USAGE(.BOTH.,#8450);
#8450 = SURFACE_SIDE_STYLE('',(#8451));
#8451 = SURFACE_STYLE_FILL_AREA(#8452);
#8452 = FILL_AREA_STYLE('',(#8453));
#8453 = FILL_AREA_STYLE_COLOUR('',#8221);
#8454 = OVER_RIDING_STYLED_ITEM('overriding color',(#8455),#881,#8363);
#8455 = PRESENTATION_STYLE_ASSIGNMENT((#8456));
#8456 = SURFACE_STYLE_USAGE(.BOTH.,#8457);
#8457 = SURFACE_SIDE_STYLE('',(#8458));
#8458 = SURFACE_STYLE_FILL_AREA(#8459);
#8459 = FILL_AREA_STYLE('',(#8460));
#8460 = FILL_AREA_STYLE_COLOUR('',#8221);
#8461 = OVER_RIDING_STYLED_ITEM('overriding color',(#8462),#897,#8363);
#8462 = PRESENTATION_STYLE_ASSIGNMENT((#8463));
#8463 = SURFACE_STYLE_USAGE(.BOTH.,#8464);
#8464 = SURFACE_SIDE_STYLE('',(#8465));
#8465 = SURFACE_STYLE_FILL_AREA(#8466);
#8466 = FILL_AREA_STYLE('',(#8467));
#8467 = FILL_AREA_STYLE_COLOUR('',#8221);
#8468 = STYLED_ITEM('color',(#8469),#909);
#8469 = PRESENTATION_STYLE_ASSIGNMENT((#8470));
#8470 = SURFACE_STYLE_USAGE(.BOTH.,#8471);
#8471 = SURFACE_SIDE_STYLE('',(#8472));
#8472 = SURFACE_STYLE_FILL_AREA(#8473);
#8473 = FILL_AREA_STYLE('',(#8474));
#8474 = FILL_AREA_STYLE_COLOUR('',#8213);
#8475 = OVER_RIDING_STYLED_ITEM('overriding color',(#8476),#911,#8468);
#8476 = PRESENTATION_STYLE_ASSIGNMENT((#8477));
#8477 = SURFACE_STYLE_USAGE(.BOTH.,#8478);
#8478 = SURFACE_SIDE_STYLE('',(#8479));
#8479 = SURFACE_STYLE_FILL_AREA(#8480);
#8480 = FILL_AREA_STYLE('',(#8481));
#8481 = FILL_AREA_STYLE_COLOUR('',#8482);
#8482 = COLOUR_RGB('',0.752941164258,0.752941164258,0.752941164258);
#8483 = OVER_RIDING_STYLED_ITEM('overriding color',(#8484),#2316,#8468);
#8484 = PRESENTATION_STYLE_ASSIGNMENT((#8485));
#8485 = SURFACE_STYLE_USAGE(.BOTH.,#8486);
#8486 = SURFACE_SIDE_STYLE('',(#8487));
#8487 = SURFACE_STYLE_FILL_AREA(#8488);
#8488 = FILL_AREA_STYLE('',(#8489));
#8489 = FILL_AREA_STYLE_COLOUR('',#8482);
#8490 = OVER_RIDING_STYLED_ITEM('overriding color',(#8491),#2352,#8468);
#8491 = PRESENTATION_STYLE_ASSIGNMENT((#8492));
#8492 = SURFACE_STYLE_USAGE(.BOTH.,#8493);
#8493 = SURFACE_SIDE_STYLE('',(#8494));
#8494 = SURFACE_STYLE_FILL_AREA(#8495);
#8495 = FILL_AREA_STYLE('',(#8496));
#8496 = FILL_AREA_STYLE_COLOUR('',#8482);
#8497 = OVER_RIDING_STYLED_ITEM('overriding color',(#8498),#2372,#8468);
#8498 = PRESENTATION_STYLE_ASSIGNMENT((#8499));
#8499 = SURFACE_STYLE_USAGE(.BOTH.,#8500);
#8500 = SURFACE_SIDE_STYLE('',(#8501));
#8501 = SURFACE_STYLE_FILL_AREA(#8502);
#8502 = FILL_AREA_STYLE('',(#8503));
#8503 = FILL_AREA_STYLE_COLOUR('',#8482);
#8504 = OVER_RIDING_STYLED_ITEM('overriding color',(#8505),#2392,#8468);
#8505 = PRESENTATION_STYLE_ASSIGNMENT((#8506));
#8506 = SURFACE_STYLE_USAGE(.BOTH.,#8507);
#8507 = SURFACE_SIDE_STYLE('',(#8508));
#8508 = SURFACE_STYLE_FILL_AREA(#8509);
#8509 = FILL_AREA_STYLE('',(#8510));
#8510 = FILL_AREA_STYLE_COLOUR('',#8482);
#8511 = OVER_RIDING_STYLED_ITEM('overriding color',(#8512),#2404,#8468);
#8512 = PRESENTATION_STYLE_ASSIGNMENT((#8513));
#8513 = SURFACE_STYLE_USAGE(.BOTH.,#8514);
#8514 = SURFACE_SIDE_STYLE('',(#8515));
#8515 = SURFACE_STYLE_FILL_AREA(#8516);
#8516 = FILL_AREA_STYLE('',(#8517));
#8517 = FILL_AREA_STYLE_COLOUR('',#8482);
#8518 = OVER_RIDING_STYLED_ITEM('overriding color',(#8519),#2416,#8468);
#8519 = PRESENTATION_STYLE_ASSIGNMENT((#8520));
#8520 = SURFACE_STYLE_USAGE(.BOTH.,#8521);
#8521 = SURFACE_SIDE_STYLE('',(#8522));
#8522 = SURFACE_STYLE_FILL_AREA(#8523);
#8523 = FILL_AREA_STYLE('',(#8524));
#8524 = FILL_AREA_STYLE_COLOUR('',#8525);
#8525 = DRAUGHTING_PRE_DEFINED_COLOUR('black');
#8526 = OVER_RIDING_STYLED_ITEM('overriding color',(#8527),#2444,#8468);
#8527 = PRESENTATION_STYLE_ASSIGNMENT((#8528));
#8528 = SURFACE_STYLE_USAGE(.BOTH.,#8529);
#8529 = SURFACE_SIDE_STYLE('',(#8530));
#8530 = SURFACE_STYLE_FILL_AREA(#8531);
#8531 = FILL_AREA_STYLE('',(#8532));
#8532 = FILL_AREA_STYLE_COLOUR('',#8525);
#8533 = OVER_RIDING_STYLED_ITEM('overriding color',(#8534),#2466,#8468);
#8534 = PRESENTATION_STYLE_ASSIGNMENT((#8535));
#8535 = SURFACE_STYLE_USAGE(.BOTH.,#8536);
#8536 = SURFACE_SIDE_STYLE('',(#8537));
#8537 = SURFACE_STYLE_FILL_AREA(#8538);
#8538 = FILL_AREA_STYLE('',(#8539));
#8539 = FILL_AREA_STYLE_COLOUR('',#8525);
#8540 = OVER_RIDING_STYLED_ITEM('overriding color',(#8541),#2488,#8468);
#8541 = PRESENTATION_STYLE_ASSIGNMENT((#8542));
#8542 = SURFACE_STYLE_USAGE(.BOTH.,#8543);
#8543 = SURFACE_SIDE_STYLE('',(#8544));
#8544 = SURFACE_STYLE_FILL_AREA(#8545);
#8545 = FILL_AREA_STYLE('',(#8546));
#8546 = FILL_AREA_STYLE_COLOUR('',#8525);
#8547 = OVER_RIDING_STYLED_ITEM('overriding color',(#8548),#2510,#8468);
#8548 = PRESENTATION_STYLE_ASSIGNMENT((#8549));
#8549 = SURFACE_STYLE_USAGE(.BOTH.,#8550);
#8550 = SURFACE_SIDE_STYLE('',(#8551));
#8551 = SURFACE_STYLE_FILL_AREA(#8552);
#8552 = FILL_AREA_STYLE('',(#8553));
#8553 = FILL_AREA_STYLE_COLOUR('',#8525);
#8554 = OVER_RIDING_STYLED_ITEM('overriding color',(#8555),#2532,#8468);
#8555 = PRESENTATION_STYLE_ASSIGNMENT((#8556));
#8556 = SURFACE_STYLE_USAGE(.BOTH.,#8557);
#8557 = SURFACE_SIDE_STYLE('',(#8558));
#8558 = SURFACE_STYLE_FILL_AREA(#8559);
#8559 = FILL_AREA_STYLE('',(#8560));
#8560 = FILL_AREA_STYLE_COLOUR('',#8525);
#8561 = OVER_RIDING_STYLED_ITEM('overriding color',(#8562),#2548,#8468);
#8562 = PRESENTATION_STYLE_ASSIGNMENT((#8563));
#8563 = SURFACE_STYLE_USAGE(.BOTH.,#8564);
#8564 = SURFACE_SIDE_STYLE('',(#8565));
#8565 = SURFACE_STYLE_FILL_AREA(#8566);
#8566 = FILL_AREA_STYLE('',(#8567));
#8567 = FILL_AREA_STYLE_COLOUR('',#8525);
#8568 = OVER_RIDING_STYLED_ITEM('overriding color',(#8569),#2562,#8468);
#8569 = PRESENTATION_STYLE_ASSIGNMENT((#8570));
#8570 = SURFACE_STYLE_USAGE(.BOTH.,#8571);
#8571 = SURFACE_SIDE_STYLE('',(#8572));
#8572 = SURFACE_STYLE_FILL_AREA(#8573);
#8573 = FILL_AREA_STYLE('',(#8574));
#8574 = FILL_AREA_STYLE_COLOUR('',#8525);
#8575 = OVER_RIDING_STYLED_ITEM('overriding color',(#8576),#2596,#8468);
#8576 = PRESENTATION_STYLE_ASSIGNMENT((#8577));
#8577 = SURFACE_STYLE_USAGE(.BOTH.,#8578);
#8578 = SURFACE_SIDE_STYLE('',(#8579));
#8579 = SURFACE_STYLE_FILL_AREA(#8580);
#8580 = FILL_AREA_STYLE('',(#8581));
#8581 = FILL_AREA_STYLE_COLOUR('',#8525);
#8582 = OVER_RIDING_STYLED_ITEM('overriding color',(#8583),#2618,#8468);
#8583 = PRESENTATION_STYLE_ASSIGNMENT((#8584));
#8584 = SURFACE_STYLE_USAGE(.BOTH.,#8585);
#8585 = SURFACE_SIDE_STYLE('',(#8586));
#8586 = SURFACE_STYLE_FILL_AREA(#8587);
#8587 = FILL_AREA_STYLE('',(#8588));
#8588 = FILL_AREA_STYLE_COLOUR('',#8525);
#8589 = OVER_RIDING_STYLED_ITEM('overriding color',(#8590),#2646,#8468);
#8590 = PRESENTATION_STYLE_ASSIGNMENT((#8591));
#8591 = SURFACE_STYLE_USAGE(.BOTH.,#8592);
#8592 = SURFACE_SIDE_STYLE('',(#8593));
#8593 = SURFACE_STYLE_FILL_AREA(#8594);
#8594 = FILL_AREA_STYLE('',(#8595));
#8595 = FILL_AREA_STYLE_COLOUR('',#8525);
#8596 = OVER_RIDING_STYLED_ITEM('overriding color',(#8597),#2674,#8468);
#8597 = PRESENTATION_STYLE_ASSIGNMENT((#8598));
#8598 = SURFACE_STYLE_USAGE(.BOTH.,#8599);
#8599 = SURFACE_SIDE_STYLE('',(#8600));
#8600 = SURFACE_STYLE_FILL_AREA(#8601);
#8601 = FILL_AREA_STYLE('',(#8602));
#8602 = FILL_AREA_STYLE_COLOUR('',#8525);
#8603 = OVER_RIDING_STYLED_ITEM('overriding color',(#8604),#2702,#8468);
#8604 = PRESENTATION_STYLE_ASSIGNMENT((#8605));
#8605 = SURFACE_STYLE_USAGE(.BOTH.,#8606);
#8606 = SURFACE_SIDE_STYLE('',(#8607));
#8607 = SURFACE_STYLE_FILL_AREA(#8608);
#8608 = FILL_AREA_STYLE('',(#8609));
#8609 = FILL_AREA_STYLE_COLOUR('',#8525);
#8610 = OVER_RIDING_STYLED_ITEM('overriding color',(#8611),#2730,#8468);
#8611 = PRESENTATION_STYLE_ASSIGNMENT((#8612));
#8612 = SURFACE_STYLE_USAGE(.BOTH.,#8613);
#8613 = SURFACE_SIDE_STYLE('',(#8614));
#8614 = SURFACE_STYLE_FILL_AREA(#8615);
#8615 = FILL_AREA_STYLE('',(#8616));
#8616 = FILL_AREA_STYLE_COLOUR('',#8525);
#8617 = OVER_RIDING_STYLED_ITEM('overriding color',(#8618),#2758,#8468);
#8618 = PRESENTATION_STYLE_ASSIGNMENT((#8619));
#8619 = SURFACE_STYLE_USAGE(.BOTH.,#8620);
#8620 = SURFACE_SIDE_STYLE('',(#8621));
#8621 = SURFACE_STYLE_FILL_AREA(#8622);
#8622 = FILL_AREA_STYLE('',(#8623));
#8623 = FILL_AREA_STYLE_COLOUR('',#8525);
#8624 = OVER_RIDING_STYLED_ITEM('overriding color',(#8625),#2786,#8468);
#8625 = PRESENTATION_STYLE_ASSIGNMENT((#8626));
#8626 = SURFACE_STYLE_USAGE(.BOTH.,#8627);
#8627 = SURFACE_SIDE_STYLE('',(#8628));
#8628 = SURFACE_STYLE_FILL_AREA(#8629);
#8629 = FILL_AREA_STYLE('',(#8630));
#8630 = FILL_AREA_STYLE_COLOUR('',#8525);
#8631 = OVER_RIDING_STYLED_ITEM('overriding color',(#8632),#2808,#8468);
#8632 = PRESENTATION_STYLE_ASSIGNMENT((#8633));
#8633 = SURFACE_STYLE_USAGE(.BOTH.,#8634);
#8634 = SURFACE_SIDE_STYLE('',(#8635));
#8635 = SURFACE_STYLE_FILL_AREA(#8636);
#8636 = FILL_AREA_STYLE('',(#8637));
#8637 = FILL_AREA_STYLE_COLOUR('',#8525);
#8638 = OVER_RIDING_STYLED_ITEM('overriding color',(#8639),#2836,#8468);
#8639 = PRESENTATION_STYLE_ASSIGNMENT((#8640));
#8640 = SURFACE_STYLE_USAGE(.BOTH.,#8641);
#8641 = SURFACE_SIDE_STYLE('',(#8642));
#8642 = SURFACE_STYLE_FILL_AREA(#8643);
#8643 = FILL_AREA_STYLE('',(#8644));
#8644 = FILL_AREA_STYLE_COLOUR('',#8525);
#8645 = OVER_RIDING_STYLED_ITEM('overriding color',(#8646),#2864,#8468);
#8646 = PRESENTATION_STYLE_ASSIGNMENT((#8647));
#8647 = SURFACE_STYLE_USAGE(.BOTH.,#8648);
#8648 = SURFACE_SIDE_STYLE('',(#8649));
#8649 = SURFACE_STYLE_FILL_AREA(#8650);
#8650 = FILL_AREA_STYLE('',(#8651));
#8651 = FILL_AREA_STYLE_COLOUR('',#8525);
#8652 = OVER_RIDING_STYLED_ITEM('overriding color',(#8653),#2892,#8468);
#8653 = PRESENTATION_STYLE_ASSIGNMENT((#8654));
#8654 = SURFACE_STYLE_USAGE(.BOTH.,#8655);
#8655 = SURFACE_SIDE_STYLE('',(#8656));
#8656 = SURFACE_STYLE_FILL_AREA(#8657);
#8657 = FILL_AREA_STYLE('',(#8658));
#8658 = FILL_AREA_STYLE_COLOUR('',#8525);
#8659 = OVER_RIDING_STYLED_ITEM('overriding color',(#8660),#2920,#8468);
#8660 = PRESENTATION_STYLE_ASSIGNMENT((#8661));
#8661 = SURFACE_STYLE_USAGE(.BOTH.,#8662);
#8662 = SURFACE_SIDE_STYLE('',(#8663));
#8663 = SURFACE_STYLE_FILL_AREA(#8664);
#8664 = FILL_AREA_STYLE('',(#8665));
#8665 = FILL_AREA_STYLE_COLOUR('',#8525);
#8666 = OVER_RIDING_STYLED_ITEM('overriding color',(#8667),#2942,#8468);
#8667 = PRESENTATION_STYLE_ASSIGNMENT((#8668));
#8668 = SURFACE_STYLE_USAGE(.BOTH.,#8669);
#8669 = SURFACE_SIDE_STYLE('',(#8670));
#8670 = SURFACE_STYLE_FILL_AREA(#8671);
#8671 = FILL_AREA_STYLE('',(#8672));
#8672 = FILL_AREA_STYLE_COLOUR('',#8525);
#8673 = OVER_RIDING_STYLED_ITEM('overriding color',(#8674),#2964,#8468);
#8674 = PRESENTATION_STYLE_ASSIGNMENT((#8675));
#8675 = SURFACE_STYLE_USAGE(.BOTH.,#8676);
#8676 = SURFACE_SIDE_STYLE('',(#8677));
#8677 = SURFACE_STYLE_FILL_AREA(#8678);
#8678 = FILL_AREA_STYLE('',(#8679));
#8679 = FILL_AREA_STYLE_COLOUR('',#8525);
#8680 = OVER_RIDING_STYLED_ITEM('overriding color',(#8681),#2992,#8468);
#8681 = PRESENTATION_STYLE_ASSIGNMENT((#8682));
#8682 = SURFACE_STYLE_USAGE(.BOTH.,#8683);
#8683 = SURFACE_SIDE_STYLE('',(#8684));
#8684 = SURFACE_STYLE_FILL_AREA(#8685);
#8685 = FILL_AREA_STYLE('',(#8686));
#8686 = FILL_AREA_STYLE_COLOUR('',#8525);
#8687 = OVER_RIDING_STYLED_ITEM('overriding color',(#8688),#3014,#8468);
#8688 = PRESENTATION_STYLE_ASSIGNMENT((#8689));
#8689 = SURFACE_STYLE_USAGE(.BOTH.,#8690);
#8690 = SURFACE_SIDE_STYLE('',(#8691));
#8691 = SURFACE_STYLE_FILL_AREA(#8692);
#8692 = FILL_AREA_STYLE('',(#8693));
#8693 = FILL_AREA_STYLE_COLOUR('',#8525);
#8694 = OVER_RIDING_STYLED_ITEM('overriding color',(#8695),#3036,#8468);
#8695 = PRESENTATION_STYLE_ASSIGNMENT((#8696));
#8696 = SURFACE_STYLE_USAGE(.BOTH.,#8697);
#8697 = SURFACE_SIDE_STYLE('',(#8698));
#8698 = SURFACE_STYLE_FILL_AREA(#8699);
#8699 = FILL_AREA_STYLE('',(#8700));
#8700 = FILL_AREA_STYLE_COLOUR('',#8525);
#8701 = OVER_RIDING_STYLED_ITEM('overriding color',(#8702),#3058,#8468);
#8702 = PRESENTATION_STYLE_ASSIGNMENT((#8703));
#8703 = SURFACE_STYLE_USAGE(.BOTH.,#8704);
#8704 = SURFACE_SIDE_STYLE('',(#8705));
#8705 = SURFACE_STYLE_FILL_AREA(#8706);
#8706 = FILL_AREA_STYLE('',(#8707));
#8707 = FILL_AREA_STYLE_COLOUR('',#8525);
#8708 = OVER_RIDING_STYLED_ITEM('overriding color',(#8709),#3080,#8468);
#8709 = PRESENTATION_STYLE_ASSIGNMENT((#8710));
#8710 = SURFACE_STYLE_USAGE(.BOTH.,#8711);
#8711 = SURFACE_SIDE_STYLE('',(#8712));
#8712 = SURFACE_STYLE_FILL_AREA(#8713);
#8713 = FILL_AREA_STYLE('',(#8714));
#8714 = FILL_AREA_STYLE_COLOUR('',#8525);
#8715 = OVER_RIDING_STYLED_ITEM('overriding color',(#8716),#3102,#8468);
#8716 = PRESENTATION_STYLE_ASSIGNMENT((#8717));
#8717 = SURFACE_STYLE_USAGE(.BOTH.,#8718);
#8718 = SURFACE_SIDE_STYLE('',(#8719));
#8719 = SURFACE_STYLE_FILL_AREA(#8720);
#8720 = FILL_AREA_STYLE('',(#8721));
#8721 = FILL_AREA_STYLE_COLOUR('',#8525);
#8722 = OVER_RIDING_STYLED_ITEM('overriding color',(#8723),#3124,#8468);
#8723 = PRESENTATION_STYLE_ASSIGNMENT((#8724));
#8724 = SURFACE_STYLE_USAGE(.BOTH.,#8725);
#8725 = SURFACE_SIDE_STYLE('',(#8726));
#8726 = SURFACE_STYLE_FILL_AREA(#8727);
#8727 = FILL_AREA_STYLE('',(#8728));
#8728 = FILL_AREA_STYLE_COLOUR('',#8525);
#8729 = OVER_RIDING_STYLED_ITEM('overriding color',(#8730),#3146,#8468);
#8730 = PRESENTATION_STYLE_ASSIGNMENT((#8731));
#8731 = SURFACE_STYLE_USAGE(.BOTH.,#8732);
#8732 = SURFACE_SIDE_STYLE('',(#8733));
#8733 = SURFACE_STYLE_FILL_AREA(#8734);
#8734 = FILL_AREA_STYLE('',(#8735));
#8735 = FILL_AREA_STYLE_COLOUR('',#8525);
#8736 = OVER_RIDING_STYLED_ITEM('overriding color',(#8737),#3168,#8468);
#8737 = PRESENTATION_STYLE_ASSIGNMENT((#8738));
#8738 = SURFACE_STYLE_USAGE(.BOTH.,#8739);
#8739 = SURFACE_SIDE_STYLE('',(#8740));
#8740 = SURFACE_STYLE_FILL_AREA(#8741);
#8741 = FILL_AREA_STYLE('',(#8742));
#8742 = FILL_AREA_STYLE_COLOUR('',#8525);
#8743 = OVER_RIDING_STYLED_ITEM('overriding color',(#8744),#3190,#8468);
#8744 = PRESENTATION_STYLE_ASSIGNMENT((#8745));
#8745 = SURFACE_STYLE_USAGE(.BOTH.,#8746);
#8746 = SURFACE_SIDE_STYLE('',(#8747));
#8747 = SURFACE_STYLE_FILL_AREA(#8748);
#8748 = FILL_AREA_STYLE('',(#8749));
#8749 = FILL_AREA_STYLE_COLOUR('',#8525);
#8750 = OVER_RIDING_STYLED_ITEM('overriding color',(#8751),#3212,#8468);
#8751 = PRESENTATION_STYLE_ASSIGNMENT((#8752));
#8752 = SURFACE_STYLE_USAGE(.BOTH.,#8753);
#8753 = SURFACE_SIDE_STYLE('',(#8754));
#8754 = SURFACE_STYLE_FILL_AREA(#8755);
#8755 = FILL_AREA_STYLE('',(#8756));
#8756 = FILL_AREA_STYLE_COLOUR('',#8525);
#8757 = OVER_RIDING_STYLED_ITEM('overriding color',(#8758),#3228,#8468);
#8758 = PRESENTATION_STYLE_ASSIGNMENT((#8759));
#8759 = SURFACE_STYLE_USAGE(.BOTH.,#8760);
#8760 = SURFACE_SIDE_STYLE('',(#8761));
#8761 = SURFACE_STYLE_FILL_AREA(#8762);
#8762 = FILL_AREA_STYLE('',(#8763));
#8763 = FILL_AREA_STYLE_COLOUR('',#8525);
#8764 = OVER_RIDING_STYLED_ITEM('overriding color',(#8765),#3248,#8468);
#8765 = PRESENTATION_STYLE_ASSIGNMENT((#8766));
#8766 = SURFACE_STYLE_USAGE(.BOTH.,#8767);
#8767 = SURFACE_SIDE_STYLE('',(#8768));
#8768 = SURFACE_STYLE_FILL_AREA(#8769);
#8769 = FILL_AREA_STYLE('',(#8770));
#8770 = FILL_AREA_STYLE_COLOUR('',#8525);
#8771 = OVER_RIDING_STYLED_ITEM('overriding color',(#8772),#3372,#8468);
#8772 = PRESENTATION_STYLE_ASSIGNMENT((#8773));
#8773 = SURFACE_STYLE_USAGE(.BOTH.,#8774);
#8774 = SURFACE_SIDE_STYLE('',(#8775));
#8775 = SURFACE_STYLE_FILL_AREA(#8776);
#8776 = FILL_AREA_STYLE('',(#8777));
#8777 = FILL_AREA_STYLE_COLOUR('',#8525);
#8778 = OVER_RIDING_STYLED_ITEM('overriding color',(#8779),#3392,#8468);
#8779 = PRESENTATION_STYLE_ASSIGNMENT((#8780));
#8780 = SURFACE_STYLE_USAGE(.BOTH.,#8781);
#8781 = SURFACE_SIDE_STYLE('',(#8782));
#8782 = SURFACE_STYLE_FILL_AREA(#8783);
#8783 = FILL_AREA_STYLE('',(#8784));
#8784 = FILL_AREA_STYLE_COLOUR('',#8525);
#8785 = OVER_RIDING_STYLED_ITEM('overriding color',(#8786),#3412,#8468);
#8786 = PRESENTATION_STYLE_ASSIGNMENT((#8787));
#8787 = SURFACE_STYLE_USAGE(.BOTH.,#8788);
#8788 = SURFACE_SIDE_STYLE('',(#8789));
#8789 = SURFACE_STYLE_FILL_AREA(#8790);
#8790 = FILL_AREA_STYLE('',(#8791));
#8791 = FILL_AREA_STYLE_COLOUR('',#8525);
#8792 = OVER_RIDING_STYLED_ITEM('overriding color',(#8793),#3432,#8468);
#8793 = PRESENTATION_STYLE_ASSIGNMENT((#8794));
#8794 = SURFACE_STYLE_USAGE(.BOTH.,#8795);
#8795 = SURFACE_SIDE_STYLE('',(#8796));
#8796 = SURFACE_STYLE_FILL_AREA(#8797);
#8797 = FILL_AREA_STYLE('',(#8798));
#8798 = FILL_AREA_STYLE_COLOUR('',#8525);
#8799 = OVER_RIDING_STYLED_ITEM('overriding color',(#8800),#3452,#8468);
#8800 = PRESENTATION_STYLE_ASSIGNMENT((#8801));
#8801 = SURFACE_STYLE_USAGE(.BOTH.,#8802);
#8802 = SURFACE_SIDE_STYLE('',(#8803));
#8803 = SURFACE_STYLE_FILL_AREA(#8804);
#8804 = FILL_AREA_STYLE('',(#8805));
#8805 = FILL_AREA_STYLE_COLOUR('',#8525);
#8806 = OVER_RIDING_STYLED_ITEM('overriding color',(#8807),#3472,#8468);
#8807 = PRESENTATION_STYLE_ASSIGNMENT((#8808));
#8808 = SURFACE_STYLE_USAGE(.BOTH.,#8809);
#8809 = SURFACE_SIDE_STYLE('',(#8810));
#8810 = SURFACE_STYLE_FILL_AREA(#8811);
#8811 = FILL_AREA_STYLE('',(#8812));
#8812 = FILL_AREA_STYLE_COLOUR('',#8525);
#8813 = OVER_RIDING_STYLED_ITEM('overriding color',(#8814),#3488,#8468);
#8814 = PRESENTATION_STYLE_ASSIGNMENT((#8815));
#8815 = SURFACE_STYLE_USAGE(.BOTH.,#8816);
#8816 = SURFACE_SIDE_STYLE('',(#8817));
#8817 = SURFACE_STYLE_FILL_AREA(#8818);
#8818 = FILL_AREA_STYLE('',(#8819));
#8819 = FILL_AREA_STYLE_COLOUR('',#8525);
#8820 = OVER_RIDING_STYLED_ITEM('overriding color',(#8821),#3500,#8468);
#8821 = PRESENTATION_STYLE_ASSIGNMENT((#8822));
#8822 = SURFACE_STYLE_USAGE(.BOTH.,#8823);
#8823 = SURFACE_SIDE_STYLE('',(#8824));
#8824 = SURFACE_STYLE_FILL_AREA(#8825);
#8825 = FILL_AREA_STYLE('',(#8826));
#8826 = FILL_AREA_STYLE_COLOUR('',#8525);
#8827 = OVER_RIDING_STYLED_ITEM('overriding color',(#8828),#3528,#8468);
#8828 = PRESENTATION_STYLE_ASSIGNMENT((#8829));
#8829 = SURFACE_STYLE_USAGE(.BOTH.,#8830);
#8830 = SURFACE_SIDE_STYLE('',(#8831));
#8831 = SURFACE_STYLE_FILL_AREA(#8832);
#8832 = FILL_AREA_STYLE('',(#8833));
#8833 = FILL_AREA_STYLE_COLOUR('',#8525);
#8834 = OVER_RIDING_STYLED_ITEM('overriding color',(#8835),#3550,#8468);
#8835 = PRESENTATION_STYLE_ASSIGNMENT((#8836));
#8836 = SURFACE_STYLE_USAGE(.BOTH.,#8837);
#8837 = SURFACE_SIDE_STYLE('',(#8838));
#8838 = SURFACE_STYLE_FILL_AREA(#8839);
#8839 = FILL_AREA_STYLE('',(#8840));
#8840 = FILL_AREA_STYLE_COLOUR('',#8525);
#8841 = OVER_RIDING_STYLED_ITEM('overriding color',(#8842),#3572,#8468);
#8842 = PRESENTATION_STYLE_ASSIGNMENT((#8843));
#8843 = SURFACE_STYLE_USAGE(.BOTH.,#8844);
#8844 = SURFACE_SIDE_STYLE('',(#8845));
#8845 = SURFACE_STYLE_FILL_AREA(#8846);
#8846 = FILL_AREA_STYLE('',(#8847));
#8847 = FILL_AREA_STYLE_COLOUR('',#8525);
#8848 = OVER_RIDING_STYLED_ITEM('overriding color',(#8849),#3600,#8468);
#8849 = PRESENTATION_STYLE_ASSIGNMENT((#8850));
#8850 = SURFACE_STYLE_USAGE(.BOTH.,#8851);
#8851 = SURFACE_SIDE_STYLE('',(#8852));
#8852 = SURFACE_STYLE_FILL_AREA(#8853);
#8853 = FILL_AREA_STYLE('',(#8854));
#8854 = FILL_AREA_STYLE_COLOUR('',#8525);
#8855 = OVER_RIDING_STYLED_ITEM('overriding color',(#8856),#3628,#8468);
#8856 = PRESENTATION_STYLE_ASSIGNMENT((#8857));
#8857 = SURFACE_STYLE_USAGE(.BOTH.,#8858);
#8858 = SURFACE_SIDE_STYLE('',(#8859));
#8859 = SURFACE_STYLE_FILL_AREA(#8860);
#8860 = FILL_AREA_STYLE('',(#8861));
#8861 = FILL_AREA_STYLE_COLOUR('',#8525);
#8862 = OVER_RIDING_STYLED_ITEM('overriding color',(#8863),#3656,#8468);
#8863 = PRESENTATION_STYLE_ASSIGNMENT((#8864));
#8864 = SURFACE_STYLE_USAGE(.BOTH.,#8865);
#8865 = SURFACE_SIDE_STYLE('',(#8866));
#8866 = SURFACE_STYLE_FILL_AREA(#8867);
#8867 = FILL_AREA_STYLE('',(#8868));
#8868 = FILL_AREA_STYLE_COLOUR('',#8525);
#8869 = OVER_RIDING_STYLED_ITEM('overriding color',(#8870),#3678,#8468);
#8870 = PRESENTATION_STYLE_ASSIGNMENT((#8871));
#8871 = SURFACE_STYLE_USAGE(.BOTH.,#8872);
#8872 = SURFACE_SIDE_STYLE('',(#8873));
#8873 = SURFACE_STYLE_FILL_AREA(#8874);
#8874 = FILL_AREA_STYLE('',(#8875));
#8875 = FILL_AREA_STYLE_COLOUR('',#8482);
#8876 = OVER_RIDING_STYLED_ITEM('overriding color',(#8877),#3693,#8468);
#8877 = PRESENTATION_STYLE_ASSIGNMENT((#8878));
#8878 = SURFACE_STYLE_USAGE(.BOTH.,#8879);
#8879 = SURFACE_SIDE_STYLE('',(#8880));
#8880 = SURFACE_STYLE_FILL_AREA(#8881);
#8881 = FILL_AREA_STYLE('',(#8882));
#8882 = FILL_AREA_STYLE_COLOUR('',#8525);
#8883 = OVER_RIDING_STYLED_ITEM('overriding color',(#8884),#3805,#8468);
#8884 = PRESENTATION_STYLE_ASSIGNMENT((#8885));
#8885 = SURFACE_STYLE_USAGE(.BOTH.,#8886);
#8886 = SURFACE_SIDE_STYLE('',(#8887));
#8887 = SURFACE_STYLE_FILL_AREA(#8888);
#8888 = FILL_AREA_STYLE('',(#8889));
#8889 = FILL_AREA_STYLE_COLOUR('',#8525);
#8890 = OVER_RIDING_STYLED_ITEM('overriding color',(#8891),#3825,#8468);
#8891 = PRESENTATION_STYLE_ASSIGNMENT((#8892));
#8892 = SURFACE_STYLE_USAGE(.BOTH.,#8893);
#8893 = SURFACE_SIDE_STYLE('',(#8894));
#8894 = SURFACE_STYLE_FILL_AREA(#8895);
#8895 = FILL_AREA_STYLE('',(#8896));
#8896 = FILL_AREA_STYLE_COLOUR('',#8525);
#8897 = OVER_RIDING_STYLED_ITEM('overriding color',(#8898),#3841,#8468);
#8898 = PRESENTATION_STYLE_ASSIGNMENT((#8899));
#8899 = SURFACE_STYLE_USAGE(.BOTH.,#8900);
#8900 = SURFACE_SIDE_STYLE('',(#8901));
#8901 = SURFACE_STYLE_FILL_AREA(#8902);
#8902 = FILL_AREA_STYLE('',(#8903));
#8903 = FILL_AREA_STYLE_COLOUR('',#8525);
#8904 = OVER_RIDING_STYLED_ITEM('overriding color',(#8905),#3857,#8468);
#8905 = PRESENTATION_STYLE_ASSIGNMENT((#8906));
#8906 = SURFACE_STYLE_USAGE(.BOTH.,#8907);
#8907 = SURFACE_SIDE_STYLE('',(#8908));
#8908 = SURFACE_STYLE_FILL_AREA(#8909);
#8909 = FILL_AREA_STYLE('',(#8910));
#8910 = FILL_AREA_STYLE_COLOUR('',#8525);
#8911 = OVER_RIDING_STYLED_ITEM('overriding color',(#8912),#3873,#8468);
#8912 = PRESENTATION_STYLE_ASSIGNMENT((#8913));
#8913 = SURFACE_STYLE_USAGE(.BOTH.,#8914);
#8914 = SURFACE_SIDE_STYLE('',(#8915));
#8915 = SURFACE_STYLE_FILL_AREA(#8916);
#8916 = FILL_AREA_STYLE('',(#8917));
#8917 = FILL_AREA_STYLE_COLOUR('',#8525);
#8918 = OVER_RIDING_STYLED_ITEM('overriding color',(#8919),#3889,#8468);
#8919 = PRESENTATION_STYLE_ASSIGNMENT((#8920));
#8920 = SURFACE_STYLE_USAGE(.BOTH.,#8921);
#8921 = SURFACE_SIDE_STYLE('',(#8922));
#8922 = SURFACE_STYLE_FILL_AREA(#8923);
#8923 = FILL_AREA_STYLE('',(#8924));
#8924 = FILL_AREA_STYLE_COLOUR('',#8525);
#8925 = OVER_RIDING_STYLED_ITEM('overriding color',(#8926),#3905,#8468);
#8926 = PRESENTATION_STYLE_ASSIGNMENT((#8927));
#8927 = SURFACE_STYLE_USAGE(.BOTH.,#8928);
#8928 = SURFACE_SIDE_STYLE('',(#8929));
#8929 = SURFACE_STYLE_FILL_AREA(#8930);
#8930 = FILL_AREA_STYLE('',(#8931));
#8931 = FILL_AREA_STYLE_COLOUR('',#8525);
#8932 = OVER_RIDING_STYLED_ITEM('overriding color',(#8933),#3921,#8468);
#8933 = PRESENTATION_STYLE_ASSIGNMENT((#8934));
#8934 = SURFACE_STYLE_USAGE(.BOTH.,#8935);
#8935 = SURFACE_SIDE_STYLE('',(#8936));
#8936 = SURFACE_STYLE_FILL_AREA(#8937);
#8937 = FILL_AREA_STYLE('',(#8938));
#8938 = FILL_AREA_STYLE_COLOUR('',#8525);
#8939 = OVER_RIDING_STYLED_ITEM('overriding color',(#8940),#3933,#8468);
#8940 = PRESENTATION_STYLE_ASSIGNMENT((#8941));
#8941 = SURFACE_STYLE_USAGE(.BOTH.,#8942);
#8942 = SURFACE_SIDE_STYLE('',(#8943));
#8943 = SURFACE_STYLE_FILL_AREA(#8944);
#8944 = FILL_AREA_STYLE('',(#8945));
#8945 = FILL_AREA_STYLE_COLOUR('',#8525);
#8946 = OVER_RIDING_STYLED_ITEM('overriding color',(#8947),#3961,#8468);
#8947 = PRESENTATION_STYLE_ASSIGNMENT((#8948));
#8948 = SURFACE_STYLE_USAGE(.BOTH.,#8949);
#8949 = SURFACE_SIDE_STYLE('',(#8950));
#8950 = SURFACE_STYLE_FILL_AREA(#8951);
#8951 = FILL_AREA_STYLE('',(#8952));
#8952 = FILL_AREA_STYLE_COLOUR('',#8525);
#8953 = OVER_RIDING_STYLED_ITEM('overriding color',(#8954),#3983,#8468);
#8954 = PRESENTATION_STYLE_ASSIGNMENT((#8955));
#8955 = SURFACE_STYLE_USAGE(.BOTH.,#8956);
#8956 = SURFACE_SIDE_STYLE('',(#8957));
#8957 = SURFACE_STYLE_FILL_AREA(#8958);
#8958 = FILL_AREA_STYLE('',(#8959));
#8959 = FILL_AREA_STYLE_COLOUR('',#8525);
#8960 = OVER_RIDING_STYLED_ITEM('overriding color',(#8961),#4011,#8468);
#8961 = PRESENTATION_STYLE_ASSIGNMENT((#8962));
#8962 = SURFACE_STYLE_USAGE(.BOTH.,#8963);
#8963 = SURFACE_SIDE_STYLE('',(#8964));
#8964 = SURFACE_STYLE_FILL_AREA(#8965);
#8965 = FILL_AREA_STYLE('',(#8966));
#8966 = FILL_AREA_STYLE_COLOUR('',#8525);
#8967 = OVER_RIDING_STYLED_ITEM('overriding color',(#8968),#4033,#8468);
#8968 = PRESENTATION_STYLE_ASSIGNMENT((#8969));
#8969 = SURFACE_STYLE_USAGE(.BOTH.,#8970);
#8970 = SURFACE_SIDE_STYLE('',(#8971));
#8971 = SURFACE_STYLE_FILL_AREA(#8972);
#8972 = FILL_AREA_STYLE('',(#8973));
#8973 = FILL_AREA_STYLE_COLOUR('',#8525);
#8974 = OVER_RIDING_STYLED_ITEM('overriding color',(#8975),#4061,#8468);
#8975 = PRESENTATION_STYLE_ASSIGNMENT((#8976));
#8976 = SURFACE_STYLE_USAGE(.BOTH.,#8977);
#8977 = SURFACE_SIDE_STYLE('',(#8978));
#8978 = SURFACE_STYLE_FILL_AREA(#8979);
#8979 = FILL_AREA_STYLE('',(#8980));
#8980 = FILL_AREA_STYLE_COLOUR('',#8525);
#8981 = OVER_RIDING_STYLED_ITEM('overriding color',(#8982),#4077,#8468);
#8982 = PRESENTATION_STYLE_ASSIGNMENT((#8983));
#8983 = SURFACE_STYLE_USAGE(.BOTH.,#8984);
#8984 = SURFACE_SIDE_STYLE('',(#8985));
#8985 = SURFACE_STYLE_FILL_AREA(#8986);
#8986 = FILL_AREA_STYLE('',(#8987));
#8987 = FILL_AREA_STYLE_COLOUR('',#8482);
#8988 = OVER_RIDING_STYLED_ITEM('overriding color',(#8989),#4091,#8468);
#8989 = PRESENTATION_STYLE_ASSIGNMENT((#8990));
#8990 = SURFACE_STYLE_USAGE(.BOTH.,#8991);
#8991 = SURFACE_SIDE_STYLE('',(#8992));
#8992 = SURFACE_STYLE_FILL_AREA(#8993);
#8993 = FILL_AREA_STYLE('',(#8994));
#8994 = FILL_AREA_STYLE_COLOUR('',#8525);
#8995 = OVER_RIDING_STYLED_ITEM('overriding color',(#8996),#4119,#8468);
#8996 = PRESENTATION_STYLE_ASSIGNMENT((#8997));
#8997 = SURFACE_STYLE_USAGE(.BOTH.,#8998);
#8998 = SURFACE_SIDE_STYLE('',(#8999));
#8999 = SURFACE_STYLE_FILL_AREA(#9000);
#9000 = FILL_AREA_STYLE('',(#9001));
#9001 = FILL_AREA_STYLE_COLOUR('',#8525);
#9002 = OVER_RIDING_STYLED_ITEM('overriding color',(#9003),#4141,#8468);
#9003 = PRESENTATION_STYLE_ASSIGNMENT((#9004));
#9004 = SURFACE_STYLE_USAGE(.BOTH.,#9005);
#9005 = SURFACE_SIDE_STYLE('',(#9006));
#9006 = SURFACE_STYLE_FILL_AREA(#9007);
#9007 = FILL_AREA_STYLE('',(#9008));
#9008 = FILL_AREA_STYLE_COLOUR('',#8525);
#9009 = OVER_RIDING_STYLED_ITEM('overriding color',(#9010),#4163,#8468);
#9010 = PRESENTATION_STYLE_ASSIGNMENT((#9011));
#9011 = SURFACE_STYLE_USAGE(.BOTH.,#9012);
#9012 = SURFACE_SIDE_STYLE('',(#9013));
#9013 = SURFACE_STYLE_FILL_AREA(#9014);
#9014 = FILL_AREA_STYLE('',(#9015));
#9015 = FILL_AREA_STYLE_COLOUR('',#8525);
#9016 = OVER_RIDING_STYLED_ITEM('overriding color',(#9017),#4185,#8468);
#9017 = PRESENTATION_STYLE_ASSIGNMENT((#9018));
#9018 = SURFACE_STYLE_USAGE(.BOTH.,#9019);
#9019 = SURFACE_SIDE_STYLE('',(#9020));
#9020 = SURFACE_STYLE_FILL_AREA(#9021);
#9021 = FILL_AREA_STYLE('',(#9022));
#9022 = FILL_AREA_STYLE_COLOUR('',#8525);
#9023 = OVER_RIDING_STYLED_ITEM('overriding color',(#9024),#4207,#8468);
#9024 = PRESENTATION_STYLE_ASSIGNMENT((#9025));
#9025 = SURFACE_STYLE_USAGE(.BOTH.,#9026);
#9026 = SURFACE_SIDE_STYLE('',(#9027));
#9027 = SURFACE_STYLE_FILL_AREA(#9028);
#9028 = FILL_AREA_STYLE('',(#9029));
#9029 = FILL_AREA_STYLE_COLOUR('',#8525);
#9030 = OVER_RIDING_STYLED_ITEM('overriding color',(#9031),#4229,#8468);
#9031 = PRESENTATION_STYLE_ASSIGNMENT((#9032));
#9032 = SURFACE_STYLE_USAGE(.BOTH.,#9033);
#9033 = SURFACE_SIDE_STYLE('',(#9034));
#9034 = SURFACE_STYLE_FILL_AREA(#9035);
#9035 = FILL_AREA_STYLE('',(#9036));
#9036 = FILL_AREA_STYLE_COLOUR('',#8525);
#9037 = OVER_RIDING_STYLED_ITEM('overriding color',(#9038),#4251,#8468);
#9038 = PRESENTATION_STYLE_ASSIGNMENT((#9039));
#9039 = SURFACE_STYLE_USAGE(.BOTH.,#9040);
#9040 = SURFACE_SIDE_STYLE('',(#9041));
#9041 = SURFACE_STYLE_FILL_AREA(#9042);
#9042 = FILL_AREA_STYLE('',(#9043));
#9043 = FILL_AREA_STYLE_COLOUR('',#8525);
#9044 = OVER_RIDING_STYLED_ITEM('overriding color',(#9045),#4273,#8468);
#9045 = PRESENTATION_STYLE_ASSIGNMENT((#9046));
#9046 = SURFACE_STYLE_USAGE(.BOTH.,#9047);
#9047 = SURFACE_SIDE_STYLE('',(#9048));
#9048 = SURFACE_STYLE_FILL_AREA(#9049);
#9049 = FILL_AREA_STYLE('',(#9050));
#9050 = FILL_AREA_STYLE_COLOUR('',#8525);
#9051 = OVER_RIDING_STYLED_ITEM('overriding color',(#9052),#4295,#8468);
#9052 = PRESENTATION_STYLE_ASSIGNMENT((#9053));
#9053 = SURFACE_STYLE_USAGE(.BOTH.,#9054);
#9054 = SURFACE_SIDE_STYLE('',(#9055));
#9055 = SURFACE_STYLE_FILL_AREA(#9056);
#9056 = FILL_AREA_STYLE('',(#9057));
#9057 = FILL_AREA_STYLE_COLOUR('',#8525);
#9058 = OVER_RIDING_STYLED_ITEM('overriding color',(#9059),#4317,#8468);
#9059 = PRESENTATION_STYLE_ASSIGNMENT((#9060));
#9060 = SURFACE_STYLE_USAGE(.BOTH.,#9061);
#9061 = SURFACE_SIDE_STYLE('',(#9062));
#9062 = SURFACE_STYLE_FILL_AREA(#9063);
#9063 = FILL_AREA_STYLE('',(#9064));
#9064 = FILL_AREA_STYLE_COLOUR('',#8525);
#9065 = OVER_RIDING_STYLED_ITEM('overriding color',(#9066),#4339,#8468);
#9066 = PRESENTATION_STYLE_ASSIGNMENT((#9067));
#9067 = SURFACE_STYLE_USAGE(.BOTH.,#9068);
#9068 = SURFACE_SIDE_STYLE('',(#9069));
#9069 = SURFACE_STYLE_FILL_AREA(#9070);
#9070 = FILL_AREA_STYLE('',(#9071));
#9071 = FILL_AREA_STYLE_COLOUR('',#8525);
#9072 = OVER_RIDING_STYLED_ITEM('overriding color',(#9073),#4355,#8468);
#9073 = PRESENTATION_STYLE_ASSIGNMENT((#9074));
#9074 = SURFACE_STYLE_USAGE(.BOTH.,#9075);
#9075 = SURFACE_SIDE_STYLE('',(#9076));
#9076 = SURFACE_STYLE_FILL_AREA(#9077);
#9077 = FILL_AREA_STYLE('',(#9078));
#9078 = FILL_AREA_STYLE_COLOUR('',#8525);
#9079 = OVER_RIDING_STYLED_ITEM('overriding color',(#9080),#4375,#8468);
#9080 = PRESENTATION_STYLE_ASSIGNMENT((#9081));
#9081 = SURFACE_STYLE_USAGE(.BOTH.,#9082);
#9082 = SURFACE_SIDE_STYLE('',(#9083));
#9083 = SURFACE_STYLE_FILL_AREA(#9084);
#9084 = FILL_AREA_STYLE('',(#9085));
#9085 = FILL_AREA_STYLE_COLOUR('',#8525);
#9086 = OVER_RIDING_STYLED_ITEM('overriding color',(#9087),#4567,#8468);
#9087 = PRESENTATION_STYLE_ASSIGNMENT((#9088));
#9088 = SURFACE_STYLE_USAGE(.BOTH.,#9089);
#9089 = SURFACE_SIDE_STYLE('',(#9090));
#9090 = SURFACE_STYLE_FILL_AREA(#9091);
#9091 = FILL_AREA_STYLE('',(#9092));
#9092 = FILL_AREA_STYLE_COLOUR('',#8525);
#9093 = OVER_RIDING_STYLED_ITEM('overriding color',(#9094),#4591,#8468);
#9094 = PRESENTATION_STYLE_ASSIGNMENT((#9095));
#9095 = SURFACE_STYLE_USAGE(.BOTH.,#9096);
#9096 = SURFACE_SIDE_STYLE('',(#9097));
#9097 = SURFACE_STYLE_FILL_AREA(#9098);
#9098 = FILL_AREA_STYLE('',(#9099));
#9099 = FILL_AREA_STYLE_COLOUR('',#8525);
#9100 = OVER_RIDING_STYLED_ITEM('overriding color',(#9101),#4607,#8468);
#9101 = PRESENTATION_STYLE_ASSIGNMENT((#9102));
#9102 = SURFACE_STYLE_USAGE(.BOTH.,#9103);
#9103 = SURFACE_SIDE_STYLE('',(#9104));
#9104 = SURFACE_STYLE_FILL_AREA(#9105);
#9105 = FILL_AREA_STYLE('',(#9106));
#9106 = FILL_AREA_STYLE_COLOUR('',#8525);
#9107 = OVER_RIDING_STYLED_ITEM('overriding color',(#9108),#4627,#8468);
#9108 = PRESENTATION_STYLE_ASSIGNMENT((#9109));
#9109 = SURFACE_STYLE_USAGE(.BOTH.,#9110);
#9110 = SURFACE_SIDE_STYLE('',(#9111));
#9111 = SURFACE_STYLE_FILL_AREA(#9112);
#9112 = FILL_AREA_STYLE('',(#9113));
#9113 = FILL_AREA_STYLE_COLOUR('',#8525);
#9114 = OVER_RIDING_STYLED_ITEM('overriding color',(#9115),#4647,#8468);
#9115 = PRESENTATION_STYLE_ASSIGNMENT((#9116));
#9116 = SURFACE_STYLE_USAGE(.BOTH.,#9117);
#9117 = SURFACE_SIDE_STYLE('',(#9118));
#9118 = SURFACE_STYLE_FILL_AREA(#9119);
#9119 = FILL_AREA_STYLE('',(#9120));
#9120 = FILL_AREA_STYLE_COLOUR('',#8525);
#9121 = OVER_RIDING_STYLED_ITEM('overriding color',(#9122),#4663,#8468);
#9122 = PRESENTATION_STYLE_ASSIGNMENT((#9123));
#9123 = SURFACE_STYLE_USAGE(.BOTH.,#9124);
#9124 = SURFACE_SIDE_STYLE('',(#9125));
#9125 = SURFACE_STYLE_FILL_AREA(#9126);
#9126 = FILL_AREA_STYLE('',(#9127));
#9127 = FILL_AREA_STYLE_COLOUR('',#8525);
#9128 = OVER_RIDING_STYLED_ITEM('overriding color',(#9129),#4683,#8468);
#9129 = PRESENTATION_STYLE_ASSIGNMENT((#9130));
#9130 = SURFACE_STYLE_USAGE(.BOTH.,#9131);
#9131 = SURFACE_SIDE_STYLE('',(#9132));
#9132 = SURFACE_STYLE_FILL_AREA(#9133);
#9133 = FILL_AREA_STYLE('',(#9134));
#9134 = FILL_AREA_STYLE_COLOUR('',#8525);
#9135 = OVER_RIDING_STYLED_ITEM('overriding color',(#9136),#4703,#8468);
#9136 = PRESENTATION_STYLE_ASSIGNMENT((#9137));
#9137 = SURFACE_STYLE_USAGE(.BOTH.,#9138);
#9138 = SURFACE_SIDE_STYLE('',(#9139));
#9139 = SURFACE_STYLE_FILL_AREA(#9140);
#9140 = FILL_AREA_STYLE('',(#9141));
#9141 = FILL_AREA_STYLE_COLOUR('',#8525);
#9142 = OVER_RIDING_STYLED_ITEM('overriding color',(#9143),#4723,#8468);
#9143 = PRESENTATION_STYLE_ASSIGNMENT((#9144));
#9144 = SURFACE_STYLE_USAGE(.BOTH.,#9145);
#9145 = SURFACE_SIDE_STYLE('',(#9146));
#9146 = SURFACE_STYLE_FILL_AREA(#9147);
#9147 = FILL_AREA_STYLE('',(#9148));
#9148 = FILL_AREA_STYLE_COLOUR('',#8525);
#9149 = OVER_RIDING_STYLED_ITEM('overriding color',(#9150),#4743,#8468);
#9150 = PRESENTATION_STYLE_ASSIGNMENT((#9151));
#9151 = SURFACE_STYLE_USAGE(.BOTH.,#9152);
#9152 = SURFACE_SIDE_STYLE('',(#9153));
#9153 = SURFACE_STYLE_FILL_AREA(#9154);
#9154 = FILL_AREA_STYLE('',(#9155));
#9155 = FILL_AREA_STYLE_COLOUR('',#8525);
#9156 = OVER_RIDING_STYLED_ITEM('overriding color',(#9157),#4759,#8468);
#9157 = PRESENTATION_STYLE_ASSIGNMENT((#9158));
#9158 = SURFACE_STYLE_USAGE(.BOTH.,#9159);
#9159 = SURFACE_SIDE_STYLE('',(#9160));
#9160 = SURFACE_STYLE_FILL_AREA(#9161);
#9161 = FILL_AREA_STYLE('',(#9162));
#9162 = FILL_AREA_STYLE_COLOUR('',#8525);
#9163 = OVER_RIDING_STYLED_ITEM('overriding color',(#9164),#4775,#8468);
#9164 = PRESENTATION_STYLE_ASSIGNMENT((#9165));
#9165 = SURFACE_STYLE_USAGE(.BOTH.,#9166);
#9166 = SURFACE_SIDE_STYLE('',(#9167));
#9167 = SURFACE_STYLE_FILL_AREA(#9168);
#9168 = FILL_AREA_STYLE('',(#9169));
#9169 = FILL_AREA_STYLE_COLOUR('',#8525);
#9170 = OVER_RIDING_STYLED_ITEM('overriding color',(#9171),#4791,#8468);
#9171 = PRESENTATION_STYLE_ASSIGNMENT((#9172));
#9172 = SURFACE_STYLE_USAGE(.BOTH.,#9173);
#9173 = SURFACE_SIDE_STYLE('',(#9174));
#9174 = SURFACE_STYLE_FILL_AREA(#9175);
#9175 = FILL_AREA_STYLE('',(#9176));
#9176 = FILL_AREA_STYLE_COLOUR('',#8525);
#9177 = OVER_RIDING_STYLED_ITEM('overriding color',(#9178),#4807,#8468);
#9178 = PRESENTATION_STYLE_ASSIGNMENT((#9179));
#9179 = SURFACE_STYLE_USAGE(.BOTH.,#9180);
#9180 = SURFACE_SIDE_STYLE('',(#9181));
#9181 = SURFACE_STYLE_FILL_AREA(#9182);
#9182 = FILL_AREA_STYLE('',(#9183));
#9183 = FILL_AREA_STYLE_COLOUR('',#8525);
#9184 = OVER_RIDING_STYLED_ITEM('overriding color',(#9185),#4823,#8468);
#9185 = PRESENTATION_STYLE_ASSIGNMENT((#9186));
#9186 = SURFACE_STYLE_USAGE(.BOTH.,#9187);
#9187 = SURFACE_SIDE_STYLE('',(#9188));
#9188 = SURFACE_STYLE_FILL_AREA(#9189);
#9189 = FILL_AREA_STYLE('',(#9190));
#9190 = FILL_AREA_STYLE_COLOUR('',#8525);
#9191 = OVER_RIDING_STYLED_ITEM('overriding color',(#9192),#4857,#8468);
#9192 = PRESENTATION_STYLE_ASSIGNMENT((#9193));
#9193 = SURFACE_STYLE_USAGE(.BOTH.,#9194);
#9194 = SURFACE_SIDE_STYLE('',(#9195));
#9195 = SURFACE_STYLE_FILL_AREA(#9196);
#9196 = FILL_AREA_STYLE('',(#9197));
#9197 = FILL_AREA_STYLE_COLOUR('',#8525);
#9198 = OVER_RIDING_STYLED_ITEM('overriding color',(#9199),#4885,#8468);
#9199 = PRESENTATION_STYLE_ASSIGNMENT((#9200));
#9200 = SURFACE_STYLE_USAGE(.BOTH.,#9201);
#9201 = SURFACE_SIDE_STYLE('',(#9202));
#9202 = SURFACE_STYLE_FILL_AREA(#9203);
#9203 = FILL_AREA_STYLE('',(#9204));
#9204 = FILL_AREA_STYLE_COLOUR('',#8525);
#9205 = OVER_RIDING_STYLED_ITEM('overriding color',(#9206),#4913,#8468);
#9206 = PRESENTATION_STYLE_ASSIGNMENT((#9207));
#9207 = SURFACE_STYLE_USAGE(.BOTH.,#9208);
#9208 = SURFACE_SIDE_STYLE('',(#9209));
#9209 = SURFACE_STYLE_FILL_AREA(#9210);
#9210 = FILL_AREA_STYLE('',(#9211));
#9211 = FILL_AREA_STYLE_COLOUR('',#8525);
#9212 = OVER_RIDING_STYLED_ITEM('overriding color',(#9213),#4941,#8468);
#9213 = PRESENTATION_STYLE_ASSIGNMENT((#9214));
#9214 = SURFACE_STYLE_USAGE(.BOTH.,#9215);
#9215 = SURFACE_SIDE_STYLE('',(#9216));
#9216 = SURFACE_STYLE_FILL_AREA(#9217);
#9217 = FILL_AREA_STYLE('',(#9218));
#9218 = FILL_AREA_STYLE_COLOUR('',#8525);
#9219 = OVER_RIDING_STYLED_ITEM('overriding color',(#9220),#4969,#8468);
#9220 = PRESENTATION_STYLE_ASSIGNMENT((#9221));
#9221 = SURFACE_STYLE_USAGE(.BOTH.,#9222);
#9222 = SURFACE_SIDE_STYLE('',(#9223));
#9223 = SURFACE_STYLE_FILL_AREA(#9224);
#9224 = FILL_AREA_STYLE('',(#9225));
#9225 = FILL_AREA_STYLE_COLOUR('',#8525);
#9226 = OVER_RIDING_STYLED_ITEM('overriding color',(#9227),#4997,#8468);
#9227 = PRESENTATION_STYLE_ASSIGNMENT((#9228));
#9228 = SURFACE_STYLE_USAGE(.BOTH.,#9229);
#9229 = SURFACE_SIDE_STYLE('',(#9230));
#9230 = SURFACE_STYLE_FILL_AREA(#9231);
#9231 = FILL_AREA_STYLE('',(#9232));
#9232 = FILL_AREA_STYLE_COLOUR('',#8525);
#9233 = OVER_RIDING_STYLED_ITEM('overriding color',(#9234),#5019,#8468);
#9234 = PRESENTATION_STYLE_ASSIGNMENT((#9235));
#9235 = SURFACE_STYLE_USAGE(.BOTH.,#9236);
#9236 = SURFACE_SIDE_STYLE('',(#9237));
#9237 = SURFACE_STYLE_FILL_AREA(#9238);
#9238 = FILL_AREA_STYLE('',(#9239));
#9239 = FILL_AREA_STYLE_COLOUR('',#8525);
#9240 = OVER_RIDING_STYLED_ITEM('overriding color',(#9241),#5035,#8468);
#9241 = PRESENTATION_STYLE_ASSIGNMENT((#9242));
#9242 = SURFACE_STYLE_USAGE(.BOTH.,#9243);
#9243 = SURFACE_SIDE_STYLE('',(#9244));
#9244 = SURFACE_STYLE_FILL_AREA(#9245);
#9245 = FILL_AREA_STYLE('',(#9246));
#9246 = FILL_AREA_STYLE_COLOUR('',#8482);
#9247 = OVER_RIDING_STYLED_ITEM('overriding color',(#9248),#5051,#8468);
#9248 = PRESENTATION_STYLE_ASSIGNMENT((#9249));
#9249 = SURFACE_STYLE_USAGE(.BOTH.,#9250);
#9250 = SURFACE_SIDE_STYLE('',(#9251));
#9251 = SURFACE_STYLE_FILL_AREA(#9252);
#9252 = FILL_AREA_STYLE('',(#9253));
#9253 = FILL_AREA_STYLE_COLOUR('',#8525);
#9254 = OVER_RIDING_STYLED_ITEM('overriding color',(#9255),#5085,#8468);
#9255 = PRESENTATION_STYLE_ASSIGNMENT((#9256));
#9256 = SURFACE_STYLE_USAGE(.BOTH.,#9257);
#9257 = SURFACE_SIDE_STYLE('',(#9258));
#9258 = SURFACE_STYLE_FILL_AREA(#9259);
#9259 = FILL_AREA_STYLE('',(#9260));
#9260 = FILL_AREA_STYLE_COLOUR('',#8525);
#9261 = OVER_RIDING_STYLED_ITEM('overriding color',(#9262),#5107,#8468);
#9262 = PRESENTATION_STYLE_ASSIGNMENT((#9263));
#9263 = SURFACE_STYLE_USAGE(.BOTH.,#9264);
#9264 = SURFACE_SIDE_STYLE('',(#9265));
#9265 = SURFACE_STYLE_FILL_AREA(#9266);
#9266 = FILL_AREA_STYLE('',(#9267));
#9267 = FILL_AREA_STYLE_COLOUR('',#8525);
#9268 = OVER_RIDING_STYLED_ITEM('overriding color',(#9269),#5135,#8468);
#9269 = PRESENTATION_STYLE_ASSIGNMENT((#9270));
#9270 = SURFACE_STYLE_USAGE(.BOTH.,#9271);
#9271 = SURFACE_SIDE_STYLE('',(#9272));
#9272 = SURFACE_STYLE_FILL_AREA(#9273);
#9273 = FILL_AREA_STYLE('',(#9274));
#9274 = FILL_AREA_STYLE_COLOUR('',#8525);
#9275 = OVER_RIDING_STYLED_ITEM('overriding color',(#9276),#5163,#8468);
#9276 = PRESENTATION_STYLE_ASSIGNMENT((#9277));
#9277 = SURFACE_STYLE_USAGE(.BOTH.,#9278);
#9278 = SURFACE_SIDE_STYLE('',(#9279));
#9279 = SURFACE_STYLE_FILL_AREA(#9280);
#9280 = FILL_AREA_STYLE('',(#9281));
#9281 = FILL_AREA_STYLE_COLOUR('',#8525);
#9282 = OVER_RIDING_STYLED_ITEM('overriding color',(#9283),#5191,#8468);
#9283 = PRESENTATION_STYLE_ASSIGNMENT((#9284));
#9284 = SURFACE_STYLE_USAGE(.BOTH.,#9285);
#9285 = SURFACE_SIDE_STYLE('',(#9286));
#9286 = SURFACE_STYLE_FILL_AREA(#9287);
#9287 = FILL_AREA_STYLE('',(#9288));
#9288 = FILL_AREA_STYLE_COLOUR('',#8525);
#9289 = OVER_RIDING_STYLED_ITEM('overriding color',(#9290),#5219,#8468);
#9290 = PRESENTATION_STYLE_ASSIGNMENT((#9291));
#9291 = SURFACE_STYLE_USAGE(.BOTH.,#9292);
#9292 = SURFACE_SIDE_STYLE('',(#9293));
#9293 = SURFACE_STYLE_FILL_AREA(#9294);
#9294 = FILL_AREA_STYLE('',(#9295));
#9295 = FILL_AREA_STYLE_COLOUR('',#8525);
#9296 = OVER_RIDING_STYLED_ITEM('overriding color',(#9297),#5247,#8468);
#9297 = PRESENTATION_STYLE_ASSIGNMENT((#9298));
#9298 = SURFACE_STYLE_USAGE(.BOTH.,#9299);
#9299 = SURFACE_SIDE_STYLE('',(#9300));
#9300 = SURFACE_STYLE_FILL_AREA(#9301);
#9301 = FILL_AREA_STYLE('',(#9302));
#9302 = FILL_AREA_STYLE_COLOUR('',#8525);
#9303 = OVER_RIDING_STYLED_ITEM('overriding color',(#9304),#5275,#8468);
#9304 = PRESENTATION_STYLE_ASSIGNMENT((#9305));
#9305 = SURFACE_STYLE_USAGE(.BOTH.,#9306);
#9306 = SURFACE_SIDE_STYLE('',(#9307));
#9307 = SURFACE_STYLE_FILL_AREA(#9308);
#9308 = FILL_AREA_STYLE('',(#9309));
#9309 = FILL_AREA_STYLE_COLOUR('',#8525);
#9310 = OVER_RIDING_STYLED_ITEM('overriding color',(#9311),#5303,#8468);
#9311 = PRESENTATION_STYLE_ASSIGNMENT((#9312));
#9312 = SURFACE_STYLE_USAGE(.BOTH.,#9313);
#9313 = SURFACE_SIDE_STYLE('',(#9314));
#9314 = SURFACE_STYLE_FILL_AREA(#9315);
#9315 = FILL_AREA_STYLE('',(#9316));
#9316 = FILL_AREA_STYLE_COLOUR('',#8525);
#9317 = OVER_RIDING_STYLED_ITEM('overriding color',(#9318),#5331,#8468);
#9318 = PRESENTATION_STYLE_ASSIGNMENT((#9319));
#9319 = SURFACE_STYLE_USAGE(.BOTH.,#9320);
#9320 = SURFACE_SIDE_STYLE('',(#9321));
#9321 = SURFACE_STYLE_FILL_AREA(#9322);
#9322 = FILL_AREA_STYLE('',(#9323));
#9323 = FILL_AREA_STYLE_COLOUR('',#8525);
#9324 = OVER_RIDING_STYLED_ITEM('overriding color',(#9325),#5359,#8468);
#9325 = PRESENTATION_STYLE_ASSIGNMENT((#9326));
#9326 = SURFACE_STYLE_USAGE(.BOTH.,#9327);
#9327 = SURFACE_SIDE_STYLE('',(#9328));
#9328 = SURFACE_STYLE_FILL_AREA(#9329);
#9329 = FILL_AREA_STYLE('',(#9330));
#9330 = FILL_AREA_STYLE_COLOUR('',#8525);
#9331 = OVER_RIDING_STYLED_ITEM('overriding color',(#9332),#5387,#8468);
#9332 = PRESENTATION_STYLE_ASSIGNMENT((#9333));
#9333 = SURFACE_STYLE_USAGE(.BOTH.,#9334);
#9334 = SURFACE_SIDE_STYLE('',(#9335));
#9335 = SURFACE_STYLE_FILL_AREA(#9336);
#9336 = FILL_AREA_STYLE('',(#9337));
#9337 = FILL_AREA_STYLE_COLOUR('',#8525);
#9338 = OVER_RIDING_STYLED_ITEM('overriding color',(#9339),#5409,#8468);
#9339 = PRESENTATION_STYLE_ASSIGNMENT((#9340));
#9340 = SURFACE_STYLE_USAGE(.BOTH.,#9341);
#9341 = SURFACE_SIDE_STYLE('',(#9342));
#9342 = SURFACE_STYLE_FILL_AREA(#9343);
#9343 = FILL_AREA_STYLE('',(#9344));
#9344 = FILL_AREA_STYLE_COLOUR('',#8525);
#9345 = OVER_RIDING_STYLED_ITEM('overriding color',(#9346),#5437,#8468);
#9346 = PRESENTATION_STYLE_ASSIGNMENT((#9347));
#9347 = SURFACE_STYLE_USAGE(.BOTH.,#9348);
#9348 = SURFACE_SIDE_STYLE('',(#9349));
#9349 = SURFACE_STYLE_FILL_AREA(#9350);
#9350 = FILL_AREA_STYLE('',(#9351));
#9351 = FILL_AREA_STYLE_COLOUR('',#8525);
#9352 = OVER_RIDING_STYLED_ITEM('overriding color',(#9353),#5465,#8468);
#9353 = PRESENTATION_STYLE_ASSIGNMENT((#9354));
#9354 = SURFACE_STYLE_USAGE(.BOTH.,#9355);
#9355 = SURFACE_SIDE_STYLE('',(#9356));
#9356 = SURFACE_STYLE_FILL_AREA(#9357);
#9357 = FILL_AREA_STYLE('',(#9358));
#9358 = FILL_AREA_STYLE_COLOUR('',#8525);
#9359 = OVER_RIDING_STYLED_ITEM('overriding color',(#9360),#5493,#8468);
#9360 = PRESENTATION_STYLE_ASSIGNMENT((#9361));
#9361 = SURFACE_STYLE_USAGE(.BOTH.,#9362);
#9362 = SURFACE_SIDE_STYLE('',(#9363));
#9363 = SURFACE_STYLE_FILL_AREA(#9364);
#9364 = FILL_AREA_STYLE('',(#9365));
#9365 = FILL_AREA_STYLE_COLOUR('',#8525);
#9366 = OVER_RIDING_STYLED_ITEM('overriding color',(#9367),#5521,#8468);
#9367 = PRESENTATION_STYLE_ASSIGNMENT((#9368));
#9368 = SURFACE_STYLE_USAGE(.BOTH.,#9369);
#9369 = SURFACE_SIDE_STYLE('',(#9370));
#9370 = SURFACE_STYLE_FILL_AREA(#9371);
#9371 = FILL_AREA_STYLE('',(#9372));
#9372 = FILL_AREA_STYLE_COLOUR('',#8525);
#9373 = OVER_RIDING_STYLED_ITEM('overriding color',(#9374),#5549,#8468);
#9374 = PRESENTATION_STYLE_ASSIGNMENT((#9375));
#9375 = SURFACE_STYLE_USAGE(.BOTH.,#9376);
#9376 = SURFACE_SIDE_STYLE('',(#9377));
#9377 = SURFACE_STYLE_FILL_AREA(#9378);
#9378 = FILL_AREA_STYLE('',(#9379));
#9379 = FILL_AREA_STYLE_COLOUR('',#8525);
#9380 = OVER_RIDING_STYLED_ITEM('overriding color',(#9381),#5577,#8468);
#9381 = PRESENTATION_STYLE_ASSIGNMENT((#9382));
#9382 = SURFACE_STYLE_USAGE(.BOTH.,#9383);
#9383 = SURFACE_SIDE_STYLE('',(#9384));
#9384 = SURFACE_STYLE_FILL_AREA(#9385);
#9385 = FILL_AREA_STYLE('',(#9386));
#9386 = FILL_AREA_STYLE_COLOUR('',#8525);
#9387 = OVER_RIDING_STYLED_ITEM('overriding color',(#9388),#5605,#8468);
#9388 = PRESENTATION_STYLE_ASSIGNMENT((#9389));
#9389 = SURFACE_STYLE_USAGE(.BOTH.,#9390);
#9390 = SURFACE_SIDE_STYLE('',(#9391));
#9391 = SURFACE_STYLE_FILL_AREA(#9392);
#9392 = FILL_AREA_STYLE('',(#9393));
#9393 = FILL_AREA_STYLE_COLOUR('',#8525);
#9394 = OVER_RIDING_STYLED_ITEM('overriding color',(#9395),#5627,#8468);
#9395 = PRESENTATION_STYLE_ASSIGNMENT((#9396));
#9396 = SURFACE_STYLE_USAGE(.BOTH.,#9397);
#9397 = SURFACE_SIDE_STYLE('',(#9398));
#9398 = SURFACE_STYLE_FILL_AREA(#9399);
#9399 = FILL_AREA_STYLE('',(#9400));
#9400 = FILL_AREA_STYLE_COLOUR('',#8525);
#9401 = OVER_RIDING_STYLED_ITEM('overriding color',(#9402),#5656,#8468);
#9402 = PRESENTATION_STYLE_ASSIGNMENT((#9403));
#9403 = SURFACE_STYLE_USAGE(.BOTH.,#9404);
#9404 = SURFACE_SIDE_STYLE('',(#9405));
#9405 = SURFACE_STYLE_FILL_AREA(#9406);
#9406 = FILL_AREA_STYLE('',(#9407));
#9407 = FILL_AREA_STYLE_COLOUR('',#8525);
#9408 = OVER_RIDING_STYLED_ITEM('overriding color',(#9409),#5684,#8468);
#9409 = PRESENTATION_STYLE_ASSIGNMENT((#9410));
#9410 = SURFACE_STYLE_USAGE(.BOTH.,#9411);
#9411 = SURFACE_SIDE_STYLE('',(#9412));
#9412 = SURFACE_STYLE_FILL_AREA(#9413);
#9413 = FILL_AREA_STYLE('',(#9414));
#9414 = FILL_AREA_STYLE_COLOUR('',#8525);
#9415 = OVER_RIDING_STYLED_ITEM('overriding color',(#9416),#5706,#8468);
#9416 = PRESENTATION_STYLE_ASSIGNMENT((#9417));
#9417 = SURFACE_STYLE_USAGE(.BOTH.,#9418);
#9418 = SURFACE_SIDE_STYLE('',(#9419));
#9419 = SURFACE_STYLE_FILL_AREA(#9420);
#9420 = FILL_AREA_STYLE('',(#9421));
#9421 = FILL_AREA_STYLE_COLOUR('',#8525);
#9422 = OVER_RIDING_STYLED_ITEM('overriding color',(#9423),#5734,#8468);
#9423 = PRESENTATION_STYLE_ASSIGNMENT((#9424));
#9424 = SURFACE_STYLE_USAGE(.BOTH.,#9425);
#9425 = SURFACE_SIDE_STYLE('',(#9426));
#9426 = SURFACE_STYLE_FILL_AREA(#9427);
#9427 = FILL_AREA_STYLE('',(#9428));
#9428 = FILL_AREA_STYLE_COLOUR('',#8525);
#9429 = OVER_RIDING_STYLED_ITEM('overriding color',(#9430),#5756,#8468);
#9430 = PRESENTATION_STYLE_ASSIGNMENT((#9431));
#9431 = SURFACE_STYLE_USAGE(.BOTH.,#9432);
#9432 = SURFACE_SIDE_STYLE('',(#9433));
#9433 = SURFACE_STYLE_FILL_AREA(#9434);
#9434 = FILL_AREA_STYLE('',(#9435));
#9435 = FILL_AREA_STYLE_COLOUR('',#8525);
#9436 = OVER_RIDING_STYLED_ITEM('overriding color',(#9437),#5778,#8468);
#9437 = PRESENTATION_STYLE_ASSIGNMENT((#9438));
#9438 = SURFACE_STYLE_USAGE(.BOTH.,#9439);
#9439 = SURFACE_SIDE_STYLE('',(#9440));
#9440 = SURFACE_STYLE_FILL_AREA(#9441);
#9441 = FILL_AREA_STYLE('',(#9442));
#9442 = FILL_AREA_STYLE_COLOUR('',#8525);
#9443 = OVER_RIDING_STYLED_ITEM('overriding color',(#9444),#5800,#8468);
#9444 = PRESENTATION_STYLE_ASSIGNMENT((#9445));
#9445 = SURFACE_STYLE_USAGE(.BOTH.,#9446);
#9446 = SURFACE_SIDE_STYLE('',(#9447));
#9447 = SURFACE_STYLE_FILL_AREA(#9448);
#9448 = FILL_AREA_STYLE('',(#9449));
#9449 = FILL_AREA_STYLE_COLOUR('',#8525);
#9450 = OVER_RIDING_STYLED_ITEM('overriding color',(#9451),#5822,#8468);
#9451 = PRESENTATION_STYLE_ASSIGNMENT((#9452));
#9452 = SURFACE_STYLE_USAGE(.BOTH.,#9453);
#9453 = SURFACE_SIDE_STYLE('',(#9454));
#9454 = SURFACE_STYLE_FILL_AREA(#9455);
#9455 = FILL_AREA_STYLE('',(#9456));
#9456 = FILL_AREA_STYLE_COLOUR('',#8525);
#9457 = OVER_RIDING_STYLED_ITEM('overriding color',(#9458),#5844,#8468);
#9458 = PRESENTATION_STYLE_ASSIGNMENT((#9459));
#9459 = SURFACE_STYLE_USAGE(.BOTH.,#9460);
#9460 = SURFACE_SIDE_STYLE('',(#9461));
#9461 = SURFACE_STYLE_FILL_AREA(#9462);
#9462 = FILL_AREA_STYLE('',(#9463));
#9463 = FILL_AREA_STYLE_COLOUR('',#8525);
#9464 = OVER_RIDING_STYLED_ITEM('overriding color',(#9465),#5866,#8468);
#9465 = PRESENTATION_STYLE_ASSIGNMENT((#9466));
#9466 = SURFACE_STYLE_USAGE(.BOTH.,#9467);
#9467 = SURFACE_SIDE_STYLE('',(#9468));
#9468 = SURFACE_STYLE_FILL_AREA(#9469);
#9469 = FILL_AREA_STYLE('',(#9470));
#9470 = FILL_AREA_STYLE_COLOUR('',#8525);
#9471 = OVER_RIDING_STYLED_ITEM('overriding color',(#9472),#5894,#8468);
#9472 = PRESENTATION_STYLE_ASSIGNMENT((#9473));
#9473 = SURFACE_STYLE_USAGE(.BOTH.,#9474);
#9474 = SURFACE_SIDE_STYLE('',(#9475));
#9475 = SURFACE_STYLE_FILL_AREA(#9476);
#9476 = FILL_AREA_STYLE('',(#9477));
#9477 = FILL_AREA_STYLE_COLOUR('',#8525);
#9478 = OVER_RIDING_STYLED_ITEM('overriding color',(#9479),#5922,#8468);
#9479 = PRESENTATION_STYLE_ASSIGNMENT((#9480));
#9480 = SURFACE_STYLE_USAGE(.BOTH.,#9481);
#9481 = SURFACE_SIDE_STYLE('',(#9482));
#9482 = SURFACE_STYLE_FILL_AREA(#9483);
#9483 = FILL_AREA_STYLE('',(#9484));
#9484 = FILL_AREA_STYLE_COLOUR('',#8525);
#9485 = OVER_RIDING_STYLED_ITEM('overriding color',(#9486),#5944,#8468);
#9486 = PRESENTATION_STYLE_ASSIGNMENT((#9487));
#9487 = SURFACE_STYLE_USAGE(.BOTH.,#9488);
#9488 = SURFACE_SIDE_STYLE('',(#9489));
#9489 = SURFACE_STYLE_FILL_AREA(#9490);
#9490 = FILL_AREA_STYLE('',(#9491));
#9491 = FILL_AREA_STYLE_COLOUR('',#8525);
#9492 = OVER_RIDING_STYLED_ITEM('overriding color',(#9493),#5972,#8468);
#9493 = PRESENTATION_STYLE_ASSIGNMENT((#9494));
#9494 = SURFACE_STYLE_USAGE(.BOTH.,#9495);
#9495 = SURFACE_SIDE_STYLE('',(#9496));
#9496 = SURFACE_STYLE_FILL_AREA(#9497);
#9497 = FILL_AREA_STYLE('',(#9498));
#9498 = FILL_AREA_STYLE_COLOUR('',#8525);
#9499 = OVER_RIDING_STYLED_ITEM('overriding color',(#9500),#6000,#8468);
#9500 = PRESENTATION_STYLE_ASSIGNMENT((#9501));
#9501 = SURFACE_STYLE_USAGE(.BOTH.,#9502);
#9502 = SURFACE_SIDE_STYLE('',(#9503));
#9503 = SURFACE_STYLE_FILL_AREA(#9504);
#9504 = FILL_AREA_STYLE('',(#9505));
#9505 = FILL_AREA_STYLE_COLOUR('',#8525);
#9506 = OVER_RIDING_STYLED_ITEM('overriding color',(#9507),#6016,#8468);
#9507 = PRESENTATION_STYLE_ASSIGNMENT((#9508));
#9508 = SURFACE_STYLE_USAGE(.BOTH.,#9509);
#9509 = SURFACE_SIDE_STYLE('',(#9510));
#9510 = SURFACE_STYLE_FILL_AREA(#9511);
#9511 = FILL_AREA_STYLE('',(#9512));
#9512 = FILL_AREA_STYLE_COLOUR('',#8525);
#9513 = OVER_RIDING_STYLED_ITEM('overriding color',(#9514),#6039,#8468);
#9514 = PRESENTATION_STYLE_ASSIGNMENT((#9515));
#9515 = SURFACE_STYLE_USAGE(.BOTH.,#9516);
#9516 = SURFACE_SIDE_STYLE('',(#9517));
#9517 = SURFACE_STYLE_FILL_AREA(#9518);
#9518 = FILL_AREA_STYLE('',(#9519));
#9519 = FILL_AREA_STYLE_COLOUR('',#8525);
#9520 = OVER_RIDING_STYLED_ITEM('overriding color',(#9521),#6067,#8468);
#9521 = PRESENTATION_STYLE_ASSIGNMENT((#9522));
#9522 = SURFACE_STYLE_USAGE(.BOTH.,#9523);
#9523 = SURFACE_SIDE_STYLE('',(#9524));
#9524 = SURFACE_STYLE_FILL_AREA(#9525);
#9525 = FILL_AREA_STYLE('',(#9526));
#9526 = FILL_AREA_STYLE_COLOUR('',#8525);
#9527 = OVER_RIDING_STYLED_ITEM('overriding color',(#9528),#6089,#8468);
#9528 = PRESENTATION_STYLE_ASSIGNMENT((#9529));
#9529 = SURFACE_STYLE_USAGE(.BOTH.,#9530);
#9530 = SURFACE_SIDE_STYLE('',(#9531));
#9531 = SURFACE_STYLE_FILL_AREA(#9532);
#9532 = FILL_AREA_STYLE('',(#9533));
#9533 = FILL_AREA_STYLE_COLOUR('',#8525);
#9534 = OVER_RIDING_STYLED_ITEM('overriding color',(#9535),#6111,#8468);
#9535 = PRESENTATION_STYLE_ASSIGNMENT((#9536));
#9536 = SURFACE_STYLE_USAGE(.BOTH.,#9537);
#9537 = SURFACE_SIDE_STYLE('',(#9538));
#9538 = SURFACE_STYLE_FILL_AREA(#9539);
#9539 = FILL_AREA_STYLE('',(#9540));
#9540 = FILL_AREA_STYLE_COLOUR('',#8525);
#9541 = OVER_RIDING_STYLED_ITEM('overriding color',(#9542),#6133,#8468);
#9542 = PRESENTATION_STYLE_ASSIGNMENT((#9543));
#9543 = SURFACE_STYLE_USAGE(.BOTH.,#9544);
#9544 = SURFACE_SIDE_STYLE('',(#9545));
#9545 = SURFACE_STYLE_FILL_AREA(#9546);
#9546 = FILL_AREA_STYLE('',(#9547));
#9547 = FILL_AREA_STYLE_COLOUR('',#8525);
#9548 = OVER_RIDING_STYLED_ITEM('overriding color',(#9549),#6155,#8468);
#9549 = PRESENTATION_STYLE_ASSIGNMENT((#9550));
#9550 = SURFACE_STYLE_USAGE(.BOTH.,#9551);
#9551 = SURFACE_SIDE_STYLE('',(#9552));
#9552 = SURFACE_STYLE_FILL_AREA(#9553);
#9553 = FILL_AREA_STYLE('',(#9554));
#9554 = FILL_AREA_STYLE_COLOUR('',#8525);
#9555 = OVER_RIDING_STYLED_ITEM('overriding color',(#9556),#6177,#8468);
#9556 = PRESENTATION_STYLE_ASSIGNMENT((#9557));
#9557 = SURFACE_STYLE_USAGE(.BOTH.,#9558);
#9558 = SURFACE_SIDE_STYLE('',(#9559));
#9559 = SURFACE_STYLE_FILL_AREA(#9560);
#9560 = FILL_AREA_STYLE('',(#9561));
#9561 = FILL_AREA_STYLE_COLOUR('',#8525);
#9562 = OVER_RIDING_STYLED_ITEM('overriding color',(#9563),#6199,#8468);
#9563 = PRESENTATION_STYLE_ASSIGNMENT((#9564));
#9564 = SURFACE_STYLE_USAGE(.BOTH.,#9565);
#9565 = SURFACE_SIDE_STYLE('',(#9566));
#9566 = SURFACE_STYLE_FILL_AREA(#9567);
#9567 = FILL_AREA_STYLE('',(#9568));
#9568 = FILL_AREA_STYLE_COLOUR('',#8525);
#9569 = OVER_RIDING_STYLED_ITEM('overriding color',(#9570),#6221,#8468);
#9570 = PRESENTATION_STYLE_ASSIGNMENT((#9571));
#9571 = SURFACE_STYLE_USAGE(.BOTH.,#9572);
#9572 = SURFACE_SIDE_STYLE('',(#9573));
#9573 = SURFACE_STYLE_FILL_AREA(#9574);
#9574 = FILL_AREA_STYLE('',(#9575));
#9575 = FILL_AREA_STYLE_COLOUR('',#8525);
#9576 = OVER_RIDING_STYLED_ITEM('overriding color',(#9577),#6243,#8468);
#9577 = PRESENTATION_STYLE_ASSIGNMENT((#9578));
#9578 = SURFACE_STYLE_USAGE(.BOTH.,#9579);
#9579 = SURFACE_SIDE_STYLE('',(#9580));
#9580 = SURFACE_STYLE_FILL_AREA(#9581);
#9581 = FILL_AREA_STYLE('',(#9582));
#9582 = FILL_AREA_STYLE_COLOUR('',#8525);
#9583 = OVER_RIDING_STYLED_ITEM('overriding color',(#9584),#6265,#8468);
#9584 = PRESENTATION_STYLE_ASSIGNMENT((#9585));
#9585 = SURFACE_STYLE_USAGE(.BOTH.,#9586);
#9586 = SURFACE_SIDE_STYLE('',(#9587));
#9587 = SURFACE_STYLE_FILL_AREA(#9588);
#9588 = FILL_AREA_STYLE('',(#9589));
#9589 = FILL_AREA_STYLE_COLOUR('',#8525);
#9590 = OVER_RIDING_STYLED_ITEM('overriding color',(#9591),#6287,#8468);
#9591 = PRESENTATION_STYLE_ASSIGNMENT((#9592));
#9592 = SURFACE_STYLE_USAGE(.BOTH.,#9593);
#9593 = SURFACE_SIDE_STYLE('',(#9594));
#9594 = SURFACE_STYLE_FILL_AREA(#9595);
#9595 = FILL_AREA_STYLE('',(#9596));
#9596 = FILL_AREA_STYLE_COLOUR('',#8525);
#9597 = OVER_RIDING_STYLED_ITEM('overriding color',(#9598),#6303,#8468);
#9598 = PRESENTATION_STYLE_ASSIGNMENT((#9599));
#9599 = SURFACE_STYLE_USAGE(.BOTH.,#9600);
#9600 = SURFACE_SIDE_STYLE('',(#9601));
#9601 = SURFACE_STYLE_FILL_AREA(#9602);
#9602 = FILL_AREA_STYLE('',(#9603));
#9603 = FILL_AREA_STYLE_COLOUR('',#8525);
#9604 = OVER_RIDING_STYLED_ITEM('overriding color',(#9605),#6323,#8468);
#9605 = PRESENTATION_STYLE_ASSIGNMENT((#9606));
#9606 = SURFACE_STYLE_USAGE(.BOTH.,#9607);
#9607 = SURFACE_SIDE_STYLE('',(#9608));
#9608 = SURFACE_STYLE_FILL_AREA(#9609);
#9609 = FILL_AREA_STYLE('',(#9610));
#9610 = FILL_AREA_STYLE_COLOUR('',#8525);
#9611 = OVER_RIDING_STYLED_ITEM('overriding color',(#9612),#6447,#8468);
#9612 = PRESENTATION_STYLE_ASSIGNMENT((#9613));
#9613 = SURFACE_STYLE_USAGE(.BOTH.,#9614);
#9614 = SURFACE_SIDE_STYLE('',(#9615));
#9615 = SURFACE_STYLE_FILL_AREA(#9616);
#9616 = FILL_AREA_STYLE('',(#9617));
#9617 = FILL_AREA_STYLE_COLOUR('',#8525);
#9618 = OVER_RIDING_STYLED_ITEM('overriding color',(#9619),#6467,#8468);
#9619 = PRESENTATION_STYLE_ASSIGNMENT((#9620));
#9620 = SURFACE_STYLE_USAGE(.BOTH.,#9621);
#9621 = SURFACE_SIDE_STYLE('',(#9622));
#9622 = SURFACE_STYLE_FILL_AREA(#9623);
#9623 = FILL_AREA_STYLE('',(#9624));
#9624 = FILL_AREA_STYLE_COLOUR('',#8525);
#9625 = OVER_RIDING_STYLED_ITEM('overriding color',(#9626),#6487,#8468);
#9626 = PRESENTATION_STYLE_ASSIGNMENT((#9627));
#9627 = SURFACE_STYLE_USAGE(.BOTH.,#9628);
#9628 = SURFACE_SIDE_STYLE('',(#9629));
#9629 = SURFACE_STYLE_FILL_AREA(#9630);
#9630 = FILL_AREA_STYLE('',(#9631));
#9631 = FILL_AREA_STYLE_COLOUR('',#8525);
#9632 = OVER_RIDING_STYLED_ITEM('overriding color',(#9633),#6507,#8468);
#9633 = PRESENTATION_STYLE_ASSIGNMENT((#9634));
#9634 = SURFACE_STYLE_USAGE(.BOTH.,#9635);
#9635 = SURFACE_SIDE_STYLE('',(#9636));
#9636 = SURFACE_STYLE_FILL_AREA(#9637);
#9637 = FILL_AREA_STYLE('',(#9638));
#9638 = FILL_AREA_STYLE_COLOUR('',#8525);
#9639 = OVER_RIDING_STYLED_ITEM('overriding color',(#9640),#6527,#8468);
#9640 = PRESENTATION_STYLE_ASSIGNMENT((#9641));
#9641 = SURFACE_STYLE_USAGE(.BOTH.,#9642);
#9642 = SURFACE_SIDE_STYLE('',(#9643));
#9643 = SURFACE_STYLE_FILL_AREA(#9644);
#9644 = FILL_AREA_STYLE('',(#9645));
#9645 = FILL_AREA_STYLE_COLOUR('',#8525);
#9646 = OVER_RIDING_STYLED_ITEM('overriding color',(#9647),#6547,#8468);
#9647 = PRESENTATION_STYLE_ASSIGNMENT((#9648));
#9648 = SURFACE_STYLE_USAGE(.BOTH.,#9649);
#9649 = SURFACE_SIDE_STYLE('',(#9650));
#9650 = SURFACE_STYLE_FILL_AREA(#9651);
#9651 = FILL_AREA_STYLE('',(#9652));
#9652 = FILL_AREA_STYLE_COLOUR('',#8525);
#9653 = OVER_RIDING_STYLED_ITEM('overriding color',(#9654),#6563,#8468);
#9654 = PRESENTATION_STYLE_ASSIGNMENT((#9655));
#9655 = SURFACE_STYLE_USAGE(.BOTH.,#9656);
#9656 = SURFACE_SIDE_STYLE('',(#9657));
#9657 = SURFACE_STYLE_FILL_AREA(#9658);
#9658 = FILL_AREA_STYLE('',(#9659));
#9659 = FILL_AREA_STYLE_COLOUR('',#8525);
#9660 = OVER_RIDING_STYLED_ITEM('overriding color',(#9661),#6575,#8468);
#9661 = PRESENTATION_STYLE_ASSIGNMENT((#9662));
#9662 = SURFACE_STYLE_USAGE(.BOTH.,#9663);
#9663 = SURFACE_SIDE_STYLE('',(#9664));
#9664 = SURFACE_STYLE_FILL_AREA(#9665);
#9665 = FILL_AREA_STYLE('',(#9666));
#9666 = FILL_AREA_STYLE_COLOUR('',#8525);
#9667 = OVER_RIDING_STYLED_ITEM('overriding color',(#9668),#6603,#8468);
#9668 = PRESENTATION_STYLE_ASSIGNMENT((#9669));
#9669 = SURFACE_STYLE_USAGE(.BOTH.,#9670);
#9670 = SURFACE_SIDE_STYLE('',(#9671));
#9671 = SURFACE_STYLE_FILL_AREA(#9672);
#9672 = FILL_AREA_STYLE('',(#9673));
#9673 = FILL_AREA_STYLE_COLOUR('',#8525);
#9674 = OVER_RIDING_STYLED_ITEM('overriding color',(#9675),#6625,#8468);
#9675 = PRESENTATION_STYLE_ASSIGNMENT((#9676));
#9676 = SURFACE_STYLE_USAGE(.BOTH.,#9677);
#9677 = SURFACE_SIDE_STYLE('',(#9678));
#9678 = SURFACE_STYLE_FILL_AREA(#9679);
#9679 = FILL_AREA_STYLE('',(#9680));
#9680 = FILL_AREA_STYLE_COLOUR('',#8525);
#9681 = OVER_RIDING_STYLED_ITEM('overriding color',(#9682),#6647,#8468);
#9682 = PRESENTATION_STYLE_ASSIGNMENT((#9683));
#9683 = SURFACE_STYLE_USAGE(.BOTH.,#9684);
#9684 = SURFACE_SIDE_STYLE('',(#9685));
#9685 = SURFACE_STYLE_FILL_AREA(#9686);
#9686 = FILL_AREA_STYLE('',(#9687));
#9687 = FILL_AREA_STYLE_COLOUR('',#8525);
#9688 = OVER_RIDING_STYLED_ITEM('overriding color',(#9689),#6675,#8468);
#9689 = PRESENTATION_STYLE_ASSIGNMENT((#9690));
#9690 = SURFACE_STYLE_USAGE(.BOTH.,#9691);
#9691 = SURFACE_SIDE_STYLE('',(#9692));
#9692 = SURFACE_STYLE_FILL_AREA(#9693);
#9693 = FILL_AREA_STYLE('',(#9694));
#9694 = FILL_AREA_STYLE_COLOUR('',#8525);
#9695 = OVER_RIDING_STYLED_ITEM('overriding color',(#9696),#6703,#8468);
#9696 = PRESENTATION_STYLE_ASSIGNMENT((#9697));
#9697 = SURFACE_STYLE_USAGE(.BOTH.,#9698);
#9698 = SURFACE_SIDE_STYLE('',(#9699));
#9699 = SURFACE_STYLE_FILL_AREA(#9700);
#9700 = FILL_AREA_STYLE('',(#9701));
#9701 = FILL_AREA_STYLE_COLOUR('',#8525);
#9702 = OVER_RIDING_STYLED_ITEM('overriding color',(#9703),#6731,#8468);
#9703 = PRESENTATION_STYLE_ASSIGNMENT((#9704));
#9704 = SURFACE_STYLE_USAGE(.BOTH.,#9705);
#9705 = SURFACE_SIDE_STYLE('',(#9706));
#9706 = SURFACE_STYLE_FILL_AREA(#9707);
#9707 = FILL_AREA_STYLE('',(#9708));
#9708 = FILL_AREA_STYLE_COLOUR('',#8525);
#9709 = OVER_RIDING_STYLED_ITEM('overriding color',(#9710),#6753,#8468);
#9710 = PRESENTATION_STYLE_ASSIGNMENT((#9711));
#9711 = SURFACE_STYLE_USAGE(.BOTH.,#9712);
#9712 = SURFACE_SIDE_STYLE('',(#9713));
#9713 = SURFACE_STYLE_FILL_AREA(#9714);
#9714 = FILL_AREA_STYLE('',(#9715));
#9715 = FILL_AREA_STYLE_COLOUR('',#8482);
#9716 = OVER_RIDING_STYLED_ITEM('overriding color',(#9717),#6768,#8468);
#9717 = PRESENTATION_STYLE_ASSIGNMENT((#9718));
#9718 = SURFACE_STYLE_USAGE(.BOTH.,#9719);
#9719 = SURFACE_SIDE_STYLE('',(#9720));
#9720 = SURFACE_STYLE_FILL_AREA(#9721);
#9721 = FILL_AREA_STYLE('',(#9722));
#9722 = FILL_AREA_STYLE_COLOUR('',#8525);
#9723 = OVER_RIDING_STYLED_ITEM('overriding color',(#9724),#6880,#8468);
#9724 = PRESENTATION_STYLE_ASSIGNMENT((#9725));
#9725 = SURFACE_STYLE_USAGE(.BOTH.,#9726);
#9726 = SURFACE_SIDE_STYLE('',(#9727));
#9727 = SURFACE_STYLE_FILL_AREA(#9728);
#9728 = FILL_AREA_STYLE('',(#9729));
#9729 = FILL_AREA_STYLE_COLOUR('',#8525);
#9730 = OVER_RIDING_STYLED_ITEM('overriding color',(#9731),#6900,#8468);
#9731 = PRESENTATION_STYLE_ASSIGNMENT((#9732));
#9732 = SURFACE_STYLE_USAGE(.BOTH.,#9733);
#9733 = SURFACE_SIDE_STYLE('',(#9734));
#9734 = SURFACE_STYLE_FILL_AREA(#9735);
#9735 = FILL_AREA_STYLE('',(#9736));
#9736 = FILL_AREA_STYLE_COLOUR('',#8525);
#9737 = OVER_RIDING_STYLED_ITEM('overriding color',(#9738),#6916,#8468);
#9738 = PRESENTATION_STYLE_ASSIGNMENT((#9739));
#9739 = SURFACE_STYLE_USAGE(.BOTH.,#9740);
#9740 = SURFACE_SIDE_STYLE('',(#9741));
#9741 = SURFACE_STYLE_FILL_AREA(#9742);
#9742 = FILL_AREA_STYLE('',(#9743));
#9743 = FILL_AREA_STYLE_COLOUR('',#8525);
#9744 = OVER_RIDING_STYLED_ITEM('overriding color',(#9745),#6932,#8468);
#9745 = PRESENTATION_STYLE_ASSIGNMENT((#9746));
#9746 = SURFACE_STYLE_USAGE(.BOTH.,#9747);
#9747 = SURFACE_SIDE_STYLE('',(#9748));
#9748 = SURFACE_STYLE_FILL_AREA(#9749);
#9749 = FILL_AREA_STYLE('',(#9750));
#9750 = FILL_AREA_STYLE_COLOUR('',#8525);
#9751 = OVER_RIDING_STYLED_ITEM('overriding color',(#9752),#6948,#8468);
#9752 = PRESENTATION_STYLE_ASSIGNMENT((#9753));
#9753 = SURFACE_STYLE_USAGE(.BOTH.,#9754);
#9754 = SURFACE_SIDE_STYLE('',(#9755));
#9755 = SURFACE_STYLE_FILL_AREA(#9756);
#9756 = FILL_AREA_STYLE('',(#9757));
#9757 = FILL_AREA_STYLE_COLOUR('',#8525);
#9758 = OVER_RIDING_STYLED_ITEM('overriding color',(#9759),#6964,#8468);
#9759 = PRESENTATION_STYLE_ASSIGNMENT((#9760));
#9760 = SURFACE_STYLE_USAGE(.BOTH.,#9761);
#9761 = SURFACE_SIDE_STYLE('',(#9762));
#9762 = SURFACE_STYLE_FILL_AREA(#9763);
#9763 = FILL_AREA_STYLE('',(#9764));
#9764 = FILL_AREA_STYLE_COLOUR('',#8525);
#9765 = OVER_RIDING_STYLED_ITEM('overriding color',(#9766),#6980,#8468);
#9766 = PRESENTATION_STYLE_ASSIGNMENT((#9767));
#9767 = SURFACE_STYLE_USAGE(.BOTH.,#9768);
#9768 = SURFACE_SIDE_STYLE('',(#9769));
#9769 = SURFACE_STYLE_FILL_AREA(#9770);
#9770 = FILL_AREA_STYLE('',(#9771));
#9771 = FILL_AREA_STYLE_COLOUR('',#8525);
#9772 = OVER_RIDING_STYLED_ITEM('overriding color',(#9773),#6996,#8468);
#9773 = PRESENTATION_STYLE_ASSIGNMENT((#9774));
#9774 = SURFACE_STYLE_USAGE(.BOTH.,#9775);
#9775 = SURFACE_SIDE_STYLE('',(#9776));
#9776 = SURFACE_STYLE_FILL_AREA(#9777);
#9777 = FILL_AREA_STYLE('',(#9778));
#9778 = FILL_AREA_STYLE_COLOUR('',#8525);
#9779 = OVER_RIDING_STYLED_ITEM('overriding color',(#9780),#7008,#8468);
#9780 = PRESENTATION_STYLE_ASSIGNMENT((#9781));
#9781 = SURFACE_STYLE_USAGE(.BOTH.,#9782);
#9782 = SURFACE_SIDE_STYLE('',(#9783));
#9783 = SURFACE_STYLE_FILL_AREA(#9784);
#9784 = FILL_AREA_STYLE('',(#9785));
#9785 = FILL_AREA_STYLE_COLOUR('',#8525);
#9786 = OVER_RIDING_STYLED_ITEM('overriding color',(#9787),#7036,#8468);
#9787 = PRESENTATION_STYLE_ASSIGNMENT((#9788));
#9788 = SURFACE_STYLE_USAGE(.BOTH.,#9789);
#9789 = SURFACE_SIDE_STYLE('',(#9790));
#9790 = SURFACE_STYLE_FILL_AREA(#9791);
#9791 = FILL_AREA_STYLE('',(#9792));
#9792 = FILL_AREA_STYLE_COLOUR('',#8525);
#9793 = OVER_RIDING_STYLED_ITEM('overriding color',(#9794),#7058,#8468);
#9794 = PRESENTATION_STYLE_ASSIGNMENT((#9795));
#9795 = SURFACE_STYLE_USAGE(.BOTH.,#9796);
#9796 = SURFACE_SIDE_STYLE('',(#9797));
#9797 = SURFACE_STYLE_FILL_AREA(#9798);
#9798 = FILL_AREA_STYLE('',(#9799));
#9799 = FILL_AREA_STYLE_COLOUR('',#8525);
#9800 = OVER_RIDING_STYLED_ITEM('overriding color',(#9801),#7086,#8468);
#9801 = PRESENTATION_STYLE_ASSIGNMENT((#9802));
#9802 = SURFACE_STYLE_USAGE(.BOTH.,#9803);
#9803 = SURFACE_SIDE_STYLE('',(#9804));
#9804 = SURFACE_STYLE_FILL_AREA(#9805);
#9805 = FILL_AREA_STYLE('',(#9806));
#9806 = FILL_AREA_STYLE_COLOUR('',#8525);
#9807 = OVER_RIDING_STYLED_ITEM('overriding color',(#9808),#7108,#8468);
#9808 = PRESENTATION_STYLE_ASSIGNMENT((#9809));
#9809 = SURFACE_STYLE_USAGE(.BOTH.,#9810);
#9810 = SURFACE_SIDE_STYLE('',(#9811));
#9811 = SURFACE_STYLE_FILL_AREA(#9812);
#9812 = FILL_AREA_STYLE('',(#9813));
#9813 = FILL_AREA_STYLE_COLOUR('',#8525);
#9814 = OVER_RIDING_STYLED_ITEM('overriding color',(#9815),#7136,#8468);
#9815 = PRESENTATION_STYLE_ASSIGNMENT((#9816));
#9816 = SURFACE_STYLE_USAGE(.BOTH.,#9817);
#9817 = SURFACE_SIDE_STYLE('',(#9818));
#9818 = SURFACE_STYLE_FILL_AREA(#9819);
#9819 = FILL_AREA_STYLE('',(#9820));
#9820 = FILL_AREA_STYLE_COLOUR('',#8525);
#9821 = OVER_RIDING_STYLED_ITEM('overriding color',(#9822),#7152,#8468);
#9822 = PRESENTATION_STYLE_ASSIGNMENT((#9823));
#9823 = SURFACE_STYLE_USAGE(.BOTH.,#9824);
#9824 = SURFACE_SIDE_STYLE('',(#9825));
#9825 = SURFACE_STYLE_FILL_AREA(#9826);
#9826 = FILL_AREA_STYLE('',(#9827));
#9827 = FILL_AREA_STYLE_COLOUR('',#8482);
#9828 = OVER_RIDING_STYLED_ITEM('overriding color',(#9829),#7166,#8468);
#9829 = PRESENTATION_STYLE_ASSIGNMENT((#9830));
#9830 = SURFACE_STYLE_USAGE(.BOTH.,#9831);
#9831 = SURFACE_SIDE_STYLE('',(#9832));
#9832 = SURFACE_STYLE_FILL_AREA(#9833);
#9833 = FILL_AREA_STYLE('',(#9834));
#9834 = FILL_AREA_STYLE_COLOUR('',#8525);
#9835 = OVER_RIDING_STYLED_ITEM('overriding color',(#9836),#7486,#8468);
#9836 = PRESENTATION_STYLE_ASSIGNMENT((#9837));
#9837 = SURFACE_STYLE_USAGE(.BOTH.,#9838);
#9838 = SURFACE_SIDE_STYLE('',(#9839));
#9839 = SURFACE_STYLE_FILL_AREA(#9840);
#9840 = FILL_AREA_STYLE('',(#9841));
#9841 = FILL_AREA_STYLE_COLOUR('',#8525);
#9842 = OVER_RIDING_STYLED_ITEM('overriding color',(#9843),#7510,#8468);
#9843 = PRESENTATION_STYLE_ASSIGNMENT((#9844));
#9844 = SURFACE_STYLE_USAGE(.BOTH.,#9845);
#9845 = SURFACE_SIDE_STYLE('',(#9846));
#9846 = SURFACE_STYLE_FILL_AREA(#9847);
#9847 = FILL_AREA_STYLE('',(#9848));
#9848 = FILL_AREA_STYLE_COLOUR('',#8525);
#9849 = OVER_RIDING_STYLED_ITEM('overriding color',(#9850),#7530,#8468);
#9850 = PRESENTATION_STYLE_ASSIGNMENT((#9851));
#9851 = SURFACE_STYLE_USAGE(.BOTH.,#9852);
#9852 = SURFACE_SIDE_STYLE('',(#9853));
#9853 = SURFACE_STYLE_FILL_AREA(#9854);
#9854 = FILL_AREA_STYLE('',(#9855));
#9855 = FILL_AREA_STYLE_COLOUR('',#8525);
#9856 = OVER_RIDING_STYLED_ITEM('overriding color',(#9857),#7550,#8468);
#9857 = PRESENTATION_STYLE_ASSIGNMENT((#9858));
#9858 = SURFACE_STYLE_USAGE(.BOTH.,#9859);
#9859 = SURFACE_SIDE_STYLE('',(#9860));
#9860 = SURFACE_STYLE_FILL_AREA(#9861);
#9861 = FILL_AREA_STYLE('',(#9862));
#9862 = FILL_AREA_STYLE_COLOUR('',#8525);
#9863 = OVER_RIDING_STYLED_ITEM('overriding color',(#9864),#7570,#8468);
#9864 = PRESENTATION_STYLE_ASSIGNMENT((#9865));
#9865 = SURFACE_STYLE_USAGE(.BOTH.,#9866);
#9866 = SURFACE_SIDE_STYLE('',(#9867));
#9867 = SURFACE_STYLE_FILL_AREA(#9868);
#9868 = FILL_AREA_STYLE('',(#9869));
#9869 = FILL_AREA_STYLE_COLOUR('',#8525);
#9870 = OVER_RIDING_STYLED_ITEM('overriding color',(#9871),#7590,#8468);
#9871 = PRESENTATION_STYLE_ASSIGNMENT((#9872));
#9872 = SURFACE_STYLE_USAGE(.BOTH.,#9873);
#9873 = SURFACE_SIDE_STYLE('',(#9874));
#9874 = SURFACE_STYLE_FILL_AREA(#9875);
#9875 = FILL_AREA_STYLE('',(#9876));
#9876 = FILL_AREA_STYLE_COLOUR('',#8525);
#9877 = OVER_RIDING_STYLED_ITEM('overriding color',(#9878),#7610,#8468);
#9878 = PRESENTATION_STYLE_ASSIGNMENT((#9879));
#9879 = SURFACE_STYLE_USAGE(.BOTH.,#9880);
#9880 = SURFACE_SIDE_STYLE('',(#9881));
#9881 = SURFACE_STYLE_FILL_AREA(#9882);
#9882 = FILL_AREA_STYLE('',(#9883));
#9883 = FILL_AREA_STYLE_COLOUR('',#8525);
#9884 = OVER_RIDING_STYLED_ITEM('overriding color',(#9885),#7630,#8468);
#9885 = PRESENTATION_STYLE_ASSIGNMENT((#9886));
#9886 = SURFACE_STYLE_USAGE(.BOTH.,#9887);
#9887 = SURFACE_SIDE_STYLE('',(#9888));
#9888 = SURFACE_STYLE_FILL_AREA(#9889);
#9889 = FILL_AREA_STYLE('',(#9890));
#9890 = FILL_AREA_STYLE_COLOUR('',#8525);
#9891 = OVER_RIDING_STYLED_ITEM('overriding color',(#9892),#7650,#8468);
#9892 = PRESENTATION_STYLE_ASSIGNMENT((#9893));
#9893 = SURFACE_STYLE_USAGE(.BOTH.,#9894);
#9894 = SURFACE_SIDE_STYLE('',(#9895));
#9895 = SURFACE_STYLE_FILL_AREA(#9896);
#9896 = FILL_AREA_STYLE('',(#9897));
#9897 = FILL_AREA_STYLE_COLOUR('',#8525);
#9898 = OVER_RIDING_STYLED_ITEM('overriding color',(#9899),#7670,#8468);
#9899 = PRESENTATION_STYLE_ASSIGNMENT((#9900));
#9900 = SURFACE_STYLE_USAGE(.BOTH.,#9901);
#9901 = SURFACE_SIDE_STYLE('',(#9902));
#9902 = SURFACE_STYLE_FILL_AREA(#9903);
#9903 = FILL_AREA_STYLE('',(#9904));
#9904 = FILL_AREA_STYLE_COLOUR('',#8525);
#9905 = OVER_RIDING_STYLED_ITEM('overriding color',(#9906),#7690,#8468);
#9906 = PRESENTATION_STYLE_ASSIGNMENT((#9907));
#9907 = SURFACE_STYLE_USAGE(.BOTH.,#9908);
#9908 = SURFACE_SIDE_STYLE('',(#9909));
#9909 = SURFACE_STYLE_FILL_AREA(#9910);
#9910 = FILL_AREA_STYLE('',(#9911));
#9911 = FILL_AREA_STYLE_COLOUR('',#8525);
#9912 = OVER_RIDING_STYLED_ITEM('overriding color',(#9913),#7710,#8468);
#9913 = PRESENTATION_STYLE_ASSIGNMENT((#9914));
#9914 = SURFACE_STYLE_USAGE(.BOTH.,#9915);
#9915 = SURFACE_SIDE_STYLE('',(#9916));
#9916 = SURFACE_STYLE_FILL_AREA(#9917);
#9917 = FILL_AREA_STYLE('',(#9918));
#9918 = FILL_AREA_STYLE_COLOUR('',#8525);
#9919 = OVER_RIDING_STYLED_ITEM('overriding color',(#9920),#7730,#8468);
#9920 = PRESENTATION_STYLE_ASSIGNMENT((#9921));
#9921 = SURFACE_STYLE_USAGE(.BOTH.,#9922);
#9922 = SURFACE_SIDE_STYLE('',(#9923));
#9923 = SURFACE_STYLE_FILL_AREA(#9924);
#9924 = FILL_AREA_STYLE('',(#9925));
#9925 = FILL_AREA_STYLE_COLOUR('',#8525);
#9926 = OVER_RIDING_STYLED_ITEM('overriding color',(#9927),#7746,#8468);
#9927 = PRESENTATION_STYLE_ASSIGNMENT((#9928));
#9928 = SURFACE_STYLE_USAGE(.BOTH.,#9929);
#9929 = SURFACE_SIDE_STYLE('',(#9930));
#9930 = SURFACE_STYLE_FILL_AREA(#9931);
#9931 = FILL_AREA_STYLE('',(#9932));
#9932 = FILL_AREA_STYLE_COLOUR('',#8525);
#9933 = OVER_RIDING_STYLED_ITEM('overriding color',(#9934),#7762,#8468);
#9934 = PRESENTATION_STYLE_ASSIGNMENT((#9935));
#9935 = SURFACE_STYLE_USAGE(.BOTH.,#9936);
#9936 = SURFACE_SIDE_STYLE('',(#9937));
#9937 = SURFACE_STYLE_FILL_AREA(#9938);
#9938 = FILL_AREA_STYLE('',(#9939));
#9939 = FILL_AREA_STYLE_COLOUR('',#8525);
#9940 = OVER_RIDING_STYLED_ITEM('overriding color',(#9941),#7778,#8468);
#9941 = PRESENTATION_STYLE_ASSIGNMENT((#9942));
#9942 = SURFACE_STYLE_USAGE(.BOTH.,#9943);
#9943 = SURFACE_SIDE_STYLE('',(#9944));
#9944 = SURFACE_STYLE_FILL_AREA(#9945);
#9945 = FILL_AREA_STYLE('',(#9946));
#9946 = FILL_AREA_STYLE_COLOUR('',#8525);
#9947 = OVER_RIDING_STYLED_ITEM('overriding color',(#9948),#7794,#8468);
#9948 = PRESENTATION_STYLE_ASSIGNMENT((#9949));
#9949 = SURFACE_STYLE_USAGE(.BOTH.,#9950);
#9950 = SURFACE_SIDE_STYLE('',(#9951));
#9951 = SURFACE_STYLE_FILL_AREA(#9952);
#9952 = FILL_AREA_STYLE('',(#9953));
#9953 = FILL_AREA_STYLE_COLOUR('',#8525);
#9954 = OVER_RIDING_STYLED_ITEM('overriding color',(#9955),#7814,#8468);
#9955 = PRESENTATION_STYLE_ASSIGNMENT((#9956));
#9956 = SURFACE_STYLE_USAGE(.BOTH.,#9957);
#9957 = SURFACE_SIDE_STYLE('',(#9958));
#9958 = SURFACE_STYLE_FILL_AREA(#9959);
#9959 = FILL_AREA_STYLE('',(#9960));
#9960 = FILL_AREA_STYLE_COLOUR('',#8525);
#9961 = OVER_RIDING_STYLED_ITEM('overriding color',(#9962),#7834,#8468);
#9962 = PRESENTATION_STYLE_ASSIGNMENT((#9963));
#9963 = SURFACE_STYLE_USAGE(.BOTH.,#9964);
#9964 = SURFACE_SIDE_STYLE('',(#9965));
#9965 = SURFACE_STYLE_FILL_AREA(#9966);
#9966 = FILL_AREA_STYLE('',(#9967));
#9967 = FILL_AREA_STYLE_COLOUR('',#8525);
#9968 = OVER_RIDING_STYLED_ITEM('overriding color',(#9969),#7854,#8468);
#9969 = PRESENTATION_STYLE_ASSIGNMENT((#9970));
#9970 = SURFACE_STYLE_USAGE(.BOTH.,#9971);
#9971 = SURFACE_SIDE_STYLE('',(#9972));
#9972 = SURFACE_STYLE_FILL_AREA(#9973);
#9973 = FILL_AREA_STYLE('',(#9974));
#9974 = FILL_AREA_STYLE_COLOUR('',#8525);
#9975 = OVER_RIDING_STYLED_ITEM('overriding color',(#9976),#7874,#8468);
#9976 = PRESENTATION_STYLE_ASSIGNMENT((#9977));
#9977 = SURFACE_STYLE_USAGE(.BOTH.,#9978);
#9978 = SURFACE_SIDE_STYLE('',(#9979));
#9979 = SURFACE_STYLE_FILL_AREA(#9980);
#9980 = FILL_AREA_STYLE('',(#9981));
#9981 = FILL_AREA_STYLE_COLOUR('',#8525);
#9982 = OVER_RIDING_STYLED_ITEM('overriding color',(#9983),#7894,#8468);
#9983 = PRESENTATION_STYLE_ASSIGNMENT((#9984));
#9984 = SURFACE_STYLE_USAGE(.BOTH.,#9985);
#9985 = SURFACE_SIDE_STYLE('',(#9986));
#9986 = SURFACE_STYLE_FILL_AREA(#9987);
#9987 = FILL_AREA_STYLE('',(#9988));
#9988 = FILL_AREA_STYLE_COLOUR('',#8525);
#9989 = OVER_RIDING_STYLED_ITEM('overriding color',(#9990),#7914,#8468);
#9990 = PRESENTATION_STYLE_ASSIGNMENT((#9991));
#9991 = SURFACE_STYLE_USAGE(.BOTH.,#9992);
#9992 = SURFACE_SIDE_STYLE('',(#9993));
#9993 = SURFACE_STYLE_FILL_AREA(#9994);
#9994 = FILL_AREA_STYLE('',(#9995));
#9995 = FILL_AREA_STYLE_COLOUR('',#8525);
#9996 = OVER_RIDING_STYLED_ITEM('overriding color',(#9997),#7934,#8468);
#9997 = PRESENTATION_STYLE_ASSIGNMENT((#9998));
#9998 = SURFACE_STYLE_USAGE(.BOTH.,#9999);
#9999 = SURFACE_SIDE_STYLE('',(#10000));
#10000 = SURFACE_STYLE_FILL_AREA(#10001);
#10001 = FILL_AREA_STYLE('',(#10002));
#10002 = FILL_AREA_STYLE_COLOUR('',#8525);
#10003 = OVER_RIDING_STYLED_ITEM('overriding color',(#10004),#7950,#8468
  );
#10004 = PRESENTATION_STYLE_ASSIGNMENT((#10005));
#10005 = SURFACE_STYLE_USAGE(.BOTH.,#10006);
#10006 = SURFACE_SIDE_STYLE('',(#10007));
#10007 = SURFACE_STYLE_FILL_AREA(#10008);
#10008 = FILL_AREA_STYLE('',(#10009));
#10009 = FILL_AREA_STYLE_COLOUR('',#8525);
#10010 = OVER_RIDING_STYLED_ITEM('overriding color',(#10011),#7970,#8468
  );
#10011 = PRESENTATION_STYLE_ASSIGNMENT((#10012));
#10012 = SURFACE_STYLE_USAGE(.BOTH.,#10013);
#10013 = SURFACE_SIDE_STYLE('',(#10014));
#10014 = SURFACE_STYLE_FILL_AREA(#10015);
#10015 = FILL_AREA_STYLE('',(#10016));
#10016 = FILL_AREA_STYLE_COLOUR('',#8525);
#10017 = OVER_RIDING_STYLED_ITEM('overriding color',(#10018),#7990,#8468
  );
#10018 = PRESENTATION_STYLE_ASSIGNMENT((#10019));
#10019 = SURFACE_STYLE_USAGE(.BOTH.,#10020);
#10020 = SURFACE_SIDE_STYLE('',(#10021));
#10021 = SURFACE_STYLE_FILL_AREA(#10022);
#10022 = FILL_AREA_STYLE('',(#10023));
#10023 = FILL_AREA_STYLE_COLOUR('',#8525);
#10024 = OVER_RIDING_STYLED_ITEM('overriding color',(#10025),#8006,#8468
  );
#10025 = PRESENTATION_STYLE_ASSIGNMENT((#10026));
#10026 = SURFACE_STYLE_USAGE(.BOTH.,#10027);
#10027 = SURFACE_SIDE_STYLE('',(#10028));
#10028 = SURFACE_STYLE_FILL_AREA(#10029);
#10029 = FILL_AREA_STYLE('',(#10030));
#10030 = FILL_AREA_STYLE_COLOUR('',#8525);
#10031 = OVER_RIDING_STYLED_ITEM('overriding color',(#10032),#8026,#8468
  );
#10032 = PRESENTATION_STYLE_ASSIGNMENT((#10033));
#10033 = SURFACE_STYLE_USAGE(.BOTH.,#10034);
#10034 = SURFACE_SIDE_STYLE('',(#10035));
#10035 = SURFACE_STYLE_FILL_AREA(#10036);
#10036 = FILL_AREA_STYLE('',(#10037));
#10037 = FILL_AREA_STYLE_COLOUR('',#8525);
#10038 = OVER_RIDING_STYLED_ITEM('overriding color',(#10039),#8046,#8468
  );
#10039 = PRESENTATION_STYLE_ASSIGNMENT((#10040));
#10040 = SURFACE_STYLE_USAGE(.BOTH.,#10041);
#10041 = SURFACE_SIDE_STYLE('',(#10042));
#10042 = SURFACE_STYLE_FILL_AREA(#10043);
#10043 = FILL_AREA_STYLE('',(#10044));
#10044 = FILL_AREA_STYLE_COLOUR('',#8525);
#10045 = OVER_RIDING_STYLED_ITEM('overriding color',(#10046),#8066,#8468
  );
#10046 = PRESENTATION_STYLE_ASSIGNMENT((#10047));
#10047 = SURFACE_STYLE_USAGE(.BOTH.,#10048);
#10048 = SURFACE_SIDE_STYLE('',(#10049));
#10049 = SURFACE_STYLE_FILL_AREA(#10050);
#10050 = FILL_AREA_STYLE('',(#10051));
#10051 = FILL_AREA_STYLE_COLOUR('',#8525);
#10052 = OVER_RIDING_STYLED_ITEM('overriding color',(#10053),#8082,#8468
  );
#10053 = PRESENTATION_STYLE_ASSIGNMENT((#10054));
#10054 = SURFACE_STYLE_USAGE(.BOTH.,#10055);
#10055 = SURFACE_SIDE_STYLE('',(#10056));
#10056 = SURFACE_STYLE_FILL_AREA(#10057);
#10057 = FILL_AREA_STYLE('',(#10058));
#10058 = FILL_AREA_STYLE_COLOUR('',#8525);
#10059 = OVER_RIDING_STYLED_ITEM('overriding color',(#10060),#8102,#8468
  );
#10060 = PRESENTATION_STYLE_ASSIGNMENT((#10061));
#10061 = SURFACE_STYLE_USAGE(.BOTH.,#10062);
#10062 = SURFACE_SIDE_STYLE('',(#10063));
#10063 = SURFACE_STYLE_FILL_AREA(#10064);
#10064 = FILL_AREA_STYLE('',(#10065));
#10065 = FILL_AREA_STYLE_COLOUR('',#8525);
#10066 = OVER_RIDING_STYLED_ITEM('overriding color',(#10067),#8118,#8468
  );
#10067 = PRESENTATION_STYLE_ASSIGNMENT((#10068));
#10068 = SURFACE_STYLE_USAGE(.BOTH.,#10069);
#10069 = SURFACE_SIDE_STYLE('',(#10070));
#10070 = SURFACE_STYLE_FILL_AREA(#10071);
#10071 = FILL_AREA_STYLE('',(#10072));
#10072 = FILL_AREA_STYLE_COLOUR('',#8525);
#10073 = OVER_RIDING_STYLED_ITEM('overriding color',(#10074),#8161,#8468
  );
#10074 = PRESENTATION_STYLE_ASSIGNMENT((#10075));
#10075 = SURFACE_STYLE_USAGE(.BOTH.,#10076);
#10076 = SURFACE_SIDE_STYLE('',(#10077));
#10077 = SURFACE_STYLE_FILL_AREA(#10078);
#10078 = FILL_AREA_STYLE('',(#10079));
#10079 = FILL_AREA_STYLE_COLOUR('',#8525);
#10080 = OVER_RIDING_STYLED_ITEM('overriding color',(#10081),#8189,#8468
  );
#10081 = PRESENTATION_STYLE_ASSIGNMENT((#10082));
#10082 = SURFACE_STYLE_USAGE(.BOTH.,#10083);
#10083 = SURFACE_SIDE_STYLE('',(#10084));
#10084 = SURFACE_STYLE_FILL_AREA(#10085);
#10085 = FILL_AREA_STYLE('',(#10086));
#10086 = FILL_AREA_STYLE_COLOUR('',#8482);
ENDSEC;
END-ISO-10303-21;
